message_type	message	enc_class	enc_member	offset	path	target_kind	target_class	target_method	target_param	target_index	target_path
DEREFERENCE_NULLABLE	dereferenced expression parentClass is @Nullable	jadx.core.deobf.DeobfClsInfo	makeNameWithoutPkg()	665	/Users/nima/Developer/NullAwayFixer/Projects/jadx/jadx-core/src/main/java/jadx/core/deobf/DeobfClsInfo.java	null	null	null	null	null	null
DEREFERENCE_NULLABLE	dereferenced expression pkg is @Nullable	jadx.core.deobf.DeobfClsInfo	getFullName()	1082	/Users/nima/Developer/NullAwayFixer/Projects/jadx/jadx-core/src/main/java/jadx/core/deobf/DeobfClsInfo.java	null	null	null	null	null	null
DEREFERENCE_NULLABLE	dereferenced expression cls.getPackage() is @Nullable	jadx.core.deobf.Deobfuscator	preProcess()	5132	/Users/nima/Developer/NullAwayFixer/Projects/jadx/jadx-core/src/main/java/jadx/core/deobf/Deobfuscator.java	null	null	null	null	null	null
DEREFERENCE_NULLABLE	dereferenced expression pkgNode is @Nullable	jadx.core.deobf.Deobfuscator	processClass(jadx.core.dex.nodes.ClassNode)	5875	/Users/nima/Developer/NullAwayFixer/Projects/jadx/jadx-core/src/main/java/jadx/core/deobf/Deobfuscator.java	null	null	null	null	null	null
DEREFERENCE_NULLABLE	dereferenced expression pkg is @Nullable	jadx.core.deobf.Deobfuscator	addPackagePreset(java.lang.String,java.lang.String)	7714	/Users/nima/Developer/NullAwayFixer/Projects/jadx/jadx-core/src/main/java/jadx/core/deobf/Deobfuscator.java	null	null	null	null	null	null
DEREFERENCE_NULLABLE	dereferenced expression fullPkgName is @Nullable	jadx.core.deobf.Deobfuscator	getPackageNode(@org.jetbrains.annotations.Nullable java.lang.String,boolean)	8176	/Users/nima/Developer/NullAwayFixer/Projects/jadx/jadx-core/src/main/java/jadx/core/deobf/Deobfuscator.java	null	null	null	null	null	null
DEREFERENCE_NULLABLE	dereferenced expression classInfo.getAliasPkg() is @Nullable	jadx.core.deobf.Deobfuscator	getPkgAlias(jadx.core.dex.nodes.ClassNode)	10575	/Users/nima/Developer/NullAwayFixer/Projects/jadx/jadx-core/src/main/java/jadx/core/deobf/Deobfuscator.java	null	null	null	null	null	null
DEREFERENCE_NULLABLE	dereferenced expression subPkg is @Nullable	jadx.core.deobf.Deobfuscator	getPkgAlias(jadx.core.dex.nodes.ClassNode)	10743	/Users/nima/Developer/NullAwayFixer/Projects/jadx/jadx-core/src/main/java/jadx/core/deobf/Deobfuscator.java	null	null	null	null	null	null
DEREFERENCE_NULLABLE	dereferenced expression pkg is @Nullable	jadx.core.deobf.Deobfuscator	getPkgAlias(jadx.core.dex.nodes.ClassNode)	10875	/Users/nima/Developer/NullAwayFixer/Projects/jadx/jadx-core/src/main/java/jadx/core/deobf/Deobfuscator.java	null	null	null	null	null	null
DEREFERENCE_NULLABLE	dereferenced expression pkg is @Nullable	jadx.core.deobf.Deobfuscator	getPkgAlias(jadx.core.dex.nodes.ClassNode)	11187	/Users/nima/Developer/NullAwayFixer/Projects/jadx/jadx-core/src/main/java/jadx/core/deobf/Deobfuscator.java	null	null	null	null	null	null
DEREFERENCE_NULLABLE	dereferenced expression pkg is @Nullable	jadx.core.deobf.Deobfuscator	processPackageFull(@org.jetbrains.annotations.Nullable jadx.core.deobf.PackageNode,java.lang.String)	16618	/Users/nima/Developer/NullAwayFixer/Projects/jadx/jadx-core/src/main/java/jadx/core/deobf/Deobfuscator.java	null	null	null	null	null	null
DEREFERENCE_NULLABLE	dereferenced expression cls is @Nullable	jadx.core.deobf.Deobfuscator	isR(@org.jetbrains.annotations.Nullable jadx.core.dex.nodes.ClassNode)	19352	/Users/nima/Developer/NullAwayFixer/Projects/jadx/jadx-core/src/main/java/jadx/core/deobf/Deobfuscator.java	null	null	null	null	null	null
DEREFERENCE_NULLABLE	dereferenced expression type is @Nullable	jadx.core.deobf.Deobfuscator	isR(@org.jetbrains.annotations.Nullable jadx.core.dex.nodes.ClassNode)	19831	/Users/nima/Developer/NullAwayFixer/Projects/jadx/jadx-core/src/main/java/jadx/core/deobf/Deobfuscator.java	null	null	null	null	null	null
DEREFERENCE_NULLABLE	dereferenced expression parent is @Nullable	jadx.core.dex.nodes.ClassNode	getTopParentClass()	16581	/Users/nima/Developer/NullAwayFixer/Projects/jadx/jadx-core/src/main/java/jadx/core/dex/nodes/ClassNode.java	null	null	null	null	null	null
DEREFERENCE_NULLABLE	dereferenced expression currentCls is @Nullable	jadx.core.dex.nodes.ClassNode	visitParentClasses(java.util.function.Consumer<jadx.core.dex.nodes.ClassNode>)	16870	/Users/nima/Developer/NullAwayFixer/Projects/jadx/jadx-core/src/main/java/jadx/core/dex/nodes/ClassNode.java	null	null	null	null	null	null
DEREFERENCE_NULLABLE	dereferenced expression superClass is @Nullable	jadx.core.dex.nodes.ClassNode	visitSuperTypes(java.util.function.BiConsumer<jadx.core.dex.instructions.args.ArgType,jadx.core.dex.instructions.args.ArgType>)	17066	/Users/nima/Developer/NullAwayFixer/Projects/jadx/jadx-core/src/main/java/jadx/core/dex/nodes/ClassNode.java	null	null	null	null	null	null
DEREFERENCE_NULLABLE	dereferenced expression parent is @Nullable	jadx.core.dex.nodes.ClassNode	hasNotGeneratedParent()	17524	/Users/nima/Developer/NullAwayFixer/Projects/jadx/jadx-core/src/main/java/jadx/core/dex/nodes/ClassNode.java	null	null	null	null	null	null
DEREFERENCE_NULLABLE	dereferenced expression clsType is @Nullable	jadx.core.dex.nodes.RootNode	resolveClass(@org.jetbrains.annotations.Nullable jadx.core.dex.instructions.args.ArgType)	10412	/Users/nima/Developer/NullAwayFixer/Projects/jadx/jadx-core/src/main/java/jadx/core/dex/nodes/RootNode.java	null	null	null	null	null	null
DEREFERENCE_NULLABLE	dereferenced expression field is @Nullable	jadx.core.dex.nodes.RootNode	resolveField(@org.jetbrains.annotations.Nullable jadx.core.dex.info.FieldInfo)	13345	/Users/nima/Developer/NullAwayFixer/Projects/jadx/jadx-core/src/main/java/jadx/core/dex/nodes/RootNode.java	null	null	null	null	null	null
DEREFERENCE_NULLABLE	dereferenced expression parentClass is @Nullable	jadx.core.dex.info.ClassInfo	getAliasPkg()	2554	/Users/nima/Developer/NullAwayFixer/Projects/jadx/jadx-core/src/main/java/jadx/core/dex/info/ClassInfo.java	null	null	null	null	null	null
DEREFERENCE_NULLABLE	dereferenced expression pkg is @Nullable	jadx.core.dex.info.ClassInfo	makeFullClsName(@org.jetbrains.annotations.Nullable java.lang.String,java.lang.String,@org.jetbrains.annotations.Nullable jadx.core.dex.info.ClassInfo,boolean,boolean)	4779	/Users/nima/Developer/NullAwayFixer/Projects/jadx/jadx-core/src/main/java/jadx/core/dex/info/ClassInfo.java	null	null	null	null	null	null
DEREFERENCE_NULLABLE	dereferenced expression getAliasPkg() is @Nullable	jadx.core.dex.info.ClassInfo	getAliasFullPath()	5342	/Users/nima/Developer/NullAwayFixer/Projects/jadx/jadx-core/src/main/java/jadx/core/dex/info/ClassInfo.java	null	null	null	null	null	null
DEREFERENCE_NULLABLE	dereferenced expression outerType is @Nullable	jadx.core.dex.instructions.args.ArgType$OuterGenericObject	OuterGenericObject(@org.jetbrains.annotations.Nullable jadx.core.dex.instructions.args.ArgType.ObjectType,@org.jetbrains.annotations.Nullable jadx.core.dex.instructions.args.ArgType.ObjectType)	11128	/Users/nima/Developer/NullAwayFixer/Projects/jadx/jadx-core/src/main/java/jadx/core/dex/instructions/args/ArgType.java	null	null	null	null	null	null
DEREFERENCE_NULLABLE	dereferenced expression innerType is @Nullable	jadx.core.dex.instructions.args.ArgType$OuterGenericObject	OuterGenericObject(@org.jetbrains.annotations.Nullable jadx.core.dex.instructions.args.ArgType.ObjectType,@org.jetbrains.annotations.Nullable jadx.core.dex.instructions.args.ArgType.ObjectType)	11158	/Users/nima/Developer/NullAwayFixer/Projects/jadx/jadx-core/src/main/java/jadx/core/dex/instructions/args/ArgType.java	null	null	null	null	null	null
PASS_NULLABLE	passing @Nullable parameter 'arrayElement.selectFirst()' where @NonNull is required	jadx.core.dex.instructions.args.ArgType$ArrayArg	selectFirst()	12757	/Users/nima/Developer/NullAwayFixer/Projects/jadx/jadx-core/src/main/java/jadx/core/dex/instructions/args/ArgType.java	PARAMETER	jadx.core.dex.instructions.args.ArgType	array(@org.jetbrains.annotations.NotNull jadx.core.dex.instructions.args.ArgType)	vtype	0	/Users/nima/Developer/NullAwayFixer/Projects/jadx/jadx-core/src/main/java/jadx/core/dex/instructions/args/ArgType.java
DEREFERENCE_NULLABLE	dereferenced expression from is @Nullable	jadx.core.dex.instructions.args.ArgType	isCastNeeded(jadx.core.dex.nodes.RootNode,@org.jetbrains.annotations.Nullable jadx.core.dex.instructions.args.ArgType,@org.jetbrains.annotations.Nullable jadx.core.dex.instructions.args.ArgType)	15948	/Users/nima/Developer/NullAwayFixer/Projects/jadx/jadx-core/src/main/java/jadx/core/dex/instructions/args/ArgType.java	null	null	null	null	null	null
DEREFERENCE_NULLABLE	dereferenced expression root.getClsp() is @Nullable	jadx.core.dex.instructions.args.ArgType	isInstanceOf(jadx.core.dex.nodes.RootNode,jadx.core.dex.instructions.args.ArgType,jadx.core.dex.instructions.args.ArgType)	16292	/Users/nima/Developer/NullAwayFixer/Projects/jadx/jadx-core/src/main/java/jadx/core/dex/instructions/args/ArgType.java	null	null	null	null	null	null
DEREFERENCE_NULLABLE	dereferenced expression root.getClsp() is @Nullable	jadx.core.dex.instructions.args.ArgType	isClsKnown(jadx.core.dex.nodes.RootNode,jadx.core.dex.instructions.args.ArgType)	16457	/Users/nima/Developer/NullAwayFixer/Projects/jadx/jadx-core/src/main/java/jadx/core/dex/instructions/args/ArgType.java	null	null	null	null	null	null
DEREFERENCE_NULLABLE	dereferenced expression getPrimitiveType() is @Nullable	jadx.core.dex.instructions.args.ArgType	canBeAnyNumber()	17005	/Users/nima/Developer/NullAwayFixer/Projects/jadx/jadx-core/src/main/java/jadx/core/dex/instructions/args/ArgType.java	null	null	null	null	null	null
PASS_NULLABLE	passing @Nullable parameter 'parse(type.substring(1))' where @NonNull is required	jadx.core.dex.instructions.args.ArgType	parse(java.lang.String)	18052	/Users/nima/Developer/NullAwayFixer/Projects/jadx/jadx-core/src/main/java/jadx/core/dex/instructions/args/ArgType.java	PARAMETER	jadx.core.dex.instructions.args.ArgType	array(@org.jetbrains.annotations.NotNull jadx.core.dex.instructions.args.ArgType)	vtype	0	/Users/nima/Developer/NullAwayFixer/Projects/jadx/jadx-core/src/main/java/jadx/core/dex/instructions/args/ArgType.java
DEREFERENCE_NULLABLE	dereferenced expression list is @Nullable	jadx.core.utils.Utils	<T>lockList(@org.jetbrains.annotations.Nullable java.util.List<T>)	6303	/Users/nima/Developer/NullAwayFixer/Projects/jadx/jadx-core/src/main/java/jadx/core/utils/Utils.java	null	null	null	null	null	null
DEREFERENCE_NULLABLE	dereferenced expression list is @Nullable	jadx.core.utils.Utils	<T>first(@org.jetbrains.annotations.Nullable java.util.List<T>)	9074	/Users/nima/Developer/NullAwayFixer/Projects/jadx/jadx-core/src/main/java/jadx/core/utils/Utils.java	null	null	null	null	null	null
DEREFERENCE_NULLABLE	dereferenced expression codeReader is @Nullable	jadx.core.dex.nodes.MethodNode	load()	4393	/Users/nima/Developer/NullAwayFixer/Projects/jadx/jadx-core/src/main/java/jadx/core/dex/nodes/MethodNode.java	null	null	null	null	null	null
RETURN_NULLABLE	returning @Nullable expression from method with @NonNull return type	jadx.core.dex.nodes.MethodNode	getReturnType()	6810	/Users/nima/Developer/NullAwayFixer/Projects/jadx/jadx-core/src/main/java/jadx/core/dex/nodes/MethodNode.java	METHOD	jadx.core.dex.nodes.MethodNode	getReturnType()	null	null	/Users/nima/Developer/NullAwayFixer/Projects/jadx/jadx-core/src/main/java/jadx/core/dex/nodes/MethodNode.java
DEREFERENCE_NULLABLE	dereferenced expression mthInfo.getReturnType() is @Nullable	jadx.core.dex.nodes.MethodNode	isVoidReturn()	6945	/Users/nima/Developer/NullAwayFixer/Projects/jadx/jadx-core/src/main/java/jadx/core/dex/nodes/MethodNode.java	null	null	null	null	null	null
DEREFERENCE_NULLABLE	dereferenced expression exitBlock is @Nullable	jadx.core.dex.nodes.MethodNode	getPreExitBlocks()	9046	/Users/nima/Developer/NullAwayFixer/Projects/jadx/jadx-core/src/main/java/jadx/core/dex/nodes/MethodNode.java	null	null	null	null	null	null
DEREFERENCE_NULLABLE	dereferenced expression exitBlock is @Nullable	jadx.core.dex.nodes.MethodNode	isPreExitBlocks(jadx.core.dex.nodes.BlockNode)	9276	/Users/nima/Developer/NullAwayFixer/Projects/jadx/jadx-core/src/main/java/jadx/core/dex/nodes/MethodNode.java	null	null	null	null	null	null
DEREFERENCE_NULLABLE	dereferenced expression loops is @Nullable	jadx.core.dex.nodes.MethodNode	registerLoop(jadx.core.dex.attributes.nodes.LoopInfo)	9374	/Users/nima/Developer/NullAwayFixer/Projects/jadx/jadx-core/src/main/java/jadx/core/dex/nodes/MethodNode.java	null	null	null	null	null	null
DEREFERENCE_NULLABLE	dereferenced expression loops is @Nullable	jadx.core.dex.nodes.MethodNode	getLoopForBlock(jadx.core.dex.nodes.BlockNode)	9548	/Users/nima/Developer/NullAwayFixer/Projects/jadx/jadx-core/src/main/java/jadx/core/dex/nodes/MethodNode.java	null	null	null	null	null	null
DEREFERENCE_NULLABLE	dereferenced expression loops is @Nullable	jadx.core.dex.nodes.MethodNode	getAllLoopsForBlock(jadx.core.dex.nodes.BlockNode)	9779	/Users/nima/Developer/NullAwayFixer/Projects/jadx/jadx-core/src/main/java/jadx/core/dex/nodes/MethodNode.java	null	null	null	null	null	null
DEREFERENCE_NULLABLE	dereferenced expression loops is @Nullable	jadx.core.dex.nodes.MethodNode	getLoopsCount()	10058	/Users/nima/Developer/NullAwayFixer/Projects/jadx/jadx-core/src/main/java/jadx/core/dex/nodes/MethodNode.java	null	null	null	null	null	null
DEREFERENCE_NULLABLE	dereferenced expression exceptionHandlers is @Nullable	jadx.core.dex.nodes.MethodNode	addExceptionHandler(jadx.core.dex.trycatch.ExceptionHandler)	10225	/Users/nima/Developer/NullAwayFixer/Projects/jadx/jadx-core/src/main/java/jadx/core/dex/nodes/MethodNode.java	null	null	null	null	null	null
DEREFERENCE_NULLABLE	dereferenced expression exceptionHandlers is @Nullable	jadx.core.dex.nodes.MethodNode	clearExceptionHandlers()	10411	/Users/nima/Developer/NullAwayFixer/Projects/jadx/jadx-core/src/main/java/jadx/core/dex/nodes/MethodNode.java	null	null	null	null	null	null
DEREFERENCE_NULLABLE	dereferenced expression exceptionHandlers is @Nullable	jadx.core.dex.nodes.MethodNode	isNoExceptionHandlers()	10625	/Users/nima/Developer/NullAwayFixer/Projects/jadx/jadx-core/src/main/java/jadx/core/dex/nodes/MethodNode.java	null	null	null	null	null	null
DEREFERENCE_NULLABLE	dereferenced expression exceptionHandlers is @Nullable	jadx.core.dex.nodes.MethodNode	getExceptionHandlersCount()	10709	/Users/nima/Developer/NullAwayFixer/Projects/jadx/jadx-core/src/main/java/jadx/core/dex/nodes/MethodNode.java	null	null	null	null	null	null
DEREFERENCE_NULLABLE	dereferenced expression argsList.get(0).getInitType() is @Nullable	jadx.core.dex.nodes.MethodNode	isDefaultConstructor()	11973	/Users/nima/Developer/NullAwayFixer/Projects/jadx/jadx-core/src/main/java/jadx/core/dex/nodes/MethodNode.java	null	null	null	null	null	null
DEREFERENCE_NULLABLE	dereferenced expression outerCls is @Nullable	jadx.core.dex.nodes.MethodNode	isDefaultConstructor()	12010	/Users/nima/Developer/NullAwayFixer/Projects/jadx/jadx-core/src/main/java/jadx/core/dex/nodes/MethodNode.java	null	null	null	null	null	null
DEREFERENCE_NULLABLE	dereferenced expression sVars is @Nullable	jadx.core.dex.nodes.MethodNode	makeNewSVar(int,int,@org.jetbrains.annotations.NotNull jadx.core.dex.instructions.args.RegisterArg)	12606	/Users/nima/Developer/NullAwayFixer/Projects/jadx/jadx-core/src/main/java/jadx/core/dex/nodes/MethodNode.java	null	null	null	null	null	null
DEREFERENCE_NULLABLE	enhanced-for expression sVars is @Nullable	jadx.core.dex.nodes.MethodNode	getNextSVarVersion(int)	12757	/Users/nima/Developer/NullAwayFixer/Projects/jadx/jadx-core/src/main/java/jadx/core/dex/nodes/MethodNode.java	null	null	null	null	null	null
DEREFERENCE_NULLABLE	dereferenced expression sVars is @Nullable	jadx.core.dex.nodes.MethodNode	removeSVar(jadx.core.dex.instructions.args.SSAVar)	12934	/Users/nima/Developer/NullAwayFixer/Projects/jadx/jadx-core/src/main/java/jadx/core/dex/nodes/MethodNode.java	null	null	null	null	null	null
DEREFERENCE_NULLABLE	dereferenced expression codeReader is @Nullable	jadx.core.dex.nodes.MethodNode	getMethodCodeOffset()	13759	/Users/nima/Developer/NullAwayFixer/Projects/jadx/jadx-core/src/main/java/jadx/core/dex/nodes/MethodNode.java	null	null	null	null	null	null
DEREFERENCE_NULLABLE	dereferenced expression codeReader is @Nullable	jadx.core.dex.nodes.MethodNode	getDebugInfo()	13863	/Users/nima/Developer/NullAwayFixer/Projects/jadx/jadx-core/src/main/java/jadx/core/dex/nodes/MethodNode.java	null	null	null	null	null	null
DEREFERENCE_NULLABLE	dereferenced expression type is @Nullable	jadx.core.dex.instructions.args.LiteralArg	fixLiteralType(long,@org.jetbrains.annotations.Nullable jadx.core.dex.instructions.args.ArgType)	627	/Users/nima/Developer/NullAwayFixer/Projects/jadx/jadx-core/src/main/java/jadx/core/dex/instructions/args/LiteralArg.java	null	null	null	null	null	null
DEREFERENCE_NULLABLE	dereferenced expression type is @Nullable	jadx.core.dex.instructions.args.LiteralArg	LiteralArg(long,@org.jetbrains.annotations.Nullable jadx.core.dex.instructions.args.ArgType)	1131	/Users/nima/Developer/NullAwayFixer/Projects/jadx/jadx-core/src/main/java/jadx/core/dex/instructions/args/LiteralArg.java	null	null	null	null	null	null
SWITCH_EXPRESSION_NULLABLE	switch expression type.getPrimitiveType() is @Nullable	jadx.core.dex.instructions.args.LiteralArg	isInteger()	1520	/Users/nima/Developer/NullAwayFixer/Projects/jadx/jadx-core/src/main/java/jadx/core/dex/instructions/args/LiteralArg.java	null	null	null	null	null	null
DEREFERENCE_NULLABLE	dereferenced expression type is @Nullable	jadx.core.dex.instructions.args.LiteralArg	isInteger()	1528	/Users/nima/Developer/NullAwayFixer/Projects/jadx/jadx-core/src/main/java/jadx/core/dex/instructions/args/LiteralArg.java	null	null	null	null	null	null
DEREFERENCE_NULLABLE	dereferenced expression getType() is @Nullable	jadx.core.dex.instructions.args.LiteralArg	hashCode()	2649	/Users/nima/Developer/NullAwayFixer/Projects/jadx/jadx-core/src/main/java/jadx/core/dex/instructions/args/LiteralArg.java	null	null	null	null	null	null
DEREFERENCE_NULLABLE	dereferenced expression getType() is @Nullable	jadx.core.dex.instructions.args.LiteralArg	equals(java.lang.Object)	2902	/Users/nima/Developer/NullAwayFixer/Projects/jadx/jadx-core/src/main/java/jadx/core/dex/instructions/args/LiteralArg.java	null	null	null	null	null	null
DEREFERENCE_NULLABLE	dereferenced expression getType() is @Nullable	jadx.core.dex.instructions.args.LiteralArg	toString()	3097	/Users/nima/Developer/NullAwayFixer/Projects/jadx/jadx-core/src/main/java/jadx/core/dex/instructions/args/LiteralArg.java	null	null	null	null	null	null
DEREFERENCE_NULLABLE	dereferenced expression type is @Nullable	jadx.core.dex.info.FieldInfo	equalsNameAndType(jadx.core.dex.info.FieldInfo)	1963	/Users/nima/Developer/NullAwayFixer/Projects/jadx/jadx-core/src/main/java/jadx/core/dex/info/FieldInfo.java	null	null	null	null	null	null
DEREFERENCE_NULLABLE	dereferenced expression type is @Nullable	jadx.core.dex.info.FieldInfo	equals(java.lang.Object)	2240	/Users/nima/Developer/NullAwayFixer/Projects/jadx/jadx-core/src/main/java/jadx/core/dex/info/FieldInfo.java	null	null	null	null	null	null
DEREFERENCE_NULLABLE	dereferenced expression type is @Nullable	jadx.core.dex.info.FieldInfo	hashCode()	2411	/Users/nima/Developer/NullAwayFixer/Projects/jadx/jadx-core/src/main/java/jadx/core/dex/info/FieldInfo.java	null	null	null	null	null	null
DEREFERENCE_NULLABLE	dereferenced expression other is @Nullable	jadx.core.dex.nodes.InsnNode	isSame(@org.jetbrains.annotations.Nullable jadx.core.dex.nodes.InsnNode)	7627	/Users/nima/Developer/NullAwayFixer/Projects/jadx/jadx-core/src/main/java/jadx/core/dex/nodes/InsnNode.java	null	null	null	null	null	null
DEREFERENCE_NULLABLE	dereferenced expression resArg.getSVar() is @Nullable	jadx.core.dex.nodes.InsnNode	rebindArgs()	10755	/Users/nima/Developer/NullAwayFixer/Projects/jadx/jadx-core/src/main/java/jadx/core/dex/nodes/InsnNode.java	null	null	null	null	null	null
DEREFERENCE_NULLABLE	dereferenced expression ssaVar is @Nullable	jadx.core.dex.nodes.InsnNode	rebindArgs()	10951	/Users/nima/Developer/NullAwayFixer/Projects/jadx/jadx-core/src/main/java/jadx/core/dex/nodes/InsnNode.java	null	null	null	null	null	null
DEREFERENCE_NULLABLE	dereferenced expression type is @Nullable	jadx.core.dex.instructions.args.RegisterArg	equalRegisterAndType(jadx.core.dex.instructions.args.RegisterArg)	3547	/Users/nima/Developer/NullAwayFixer/Projects/jadx/jadx-core/src/main/java/jadx/core/dex/instructions/args/RegisterArg.java	null	null	null	null	null	null
DEREFERENCE_NULLABLE	dereferenced expression this.getSVar() is @Nullable	jadx.core.dex.instructions.args.RegisterArg	sameCodeVar(jadx.core.dex.instructions.args.RegisterArg)	4030	/Users/nima/Developer/NullAwayFixer/Projects/jadx/jadx-core/src/main/java/jadx/core/dex/instructions/args/RegisterArg.java	null	null	null	null	null	null
DEREFERENCE_NULLABLE	dereferenced expression arg.getSVar() is @Nullable	jadx.core.dex.instructions.args.RegisterArg	sameCodeVar(jadx.core.dex.instructions.args.RegisterArg)	4061	/Users/nima/Developer/NullAwayFixer/Projects/jadx/jadx-core/src/main/java/jadx/core/dex/instructions/args/RegisterArg.java	null	null	null	null	null	null
DEREFERENCE_NULLABLE	dereferenced expression getSVar() is @Nullable	jadx.core.dex.instructions.args.RegisterArg	isLinkedToOtherSsaVars()	4145	/Users/nima/Developer/NullAwayFixer/Projects/jadx/jadx-core/src/main/java/jadx/core/dex/instructions/args/RegisterArg.java	null	null	null	null	null	null
DEREFERENCE_NULLABLE	dereferenced expression initType is @Nullable	jadx.core.dex.instructions.args.SSAVar	markAsImmutable(jadx.core.dex.instructions.args.ArgType)	2161	/Users/nima/Developer/NullAwayFixer/Projects/jadx/jadx-core/src/main/java/jadx/core/dex/instructions/args/SSAVar.java	null	null	null	null	null	null
DEREFERENCE_NULLABLE	dereferenced expression initType is @Nullable	jadx.core.dex.instructions.args.SSAVar	getDetailedVarInfo(jadx.core.dex.nodes.MethodNode)	7000	/Users/nima/Developer/NullAwayFixer/Projects/jadx/jadx-core/src/main/java/jadx/core/dex/instructions/args/SSAVar.java	null	null	null	null	null	null
DEREFERENCE_NULLABLE	dereferenced expression getResult() is @Nullable	jadx.core.dex.instructions.PhiInsn	bindArg(@org.jetbrains.annotations.Nullable jadx.core.dex.nodes.BlockNode)	1150	/Users/nima/Developer/NullAwayFixer/Projects/jadx/jadx-core/src/main/java/jadx/core/dex/instructions/PhiInsn.java	null	null	null	null	null	null
DEREFERENCE_NULLABLE	dereferenced expression reg.getSVar() is @Nullable	jadx.core.dex.instructions.PhiInsn	removeArg(int)	2164	/Users/nima/Developer/NullAwayFixer/Projects/jadx/jadx-core/src/main/java/jadx/core/dex/instructions/PhiInsn.java	null	null	null	null	null	null
DEREFERENCE_NULLABLE	dereferenced expression ((RegisterArg) to).getSVar() is @Nullable	jadx.core.dex.instructions.PhiInsn	replaceArg(@org.jetbrains.annotations.Nullable jadx.core.dex.instructions.args.InsnArg,jadx.core.dex.instructions.args.InsnArg)	2749	/Users/nima/Developer/NullAwayFixer/Projects/jadx/jadx-core/src/main/java/jadx/core/dex/instructions/PhiInsn.java	null	null	null	null	null	null
DEREFERENCE_NULLABLE	dereferenced expression ((RegisterArg) from).getSVar() is @Nullable	jadx.core.dex.instructions.PhiInsn	replaceArg(@org.jetbrains.annotations.Nullable jadx.core.dex.instructions.args.InsnArg,jadx.core.dex.instructions.args.InsnArg)	2873	/Users/nima/Developer/NullAwayFixer/Projects/jadx/jadx-core/src/main/java/jadx/core/dex/instructions/PhiInsn.java	null	null	null	null	null	null
RETURN_NULLABLE	returning @Nullable expression from method with @NonNull return type	jadx.core.dex.visitors.typeinference.TypeInfo	getType()	408	/Users/nima/Developer/NullAwayFixer/Projects/jadx/jadx-core/src/main/java/jadx/core/dex/visitors/typeinference/TypeInfo.java	METHOD	jadx.core.dex.visitors.typeinference.TypeInfo	getType()	null	null	/Users/nima/Developer/NullAwayFixer/Projects/jadx/jadx-core/src/main/java/jadx/core/dex/visitors/typeinference/TypeInfo.java
DEREFERENCE_NULLABLE	dereferenced expression doms is @Nullable	jadx.core.dex.nodes.BlockNode	isDominator(jadx.core.dex.nodes.BlockNode)	3591	/Users/nima/Developer/NullAwayFixer/Projects/jadx/jadx-core/src/main/java/jadx/core/dex/nodes/BlockNode.java	null	null	null	null	null	null
DEREFERENCE_NULLABLE	dereferenced expression block is @Nullable	jadx.core.dex.nodes.BlockNode	isDominator(jadx.core.dex.nodes.BlockNode)	3600	/Users/nima/Developer/NullAwayFixer/Projects/jadx/jadx-core/src/main/java/jadx/core/dex/nodes/BlockNode.java	null	null	null	null	null	null
DEREFERENCE_NULLABLE	dereferenced expression cont is @Nullable	jadx.core.codegen.RegionGen	makeRegion(jadx.api.ICodeWriter,jadx.core.dex.nodes.IContainer)	2420	/Users/nima/Developer/NullAwayFixer/Projects/jadx/jadx-core/src/main/java/jadx/core/codegen/RegionGen.java	null	null	null	null	null	null
DEREFERENCE_NULLABLE	dereferenced expression cont is @Nullable	jadx.core.codegen.RegionGen	declareVars(jadx.api.ICodeWriter,jadx.core.dex.nodes.IContainer)	2558	/Users/nima/Developer/NullAwayFixer/Projects/jadx/jadx-core/src/main/java/jadx/core/codegen/RegionGen.java	null	null	null	null	null	null
DEREFERENCE_NULLABLE	dereferenced expression els is @Nullable	jadx.core.codegen.RegionGen	connectElseIf(jadx.api.ICodeWriter,jadx.core.dex.nodes.IContainer)	4766	/Users/nima/Developer/NullAwayFixer/Projects/jadx/jadx-core/src/main/java/jadx/core/codegen/RegionGen.java	null	null	null	null	null	null
DEREFERENCE_NULLABLE	dereferenced expression mth is @Nullable	jadx.core.codegen.RegionGen	addCaseKey(jadx.api.ICodeWriter,jadx.core.dex.instructions.args.InsnArg,java.lang.Object)	8875	/Users/nima/Developer/NullAwayFixer/Projects/jadx/jadx-core/src/main/java/jadx/core/codegen/RegionGen.java	null	null	null	null	null	null
DEREFERENCE_NULLABLE	dereferenced expression region.getTryCatchBlock() is @Nullable	jadx.core.codegen.RegionGen	makeTryCatch(jadx.core.dex.regions.TryCatchRegion,jadx.api.ICodeWriter)	9619	/Users/nima/Developer/NullAwayFixer/Projects/jadx/jadx-core/src/main/java/jadx/core/codegen/RegionGen.java	null	null	null	null	null	null
DEREFERENCE_NULLABLE	dereferenced expression ssaVar is @Nullable	jadx.core.codegen.RegionGen	makeCatchBlock(jadx.api.ICodeWriter,jadx.core.dex.trycatch.ExceptionHandler)	11396	/Users/nima/Developer/NullAwayFixer/Projects/jadx/jadx-core/src/main/java/jadx/core/codegen/RegionGen.java	null	null	null	null	null	null
DEREFERENCE_NULLABLE	dereferenced expression type is @Nullable	jadx.core.utils.android.AndroidResourcesUtils	handleResourceFieldValue(jadx.core.dex.nodes.ClassNode,jadx.api.ICodeWriter,long,jadx.core.dex.instructions.args.ArgType)	2844	/Users/nima/Developer/NullAwayFixer/Projects/jadx/jadx-core/src/main/java/jadx/core/utils/android/AndroidResourcesUtils.java	null	null	null	null	null	null
DEREFERENCE_NULLABLE	dereferenced expression field.getType() is @Nullable	jadx.core.utils.android.AndroidResourcesUtils	fillResFieldsMap(jadx.core.dex.nodes.ClassNode)	6791	/Users/nima/Developer/NullAwayFixer/Projects/jadx/jadx-core/src/main/java/jadx/core/utils/android/AndroidResourcesUtils.java	null	null	null	null	null	null
DEREFERENCE_NULLABLE	dereferenced expression mth is @Nullable	jadx.core.codegen.InsnGen	InsnGen(jadx.core.codegen.MethodGen,boolean)	3091	/Users/nima/Developer/NullAwayFixer/Projects/jadx/jadx-core/src/main/java/jadx/core/codegen/InsnGen.java	null	null	null	null	null	null
DEREFERENCE_NULLABLE	dereferenced expression arg is @Nullable	jadx.core.codegen.InsnGen	addArg(jadx.api.ICodeWriter,@org.jetbrains.annotations.Nullable jadx.core.dex.instructions.args.InsnArg,java.util.Set<jadx.core.codegen.InsnGen.Flags>)	3779	/Users/nima/Developer/NullAwayFixer/Projects/jadx/jadx-core/src/main/java/jadx/core/codegen/InsnGen.java	null	null	null	null	null	null
DEREFERENCE_NULLABLE	dereferenced expression arg.getSVar() is @Nullable	jadx.core.codegen.InsnGen	declareVar(jadx.api.ICodeWriter,@org.jetbrains.annotations.Nullable jadx.core.dex.instructions.args.RegisterArg)	5239	/Users/nima/Developer/NullAwayFixer/Projects/jadx/jadx-core/src/main/java/jadx/core/codegen/InsnGen.java	null	null	null	null	null	null
DEREFERENCE_NULLABLE	dereferenced expression arg is @Nullable	jadx.core.codegen.InsnGen	declareVar(jadx.api.ICodeWriter,@org.jetbrains.annotations.Nullable jadx.core.dex.instructions.args.RegisterArg)	5239	/Users/nima/Developer/NullAwayFixer/Projects/jadx/jadx-core/src/main/java/jadx/core/codegen/InsnGen.java	null	null	null	null	null	null
DEREFERENCE_NULLABLE	dereferenced expression mth is @Nullable	jadx.core.codegen.InsnGen	instanceField(jadx.api.ICodeWriter,@org.jetbrains.annotations.Nullable jadx.core.dex.info.FieldInfo,jadx.core.dex.instructions.args.InsnArg)	5991	/Users/nima/Developer/NullAwayFixer/Projects/jadx/jadx-core/src/main/java/jadx/core/codegen/InsnGen.java	null	null	null	null	null	null
DEREFERENCE_NULLABLE	dereferenced expression field is @Nullable	jadx.core.codegen.InsnGen	instanceField(jadx.api.ICodeWriter,@org.jetbrains.annotations.Nullable jadx.core.dex.info.FieldInfo,jadx.core.dex.instructions.args.InsnArg)	6563	/Users/nima/Developer/NullAwayFixer/Projects/jadx/jadx-core/src/main/java/jadx/core/codegen/InsnGen.java	null	null	null	null	null	null
DEREFERENCE_NULLABLE	dereferenced expression field is @Nullable	jadx.core.codegen.InsnGen	makeStaticFieldAccess(jadx.api.ICodeWriter,@org.jetbrains.annotations.Nullable jadx.core.dex.info.FieldInfo,jadx.core.codegen.ClassGen)	6766	/Users/nima/Developer/NullAwayFixer/Projects/jadx/jadx-core/src/main/java/jadx/core/codegen/InsnGen.java	null	null	null	null	null	null
DEREFERENCE_NULLABLE	dereferenced expression insn is @Nullable	jadx.core.codegen.InsnGen	makeInsn(@org.jetbrains.annotations.Nullable jadx.core.dex.nodes.InsnNode,jadx.api.ICodeWriter,@org.jetbrains.annotations.Nullable jadx.core.codegen.InsnGen.Flags)	8308	/Users/nima/Developer/NullAwayFixer/Projects/jadx/jadx-core/src/main/java/jadx/core/codegen/InsnGen.java	null	null	null	null	null	null
DEREFERENCE_NULLABLE	dereferenced expression mth is @Nullable	jadx.core.codegen.InsnGen	makeInsnBody(jadx.api.ICodeWriter,jadx.core.dex.nodes.InsnNode,java.util.Set<jadx.core.codegen.InsnGen.Flags>)	9496	/Users/nima/Developer/NullAwayFixer/Projects/jadx/jadx-core/src/main/java/jadx/core/codegen/InsnGen.java	null	null	null	null	null	null
DEREFERENCE_NULLABLE	dereferenced expression arrayType is @Nullable	jadx.core.codegen.InsnGen	makeInsnBody(jadx.api.ICodeWriter,jadx.core.dex.nodes.InsnNode,java.util.Set<jadx.core.codegen.InsnGen.Flags>)	11883	/Users/nima/Developer/NullAwayFixer/Projects/jadx/jadx-core/src/main/java/jadx/core/codegen/InsnGen.java	null	null	null	null	null	null
DEREFERENCE_NULLABLE	dereferenced expression insn.getResult().getInitType() is @Nullable	jadx.core.codegen.InsnGen	makeInsnBody(jadx.api.ICodeWriter,jadx.core.dex.nodes.InsnNode,java.util.Set<jadx.core.codegen.InsnGen.Flags>)	16302	/Users/nima/Developer/NullAwayFixer/Projects/jadx/jadx-core/src/main/java/jadx/core/codegen/InsnGen.java	null	null	null	null	null	null
DEREFERENCE_NULLABLE	dereferenced expression insn.getResult() is @Nullable	jadx.core.codegen.InsnGen	makeInsnBody(jadx.api.ICodeWriter,jadx.core.dex.nodes.InsnNode,java.util.Set<jadx.core.codegen.InsnGen.Flags>)	16302	/Users/nima/Developer/NullAwayFixer/Projects/jadx/jadx-core/src/main/java/jadx/core/codegen/InsnGen.java	null	null	null	null	null	null
DEREFERENCE_NULLABLE	dereferenced expression mth is @Nullable	jadx.core.codegen.InsnGen	fillArray(jadx.api.ICodeWriter,jadx.core.dex.instructions.FillArrayInsn)	17470	/Users/nima/Developer/NullAwayFixer/Projects/jadx/jadx-core/src/main/java/jadx/core/codegen/InsnGen.java	null	null	null	null	null	null
DEREFERENCE_NULLABLE	dereferenced expression arrayType is @Nullable	jadx.core.codegen.InsnGen	fillArray(jadx.api.ICodeWriter,jadx.core.dex.instructions.FillArrayInsn)	17693	/Users/nima/Developer/NullAwayFixer/Projects/jadx/jadx-core/src/main/java/jadx/core/codegen/InsnGen.java	null	null	null	null	null	null
DEREFERENCE_NULLABLE	dereferenced expression mth is @Nullable	jadx.core.codegen.InsnGen	fallbackOnlyInsn(jadx.core.dex.nodes.InsnNode)	18718	/Users/nima/Developer/NullAwayFixer/Projects/jadx/jadx-core/src/main/java/jadx/core/codegen/InsnGen.java	null	null	null	null	null	null
DEREFERENCE_NULLABLE	dereferenced expression mth is @Nullable	jadx.core.codegen.InsnGen	makeConstructor(jadx.core.dex.instructions.mods.ConstructorInsn,jadx.api.ICodeWriter)	19432	/Users/nima/Developer/NullAwayFixer/Projects/jadx/jadx-core/src/main/java/jadx/core/codegen/InsnGen.java	null	null	null	null	null	null
PASS_NULLABLE	passing @Nullable parameter 'insn.getCallMth()' where @NonNull is required	jadx.core.codegen.InsnGen	makeConstructor(jadx.core.dex.instructions.mods.ConstructorInsn,jadx.api.ICodeWriter)	19799	/Users/nima/Developer/NullAwayFixer/Projects/jadx/jadx-core/src/main/java/jadx/core/codegen/InsnGen.java	PARAMETER	jadx.core.dex.nodes.RootNode	resolveMethod(@org.jetbrains.annotations.NotNull jadx.core.dex.info.MethodInfo)	mth	0	/Users/nima/Developer/NullAwayFixer/Projects/jadx/jadx-core/src/main/java/jadx/core/dex/nodes/RootNode.java
DEREFERENCE_NULLABLE	dereferenced expression insn.getCallMth() is @Nullable	jadx.core.codegen.InsnGen	makeConstructor(jadx.core.dex.instructions.mods.ConstructorInsn,jadx.api.ICodeWriter)	20446	/Users/nima/Developer/NullAwayFixer/Projects/jadx/jadx-core/src/main/java/jadx/core/codegen/InsnGen.java	null	null	null	null	null	null
DEREFERENCE_NULLABLE	dereferenced expression this.mth is @Nullable	jadx.core.codegen.InsnGen	inlineAnonymousConstructor(jadx.api.ICodeWriter,jadx.core.dex.nodes.ClassNode,jadx.core.dex.instructions.mods.ConstructorInsn)	21201	/Users/nima/Developer/NullAwayFixer/Projects/jadx/jadx-core/src/main/java/jadx/core/codegen/InsnGen.java	null	null	null	null	null	null
DEREFERENCE_NULLABLE	dereferenced expression cls.get(AType.ANONYMOUS_CLASS) is @Nullable	jadx.core.codegen.InsnGen	inlineAnonymousConstructor(jadx.api.ICodeWriter,jadx.core.dex.nodes.ClassNode,jadx.core.dex.instructions.mods.ConstructorInsn)	21562	/Users/nima/Developer/NullAwayFixer/Projects/jadx/jadx-core/src/main/java/jadx/core/codegen/InsnGen.java	null	null	null	null	null	null
PASS_NULLABLE	passing @Nullable parameter 'insn.getCallMth()' where @NonNull is required	jadx.core.codegen.InsnGen	inlineAnonymousConstructor(jadx.api.ICodeWriter,jadx.core.dex.nodes.ClassNode,jadx.core.dex.instructions.mods.ConstructorInsn)	21934	/Users/nima/Developer/NullAwayFixer/Projects/jadx/jadx-core/src/main/java/jadx/core/codegen/InsnGen.java	PARAMETER	jadx.core.dex.nodes.RootNode	resolveMethod(@org.jetbrains.annotations.NotNull jadx.core.dex.info.MethodInfo)	mth	0	/Users/nima/Developer/NullAwayFixer/Projects/jadx/jadx-core/src/main/java/jadx/core/dex/nodes/RootNode.java
DEREFERENCE_NULLABLE	dereferenced expression mthArg.getSVar() is @Nullable	jadx.core.codegen.InsnGen	inlineAnonymousConstructor(jadx.api.ICodeWriter,jadx.core.dex.nodes.ClassNode,jadx.core.dex.instructions.mods.ConstructorInsn)	22340	/Users/nima/Developer/NullAwayFixer/Projects/jadx/jadx-core/src/main/java/jadx/core/codegen/InsnGen.java	null	null	null	null	null	null
DEREFERENCE_NULLABLE	dereferenced expression insnArg.getSVar() is @Nullable	jadx.core.codegen.InsnGen	inlineAnonymousConstructor(jadx.api.ICodeWriter,jadx.core.dex.nodes.ClassNode,jadx.core.dex.instructions.mods.ConstructorInsn)	22368	/Users/nima/Developer/NullAwayFixer/Projects/jadx/jadx-core/src/main/java/jadx/core/codegen/InsnGen.java	null	null	null	null	null	null
PASS_NULLABLE	passing @Nullable parameter 'callMth' where @NonNull is required	jadx.core.codegen.InsnGen	makeInvoke(jadx.core.dex.instructions.InvokeNode,jadx.api.ICodeWriter)	22948	/Users/nima/Developer/NullAwayFixer/Projects/jadx/jadx-core/src/main/java/jadx/core/codegen/InsnGen.java	PARAMETER	jadx.core.dex.nodes.RootNode	resolveMethod(@org.jetbrains.annotations.NotNull jadx.core.dex.info.MethodInfo)	mth	0	/Users/nima/Developer/NullAwayFixer/Projects/jadx/jadx-core/src/main/java/jadx/core/dex/nodes/RootNode.java
DEREFERENCE_NULLABLE	dereferenced expression mth is @Nullable	jadx.core.codegen.InsnGen	makeInvoke(jadx.core.dex.instructions.InvokeNode,jadx.api.ICodeWriter)	22948	/Users/nima/Developer/NullAwayFixer/Projects/jadx/jadx-core/src/main/java/jadx/core/codegen/InsnGen.java	null	null	null	null	null	null
DEREFERENCE_NULLABLE	dereferenced expression callMth is @Nullable	jadx.core.codegen.InsnGen	makeInvoke(jadx.core.dex.instructions.InvokeNode,jadx.api.ICodeWriter)	23412	/Users/nima/Developer/NullAwayFixer/Projects/jadx/jadx-core/src/main/java/jadx/core/codegen/InsnGen.java	null	null	null	null	null	null
DEREFERENCE_NULLABLE	dereferenced expression callMth is @Nullable	jadx.core.codegen.InsnGen	makeInvoke(jadx.core.dex.instructions.InvokeNode,jadx.api.ICodeWriter)	23676	/Users/nima/Developer/NullAwayFixer/Projects/jadx/jadx-core/src/main/java/jadx/core/codegen/InsnGen.java	null	null	null	null	null	null
DEREFERENCE_NULLABLE	dereferenced expression callMth is @Nullable	jadx.core.codegen.InsnGen	makeInvoke(jadx.core.dex.instructions.InvokeNode,jadx.api.ICodeWriter)	23800	/Users/nima/Developer/NullAwayFixer/Projects/jadx/jadx-core/src/main/java/jadx/core/codegen/InsnGen.java	null	null	null	null	null	null
DEREFERENCE_NULLABLE	dereferenced expression mth is @Nullable	jadx.core.codegen.InsnGen	needInvokeArg(jadx.core.dex.instructions.args.InsnArg)	24079	/Users/nima/Developer/NullAwayFixer/Projects/jadx/jadx-core/src/main/java/jadx/core/codegen/InsnGen.java	null	null	null	null	null	null
DEREFERENCE_NULLABLE	dereferenced expression customNode.getCallInsn() is @Nullable	jadx.core.codegen.InsnGen	makeInvokeLambda(jadx.api.ICodeWriter,jadx.core.dex.instructions.InvokeCustomNode)	24556	/Users/nima/Developer/NullAwayFixer/Projects/jadx/jadx-core/src/main/java/jadx/core/codegen/InsnGen.java	null	null	null	null	null	null
DEREFERENCE_NULLABLE	dereferenced expression callMth is @Nullable	jadx.core.codegen.InsnGen	makeRefLambda(jadx.api.ICodeWriter,jadx.core.dex.instructions.InvokeCustomNode)	24921	/Users/nima/Developer/NullAwayFixer/Projects/jadx/jadx-core/src/main/java/jadx/core/codegen/InsnGen.java	null	null	null	null	null	null
DEREFERENCE_NULLABLE	dereferenced expression callMth is @Nullable	jadx.core.codegen.InsnGen	makeRefLambda(jadx.api.ICodeWriter,jadx.core.dex.instructions.InvokeCustomNode)	25212	/Users/nima/Developer/NullAwayFixer/Projects/jadx/jadx-core/src/main/java/jadx/core/codegen/InsnGen.java	null	null	null	null	null	null
DEREFERENCE_NULLABLE	dereferenced expression callMth is @Nullable	jadx.core.codegen.InsnGen	makeRefLambda(jadx.api.ICodeWriter,jadx.core.dex.instructions.InvokeCustomNode)	25298	/Users/nima/Developer/NullAwayFixer/Projects/jadx/jadx-core/src/main/java/jadx/core/codegen/InsnGen.java	null	null	null	null	null	null
DEREFERENCE_NULLABLE	dereferenced expression implMthInfo is @Nullable	jadx.core.codegen.InsnGen	makeSimpleLambda(jadx.api.ICodeWriter,jadx.core.dex.instructions.InvokeCustomNode)	25544	/Users/nima/Developer/NullAwayFixer/Projects/jadx/jadx-core/src/main/java/jadx/core/codegen/InsnGen.java	null	null	null	null	null	null
DEREFERENCE_NULLABLE	dereferenced expression callInsn is @Nullable	jadx.core.codegen.InsnGen	makeSimpleLambda(jadx.api.ICodeWriter,jadx.core.dex.instructions.InvokeCustomNode)	25676	/Users/nima/Developer/NullAwayFixer/Projects/jadx/jadx-core/src/main/java/jadx/core/codegen/InsnGen.java	null	null	null	null	null	null
DEREFERENCE_NULLABLE	dereferenced expression implMthInfo.getReturnType() is @Nullable	jadx.core.codegen.InsnGen	makeSimpleLambda(jadx.api.ICodeWriter,jadx.core.dex.instructions.InvokeCustomNode)	26369	/Users/nima/Developer/NullAwayFixer/Projects/jadx/jadx-core/src/main/java/jadx/core/codegen/InsnGen.java	null	null	null	null	null	null
DEREFERENCE_NULLABLE	dereferenced expression customNode.getImplMthInfo() is @Nullable	jadx.core.codegen.InsnGen	makeInlinedLambdaMethod(jadx.api.ICodeWriter,jadx.core.dex.instructions.InvokeCustomNode,@org.jetbrains.annotations.Nullable jadx.core.dex.nodes.MethodNode)	27022	/Users/nima/Developer/NullAwayFixer/Projects/jadx/jadx-core/src/main/java/jadx/core/codegen/InsnGen.java	null	null	null	null	null	null
DEREFERENCE_NULLABLE	dereferenced expression callMth is @Nullable	jadx.core.codegen.InsnGen	makeInlinedLambdaMethod(jadx.api.ICodeWriter,jadx.core.dex.instructions.InvokeCustomNode,@org.jetbrains.annotations.Nullable jadx.core.dex.nodes.MethodNode)	27102	/Users/nima/Developer/NullAwayFixer/Projects/jadx/jadx-core/src/main/java/jadx/core/codegen/InsnGen.java	null	null	null	null	null	null
DEREFERENCE_NULLABLE	dereferenced expression callArgs.get(i).getSVar() is @Nullable	jadx.core.codegen.InsnGen	makeInlinedLambdaMethod(jadx.api.ICodeWriter,jadx.core.dex.instructions.InvokeCustomNode,@org.jetbrains.annotations.Nullable jadx.core.dex.nodes.MethodNode)	27402	/Users/nima/Developer/NullAwayFixer/Projects/jadx/jadx-core/src/main/java/jadx/core/codegen/InsnGen.java	null	null	null	null	null	null
DEREFERENCE_NULLABLE	dereferenced expression callRegArg.getSVar() is @Nullable	jadx.core.codegen.InsnGen	makeInlinedLambdaMethod(jadx.api.ICodeWriter,jadx.core.dex.instructions.InvokeCustomNode,@org.jetbrains.annotations.Nullable jadx.core.dex.nodes.MethodNode)	27849	/Users/nima/Developer/NullAwayFixer/Projects/jadx/jadx-core/src/main/java/jadx/core/codegen/InsnGen.java	null	null	null	null	null	null
DEREFERENCE_NULLABLE	dereferenced expression extArg.getSVar() is @Nullable	jadx.core.codegen.InsnGen	makeInlinedLambdaMethod(jadx.api.ICodeWriter,jadx.core.dex.instructions.InvokeCustomNode,@org.jetbrains.annotations.Nullable jadx.core.dex.nodes.MethodNode)	27881	/Users/nima/Developer/NullAwayFixer/Projects/jadx/jadx-core/src/main/java/jadx/core/codegen/InsnGen.java	null	null	null	null	null	null
DEREFERENCE_NULLABLE	dereferenced expression callMth is @Nullable	jadx.core.codegen.InsnGen	callSuper(jadx.api.ICodeWriter,@org.jetbrains.annotations.Nullable jadx.core.dex.info.MethodInfo)	28282	/Users/nima/Developer/NullAwayFixer/Projects/jadx/jadx-core/src/main/java/jadx/core/codegen/InsnGen.java	null	null	null	null	null	null
DEREFERENCE_NULLABLE	dereferenced expression mth is @Nullable	jadx.core.codegen.InsnGen	callSuper(jadx.api.ICodeWriter,@org.jetbrains.annotations.Nullable jadx.core.dex.info.MethodInfo)	28369	/Users/nima/Developer/NullAwayFixer/Projects/jadx/jadx-core/src/main/java/jadx/core/codegen/InsnGen.java	null	null	null	null	null	null
DEREFERENCE_NULLABLE	dereferenced expression callMth is @Nullable	jadx.core.codegen.InsnGen	getClassForSuperCall(@org.jetbrains.annotations.Nullable jadx.core.dex.info.MethodInfo)	28788	/Users/nima/Developer/NullAwayFixer/Projects/jadx/jadx-core/src/main/java/jadx/core/codegen/InsnGen.java	null	null	null	null	null	null
DEREFERENCE_NULLABLE	dereferenced expression mth is @Nullable	jadx.core.codegen.InsnGen	getClassForSuperCall(@org.jetbrains.annotations.Nullable jadx.core.dex.info.MethodInfo)	28847	/Users/nima/Developer/NullAwayFixer/Projects/jadx/jadx-core/src/main/java/jadx/core/codegen/InsnGen.java	null	null	null	null	null	null
DEREFERENCE_NULLABLE	dereferenced expression parentNode is @Nullable	jadx.core.codegen.InsnGen	getClassForSuperCall(@org.jetbrains.annotations.Nullable jadx.core.dex.info.MethodInfo)	28911	/Users/nima/Developer/NullAwayFixer/Projects/jadx/jadx-core/src/main/java/jadx/core/codegen/InsnGen.java	null	null	null	null	null	null
DEREFERENCE_NULLABLE	dereferenced expression lastArg.getType() is @Nullable	jadx.core.codegen.InsnGen	processVarArg(jadx.api.ICodeWriter,jadx.core.dex.instructions.BaseInvokeNode,jadx.core.dex.instructions.args.InsnArg)	30319	/Users/nima/Developer/NullAwayFixer/Projects/jadx/jadx-core/src/main/java/jadx/core/codegen/InsnGen.java	null	null	null	null	null	null
DEREFERENCE_NULLABLE	dereferenced expression mth is @Nullable	jadx.core.codegen.MethodGen	addDefinition(jadx.api.ICodeWriter)	2795	/Users/nima/Developer/NullAwayFixer/Projects/jadx/jadx-core/src/main/java/jadx/core/codegen/MethodGen.java	null	null	null	null	null	null
DEREFERENCE_NULLABLE	dereferenced expression mth is @Nullable	jadx.core.codegen.MethodGen	getMethodForDefinition()	6196	/Users/nima/Developer/NullAwayFixer/Projects/jadx/jadx-core/src/main/java/jadx/core/codegen/MethodGen.java	null	null	null	null	null	null
DEREFERENCE_NULLABLE	dereferenced expression mth is @Nullable	jadx.core.codegen.MethodGen	addMethodArguments(jadx.api.ICodeWriter,java.util.List<jadx.core.dex.instructions.args.RegisterArg>)	7125	/Users/nima/Developer/NullAwayFixer/Projects/jadx/jadx-core/src/main/java/jadx/core/codegen/MethodGen.java	null	null	null	null	null	null
DEREFERENCE_NULLABLE	dereferenced expression argType is @Nullable	jadx.core.codegen.MethodGen	addMethodArguments(jadx.api.ICodeWriter,java.util.List<jadx.core.dex.instructions.args.RegisterArg>)	8045	/Users/nima/Developer/NullAwayFixer/Projects/jadx/jadx-core/src/main/java/jadx/core/codegen/MethodGen.java	null	null	null	null	null	null
DEREFERENCE_NULLABLE	dereferenced expression mth is @Nullable	jadx.core.codegen.MethodGen	addInstructions(jadx.api.ICodeWriter)	8740	/Users/nima/Developer/NullAwayFixer/Projects/jadx/jadx-core/src/main/java/jadx/core/codegen/MethodGen.java	null	null	null	null	null	null
DEREFERENCE_NULLABLE	dereferenced expression mth is @Nullable	jadx.core.codegen.MethodGen	addRegionInsns(jadx.api.ICodeWriter)	9336	/Users/nima/Developer/NullAwayFixer/Projects/jadx/jadx-core/src/main/java/jadx/core/codegen/MethodGen.java	null	null	null	null	null	null
DEREFERENCE_NULLABLE	dereferenced expression mth is @Nullable	jadx.core.codegen.MethodGen	addRegionInsns(jadx.api.ICodeWriter)	9415	/Users/nima/Developer/NullAwayFixer/Projects/jadx/jadx-core/src/main/java/jadx/core/codegen/MethodGen.java	null	null	null	null	null	null
DEREFERENCE_NULLABLE	dereferenced expression mth is @Nullable	jadx.core.codegen.MethodGen	addRegionInsns(jadx.api.ICodeWriter)	9603	/Users/nima/Developer/NullAwayFixer/Projects/jadx/jadx-core/src/main/java/jadx/core/codegen/MethodGen.java	null	null	null	null	null	null
DEREFERENCE_NULLABLE	dereferenced expression mth is @Nullable	jadx.core.codegen.MethodGen	addSimpleMethodCode(jadx.api.ICodeWriter)	9882	/Users/nima/Developer/NullAwayFixer/Projects/jadx/jadx-core/src/main/java/jadx/core/codegen/MethodGen.java	null	null	null	null	null	null
DEREFERENCE_NULLABLE	dereferenced expression insn.getResult().getSVar() is @Nullable	jadx.core.codegen.MethodGen	generateSimpleCode(jadx.api.ICodeWriter)	11077	/Users/nima/Developer/NullAwayFixer/Projects/jadx/jadx-core/src/main/java/jadx/core/codegen/MethodGen.java	null	null	null	null	null	null
DEREFERENCE_NULLABLE	dereferenced expression mth is @Nullable	jadx.core.codegen.MethodGen	dumpInstructions(jadx.api.ICodeWriter)	11601	/Users/nima/Developer/NullAwayFixer/Projects/jadx/jadx-core/src/main/java/jadx/core/codegen/MethodGen.java	null	null	null	null	null	null
DEREFERENCE_NULLABLE	dereferenced expression mth.getMethodInfo().getReturnType() is @Nullable	jadx.core.codegen.MethodGen	dumpInstructions(jadx.api.ICodeWriter)	12048	/Users/nima/Developer/NullAwayFixer/Projects/jadx/jadx-core/src/main/java/jadx/core/codegen/MethodGen.java	null	null	null	null	null	null
DEREFERENCE_NULLABLE	dereferenced expression mth is @Nullable	jadx.core.codegen.MethodGen	addFallbackMethodCode(jadx.api.ICodeWriter,jadx.core.codegen.MethodGen.FallbackOption)	12273	/Users/nima/Developer/NullAwayFixer/Projects/jadx/jadx-core/src/main/java/jadx/core/codegen/MethodGen.java	null	null	null	null	null	null
DEREFERENCE_NULLABLE	dereferenced expression mth is @Nullable	jadx.core.codegen.MethodGen	addFallbackMethodCode(jadx.api.ICodeWriter,jadx.core.codegen.MethodGen.FallbackOption)	12879	/Users/nima/Developer/NullAwayFixer/Projects/jadx/jadx-core/src/main/java/jadx/core/codegen/MethodGen.java	null	null	null	null	null	null
DEREFERENCE_NULLABLE	dereferenced expression varType is @Nullable	jadx.core.codegen.MethodGen	dumpInsn(jadx.api.ICodeWriter,jadx.core.codegen.InsnGen,jadx.core.codegen.MethodGen.FallbackOption,int,@org.jetbrains.annotations.Nullable jadx.core.dex.nodes.InsnNode,jadx.core.dex.nodes.InsnNode)	15333	/Users/nima/Developer/NullAwayFixer/Projects/jadx/jadx-core/src/main/java/jadx/core/codegen/MethodGen.java	null	null	null	null	null	null
DEREFERENCE_NULLABLE	dereferenced expression block is @Nullable	jadx.core.codegen.MethodGen	getLabelName(@org.jetbrains.annotations.Nullable jadx.core.dex.nodes.BlockNode)	17581	/Users/nima/Developer/NullAwayFixer/Projects/jadx/jadx-core/src/main/java/jadx/core/codegen/MethodGen.java	null	null	null	null	null	null
DEREFERENCE_NULLABLE	dereferenced expression preCondition is @Nullable	jadx.core.dex.regions.loops.LoopRegion	checkPreCondition()	1956	/Users/nima/Developer/NullAwayFixer/Projects/jadx/jadx-core/src/main/java/jadx/core/dex/regions/loops/LoopRegion.java	null	null	null	null	null	null
DEREFERENCE_NULLABLE	dereferenced expression res.getSVar() is @Nullable	jadx.core.dex.regions.loops.LoopRegion	checkPreCondition()	2441	/Users/nima/Developer/NullAwayFixer/Projects/jadx/jadx-core/src/main/java/jadx/core/dex/regions/loops/LoopRegion.java	null	null	null	null	null	null
DEREFERENCE_NULLABLE	dereferenced expression cond is @Nullable	jadx.core.dex.regions.conditions.IfCondition	invert(@org.jetbrains.annotations.Nullable jadx.core.dex.regions.conditions.IfCondition)	2801	/Users/nima/Developer/NullAwayFixer/Projects/jadx/jadx-core/src/main/java/jadx/core/dex/regions/conditions/IfCondition.java	null	null	null	null	null	null
DEREFERENCE_NULLABLE	dereferenced expression cond.getCompare() is @Nullable	jadx.core.dex.regions.conditions.IfCondition	invert(@org.jetbrains.annotations.Nullable jadx.core.dex.regions.conditions.IfCondition)	2879	/Users/nima/Developer/NullAwayFixer/Projects/jadx/jadx-core/src/main/java/jadx/core/dex/regions/conditions/IfCondition.java	null	null	null	null	null	null
DEREFERENCE_NULLABLE	dereferenced expression cond.compare is @Nullable	jadx.core.dex.regions.conditions.IfCondition	not(jadx.core.dex.regions.conditions.IfCondition)	3570	/Users/nima/Developer/NullAwayFixer/Projects/jadx/jadx-core/src/main/java/jadx/core/dex/regions/conditions/IfCondition.java	null	null	null	null	null	null
DEREFERENCE_NULLABLE	dereferenced expression cond is @Nullable	jadx.core.dex.regions.conditions.IfCondition	simplify(@org.jetbrains.annotations.Nullable jadx.core.dex.regions.conditions.IfCondition)	3743	/Users/nima/Developer/NullAwayFixer/Projects/jadx/jadx-core/src/main/java/jadx/core/dex/regions/conditions/IfCondition.java	null	null	null	null	null	null
DEREFERENCE_NULLABLE	dereferenced expression c is @Nullable	jadx.core.dex.regions.conditions.IfCondition	simplify(@org.jetbrains.annotations.Nullable jadx.core.dex.regions.conditions.IfCondition)	3880	/Users/nima/Developer/NullAwayFixer/Projects/jadx/jadx-core/src/main/java/jadx/core/dex/regions/conditions/IfCondition.java	null	null	null	null	null	null
DEREFERENCE_NULLABLE	dereferenced expression arg.getCompare() is @Nullable	jadx.core.dex.regions.conditions.IfCondition	simplify(@org.jetbrains.annotations.Nullable jadx.core.dex.regions.conditions.IfCondition)	4991	/Users/nima/Developer/NullAwayFixer/Projects/jadx/jadx-core/src/main/java/jadx/core/dex/regions/conditions/IfCondition.java	null	null	null	null	null	null
DEREFERENCE_NULLABLE	dereferenced expression c is @Nullable	jadx.core.dex.regions.conditions.IfCondition	simplifyCmpOp(@org.jetbrains.annotations.Nullable jadx.core.dex.regions.conditions.Compare)	5241	/Users/nima/Developer/NullAwayFixer/Projects/jadx/jadx-core/src/main/java/jadx/core/dex/regions/conditions/IfCondition.java	null	null	null	null	null	null
DEREFERENCE_NULLABLE	dereferenced expression compare is @Nullable	jadx.core.dex.regions.conditions.IfCondition	getRegisterArgs()	6686	/Users/nima/Developer/NullAwayFixer/Projects/jadx/jadx-core/src/main/java/jadx/core/dex/regions/conditions/IfCondition.java	null	null	null	null	null	null
DEREFERENCE_NULLABLE	dereferenced expression compare is @Nullable	jadx.core.dex.regions.conditions.IfCondition	visitInsns(java.util.function.Consumer<jadx.core.dex.nodes.InsnNode>)	6927	/Users/nima/Developer/NullAwayFixer/Projects/jadx/jadx-core/src/main/java/jadx/core/dex/regions/conditions/IfCondition.java	null	null	null	null	null	null
DEREFERENCE_NULLABLE	dereferenced expression compare is @Nullable	jadx.core.dex.regions.conditions.IfCondition	getFirstInsn()	7415	/Users/nima/Developer/NullAwayFixer/Projects/jadx/jadx-core/src/main/java/jadx/core/dex/regions/conditions/IfCondition.java	null	null	null	null	null	null
DEREFERENCE_NULLABLE	dereferenced expression compare is @Nullable	jadx.core.dex.regions.conditions.IfCondition	toString()	7564	/Users/nima/Developer/NullAwayFixer/Projects/jadx/jadx-core/src/main/java/jadx/core/dex/regions/conditions/IfCondition.java	null	null	null	null	null	null
DEREFERENCE_NULLABLE	dereferenced expression mth.getBasicBlocks() is @Nullable	jadx.core.utils.BlockUtils	cleanBitSet(jadx.core.dex.nodes.MethodNode,java.util.BitSet)	3373	/Users/nima/Developer/NullAwayFixer/Projects/jadx/jadx-core/src/main/java/jadx/core/utils/BlockUtils.java	null	null	null	null	null	null
DEREFERENCE_NULLABLE	dereferenced expression from.getCleanSuccessors() is @Nullable	jadx.core.utils.BlockUtils	isBackEdge(jadx.core.dex.nodes.BlockNode,@org.jetbrains.annotations.Nullable jadx.core.dex.nodes.BlockNode)	3595	/Users/nima/Developer/NullAwayFixer/Projects/jadx/jadx-core/src/main/java/jadx/core/utils/BlockUtils.java	null	null	null	null	null	null
DEREFERENCE_NULLABLE	dereferenced expression block is @Nullable	jadx.core.utils.BlockUtils	isExitBlock(@org.jetbrains.annotations.Nullable jadx.core.dex.nodes.BlockNode)	6144	/Users/nima/Developer/NullAwayFixer/Projects/jadx/jadx-core/src/main/java/jadx/core/utils/BlockUtils.java	null	null	null	null	null	null
DEREFERENCE_NULLABLE	enhanced-for expression mth.getBasicBlocks() is @Nullable	jadx.core.utils.BlockUtils	getBlockByInsn(jadx.core.dex.nodes.MethodNode,@org.jetbrains.annotations.Nullable jadx.core.dex.nodes.InsnNode)	6991	/Users/nima/Developer/NullAwayFixer/Projects/jadx/jadx-core/src/main/java/jadx/core/utils/BlockUtils.java	null	null	null	null	null	null
DEREFERENCE_NULLABLE	enhanced-for expression mth.getBasicBlocks() is @Nullable	jadx.core.utils.BlockUtils	searchBlockWithPhi(jadx.core.dex.nodes.MethodNode,jadx.core.dex.instructions.PhiInsn)	7200	/Users/nima/Developer/NullAwayFixer/Projects/jadx/jadx-core/src/main/java/jadx/core/utils/BlockUtils.java	null	null	null	null	null	null
DEREFERENCE_NULLABLE	enhanced-for expression mth.getBasicBlocks() is @Nullable	jadx.core.utils.BlockUtils	getBlockByWrappedInsn(jadx.core.dex.nodes.MethodNode,jadx.core.dex.nodes.InsnNode)	7567	/Users/nima/Developer/NullAwayFixer/Projects/jadx/jadx-core/src/main/java/jadx/core/utils/BlockUtils.java	null	null	null	null	null	null
DEREFERENCE_NULLABLE	enhanced-for expression mth.getBasicBlocks() is @Nullable	jadx.core.utils.BlockUtils	searchWrappedInsnParent(jadx.core.dex.nodes.MethodNode,jadx.core.dex.nodes.InsnNode)	8141	/Users/nima/Developer/NullAwayFixer/Projects/jadx/jadx-core/src/main/java/jadx/core/utils/BlockUtils.java	null	null	null	null	null	null
DEREFERENCE_NULLABLE	dereferenced expression cond is @Nullable	jadx.core.utils.BlockUtils	foundWrappedInsnInCondition(@org.jetbrains.annotations.Nullable jadx.core.dex.regions.conditions.IfCondition,jadx.core.dex.nodes.InsnNode)	8997	/Users/nima/Developer/NullAwayFixer/Projects/jadx/jadx-core/src/main/java/jadx/core/utils/BlockUtils.java	null	null	null	null	null	null
DEREFERENCE_NULLABLE	dereferenced expression cond.getCompare() is @Nullable	jadx.core.utils.BlockUtils	foundWrappedInsnInCondition(@org.jetbrains.annotations.Nullable jadx.core.dex.regions.conditions.IfCondition,jadx.core.dex.nodes.InsnNode)	9037	/Users/nima/Developer/NullAwayFixer/Projects/jadx/jadx-core/src/main/java/jadx/core/utils/BlockUtils.java	null	null	null	null	null	null
DEREFERENCE_NULLABLE	dereferenced expression mth.getBasicBlocks() is @Nullable	jadx.core.utils.BlockUtils	newBlocksBitSet(@org.jetbrains.annotations.Nullable jadx.core.dex.nodes.MethodNode)	9379	/Users/nima/Developer/NullAwayFixer/Projects/jadx/jadx-core/src/main/java/jadx/core/utils/BlockUtils.java	null	null	null	null	null	null
DEREFERENCE_NULLABLE	dereferenced expression mth is @Nullable	jadx.core.utils.BlockUtils	newBlocksBitSet(@org.jetbrains.annotations.Nullable jadx.core.dex.nodes.MethodNode)	9379	/Users/nima/Developer/NullAwayFixer/Projects/jadx/jadx-core/src/main/java/jadx/core/utils/BlockUtils.java	null	null	null	null	null	null
DEREFERENCE_NULLABLE	dereferenced expression mth.getBasicBlocks() is @Nullable	jadx.core.utils.BlockUtils	copyBlocksBitSet(jadx.core.dex.nodes.MethodNode,@org.jetbrains.annotations.Nullable java.util.BitSet)	9522	/Users/nima/Developer/NullAwayFixer/Projects/jadx/jadx-core/src/main/java/jadx/core/utils/BlockUtils.java	null	null	null	null	null	null
DEREFERENCE_NULLABLE	dereferenced expression bitSet is @Nullable	jadx.core.utils.BlockUtils	copyBlocksBitSet(jadx.core.dex.nodes.MethodNode,@org.jetbrains.annotations.Nullable java.util.BitSet)	9559	/Users/nima/Developer/NullAwayFixer/Projects/jadx/jadx-core/src/main/java/jadx/core/utils/BlockUtils.java	null	null	null	null	null	null
DEREFERENCE_NULLABLE	dereferenced expression mth.getBasicBlocks() is @Nullable	jadx.core.utils.BlockUtils	bitSetToOneBlock(jadx.core.dex.nodes.MethodNode,java.util.BitSet)	9981	/Users/nima/Developer/NullAwayFixer/Projects/jadx/jadx-core/src/main/java/jadx/core/utils/BlockUtils.java	null	null	null	null	null	null
DEREFERENCE_NULLABLE	dereferenced expression mth.getBasicBlocks() is @Nullable	jadx.core.utils.BlockUtils	bitSetToBlocks(jadx.core.dex.nodes.MethodNode,@org.jetbrains.annotations.Nullable java.util.BitSet)	10429	/Users/nima/Developer/NullAwayFixer/Projects/jadx/jadx-core/src/main/java/jadx/core/utils/BlockUtils.java	null	null	null	null	null	null
DEREFERENCE_NULLABLE	dereferenced expression blocks is @Nullable	jadx.core.utils.BlockUtils	forEachBlockFromBitSet(jadx.core.dex.nodes.MethodNode,java.util.BitSet,java.util.function.Consumer<jadx.core.dex.nodes.BlockNode>)	10822	/Users/nima/Developer/NullAwayFixer/Projects/jadx/jadx-core/src/main/java/jadx/core/utils/BlockUtils.java	null	null	null	null	null	null
DEREFERENCE_NULLABLE	dereferenced expression block is @Nullable	jadx.core.utils.BlockUtils	getNextBlock(@org.jetbrains.annotations.Nullable jadx.core.dex.nodes.BlockNode)	11041	/Users/nima/Developer/NullAwayFixer/Projects/jadx/jadx-core/src/main/java/jadx/core/utils/BlockUtils.java	null	null	null	null	null	null
DEREFERENCE_NULLABLE	dereferenced expression s is @Nullable	jadx.core.utils.BlockUtils	getNextBlock(@org.jetbrains.annotations.Nullable jadx.core.dex.nodes.BlockNode)	11078	/Users/nima/Developer/NullAwayFixer/Projects/jadx/jadx-core/src/main/java/jadx/core/utils/BlockUtils.java	null	null	null	null	null	null
DEREFERENCE_NULLABLE	dereferenced expression successors is @Nullable	jadx.core.utils.BlockUtils	getNextBlockToPath(jadx.core.dex.nodes.BlockNode,jadx.core.dex.nodes.BlockNode)	11328	/Users/nima/Developer/NullAwayFixer/Projects/jadx/jadx-core/src/main/java/jadx/core/utils/BlockUtils.java	null	null	null	null	null	null
DEREFERENCE_NULLABLE	dereferenced expression start.getCleanSuccessors() is @Nullable	jadx.core.utils.BlockUtils	visitBlocksOnPath(jadx.core.dex.nodes.MethodNode,@org.jetbrains.annotations.Nullable jadx.core.dex.nodes.BlockNode,jadx.core.dex.nodes.BlockNode,java.util.function.Consumer<jadx.core.dex.nodes.BlockNode>)	11842	/Users/nima/Developer/NullAwayFixer/Projects/jadx/jadx-core/src/main/java/jadx/core/utils/BlockUtils.java	null	null	null	null	null	null
DEREFERENCE_NULLABLE	dereferenced expression start is @Nullable	jadx.core.utils.BlockUtils	visitBlocksOnPath(jadx.core.dex.nodes.MethodNode,@org.jetbrains.annotations.Nullable jadx.core.dex.nodes.BlockNode,jadx.core.dex.nodes.BlockNode,java.util.function.Consumer<jadx.core.dex.nodes.BlockNode>)	11842	/Users/nima/Developer/NullAwayFixer/Projects/jadx/jadx-core/src/main/java/jadx/core/utils/BlockUtils.java	null	null	null	null	null	null
DEREFERENCE_NULLABLE	enhanced-for expression current.getCleanSuccessors() is @Nullable	jadx.core.utils.BlockUtils	visitBlocksOnPath(jadx.core.dex.nodes.MethodNode,@org.jetbrains.annotations.Nullable jadx.core.dex.nodes.BlockNode,jadx.core.dex.nodes.BlockNode,java.util.function.Consumer<jadx.core.dex.nodes.BlockNode>)	12207	/Users/nima/Developer/NullAwayFixer/Projects/jadx/jadx-core/src/main/java/jadx/core/utils/BlockUtils.java	null	null	null	null	null	null
PASS_NULLABLE	passing @Nullable parameter 'enterBlock' where @NonNull is required	jadx.core.utils.BlockUtils	dfsVisit(jadx.core.dex.nodes.MethodNode,java.util.function.Consumer<jadx.core.dex.nodes.BlockNode>)	12875	/Users/nima/Developer/NullAwayFixer/Projects/jadx/jadx-core/src/main/java/jadx/core/utils/BlockUtils.java	PARAMETER	java.util.Deque	addLast(E)	arg0	0	null
DEREFERENCE_NULLABLE	dereferenced expression mth.getEnterBlock() is @Nullable	jadx.core.utils.BlockUtils	dfsVisit(jadx.core.dex.nodes.MethodNode,java.util.function.Consumer<jadx.core.dex.nodes.BlockNode>)	12916	/Users/nima/Developer/NullAwayFixer/Projects/jadx/jadx-core/src/main/java/jadx/core/utils/BlockUtils.java	null	null	null	null	null	null
DEREFERENCE_NULLABLE	enhanced-for expression nodes is @Nullable	jadx.core.utils.BlockUtils	traverseSuccessorsUntil(jadx.core.dex.nodes.BlockNode,jadx.core.dex.nodes.BlockNode,java.util.BitSet,boolean)	15030	/Users/nima/Developer/NullAwayFixer/Projects/jadx/jadx-core/src/main/java/jadx/core/utils/BlockUtils.java	null	null	null	null	null	null
DEREFERENCE_NULLABLE	dereferenced expression end is @Nullable	jadx.core.utils.BlockUtils	isPathExists(@org.jetbrains.annotations.Nullable jadx.core.dex.nodes.BlockNode,@org.jetbrains.annotations.Nullable jadx.core.dex.nodes.BlockNode)	16035	/Users/nima/Developer/NullAwayFixer/Projects/jadx/jadx-core/src/main/java/jadx/core/utils/BlockUtils.java	null	null	null	null	null	null
DEREFERENCE_NULLABLE	dereferenced expression start.getCleanSuccessors() is @Nullable	jadx.core.utils.BlockUtils	isPathExists(@org.jetbrains.annotations.Nullable jadx.core.dex.nodes.BlockNode,@org.jetbrains.annotations.Nullable jadx.core.dex.nodes.BlockNode)	16065	/Users/nima/Developer/NullAwayFixer/Projects/jadx/jadx-core/src/main/java/jadx/core/utils/BlockUtils.java	null	null	null	null	null	null
DEREFERENCE_NULLABLE	dereferenced expression start is @Nullable	jadx.core.utils.BlockUtils	isPathExists(@org.jetbrains.annotations.Nullable jadx.core.dex.nodes.BlockNode,@org.jetbrains.annotations.Nullable jadx.core.dex.nodes.BlockNode)	16065	/Users/nima/Developer/NullAwayFixer/Projects/jadx/jadx-core/src/main/java/jadx/core/utils/BlockUtils.java	null	null	null	null	null	null
DEREFERENCE_NULLABLE	dereferenced expression currentNode.getCleanSuccessors() is @Nullable	jadx.core.utils.BlockUtils	isOnlyOnePathExists(jadx.core.dex.nodes.BlockNode,jadx.core.dex.nodes.BlockNode)	17686	/Users/nima/Developer/NullAwayFixer/Projects/jadx/jadx-core/src/main/java/jadx/core/utils/BlockUtils.java	null	null	null	null	null	null
DEREFERENCE_NULLABLE	enhanced-for expression start.getCleanSuccessors() is @Nullable	jadx.core.utils.BlockUtils	traverseWhileDominates(jadx.core.dex.nodes.BlockNode,jadx.core.dex.nodes.BlockNode)	18045	/Users/nima/Developer/NullAwayFixer/Projects/jadx/jadx-core/src/main/java/jadx/core/utils/BlockUtils.java	null	null	null	null	null	null
DEREFERENCE_NULLABLE	dereferenced expression mth.getBasicBlocks() is @Nullable	jadx.core.utils.BlockUtils	getCommonDominator(jadx.core.dex.nodes.MethodNode,java.util.List<jadx.core.dex.nodes.BlockNode>)	18561	/Users/nima/Developer/NullAwayFixer/Projects/jadx/jadx-core/src/main/java/jadx/core/utils/BlockUtils.java	null	null	null	null	null	null
DEREFERENCE_NULLABLE	dereferenced expression mth.getExitBlock() is @Nullable	jadx.core.utils.BlockUtils	getPathCross(jadx.core.dex.nodes.MethodNode,java.util.Collection<jadx.core.dex.nodes.BlockNode>)	19457	/Users/nima/Developer/NullAwayFixer/Projects/jadx/jadx-core/src/main/java/jadx/core/utils/BlockUtils.java	null	null	null	null	null	null
DEREFERENCE_NULLABLE	dereferenced expression mth.getLoops() is @Nullable	jadx.core.utils.BlockUtils	getPathCross(jadx.core.dex.nodes.MethodNode,java.util.Collection<jadx.core.dex.nodes.BlockNode>)	19810	/Users/nima/Developer/NullAwayFixer/Projects/jadx/jadx-core/src/main/java/jadx/core/utils/BlockUtils.java	null	null	null	null	null	null
DEREFERENCE_NULLABLE	dereferenced expression mth.getExceptionHandlers() is @Nullable	jadx.core.utils.BlockUtils	getPathCross(jadx.core.dex.nodes.MethodNode,java.util.Collection<jadx.core.dex.nodes.BlockNode>)	19955	/Users/nima/Developer/NullAwayFixer/Projects/jadx/jadx-core/src/main/java/jadx/core/utils/BlockUtils.java	null	null	null	null	null	null
DEREFERENCE_NULLABLE	dereferenced expression mth.getBasicBlocks() is @Nullable	jadx.core.utils.BlockUtils	getPathCross(jadx.core.dex.nodes.MethodNode,java.util.Collection<jadx.core.dex.nodes.BlockNode>)	20229	/Users/nima/Developer/NullAwayFixer/Projects/jadx/jadx-core/src/main/java/jadx/core/utils/BlockUtils.java	null	null	null	null	null	null
DEREFERENCE_NULLABLE	dereferenced expression domFrontier is @Nullable	jadx.core.utils.BlockUtils	getPathCross(jadx.core.dex.nodes.MethodNode,java.util.Collection<jadx.core.dex.nodes.BlockNode>)	20464	/Users/nima/Developer/NullAwayFixer/Projects/jadx/jadx-core/src/main/java/jadx/core/utils/BlockUtils.java	null	null	null	null	null	null
DEREFERENCE_NULLABLE	dereferenced expression child is @Nullable	jadx.core.utils.BlockUtils	collectWhileDominates(@org.jetbrains.annotations.Nullable jadx.core.dex.nodes.BlockNode,@org.jetbrains.annotations.Nullable jadx.core.dex.nodes.BlockNode,java.util.Collection<jadx.core.dex.nodes.BlockNode>,java.util.BitSet,boolean)	22716	/Users/nima/Developer/NullAwayFixer/Projects/jadx/jadx-core/src/main/java/jadx/core/utils/BlockUtils.java	null	null	null	null	null	null
DEREFERENCE_NULLABLE	enhanced-for expression successors is @Nullable	jadx.core.utils.BlockUtils	collectWhileDominates(@org.jetbrains.annotations.Nullable jadx.core.dex.nodes.BlockNode,@org.jetbrains.annotations.Nullable jadx.core.dex.nodes.BlockNode,java.util.Collection<jadx.core.dex.nodes.BlockNode>,java.util.BitSet,boolean)	22885	/Users/nima/Developer/NullAwayFixer/Projects/jadx/jadx-core/src/main/java/jadx/core/utils/BlockUtils.java	null	null	null	null	null	null
DEREFERENCE_NULLABLE	dereferenced expression block.getCleanSuccessors() is @Nullable	jadx.core.utils.BlockUtils	buildSimplePath(jadx.core.dex.nodes.BlockNode)	23926	/Users/nima/Developer/NullAwayFixer/Projects/jadx/jadx-core/src/main/java/jadx/core/utils/BlockUtils.java	null	null	null	null	null	null
DEREFERENCE_NULLABLE	dereferenced expression currentBlock.getCleanSuccessors() is @Nullable	jadx.core.utils.BlockUtils	buildSimplePath(jadx.core.dex.nodes.BlockNode)	24112	/Users/nima/Developer/NullAwayFixer/Projects/jadx/jadx-core/src/main/java/jadx/core/utils/BlockUtils.java	null	null	null	null	null	null
DEREFERENCE_NULLABLE	dereferenced expression block is @Nullable	jadx.core.utils.BlockUtils	getNextBlockOnEmptyPath(@org.jetbrains.annotations.Nullable jadx.core.dex.nodes.BlockNode)	25458	/Users/nima/Developer/NullAwayFixer/Projects/jadx/jadx-core/src/main/java/jadx/core/utils/BlockUtils.java	null	null	null	null	null	null
DEREFERENCE_NULLABLE	dereferenced expression successors is @Nullable	jadx.core.utils.BlockUtils	getNextBlockOnEmptyPath(@org.jetbrains.annotations.Nullable jadx.core.dex.nodes.BlockNode)	25618	/Users/nima/Developer/NullAwayFixer/Projects/jadx/jadx-core/src/main/java/jadx/core/utils/BlockUtils.java	null	null	null	null	null	null
DEREFERENCE_NULLABLE	dereferenced expression start.getCleanSuccessors() is @Nullable	jadx.core.utils.BlockUtils	isEmptySimplePath(jadx.core.dex.nodes.BlockNode,jadx.core.dex.nodes.BlockNode)	25982	/Users/nima/Developer/NullAwayFixer/Projects/jadx/jadx-core/src/main/java/jadx/core/utils/BlockUtils.java	null	null	null	null	null	null
DEREFERENCE_NULLABLE	dereferenced expression block.getCleanSuccessors() is @Nullable	jadx.core.utils.BlockUtils	isEmptySimplePath(jadx.core.dex.nodes.BlockNode,jadx.core.dex.nodes.BlockNode)	26136	/Users/nima/Developer/NullAwayFixer/Projects/jadx/jadx-core/src/main/java/jadx/core/utils/BlockUtils.java	null	null	null	null	null	null
DEREFERENCE_NULLABLE	enhanced-for expression blocks is @Nullable	jadx.core.utils.BlockUtils	isAllBlocksEmpty(@org.jetbrains.annotations.Nullable java.util.List<jadx.core.dex.nodes.BlockNode>)	26727	/Users/nima/Developer/NullAwayFixer/Projects/jadx/jadx-core/src/main/java/jadx/core/utils/BlockUtils.java	null	null	null	null	null	null
DEREFERENCE_NULLABLE	dereferenced expression blocks is @Nullable	jadx.core.utils.BlockUtils	collectAllInsns(@org.jetbrains.annotations.Nullable java.util.List<jadx.core.dex.nodes.BlockNode>)	26979	/Users/nima/Developer/NullAwayFixer/Projects/jadx/jadx-core/src/main/java/jadx/core/utils/BlockUtils.java	null	null	null	null	null	null
DEREFERENCE_NULLABLE	enhanced-for expression blocks is @Nullable	jadx.core.utils.BlockUtils	collectInsnsWithLimit(@org.jetbrains.annotations.Nullable java.util.List<jadx.core.dex.nodes.BlockNode>,int)	27336	/Users/nima/Developer/NullAwayFixer/Projects/jadx/jadx-core/src/main/java/jadx/core/utils/BlockUtils.java	null	null	null	null	null	null
DEREFERENCE_NULLABLE	enhanced-for expression mth.getBasicBlocks() is @Nullable	jadx.core.utils.BlockUtils	getOnlyOneInsnFromMth(jadx.core.dex.nodes.MethodNode)	27884	/Users/nima/Developer/NullAwayFixer/Projects/jadx/jadx-core/src/main/java/jadx/core/utils/BlockUtils.java	null	null	null	null	null	null
DEREFERENCE_NULLABLE	enhanced-for expression mth.getBasicBlocks() is @Nullable	jadx.core.utils.BlockUtils	replaceInsn(jadx.core.dex.nodes.MethodNode,jadx.core.dex.nodes.InsnNode,jadx.core.dex.nodes.InsnNode)	31062	/Users/nima/Developer/NullAwayFixer/Projects/jadx/jadx-core/src/main/java/jadx/core/utils/BlockUtils.java	null	null	null	null	null	null
DEREFERENCE_NULLABLE	dereferenced expression mth.getBasicBlocks() is @Nullable	jadx.core.utils.BlockUtils	calcPartialPostDominance(jadx.core.dex.nodes.MethodNode,@org.jetbrains.annotations.Nullable java.util.Collection<jadx.core.dex.nodes.BlockNode>,jadx.core.dex.nodes.BlockNode)	31544	/Users/nima/Developer/NullAwayFixer/Projects/jadx/jadx-core/src/main/java/jadx/core/utils/BlockUtils.java	null	null	null	null	null	null
DEREFERENCE_NULLABLE	enhanced-for expression blockNodes is @Nullable	jadx.core.utils.BlockUtils	calcPartialPostDominance(jadx.core.dex.nodes.MethodNode,@org.jetbrains.annotations.Nullable java.util.Collection<jadx.core.dex.nodes.BlockNode>,jadx.core.dex.nodes.BlockNode)	31679	/Users/nima/Developer/NullAwayFixer/Projects/jadx/jadx-core/src/main/java/jadx/core/utils/BlockUtils.java	null	null	null	null	null	null
DEREFERENCE_NULLABLE	dereferenced expression exitBitSet is @Nullable	jadx.core.utils.BlockUtils	calcPartialPostDominance(jadx.core.dex.nodes.MethodNode,@org.jetbrains.annotations.Nullable java.util.Collection<jadx.core.dex.nodes.BlockNode>,jadx.core.dex.nodes.BlockNode)	31939	/Users/nima/Developer/NullAwayFixer/Projects/jadx/jadx-core/src/main/java/jadx/core/utils/BlockUtils.java	null	null	null	null	null	null
DEREFERENCE_NULLABLE	dereferenced expression d is @Nullable	jadx.core.utils.BlockUtils	calcPartialPostDominance(jadx.core.dex.nodes.MethodNode,@org.jetbrains.annotations.Nullable java.util.Collection<jadx.core.dex.nodes.BlockNode>,jadx.core.dex.nodes.BlockNode)	32394	/Users/nima/Developer/NullAwayFixer/Projects/jadx/jadx-core/src/main/java/jadx/core/utils/BlockUtils.java	null	null	null	null	null	null
DEREFERENCE_NULLABLE	dereferenced expression d is @Nullable	jadx.core.utils.BlockUtils	calcPartialPostDominance(jadx.core.dex.nodes.MethodNode,@org.jetbrains.annotations.Nullable java.util.Collection<jadx.core.dex.nodes.BlockNode>,jadx.core.dex.nodes.BlockNode)	32427	/Users/nima/Developer/NullAwayFixer/Projects/jadx/jadx-core/src/main/java/jadx/core/utils/BlockUtils.java	null	null	null	null	null	null
DEREFERENCE_NULLABLE	dereferenced expression postDoms is @Nullable	jadx.core.utils.BlockUtils	calcPartialPostDominance(jadx.core.dex.nodes.MethodNode,@org.jetbrains.annotations.Nullable java.util.Collection<jadx.core.dex.nodes.BlockNode>,jadx.core.dex.nodes.BlockNode)	32640	/Users/nima/Developer/NullAwayFixer/Projects/jadx/jadx-core/src/main/java/jadx/core/utils/BlockUtils.java	null	null	null	null	null	null
DEREFERENCE_NULLABLE	dereferenced expression basicBlocks is @Nullable	jadx.core.utils.BlockUtils	calcImmediatePostDominator(jadx.core.dex.nodes.MethodNode,jadx.core.dex.nodes.BlockNode,java.util.Map<jadx.core.dex.nodes.BlockNode,java.util.BitSet>)	33998	/Users/nima/Developer/NullAwayFixer/Projects/jadx/jadx-core/src/main/java/jadx/core/utils/BlockUtils.java	null	null	null	null	null	null
PASS_NULLABLE	passing @Nullable parameter 'constrInsn.getCallMth()' where @NonNull is required	jadx.core.codegen.ClassGen	addEnumFields(jadx.api.ICodeWriter)	13815	/Users/nima/Developer/NullAwayFixer/Projects/jadx/jadx-core/src/main/java/jadx/core/codegen/ClassGen.java	PARAMETER	jadx.core.dex.nodes.RootNode	resolveMethod(@org.jetbrains.annotations.NotNull jadx.core.dex.info.MethodInfo)	mth	0	/Users/nima/Developer/NullAwayFixer/Projects/jadx/jadx-core/src/main/java/jadx/core/dex/nodes/RootNode.java
DEREFERENCE_NULLABLE	dereferenced expression type is @Nullable	jadx.core.codegen.ClassGen	useType(jadx.api.ICodeWriter,@org.jetbrains.annotations.Nullable jadx.core.dex.instructions.args.ArgType)	15249	/Users/nima/Developer/NullAwayFixer/Projects/jadx/jadx-core/src/main/java/jadx/core/codegen/ClassGen.java	null	null	null	null	null	null
DEREFERENCE_NULLABLE	dereferenced expression innerType is @Nullable	jadx.core.codegen.ClassGen	addInnerType(jadx.api.ICodeWriter,jadx.core.dex.instructions.args.ArgType)	16180	/Users/nima/Developer/NullAwayFixer/Projects/jadx/jadx-core/src/main/java/jadx/core/codegen/ClassGen.java	null	null	null	null	null	null
DEREFERENCE_NULLABLE	dereferenced expression bound is @Nullable	jadx.core.codegen.ClassGen	addGenerics(jadx.api.ICodeWriter,jadx.core.dex.instructions.args.ArgType)	17351	/Users/nima/Developer/NullAwayFixer/Projects/jadx/jadx-core/src/main/java/jadx/core/codegen/ClassGen.java	null	null	null	null	null	null
DEREFERENCE_NULLABLE	dereferenced expression extClsInfo is @Nullable	jadx.core.codegen.ClassGen	useClassInternal(jadx.core.dex.info.ClassInfo,@org.jetbrains.annotations.Nullable jadx.core.dex.info.ClassInfo)	18168	/Users/nima/Developer/NullAwayFixer/Projects/jadx/jadx-core/src/main/java/jadx/core/codegen/ClassGen.java	null	null	null	null	null	null
DEREFERENCE_NULLABLE	dereferenced expression extClsInfo.getAliasPkg() is @Nullable	jadx.core.codegen.ClassGen	useClassInternal(jadx.core.dex.info.ClassInfo,@org.jetbrains.annotations.Nullable jadx.core.dex.info.ClassInfo)	19233	/Users/nima/Developer/NullAwayFixer/Projects/jadx/jadx-core/src/main/java/jadx/core/codegen/ClassGen.java	null	null	null	null	null	null
DEREFERENCE_NULLABLE	dereferenced expression inner is @Nullable	jadx.core.codegen.ClassGen	isClassInnerFor(@org.jetbrains.annotations.Nullable jadx.core.dex.info.ClassInfo,jadx.core.dex.info.ClassInfo)	21018	/Users/nima/Developer/NullAwayFixer/Projects/jadx/jadx-core/src/main/java/jadx/core/codegen/ClassGen.java	null	null	null	null	null	null
DEREFERENCE_NULLABLE	dereferenced expression currentPkg is @Nullable	jadx.core.codegen.ClassGen	checkInPackageCollision(jadx.core.dex.nodes.RootNode,jadx.core.dex.info.ClassInfo,jadx.core.dex.info.ClassInfo)	22035	/Users/nima/Developer/NullAwayFixer/Projects/jadx/jadx-core/src/main/java/jadx/core/codegen/ClassGen.java	null	null	null	null	null	null
DEREFERENCE_NULLABLE	dereferenced expression root.getClsp() is @Nullable	jadx.core.codegen.ClassGen	checkInPackageCollision(jadx.core.dex.nodes.RootNode,jadx.core.dex.info.ClassInfo,jadx.core.dex.info.ClassInfo)	22211	/Users/nima/Developer/NullAwayFixer/Projects/jadx/jadx-core/src/main/java/jadx/core/codegen/ClassGen.java	null	null	null	null	null	null
DEREFERENCE_NULLABLE	dereferenced expression mth is @Nullable	jadx.core.codegen.NameGen	addNamesUsedInClass()	2221	/Users/nima/Developer/NullAwayFixer/Projects/jadx/jadx-core/src/main/java/jadx/core/codegen/NameGen.java	null	null	null	null	null	null
DEREFERENCE_NULLABLE	dereferenced expression type is @Nullable	jadx.core.codegen.NameGen	makeNameForType(jadx.core.dex.instructions.args.ArgType)	4781	/Users/nima/Developer/NullAwayFixer/Projects/jadx/jadx-core/src/main/java/jadx/core/codegen/NameGen.java	null	null	null	null	null	null
DEREFERENCE_NULLABLE	dereferenced expression type.getPrimitiveType() is @Nullable	jadx.core.codegen.NameGen	makeNameForType(jadx.core.dex.instructions.args.ArgType)	4813	/Users/nima/Developer/NullAwayFixer/Projects/jadx/jadx-core/src/main/java/jadx/core/codegen/NameGen.java	null	null	null	null	null	null
DEREFERENCE_NULLABLE	dereferenced expression mth is @Nullable	jadx.core.codegen.NameGen	makeNameForObject(jadx.core.dex.instructions.args.ArgType)	5326	/Users/nima/Developer/NullAwayFixer/Projects/jadx/jadx-core/src/main/java/jadx/core/codegen/NameGen.java	null	null	null	null	null	null
DEREFERENCE_NULLABLE	dereferenced expression mth is @Nullable	jadx.core.codegen.NameGen	makeNameFromInsn(jadx.core.dex.nodes.InsnNode)	6759	/Users/nima/Developer/NullAwayFixer/Projects/jadx/jadx-core/src/main/java/jadx/core/codegen/NameGen.java	null	null	null	null	null	null
DEREFERENCE_NULLABLE	dereferenced expression callMth is @Nullable	jadx.core.codegen.NameGen	makeNameFromInvoke(jadx.core.dex.info.MethodInfo)	7492	/Users/nima/Developer/NullAwayFixer/Projects/jadx/jadx-core/src/main/java/jadx/core/codegen/NameGen.java	null	null	null	null	null	null
PASS_NULLABLE	passing @Nullable parameter 'type' where @NonNull is required	jadx.core.dex.instructions.args.NamedArg	duplicate()	551	/Users/nima/Developer/NullAwayFixer/Projects/jadx/jadx-core/src/main/java/jadx/core/dex/instructions/args/NamedArg.java	PARAMETER	jadx.core.dex.instructions.args.NamedArg	NamedArg(@org.jetbrains.annotations.NotNull java.lang.String,@org.jetbrains.annotations.NotNull jadx.core.dex.instructions.args.ArgType)	type	1	/Users/nima/Developer/NullAwayFixer/Projects/jadx/jadx-core/src/main/java/jadx/core/dex/instructions/args/NamedArg.java
DEREFERENCE_NULLABLE	dereferenced expression phiInsn.getResult() is @Nullable	jadx.core.dex.attributes.nodes.PhiListAttr	toString()	674	/Users/nima/Developer/NullAwayFixer/Projects/jadx/jadx-core/src/main/java/jadx/core/dex/attributes/nodes/PhiListAttr.java	null	null	null	null	null	null
DEREFERENCE_NULLABLE	dereferenced expression edge is @Nullable	jadx.core.dex.attributes.nodes.EdgeInsnAttr	addEdgeInsn(jadx.core.dex.nodes.Edge,jadx.core.dex.nodes.InsnNode)	586	/Users/nima/Developer/NullAwayFixer/Projects/jadx/jadx-core/src/main/java/jadx/core/dex/attributes/nodes/EdgeInsnAttr.java	null	null	null	null	null	null
DEREFERENCE_NULLABLE	dereferenced expression str is @Nullable	jadx.core.utils.StringUtils	escapeXML(@org.jetbrains.annotations.Nullable java.lang.String)	3392	/Users/nima/Developer/NullAwayFixer/Projects/jadx/jadx-core/src/main/java/jadx/core/utils/StringUtils.java	null	null	null	null	null	null
DEREFERENCE_NULLABLE	dereferenced expression callMth is @Nullable	jadx.core.dex.instructions.mods.ConstructorInsn	ConstructorInsn(jadx.core.dex.nodes.MethodNode,jadx.core.dex.instructions.InvokeNode)	971	/Users/nima/Developer/NullAwayFixer/Projects/jadx/jadx-core/src/main/java/jadx/core/dex/instructions/mods/ConstructorInsn.java	null	null	null	null	null	null
DEREFERENCE_NULLABLE	dereferenced expression callMth is @Nullable	jadx.core.dex.instructions.mods.ConstructorInsn	getCallType(jadx.core.dex.nodes.MethodNode,jadx.core.dex.info.ClassInfo,jadx.core.dex.instructions.args.InsnArg)	1389	/Users/nima/Developer/NullAwayFixer/Projects/jadx/jadx-core/src/main/java/jadx/core/dex/instructions/mods/ConstructorInsn.java	null	null	null	null	null	null
DEREFERENCE_NULLABLE	dereferenced expression callMth is @Nullable	jadx.core.dex.instructions.mods.ConstructorInsn	ConstructorInsn(@org.jetbrains.annotations.Nullable jadx.core.dex.info.MethodInfo,jadx.core.dex.instructions.mods.ConstructorInsn.CallType)	1639	/Users/nima/Developer/NullAwayFixer/Projects/jadx/jadx-core/src/main/java/jadx/core/dex/instructions/mods/ConstructorInsn.java	null	null	null	null	null	null
DEREFERENCE_NULLABLE	dereferenced expression callMth is @Nullable	jadx.core.dex.instructions.mods.ConstructorInsn	getClassType()	1923	/Users/nima/Developer/NullAwayFixer/Projects/jadx/jadx-core/src/main/java/jadx/core/dex/instructions/mods/ConstructorInsn.java	null	null	null	null	null	null
DEREFERENCE_NULLABLE	dereferenced expression callMth is @Nullable	jadx.core.dex.instructions.mods.ConstructorInsn	isSame(@org.jetbrains.annotations.Nullable jadx.core.dex.nodes.InsnNode)	2661	/Users/nima/Developer/NullAwayFixer/Projects/jadx/jadx-core/src/main/java/jadx/core/dex/instructions/mods/ConstructorInsn.java	null	null	null	null	null	null
DEREFERENCE_NULLABLE	dereferenced expression mth is @Nullable	jadx.core.dex.instructions.InvokeNode	isSame(@org.jetbrains.annotations.Nullable jadx.core.dex.nodes.InsnNode)	2210	/Users/nima/Developer/NullAwayFixer/Projects/jadx/jadx-core/src/main/java/jadx/core/dex/instructions/InvokeNode.java	null	null	null	null	null	null
DEREFERENCE_NULLABLE	dereferenced expression arrayData is @Nullable	jadx.core.dex.instructions.FillArrayInsn	getSize()	1239	/Users/nima/Developer/NullAwayFixer/Projects/jadx/jadx-core/src/main/java/jadx/core/dex/instructions/FillArrayInsn.java	null	null	null	null	null	null
DEREFERENCE_NULLABLE	dereferenced expression arrayData is @Nullable	jadx.core.dex.instructions.FillArrayInsn	getElementType()	1308	/Users/nima/Developer/NullAwayFixer/Projects/jadx/jadx-core/src/main/java/jadx/core/dex/instructions/FillArrayInsn.java	null	null	null	null	null	null
DEREFERENCE_NULLABLE	dereferenced expression arrayData is @Nullable	jadx.core.dex.instructions.FillArrayInsn	getLiteralArgs(jadx.core.dex.instructions.args.ArgType)	1417	/Users/nima/Developer/NullAwayFixer/Projects/jadx/jadx-core/src/main/java/jadx/core/dex/instructions/FillArrayInsn.java	null	null	null	null	null	null
DEREFERENCE_NULLABLE	dereferenced expression implMthInfo is @Nullable	jadx.core.dex.instructions.InvokeCustomNode	isSame(@org.jetbrains.annotations.Nullable jadx.core.dex.nodes.InsnNode)	1506	/Users/nima/Developer/NullAwayFixer/Projects/jadx/jadx-core/src/main/java/jadx/core/dex/instructions/InvokeCustomNode.java	null	null	null	null	null	null
DEREFERENCE_NULLABLE	dereferenced expression callInsn is @Nullable	jadx.core.dex.instructions.InvokeCustomNode	isSame(@org.jetbrains.annotations.Nullable jadx.core.dex.nodes.InsnNode)	1551	/Users/nima/Developer/NullAwayFixer/Projects/jadx/jadx-core/src/main/java/jadx/core/dex/instructions/InvokeCustomNode.java	null	null	null	null	null	null
DEREFERENCE_NULLABLE	dereferenced expression callInsn is @Nullable	jadx.core.dex.instructions.InvokeCustomNode	getInvokeCall()	2488	/Users/nima/Developer/NullAwayFixer/Projects/jadx/jadx-core/src/main/java/jadx/core/dex/instructions/InvokeCustomNode.java	null	null	null	null	null	null
DEREFERENCE_NULLABLE	dereferenced expression condition is @Nullable	jadx.core.dex.instructions.mods.TernaryInsn	getRegisterArgs(java.util.Collection<jadx.core.dex.instructions.args.RegisterArg>)	1446	/Users/nima/Developer/NullAwayFixer/Projects/jadx/jadx-core/src/main/java/jadx/core/dex/instructions/mods/TernaryInsn.java	null	null	null	null	null	null
DEREFERENCE_NULLABLE	dereferenced expression condition is @Nullable	jadx.core.dex.instructions.mods.TernaryInsn	visitInsns(java.util.function.Consumer<jadx.core.dex.nodes.InsnNode>)	1565	/Users/nima/Developer/NullAwayFixer/Projects/jadx/jadx-core/src/main/java/jadx/core/dex/instructions/mods/TernaryInsn.java	null	null	null	null	null	null
DEREFERENCE_NULLABLE	dereferenced expression condition is @Nullable	jadx.core.dex.instructions.mods.TernaryInsn	isSame(jadx.core.dex.nodes.InsnNode)	1832	/Users/nima/Developer/NullAwayFixer/Projects/jadx/jadx-core/src/main/java/jadx/core/dex/instructions/mods/TernaryInsn.java	null	null	null	null	null	null
DEREFERENCE_NULLABLE	dereferenced expression condition is @Nullable	jadx.core.dex.instructions.mods.TernaryInsn	rebindArgs()	2100	/Users/nima/Developer/NullAwayFixer/Projects/jadx/jadx-core/src/main/java/jadx/core/dex/instructions/mods/TernaryInsn.java	null	null	null	null	null	null
DEREFERENCE_NULLABLE	dereferenced expression node is @Nullable	jadx.core.utils.ErrorsCounter	formatMsg(@org.jetbrains.annotations.Nullable jadx.core.dex.nodes.IDexNode,java.lang.String)	1302	/Users/nima/Developer/NullAwayFixer/Projects/jadx/jadx-core/src/main/java/jadx/core/utils/ErrorsCounter.java	null	null	null	null	null	null
DEREFERENCE_NULLABLE	dereferenced expression arg.getType() is @Nullable	jadx.core.dex.info.ConstStorage	getConstFieldByLiteralArg(jadx.core.dex.nodes.ClassNode,jadx.core.dex.instructions.args.LiteralArg)	4920	/Users/nima/Developer/NullAwayFixer/Projects/jadx/jadx-core/src/main/java/jadx/core/dex/info/ConstStorage.java	null	null	null	null	null	null
DEREFERENCE_NULLABLE	dereferenced expression ssaVar is @Nullable	jadx.core.dex.visitors.typeinference.TypeUpdate	apply(jadx.core.dex.nodes.MethodNode,@org.jetbrains.annotations.Nullable jadx.core.dex.instructions.args.SSAVar,@org.jetbrains.annotations.Nullable jadx.core.dex.instructions.args.ArgType,jadx.core.dex.visitors.typeinference.TypeUpdateFlags)	3091	/Users/nima/Developer/NullAwayFixer/Projects/jadx/jadx-core/src/main/java/jadx/core/dex/visitors/typeinference/TypeUpdate.java	null	null	null	null	null	null
DEREFERENCE_NULLABLE	dereferenced expression arg is @Nullable	jadx.core.dex.visitors.typeinference.TypeUpdate	updateTypeChecked(jadx.core.dex.visitors.typeinference.TypeUpdateInfo,@org.jetbrains.annotations.Nullable jadx.core.dex.instructions.args.InsnArg,jadx.core.dex.instructions.args.ArgType)	3855	/Users/nima/Developer/NullAwayFixer/Projects/jadx/jadx-core/src/main/java/jadx/core/dex/visitors/typeinference/TypeUpdate.java	null	null	null	null	null	null
DEREFERENCE_NULLABLE	dereferenced expression ssaVar is @Nullable	jadx.core.dex.visitors.typeinference.TypeUpdate	updateTypeForSsaVar(jadx.core.dex.visitors.typeinference.TypeUpdateInfo,@org.jetbrains.annotations.Nullable jadx.core.dex.instructions.args.SSAVar,jadx.core.dex.instructions.args.ArgType)	5814	/Users/nima/Developer/NullAwayFixer/Projects/jadx/jadx-core/src/main/java/jadx/core/dex/visitors/typeinference/TypeUpdate.java	null	null	null	null	null	null
DEREFERENCE_NULLABLE	dereferenced expression candidateType is @Nullable	jadx.core.dex.visitors.typeinference.TypeUpdate	checkAssignForUnknown(@org.jetbrains.annotations.Nullable jadx.core.dex.instructions.args.ArgType,@org.jetbrains.annotations.Nullable jadx.core.dex.instructions.args.ArgType)	9934	/Users/nima/Developer/NullAwayFixer/Projects/jadx/jadx-core/src/main/java/jadx/core/dex/visitors/typeinference/TypeUpdate.java	null	null	null	null	null	null
DEREFERENCE_NULLABLE	dereferenced expression boundType is @Nullable	jadx.core.dex.visitors.typeinference.TypeUpdate	checkAssignForUnknown(@org.jetbrains.annotations.Nullable jadx.core.dex.instructions.args.ArgType,@org.jetbrains.annotations.Nullable jadx.core.dex.instructions.args.ArgType)	9965	/Users/nima/Developer/NullAwayFixer/Projects/jadx/jadx-core/src/main/java/jadx/core/dex/visitors/typeinference/TypeUpdate.java	null	null	null	null	null	null
DEREFERENCE_NULLABLE	dereferenced expression changeArg.getType() is @Nullable	jadx.core.dex.visitors.typeinference.TypeUpdate	moveListener(jadx.core.dex.visitors.typeinference.TypeUpdateInfo,jadx.core.dex.nodes.InsnNode,jadx.core.dex.instructions.args.InsnArg,jadx.core.dex.instructions.args.ArgType)	15019	/Users/nima/Developer/NullAwayFixer/Projects/jadx/jadx-core/src/main/java/jadx/core/dex/visitors/typeinference/TypeUpdate.java	null	null	null	null	null	null
DEREFERENCE_NULLABLE	dereferenced expression changeArg is @Nullable	jadx.core.dex.visitors.typeinference.TypeUpdate	moveListener(jadx.core.dex.visitors.typeinference.TypeUpdateInfo,jadx.core.dex.nodes.InsnNode,jadx.core.dex.instructions.args.InsnArg,jadx.core.dex.instructions.args.ArgType)	15019	/Users/nima/Developer/NullAwayFixer/Projects/jadx/jadx-core/src/main/java/jadx/core/dex/visitors/typeinference/TypeUpdate.java	null	null	null	null	null	null
DEREFERENCE_NULLABLE	dereferenced expression arrType is @Nullable	jadx.core.dex.visitors.typeinference.TypeUpdate	arrayGetListener(jadx.core.dex.visitors.typeinference.TypeUpdateInfo,jadx.core.dex.nodes.InsnNode,jadx.core.dex.instructions.args.InsnArg,jadx.core.dex.instructions.args.ArgType)	18549	/Users/nima/Developer/NullAwayFixer/Projects/jadx/jadx-core/src/main/java/jadx/core/dex/visitors/typeinference/TypeUpdate.java	null	null	null	null	null	null
DEREFERENCE_NULLABLE	dereferenced expression arrType.getArrayElement() is @Nullable	jadx.core.dex.visitors.typeinference.TypeUpdate	arrayGetListener(jadx.core.dex.visitors.typeinference.TypeUpdateInfo,jadx.core.dex.nodes.InsnNode,jadx.core.dex.instructions.args.InsnArg,jadx.core.dex.instructions.args.ArgType)	18595	/Users/nima/Developer/NullAwayFixer/Projects/jadx/jadx-core/src/main/java/jadx/core/dex/visitors/typeinference/TypeUpdate.java	null	null	null	null	null	null
DEREFERENCE_NULLABLE	dereferenced expression insn.getResult() is @Nullable	jadx.core.dex.visitors.typeinference.TypeUpdate	arrayGetListener(jadx.core.dex.visitors.typeinference.TypeUpdateInfo,jadx.core.dex.nodes.InsnNode,jadx.core.dex.instructions.args.InsnArg,jadx.core.dex.instructions.args.ArgType)	19234	/Users/nima/Developer/NullAwayFixer/Projects/jadx/jadx-core/src/main/java/jadx/core/dex/visitors/typeinference/TypeUpdate.java	null	null	null	null	null	null
DEREFERENCE_NULLABLE	dereferenced expression putType is @Nullable	jadx.core.dex.visitors.typeinference.TypeUpdate	arrayPutListener(jadx.core.dex.visitors.typeinference.TypeUpdateInfo,jadx.core.dex.nodes.InsnNode,jadx.core.dex.instructions.args.InsnArg,jadx.core.dex.instructions.args.ArgType)	20110	/Users/nima/Developer/NullAwayFixer/Projects/jadx/jadx-core/src/main/java/jadx/core/dex/visitors/typeinference/TypeUpdate.java	null	null	null	null	null	null
DEREFERENCE_NULLABLE	dereferenced expression updateArgType is @Nullable	jadx.core.dex.visitors.typeinference.TypeUpdate	ifListener(jadx.core.dex.visitors.typeinference.TypeUpdateInfo,jadx.core.dex.nodes.InsnNode,jadx.core.dex.instructions.args.InsnArg,jadx.core.dex.instructions.args.ArgType)	21116	/Users/nima/Developer/NullAwayFixer/Projects/jadx/jadx-core/src/main/java/jadx/core/dex/visitors/typeinference/TypeUpdate.java	null	null	null	null	null	null
DEREFERENCE_NULLABLE	dereferenced expression updateArgType is @Nullable	jadx.core.dex.visitors.typeinference.TypeUpdate	ifListener(jadx.core.dex.visitors.typeinference.TypeUpdateInfo,jadx.core.dex.nodes.InsnNode,jadx.core.dex.instructions.args.InsnArg,jadx.core.dex.instructions.args.ArgType)	21203	/Users/nima/Developer/NullAwayFixer/Projects/jadx/jadx-core/src/main/java/jadx/core/dex/visitors/typeinference/TypeUpdate.java	null	null	null	null	null	null
DEREFERENCE_NULLABLE	dereferenced expression updateArgType is @Nullable	jadx.core.dex.visitors.typeinference.TypeUpdate	ifListener(jadx.core.dex.visitors.typeinference.TypeUpdateInfo,jadx.core.dex.nodes.InsnNode,jadx.core.dex.instructions.args.InsnArg,jadx.core.dex.instructions.args.ArgType)	21301	/Users/nima/Developer/NullAwayFixer/Projects/jadx/jadx-core/src/main/java/jadx/core/dex/visitors/typeinference/TypeUpdate.java	null	null	null	null	null	null
PASS_NULLABLE	passing @Nullable parameter 'callMth' where @NonNull is required	jadx.core.dex.nodes.utils.MethodUtils	getMethodDetails(@org.jetbrains.annotations.Nullable jadx.core.dex.info.MethodInfo)	1213	/Users/nima/Developer/NullAwayFixer/Projects/jadx/jadx-core/src/main/java/jadx/core/dex/nodes/utils/MethodUtils.java	PARAMETER	jadx.core.dex.nodes.RootNode	resolveMethod(@org.jetbrains.annotations.NotNull jadx.core.dex.info.MethodInfo)	mth	0	/Users/nima/Developer/NullAwayFixer/Projects/jadx/jadx-core/src/main/java/jadx/core/dex/nodes/RootNode.java
DEREFERENCE_NULLABLE	dereferenced expression root.getClsp() is @Nullable	jadx.core.dex.nodes.utils.MethodUtils	getMethodDetails(@org.jetbrains.annotations.Nullable jadx.core.dex.info.MethodInfo)	1299	/Users/nima/Developer/NullAwayFixer/Projects/jadx/jadx-core/src/main/java/jadx/core/dex/nodes/utils/MethodUtils.java	null	null	null	null	null	null
DEREFERENCE_NULLABLE	dereferenced expression mthInfo is @Nullable	jadx.core.dex.nodes.utils.MethodUtils	processMethodArgsOverloaded(@org.jetbrains.annotations.Nullable jadx.core.dex.instructions.args.ArgType,@org.jetbrains.annotations.Nullable jadx.core.dex.info.MethodInfo,@org.jetbrains.annotations.Nullable java.util.List<jadx.core.dex.nodes.IMethodDetails>)	2758	/Users/nima/Developer/NullAwayFixer/Projects/jadx/jadx-core/src/main/java/jadx/core/dex/nodes/utils/MethodUtils.java	null	null	null	null	null	null
DEREFERENCE_NULLABLE	dereferenced expression root.getClsp() is @Nullable	jadx.core.dex.nodes.utils.MethodUtils	processMethodArgsOverloaded(@org.jetbrains.annotations.Nullable jadx.core.dex.instructions.args.ArgType,@org.jetbrains.annotations.Nullable jadx.core.dex.info.MethodInfo,@org.jetbrains.annotations.Nullable java.util.List<jadx.core.dex.nodes.IMethodDetails>)	3541	/Users/nima/Developer/NullAwayFixer/Projects/jadx/jadx-core/src/main/java/jadx/core/dex/nodes/utils/MethodUtils.java	null	null	null	null	null	null
DEREFERENCE_NULLABLE	enhanced-for expression clsDetails.getParents() is @Nullable	jadx.core.dex.nodes.utils.MethodUtils	processMethodArgsOverloaded(@org.jetbrains.annotations.Nullable jadx.core.dex.instructions.args.ArgType,@org.jetbrains.annotations.Nullable jadx.core.dex.info.MethodInfo,@org.jetbrains.annotations.Nullable java.util.List<jadx.core.dex.nodes.IMethodDetails>)	3928	/Users/nima/Developer/NullAwayFixer/Projects/jadx/jadx-core/src/main/java/jadx/core/dex/nodes/utils/MethodUtils.java	null	null	null	null	null	null
DEREFERENCE_NULLABLE	dereferenced expression root.getClsp() is @Nullable	jadx.core.dex.nodes.utils.TypeUtils	getClassGenerics(jadx.core.dex.instructions.args.ArgType)	1301	/Users/nima/Developer/NullAwayFixer/Projects/jadx/jadx-core/src/main/java/jadx/core/dex/nodes/utils/TypeUtils.java	null	null	null	null	null	null
DEREFERENCE_NULLABLE	dereferenced expression type is @Nullable	jadx.core.dex.nodes.utils.TypeUtils	expandTypeVariables(jadx.core.dex.nodes.MethodNode,@org.jetbrains.annotations.Nullable jadx.core.dex.instructions.args.ArgType)	2200	/Users/nima/Developer/NullAwayFixer/Projects/jadx/jadx-core/src/main/java/jadx/core/dex/nodes/utils/TypeUtils.java	null	null	null	null	null	null
DEREFERENCE_NULLABLE	dereferenced expression instanceType is @Nullable	jadx.core.dex.nodes.utils.TypeUtils	replaceClassGenerics(@org.jetbrains.annotations.Nullable jadx.core.dex.instructions.args.ArgType,@org.jetbrains.annotations.Nullable jadx.core.dex.instructions.args.ArgType,jadx.core.dex.instructions.args.ArgType)	5655	/Users/nima/Developer/NullAwayFixer/Projects/jadx/jadx-core/src/main/java/jadx/core/dex/nodes/utils/TypeUtils.java	null	null	null	null	null	null
DEREFERENCE_NULLABLE	dereferenced expression clsType is @Nullable	jadx.core.dex.nodes.utils.TypeUtils	getTypeVariablesMapping(@org.jetbrains.annotations.Nullable jadx.core.dex.instructions.args.ArgType)	6598	/Users/nima/Developer/NullAwayFixer/Projects/jadx/jadx-core/src/main/java/jadx/core/dex/nodes/utils/TypeUtils.java	null	null	null	null	null	null
DEREFERENCE_NULLABLE	dereferenced expression actualTypes is @Nullable	jadx.core.dex.nodes.utils.TypeUtils	getTypeVariablesMapping(@org.jetbrains.annotations.Nullable jadx.core.dex.instructions.args.ArgType)	6963	/Users/nima/Developer/NullAwayFixer/Projects/jadx/jadx-core/src/main/java/jadx/core/dex/nodes/utils/TypeUtils.java	null	null	null	null	null	null
DEREFERENCE_NULLABLE	dereferenced expression replaceType is @Nullable	jadx.core.dex.nodes.utils.TypeUtils	replaceTypeVariablesUsingMap(@org.jetbrains.annotations.Nullable jadx.core.dex.instructions.args.ArgType,java.util.Map<jadx.core.dex.instructions.args.ArgType,jadx.core.dex.instructions.args.ArgType>)	9226	/Users/nima/Developer/NullAwayFixer/Projects/jadx/jadx-core/src/main/java/jadx/core/dex/nodes/utils/TypeUtils.java	null	null	null	null	null	null
DEREFERENCE_NULLABLE	dereferenced expression currentVars is @Nullable	jadx.core.dex.nodes.utils.TypeUtils	buildClassTypeVarsAttr(jadx.core.dex.nodes.ClassNode)	11140	/Users/nima/Developer/NullAwayFixer/Projects/jadx/jadx-core/src/main/java/jadx/core/dex/nodes/utils/TypeUtils.java	null	null	null	null	null	null
DEREFERENCE_NULLABLE	dereferenced expression root.getClsp() is @Nullable	jadx.core.dex.nodes.utils.TypeUtils	visitSuperTypes(jadx.core.dex.instructions.args.ArgType,java.util.function.BiConsumer<jadx.core.dex.instructions.args.ArgType,jadx.core.dex.instructions.args.ArgType>)	12148	/Users/nima/Developer/NullAwayFixer/Projects/jadx/jadx-core/src/main/java/jadx/core/dex/nodes/utils/TypeUtils.java	null	null	null	null	null	null
DEREFERENCE_NULLABLE	enhanced-for expression clspClass.getParents() is @Nullable	jadx.core.dex.nodes.utils.TypeUtils	visitSuperTypes(jadx.core.dex.instructions.args.ArgType,java.util.function.BiConsumer<jadx.core.dex.instructions.args.ArgType,jadx.core.dex.instructions.args.ArgType>)	12216	/Users/nima/Developer/NullAwayFixer/Projects/jadx/jadx-core/src/main/java/jadx/core/dex/nodes/utils/TypeUtils.java	null	null	null	null	null	null
DEREFERENCE_NULLABLE	dereferenced expression nameMap is @Nullable	jadx.core.clsp.ClspGraph	isClsKnown(java.lang.String)	1852	/Users/nima/Developer/NullAwayFixer/Projects/jadx/jadx-core/src/main/java/jadx/core/clsp/ClspGraph.java	null	null	null	null	null	null
DEREFERENCE_NULLABLE	dereferenced expression nameMap is @Nullable	jadx.core.clsp.ClspGraph	getClsDetails(jadx.core.dex.instructions.args.ArgType)	1954	/Users/nima/Developer/NullAwayFixer/Projects/jadx/jadx-core/src/main/java/jadx/core/clsp/ClspGraph.java	null	null	null	null	null	null
DEREFERENCE_NULLABLE	dereferenced expression nameMap is @Nullable	jadx.core.clsp.ClspGraph	getMethodDetails(@org.jetbrains.annotations.Nullable jadx.core.dex.info.MethodInfo)	2093	/Users/nima/Developer/NullAwayFixer/Projects/jadx/jadx-core/src/main/java/jadx/core/clsp/ClspGraph.java	null	null	null	null	null	null
DEREFERENCE_NULLABLE	dereferenced expression methodInfo is @Nullable	jadx.core.clsp.ClspGraph	getMethodDetails(@org.jetbrains.annotations.Nullable jadx.core.dex.info.MethodInfo)	2105	/Users/nima/Developer/NullAwayFixer/Projects/jadx/jadx-core/src/main/java/jadx/core/clsp/ClspGraph.java	null	null	null	null	null	null
DEREFERENCE_NULLABLE	enhanced-for expression cls.getParents() is @Nullable	jadx.core.clsp.ClspGraph	getMethodDetails(@org.jetbrains.annotations.Nullable jadx.core.dex.info.MethodInfo)	2323	/Users/nima/Developer/NullAwayFixer/Projects/jadx/jadx-core/src/main/java/jadx/core/clsp/ClspGraph.java	null	null	null	null	null	null
DEREFERENCE_NULLABLE	dereferenced expression nameMap is @Nullable	jadx.core.clsp.ClspGraph	addClass(jadx.core.dex.nodes.ClassNode)	3061	/Users/nima/Developer/NullAwayFixer/Projects/jadx/jadx-core/src/main/java/jadx/core/clsp/ClspGraph.java	null	null	null	null	null	null
DEREFERENCE_NULLABLE	dereferenced expression implementsCache is @Nullable	jadx.core.clsp.ClspGraph	getImplementations(java.lang.String)	3398	/Users/nima/Developer/NullAwayFixer/Projects/jadx/jadx-core/src/main/java/jadx/core/clsp/ClspGraph.java	null	null	null	null	null	null
DEREFERENCE_NULLABLE	dereferenced expression nameMap is @Nullable	jadx.core.clsp.ClspGraph	fillImplementsCache()	3574	/Users/nima/Developer/NullAwayFixer/Projects/jadx/jadx-core/src/main/java/jadx/core/clsp/ClspGraph.java	null	null	null	null	null	null
DEREFERENCE_NULLABLE	dereferenced expression nameMap is @Nullable	jadx.core.clsp.ClspGraph	getCommonAncestor(java.lang.String,java.lang.String)	4012	/Users/nima/Developer/NullAwayFixer/Projects/jadx/jadx-core/src/main/java/jadx/core/clsp/ClspGraph.java	null	null	null	null	null	null
DEREFERENCE_NULLABLE	enhanced-for expression cls.getParents() is @Nullable	jadx.core.clsp.ClspGraph	searchCommonParent(java.util.Set<java.lang.String>,jadx.core.clsp.ClspClass)	4350	/Users/nima/Developer/NullAwayFixer/Projects/jadx/jadx-core/src/main/java/jadx/core/clsp/ClspGraph.java	null	null	null	null	null	null
DEREFERENCE_NULLABLE	dereferenced expression superTypesCache is @Nullable	jadx.core.clsp.ClspGraph	getSuperTypes(java.lang.String)	4721	/Users/nima/Developer/NullAwayFixer/Projects/jadx/jadx-core/src/main/java/jadx/core/clsp/ClspGraph.java	null	null	null	null	null	null
DEREFERENCE_NULLABLE	dereferenced expression nameMap is @Nullable	jadx.core.clsp.ClspGraph	fillSuperTypesCache()	4899	/Users/nima/Developer/NullAwayFixer/Projects/jadx/jadx-core/src/main/java/jadx/core/clsp/ClspGraph.java	null	null	null	null	null	null
DEREFERENCE_NULLABLE	enhanced-for expression cls.getParents() is @Nullable	jadx.core.clsp.ClspGraph	addSuperTypes(jadx.core.clsp.ClspClass,java.util.Set<java.lang.String>)	5384	/Users/nima/Developer/NullAwayFixer/Projects/jadx/jadx-core/src/main/java/jadx/core/clsp/ClspGraph.java	null	null	null	null	null	null
DEREFERENCE_NULLABLE	dereferenced expression nameMap is @Nullable	jadx.core.clsp.ClspGraph	getClspClass(jadx.core.dex.instructions.args.ArgType)	5853	/Users/nima/Developer/NullAwayFixer/Projects/jadx/jadx-core/src/main/java/jadx/core/clsp/ClspGraph.java	null	null	null	null	null	null
DEREFERENCE_NULLABLE	dereferenced expression first is @Nullable	jadx.core.dex.visitors.typeinference.TypeCompare	compareTypes(jadx.core.dex.instructions.args.ArgType,jadx.core.dex.instructions.args.ArgType)	2400	/Users/nima/Developer/NullAwayFixer/Projects/jadx/jadx-core/src/main/java/jadx/core/dex/visitors/typeinference/TypeCompare.java	null	null	null	null	null	null
DEREFERENCE_NULLABLE	dereferenced expression second is @Nullable	jadx.core.dex.visitors.typeinference.TypeCompare	compareTypes(jadx.core.dex.instructions.args.ArgType,jadx.core.dex.instructions.args.ArgType)	2445	/Users/nima/Developer/NullAwayFixer/Projects/jadx/jadx-core/src/main/java/jadx/core/dex/visitors/typeinference/TypeCompare.java	null	null	null	null	null	null
DEREFERENCE_NULLABLE	dereferenced expression firstPrimitiveType is @Nullable	jadx.core.dex.visitors.typeinference.TypeCompare	compareTypes(jadx.core.dex.instructions.args.ArgType,jadx.core.dex.instructions.args.ArgType)	4245	/Users/nima/Developer/NullAwayFixer/Projects/jadx/jadx-core/src/main/java/jadx/core/dex/visitors/typeinference/TypeCompare.java	null	null	null	null	null	null
DEREFERENCE_NULLABLE	dereferenced expression firstGenericTypes is @Nullable	jadx.core.dex.visitors.typeinference.TypeCompare	compareObjectsNoPreCheck(jadx.core.dex.instructions.args.ArgType,jadx.core.dex.instructions.args.ArgType)	7829	/Users/nima/Developer/NullAwayFixer/Projects/jadx/jadx-core/src/main/java/jadx/core/dex/visitors/typeinference/TypeCompare.java	null	null	null	null	null	null
DEREFERENCE_NULLABLE	dereferenced expression secondGenericTypes is @Nullable	jadx.core.dex.visitors.typeinference.TypeCompare	compareObjectsNoPreCheck(jadx.core.dex.instructions.args.ArgType,jadx.core.dex.instructions.args.ArgType)	7870	/Users/nima/Developer/NullAwayFixer/Projects/jadx/jadx-core/src/main/java/jadx/core/dex/visitors/typeinference/TypeCompare.java	null	null	null	null	null	null
DEREFERENCE_NULLABLE	dereferenced expression is is @Nullable	jadx.core.xmlgen.BinaryXMLParser	isBinaryXml()	2759	/Users/nima/Developer/NullAwayFixer/Projects/jadx/jadx-core/src/main/java/jadx/core/xmlgen/BinaryXMLParser.java	null	null	null	null	null	null
DEREFERENCE_NULLABLE	dereferenced expression is is @Nullable	jadx.core.xmlgen.BinaryXMLParser	decode()	3017	/Users/nima/Developer/NullAwayFixer/Projects/jadx/jadx-core/src/main/java/jadx/core/xmlgen/BinaryXMLParser.java	null	null	null	null	null	null
DEREFERENCE_NULLABLE	dereferenced expression is is @Nullable	jadx.core.xmlgen.BinaryXMLParser	parseResourceMap()	4012	/Users/nima/Developer/NullAwayFixer/Projects/jadx/jadx-core/src/main/java/jadx/core/xmlgen/BinaryXMLParser.java	null	null	null	null	null	null
DEREFERENCE_NULLABLE	dereferenced expression is is @Nullable	jadx.core.xmlgen.BinaryXMLParser	parseNameSpace()	4320	/Users/nima/Developer/NullAwayFixer/Projects/jadx/jadx-core/src/main/java/jadx/core/xmlgen/BinaryXMLParser.java	null	null	null	null	null	null
DEREFERENCE_NULLABLE	dereferenced expression nsMap is @Nullable	jadx.core.xmlgen.BinaryXMLParser	parseNameSpace()	4949	/Users/nima/Developer/NullAwayFixer/Projects/jadx/jadx-core/src/main/java/jadx/core/xmlgen/BinaryXMLParser.java	null	null	null	null	null	null
DEREFERENCE_NULLABLE	dereferenced expression is is @Nullable	jadx.core.xmlgen.BinaryXMLParser	parseNameSpaceEnd()	5121	/Users/nima/Developer/NullAwayFixer/Projects/jadx/jadx-core/src/main/java/jadx/core/xmlgen/BinaryXMLParser.java	null	null	null	null	null	null
DEREFERENCE_NULLABLE	dereferenced expression nsMap is @Nullable	jadx.core.xmlgen.BinaryXMLParser	parseNameSpaceEnd()	5765	/Users/nima/Developer/NullAwayFixer/Projects/jadx/jadx-core/src/main/java/jadx/core/xmlgen/BinaryXMLParser.java	null	null	null	null	null	null
DEREFERENCE_NULLABLE	dereferenced expression is is @Nullable	jadx.core.xmlgen.BinaryXMLParser	parseCData()	5897	/Users/nima/Developer/NullAwayFixer/Projects/jadx/jadx-core/src/main/java/jadx/core/xmlgen/BinaryXMLParser.java	null	null	null	null	null	null
DEREFERENCE_NULLABLE	dereferenced expression writer is @Nullable	jadx.core.xmlgen.BinaryXMLParser	parseCData()	6204	/Users/nima/Developer/NullAwayFixer/Projects/jadx/jadx-core/src/main/java/jadx/core/xmlgen/BinaryXMLParser.java	null	null	null	null	null	null
DEREFERENCE_NULLABLE	dereferenced expression writer is @Nullable	jadx.core.xmlgen.BinaryXMLParser	parseCData()	6227	/Users/nima/Developer/NullAwayFixer/Projects/jadx/jadx-core/src/main/java/jadx/core/xmlgen/BinaryXMLParser.java	null	null	null	null	null	null
DEREFERENCE_NULLABLE	dereferenced expression writer is @Nullable	jadx.core.xmlgen.BinaryXMLParser	parseElement()	6507	/Users/nima/Developer/NullAwayFixer/Projects/jadx/jadx-core/src/main/java/jadx/core/xmlgen/BinaryXMLParser.java	null	null	null	null	null	null
DEREFERENCE_NULLABLE	dereferenced expression is is @Nullable	jadx.core.xmlgen.BinaryXMLParser	parseElement()	6537	/Users/nima/Developer/NullAwayFixer/Projects/jadx/jadx-core/src/main/java/jadx/core/xmlgen/BinaryXMLParser.java	null	null	null	null	null	null
DEREFERENCE_NULLABLE	dereferenced expression writer is @Nullable	jadx.core.xmlgen.BinaryXMLParser	parseElement()	6893	/Users/nima/Developer/NullAwayFixer/Projects/jadx/jadx-core/src/main/java/jadx/core/xmlgen/BinaryXMLParser.java	null	null	null	null	null	null
DEREFERENCE_NULLABLE	dereferenced expression writer is @Nullable	jadx.core.xmlgen.BinaryXMLParser	parseElement()	7065	/Users/nima/Developer/NullAwayFixer/Projects/jadx/jadx-core/src/main/java/jadx/core/xmlgen/BinaryXMLParser.java	null	null	null	null	null	null
DEREFERENCE_NULLABLE	dereferenced expression nsMap is @Nullable	jadx.core.xmlgen.BinaryXMLParser	parseElement()	7645	/Users/nima/Developer/NullAwayFixer/Projects/jadx/jadx-core/src/main/java/jadx/core/xmlgen/BinaryXMLParser.java	null	null	null	null	null	null
DEREFERENCE_NULLABLE	dereferenced expression is is @Nullable	jadx.core.xmlgen.BinaryXMLParser	parseAttribute(int,boolean)	8194	/Users/nima/Developer/NullAwayFixer/Projects/jadx/jadx-core/src/main/java/jadx/core/xmlgen/BinaryXMLParser.java	null	null	null	null	null	null
DEREFERENCE_NULLABLE	dereferenced expression writer is @Nullable	jadx.core.xmlgen.BinaryXMLParser	parseAttribute(int,boolean)	8400	/Users/nima/Developer/NullAwayFixer/Projects/jadx/jadx-core/src/main/java/jadx/core/xmlgen/BinaryXMLParser.java	null	null	null	null	null	null
DEREFERENCE_NULLABLE	dereferenced expression writer is @Nullable	jadx.core.xmlgen.BinaryXMLParser	parseAttribute(int,boolean)	8446	/Users/nima/Developer/NullAwayFixer/Projects/jadx/jadx-core/src/main/java/jadx/core/xmlgen/BinaryXMLParser.java	null	null	null	null	null	null
DEREFERENCE_NULLABLE	dereferenced expression ManifestAttributes.getInstance() is @Nullable	jadx.core.xmlgen.BinaryXMLParser	parseAttribute(int,boolean)	8747	/Users/nima/Developer/NullAwayFixer/Projects/jadx/jadx-core/src/main/java/jadx/core/xmlgen/BinaryXMLParser.java	null	null	null	null	null	null
DEREFERENCE_NULLABLE	dereferenced expression nsMap is @Nullable	jadx.core.xmlgen.BinaryXMLParser	getAttributeNS(int)	9500	/Users/nima/Developer/NullAwayFixer/Projects/jadx/jadx-core/src/main/java/jadx/core/xmlgen/BinaryXMLParser.java	null	null	null	null	null	null
DEREFERENCE_NULLABLE	dereferenced expression nsMap is @Nullable	jadx.core.xmlgen.BinaryXMLParser	generateNameForNS(java.lang.String)	9761	/Users/nima/Developer/NullAwayFixer/Projects/jadx/jadx-core/src/main/java/jadx/core/xmlgen/BinaryXMLParser.java	null	null	null	null	null	null
DEREFERENCE_NULLABLE	dereferenced expression nsMapGenerated is @Nullable	jadx.core.xmlgen.BinaryXMLParser	generateNameForNS(java.lang.String)	9870	/Users/nima/Developer/NullAwayFixer/Projects/jadx/jadx-core/src/main/java/jadx/core/xmlgen/BinaryXMLParser.java	null	null	null	null	null	null
DEREFERENCE_NULLABLE	dereferenced expression nsMap is @Nullable	jadx.core.xmlgen.BinaryXMLParser	generateNameForNS(java.lang.String)	9908	/Users/nima/Developer/NullAwayFixer/Projects/jadx/jadx-core/src/main/java/jadx/core/xmlgen/BinaryXMLParser.java	null	null	null	null	null	null
DEREFERENCE_NULLABLE	dereferenced expression writer is @Nullable	jadx.core.xmlgen.BinaryXMLParser	generateNameForNS(java.lang.String)	10128	/Users/nima/Developer/NullAwayFixer/Projects/jadx/jadx-core/src/main/java/jadx/core/xmlgen/BinaryXMLParser.java	null	null	null	null	null	null
DEREFERENCE_NULLABLE	dereferenced expression resourceIds is @Nullable	jadx.core.xmlgen.BinaryXMLParser	getAttributeName(int)	10484	/Users/nima/Developer/NullAwayFixer/Projects/jadx/jadx-core/src/main/java/jadx/core/xmlgen/BinaryXMLParser.java	null	null	null	null	null	null
DEREFERENCE_NULLABLE	dereferenced expression strings is @Nullable	jadx.core.xmlgen.BinaryXMLParser	getString(int)	10987	/Users/nima/Developer/NullAwayFixer/Projects/jadx/jadx-core/src/main/java/jadx/core/xmlgen/BinaryXMLParser.java	null	null	null	null	null	null
DEREFERENCE_NULLABLE	dereferenced expression writer is @Nullable	jadx.core.xmlgen.BinaryXMLParser	decodeAttribute(int,int,int,java.lang.String,java.lang.String)	11398	/Users/nima/Developer/NullAwayFixer/Projects/jadx/jadx-core/src/main/java/jadx/core/xmlgen/BinaryXMLParser.java	null	null	null	null	null	null
DEREFERENCE_NULLABLE	dereferenced expression writer is @Nullable	jadx.core.xmlgen.BinaryXMLParser	decodeAttribute(int,int,int,java.lang.String,java.lang.String)	11634	/Users/nima/Developer/NullAwayFixer/Projects/jadx/jadx-core/src/main/java/jadx/core/xmlgen/BinaryXMLParser.java	null	null	null	null	null	null
DEREFERENCE_NULLABLE	dereferenced expression writer is @Nullable	jadx.core.xmlgen.BinaryXMLParser	decodeAttribute(int,int,int,java.lang.String,java.lang.String)	11719	/Users/nima/Developer/NullAwayFixer/Projects/jadx/jadx-core/src/main/java/jadx/core/xmlgen/BinaryXMLParser.java	null	null	null	null	null	null
DEREFERENCE_NULLABLE	dereferenced expression writer is @Nullable	jadx.core.xmlgen.BinaryXMLParser	decodeAttribute(int,int,int,java.lang.String,java.lang.String)	11758	/Users/nima/Developer/NullAwayFixer/Projects/jadx/jadx-core/src/main/java/jadx/core/xmlgen/BinaryXMLParser.java	null	null	null	null	null	null
DEREFERENCE_NULLABLE	dereferenced expression valuesParser is @Nullable	jadx.core.xmlgen.BinaryXMLParser	decodeAttribute(int,int,int,java.lang.String,java.lang.String)	11852	/Users/nima/Developer/NullAwayFixer/Projects/jadx/jadx-core/src/main/java/jadx/core/xmlgen/BinaryXMLParser.java	null	null	null	null	null	null
DEREFERENCE_NULLABLE	dereferenced expression writer is @Nullable	jadx.core.xmlgen.BinaryXMLParser	decodeAttribute(int,int,int,java.lang.String,java.lang.String)	12083	/Users/nima/Developer/NullAwayFixer/Projects/jadx/jadx-core/src/main/java/jadx/core/xmlgen/BinaryXMLParser.java	null	null	null	null	null	null
DEREFERENCE_NULLABLE	dereferenced expression is is @Nullable	jadx.core.xmlgen.BinaryXMLParser	parseElementEnd()	12213	/Users/nima/Developer/NullAwayFixer/Projects/jadx/jadx-core/src/main/java/jadx/core/xmlgen/BinaryXMLParser.java	null	null	null	null	null	null
DEREFERENCE_NULLABLE	dereferenced expression currentTag is @Nullable	jadx.core.xmlgen.BinaryXMLParser	parseElementEnd()	12632	/Users/nima/Developer/NullAwayFixer/Projects/jadx/jadx-core/src/main/java/jadx/core/xmlgen/BinaryXMLParser.java	null	null	null	null	null	null
DEREFERENCE_NULLABLE	dereferenced expression writer is @Nullable	jadx.core.xmlgen.BinaryXMLParser	parseElementEnd()	12693	/Users/nima/Developer/NullAwayFixer/Projects/jadx/jadx-core/src/main/java/jadx/core/xmlgen/BinaryXMLParser.java	null	null	null	null	null	null
DEREFERENCE_NULLABLE	dereferenced expression writer is @Nullable	jadx.core.xmlgen.BinaryXMLParser	parseElementEnd()	12725	/Users/nima/Developer/NullAwayFixer/Projects/jadx/jadx-core/src/main/java/jadx/core/xmlgen/BinaryXMLParser.java	null	null	null	null	null	null
DEREFERENCE_NULLABLE	dereferenced expression writer is @Nullable	jadx.core.xmlgen.BinaryXMLParser	attachClassNode(jadx.api.ICodeWriter,java.lang.String,java.lang.String)	13830	/Users/nima/Developer/NullAwayFixer/Projects/jadx/jadx-core/src/main/java/jadx/core/xmlgen/BinaryXMLParser.java	null	null	null	null	null	null
DEREFERENCE_NULLABLE	dereferenced expression attrName is @Nullable	jadx.core.xmlgen.BinaryXMLParser	attachClassNode(jadx.api.ICodeWriter,java.lang.String,java.lang.String)	13903	/Users/nima/Developer/NullAwayFixer/Projects/jadx/jadx-core/src/main/java/jadx/core/xmlgen/BinaryXMLParser.java	null	null	null	null	null	null
DEREFERENCE_NULLABLE	dereferenced expression is is @Nullable	jadx.core.xmlgen.CommonBinaryParser	parseStringPool()	273	/Users/nima/Developer/NullAwayFixer/Projects/jadx/jadx-core/src/main/java/jadx/core/xmlgen/CommonBinaryParser.java	null	null	null	null	null	null
DEREFERENCE_NULLABLE	dereferenced expression is is @Nullable	jadx.core.xmlgen.CommonBinaryParser	parseStringPoolNoType()	452	/Users/nima/Developer/NullAwayFixer/Projects/jadx/jadx-core/src/main/java/jadx/core/xmlgen/CommonBinaryParser.java	null	null	null	null	null	null
DEREFERENCE_NULLABLE	dereferenced expression is is @Nullable	jadx.core.xmlgen.CommonBinaryParser	die(java.lang.String)	2847	/Users/nima/Developer/NullAwayFixer/Projects/jadx/jadx-core/src/main/java/jadx/core/xmlgen/CommonBinaryParser.java	null	null	null	null	null	null
DEREFERENCE_NULLABLE	dereferenced expression writer is @Nullable	jadx.core.xmlgen.ProtoXMLParser	decode(com.android.aapt.Resources.XmlNode)	1315	/Users/nima/Developer/NullAwayFixer/Projects/jadx/jadx-core/src/main/java/jadx/core/xmlgen/ProtoXMLParser.java	null	null	null	null	null	null
DEREFERENCE_NULLABLE	dereferenced expression writer is @Nullable	jadx.core.xmlgen.ProtoXMLParser	decode(com.android.aapt.Resources.XmlNode)	1377	/Users/nima/Developer/NullAwayFixer/Projects/jadx/jadx-core/src/main/java/jadx/core/xmlgen/ProtoXMLParser.java	null	null	null	null	null	null
DEREFERENCE_NULLABLE	dereferenced expression writer is @Nullable	jadx.core.xmlgen.ProtoXMLParser	decode(com.android.aapt.Resources.XmlElement)	1652	/Users/nima/Developer/NullAwayFixer/Projects/jadx/jadx-core/src/main/java/jadx/core/xmlgen/ProtoXMLParser.java	null	null	null	null	null	null
DEREFERENCE_NULLABLE	dereferenced expression writer is @Nullable	jadx.core.xmlgen.ProtoXMLParser	decode(com.android.aapt.Resources.XmlAttribute)	2261	/Users/nima/Developer/NullAwayFixer/Projects/jadx/jadx-core/src/main/java/jadx/core/xmlgen/ProtoXMLParser.java	null	null	null	null	null	null
DEREFERENCE_NULLABLE	dereferenced expression nsMap is @Nullable	jadx.core.xmlgen.ProtoXMLParser	decode(com.android.aapt.Resources.XmlAttribute)	2364	/Users/nima/Developer/NullAwayFixer/Projects/jadx/jadx-core/src/main/java/jadx/core/xmlgen/ProtoXMLParser.java	null	null	null	null	null	null
DEREFERENCE_NULLABLE	dereferenced expression nsMap is @Nullable	jadx.core.xmlgen.ProtoXMLParser	decode(com.android.aapt.Resources.XmlNamespace)	2669	/Users/nima/Developer/NullAwayFixer/Projects/jadx/jadx-core/src/main/java/jadx/core/xmlgen/ProtoXMLParser.java	null	null	null	null	null	null
DEREFERENCE_NULLABLE	dereferenced expression writer is @Nullable	jadx.core.xmlgen.ProtoXMLParser	decode(com.android.aapt.Resources.XmlNamespace)	2695	/Users/nima/Developer/NullAwayFixer/Projects/jadx/jadx-core/src/main/java/jadx/core/xmlgen/ProtoXMLParser.java	null	null	null	null	null	null
DEREFERENCE_NULLABLE	dereferenced expression values is @Nullable	jadx.core.xmlgen.entry.ValuesParser	getValueString(jadx.core.xmlgen.entry.ResourceEntry)	1940	/Users/nima/Developer/NullAwayFixer/Projects/jadx/jadx-core/src/main/java/jadx/core/xmlgen/entry/ValuesParser.java	null	null	null	null	null	null
DEREFERENCE_NULLABLE	dereferenced expression namedValues is @Nullable	jadx.core.xmlgen.entry.ValuesParser	getValueString(jadx.core.xmlgen.entry.ResourceEntry)	2395	/Users/nima/Developer/NullAwayFixer/Projects/jadx/jadx-core/src/main/java/jadx/core/xmlgen/entry/ValuesParser.java	null	null	null	null	null	null
DEREFERENCE_NULLABLE	dereferenced expression strings is @Nullable	jadx.core.xmlgen.entry.ValuesParser	decodeValue(int,int)	3040	/Users/nima/Developer/NullAwayFixer/Projects/jadx/jadx-core/src/main/java/jadx/core/xmlgen/entry/ValuesParser.java	null	null	null	null	null	null
DEREFERENCE_NULLABLE	dereferenced expression androidResMap is @Nullable	jadx.core.xmlgen.entry.ValuesParser	decodeValue(int,int)	3781	/Users/nima/Developer/NullAwayFixer/Projects/jadx/jadx-core/src/main/java/jadx/core/xmlgen/entry/ValuesParser.java	null	null	null	null	null	null
DEREFERENCE_NULLABLE	dereferenced expression androidResMap is @Nullable	jadx.core.xmlgen.entry.ValuesParser	decodeValue(int,int)	4125	/Users/nima/Developer/NullAwayFixer/Projects/jadx/jadx-core/src/main/java/jadx/core/xmlgen/entry/ValuesParser.java	null	null	null	null	null	null
DEREFERENCE_NULLABLE	dereferenced expression androidResMap is @Nullable	jadx.core.xmlgen.entry.ValuesParser	decodeNameRef(int)	5098	/Users/nima/Developer/NullAwayFixer/Projects/jadx/jadx-core/src/main/java/jadx/core/xmlgen/entry/ValuesParser.java	null	null	null	null	null	null
DEREFERENCE_NULLABLE	dereferenced expression classes is @Nullable	jadx.core.clsp.ClsSet	loadFromClstFile()	2671	/Users/nima/Developer/NullAwayFixer/Projects/jadx/jadx-core/src/main/java/jadx/core/clsp/ClsSet.java	null	null	null	null	null	null
DEREFERENCE_NULLABLE	dereferenced expression classes is @Nullable	jadx.core.clsp.ClsSet	save(java.io.OutputStream)	6781	/Users/nima/Developer/NullAwayFixer/Projects/jadx/jadx-core/src/main/java/jadx/core/clsp/ClsSet.java	null	null	null	null	null	null
DEREFERENCE_NULLABLE	dereferenced expression list is @Nullable	jadx.core.clsp.ClsSet	writeArgTypesList(java.io.DataOutputStream,@org.jetbrains.annotations.Nullable java.util.List<jadx.core.dex.instructions.args.ArgType>,java.util.Map<java.lang.String,jadx.core.clsp.ClspClass>)	8299	/Users/nima/Developer/NullAwayFixer/Projects/jadx/jadx-core/src/main/java/jadx/core/clsp/ClsSet.java	null	null	null	null	null	null
DEREFERENCE_NULLABLE	dereferenced expression argType.getPrimitiveType() is @Nullable	jadx.core.clsp.ClsSet	writeArgType(java.io.DataOutputStream,@org.jetbrains.annotations.Nullable jadx.core.dex.instructions.args.ArgType,java.util.Map<java.lang.String,jadx.core.clsp.ClspClass>)	9077	/Users/nima/Developer/NullAwayFixer/Projects/jadx/jadx-core/src/main/java/jadx/core/clsp/ClsSet.java	null	null	null	null	null	null
DEREFERENCE_NULLABLE	dereferenced expression bound is @Nullable	jadx.core.clsp.ClsSet	writeArgType(java.io.DataOutputStream,@org.jetbrains.annotations.Nullable jadx.core.dex.instructions.args.ArgType,java.util.Map<java.lang.String,jadx.core.clsp.ClspClass>)	9511	/Users/nima/Developer/NullAwayFixer/Projects/jadx/jadx-core/src/main/java/jadx/core/clsp/ClsSet.java	null	null	null	null	null	null
DEREFERENCE_NULLABLE	dereferenced expression getCls(argType, names) is @Nullable	jadx.core.clsp.ClsSet	writeArgType(java.io.DataOutputStream,@org.jetbrains.annotations.Nullable jadx.core.dex.instructions.args.ArgType,java.util.Map<java.lang.String,jadx.core.clsp.ClspClass>)	9737	/Users/nima/Developer/NullAwayFixer/Projects/jadx/jadx-core/src/main/java/jadx/core/clsp/ClsSet.java	null	null	null	null	null	null
DEREFERENCE_NULLABLE	dereferenced expression getCls(argType, names) is @Nullable	jadx.core.clsp.ClsSet	writeArgType(java.io.DataOutputStream,@org.jetbrains.annotations.Nullable jadx.core.dex.instructions.args.ArgType,java.util.Map<java.lang.String,jadx.core.clsp.ClspClass>)	10129	/Users/nima/Developer/NullAwayFixer/Projects/jadx/jadx-core/src/main/java/jadx/core/clsp/ClsSet.java	null	null	null	null	null	null
DEREFERENCE_NULLABLE	dereferenced expression classes is @Nullable	jadx.core.clsp.ClsSet	readArgType(java.io.DataInputStream)	14605	/Users/nima/Developer/NullAwayFixer/Projects/jadx/jadx-core/src/main/java/jadx/core/clsp/ClsSet.java	null	null	null	null	null	null
DEREFERENCE_NULLABLE	dereferenced expression classes is @Nullable	jadx.core.clsp.ClsSet	readArgType(java.io.DataInputStream)	14905	/Users/nima/Developer/NullAwayFixer/Projects/jadx/jadx-core/src/main/java/jadx/core/clsp/ClsSet.java	null	null	null	null	null	null
PASS_NULLABLE	passing @Nullable parameter 'readArgType(in)' where @NonNull is required	jadx.core.clsp.ClsSet	readArgType(java.io.DataInputStream)	14968	/Users/nima/Developer/NullAwayFixer/Projects/jadx/jadx-core/src/main/java/jadx/core/clsp/ClsSet.java	PARAMETER	jadx.core.dex.instructions.args.ArgType	array(@org.jetbrains.annotations.NotNull jadx.core.dex.instructions.args.ArgType)	vtype	0	/Users/nima/Developer/NullAwayFixer/Projects/jadx/jadx-core/src/main/java/jadx/core/dex/instructions/args/ArgType.java
DEREFERENCE_NULLABLE	dereferenced expression classes is @Nullable	jadx.core.clsp.ClsSet	getClassesCount()	16431	/Users/nima/Developer/NullAwayFixer/Projects/jadx/jadx-core/src/main/java/jadx/core/clsp/ClsSet.java	null	null	null	null	null	null
DEREFERENCE_NULLABLE	enhanced-for expression classes is @Nullable	jadx.core.clsp.ClsSet	addToMap(java.util.Map<java.lang.String,jadx.core.clsp.ClspClass>)	16509	/Users/nima/Developer/NullAwayFixer/Projects/jadx/jadx-core/src/main/java/jadx/core/clsp/ClsSet.java	null	null	null	null	null	null
DEREFERENCE_NULLABLE	dereferenced expression arg is @Nullable	jadx.core.dex.visitors.typeinference.TypeUpdateInfo	getType(jadx.core.dex.instructions.args.InsnArg)	1411	/Users/nima/Developer/NullAwayFixer/Projects/jadx/jadx-core/src/main/java/jadx/core/dex/visitors/typeinference/TypeUpdateInfo.java	null	null	null	null	null	null
DEREFERENCE_NULLABLE	dereferenced expression inputFilePath.getParent() is @Nullable	jadx.core.deobf.DeobfPresets	getPathDeobfMapPath(jadx.core.dex.nodes.RootNode)	1892	/Users/nima/Developer/NullAwayFixer/Projects/jadx/jadx-core/src/main/java/jadx/core/deobf/DeobfPresets.java	null	null	null	null	null	null
DEREFERENCE_NULLABLE	dereferenced expression str is @Nullable	jadx.core.deobf.NameMapper	isAllCharsPrintable(java.lang.String)	2971	/Users/nima/Developer/NullAwayFixer/Projects/jadx/jadx-core/src/main/java/jadx/core/deobf/NameMapper.java	null	null	null	null	null	null
DEREFERENCE_NULLABLE	enhanced-for expression basicBlocks is @Nullable	jadx.core.utils.DebugChecks	checkMethod(jadx.core.dex.nodes.MethodNode)	1650	/Users/nima/Developer/NullAwayFixer/Projects/jadx/jadx-core/src/main/java/jadx/core/utils/DebugChecks.java	null	null	null	null	null	null
DEREFERENCE_NULLABLE	dereferenced expression ternaryInsn.getCondition() is @Nullable	jadx.core.utils.DebugChecks	checkInsn(jadx.core.dex.nodes.MethodNode,jadx.core.dex.nodes.InsnNode)	2332	/Users/nima/Developer/NullAwayFixer/Projects/jadx/jadx-core/src/main/java/jadx/core/utils/DebugChecks.java	null	null	null	null	null	null
DEREFERENCE_NULLABLE	enhanced-for expression mth.getSVars() is @Nullable	jadx.core.utils.DebugChecks	checkSSAVars(jadx.core.dex.nodes.MethodNode)	3173	/Users/nima/Developer/NullAwayFixer/Projects/jadx/jadx-core/src/main/java/jadx/core/utils/DebugChecks.java	null	null	null	null	null	null
DEREFERENCE_NULLABLE	dereferenced expression assignVar is @Nullable	jadx.core.utils.DebugChecks	checkSSAVars(jadx.core.dex.nodes.MethodNode)	3839	/Users/nima/Developer/NullAwayFixer/Projects/jadx/jadx-core/src/main/java/jadx/core/utils/DebugChecks.java	null	null	null	null	null	null
DEREFERENCE_NULLABLE	enhanced-for expression mth.getBasicBlocks() is @Nullable	jadx.core.utils.DebugChecks	checkPHI(jadx.core.dex.nodes.MethodNode)	5898	/Users/nima/Developer/NullAwayFixer/Projects/jadx/jadx-core/src/main/java/jadx/core/utils/DebugChecks.java	null	null	null	null	null	null
DEREFERENCE_NULLABLE	enhanced-for expression mth.getSVars() is @Nullable	jadx.core.utils.DebugChecks	checkPHI(jadx.core.dex.nodes.MethodNode)	7100	/Users/nima/Developer/NullAwayFixer/Projects/jadx/jadx-core/src/main/java/jadx/core/utils/DebugChecks.java	null	null	null	null	null	null
DEREFERENCE_NULLABLE	dereferenced expression execTimes is @Nullable	jadx.core.utils.DebugUtils	mergeExecTime(java.lang.String,long)	8579	/Users/nima/Developer/NullAwayFixer/Projects/jadx/jadx-core/src/main/java/jadx/core/utils/DebugUtils.java	null	null	null	null	null	null
DEREFERENCE_NULLABLE	dereferenced expression execTimes is @Nullable	jadx.core.utils.DebugUtils	printExecTimes()	8710	/Users/nima/Developer/NullAwayFixer/Projects/jadx/jadx-core/src/main/java/jadx/core/utils/DebugUtils.java	null	null	null	null	null	null
DEREFERENCE_NULLABLE	dereferenced expression execTimes is @Nullable	jadx.core.utils.DebugUtils	printExecTimesWithTotal(long)	8931	/Users/nima/Developer/NullAwayFixer/Projects/jadx/jadx-core/src/main/java/jadx/core/utils/DebugUtils.java	null	null	null	null	null	null
DEREFERENCE_NULLABLE	dereferenced expression list is @Nullable	jadx.core.utils.InsnList	getIndex(java.util.List<jadx.core.dex.nodes.InsnNode>,jadx.core.dex.nodes.InsnNode,int)	934	/Users/nima/Developer/NullAwayFixer/Projects/jadx/jadx-core/src/main/java/jadx/core/utils/InsnList.java	null	null	null	null	null	null
DEREFERENCE_NULLABLE	enhanced-for expression mth.getBasicBlocks() is @Nullable	jadx.core.utils.InsnUtils	searchInsn(jadx.core.dex.nodes.MethodNode,jadx.core.dex.instructions.InsnType,java.util.function.Predicate<jadx.core.dex.nodes.InsnNode>)	3616	/Users/nima/Developer/NullAwayFixer/Projects/jadx/jadx-core/src/main/java/jadx/core/utils/InsnUtils.java	null	null	null	null	null	null
DEREFERENCE_NULLABLE	enhanced-for expression mth.getBasicBlocks() is @Nullable	jadx.core.utils.InsnUtils	replaceInsns(jadx.core.dex.nodes.MethodNode,java.util.function.Function<jadx.core.dex.nodes.InsnNode,jadx.core.dex.nodes.InsnNode>)	3966	/Users/nima/Developer/NullAwayFixer/Projects/jadx/jadx-core/src/main/java/jadx/core/utils/InsnUtils.java	null	null	null	null	null	null
DEREFERENCE_NULLABLE	dereferenced expression ssaVar is @Nullable	jadx.core.utils.InsnUtils	dontGenerateIfNotUsed(jadx.core.dex.nodes.InsnNode)	6446	/Users/nima/Developer/NullAwayFixer/Projects/jadx/jadx-core/src/main/java/jadx/core/utils/InsnUtils.java	null	null	null	null	null	null
DEREFERENCE_NULLABLE	dereferenced expression path.toAbsolutePath().getParent() is @Nullable	jadx.core.utils.files.FileUtils	makeDirsForFile(java.nio.file.Path)	2454	/Users/nima/Developer/NullAwayFixer/Projects/jadx/jadx-core/src/main/java/jadx/core/utils/files/FileUtils.java	null	null	null	null	null	null
DEREFERENCE_NULLABLE	dereferenced expression parent is @Nullable	jadx.core.utils.CodeGenUtils	addCodeComments(jadx.api.ICodeWriter,@org.jetbrains.annotations.Nullable jadx.core.dex.attributes.nodes.NotificationAttrNode,@org.jetbrains.annotations.Nullable jadx.core.dex.attributes.IAttributeNode)	2183	/Users/nima/Developer/NullAwayFixer/Projects/jadx/jadx-core/src/main/java/jadx/core/utils/CodeGenUtils.java	null	null	null	null	null	null
DEREFERENCE_NULLABLE	dereferenced expression ((RegisterArg) arg).getSVar() is @Nullable	jadx.core.utils.InsnRemover	unbindAllArgs(@org.jetbrains.annotations.Nullable jadx.core.dex.nodes.MethodNode,jadx.core.dex.nodes.InsnNode)	2573	/Users/nima/Developer/NullAwayFixer/Projects/jadx/jadx-core/src/main/java/jadx/core/utils/InsnRemover.java	null	null	null	null	null	null
DEREFERENCE_NULLABLE	enhanced-for expression mth.getBasicBlocks() is @Nullable	jadx.core.utils.InsnRemover	removeAllAndUnbind(jadx.core.dex.nodes.MethodNode,java.util.List<jadx.core.dex.nodes.InsnNode>)	6784	/Users/nima/Developer/NullAwayFixer/Projects/jadx/jadx-core/src/main/java/jadx/core/utils/InsnRemover.java	null	null	null	null	null	null
DEREFERENCE_NULLABLE	enhanced-for expression mth.getBasicBlocks() is @Nullable	jadx.core.utils.InsnRemover	removeAllMarked(jadx.core.dex.nodes.MethodNode)	7124	/Users/nima/Developer/NullAwayFixer/Projects/jadx/jadx-core/src/main/java/jadx/core/utils/InsnRemover.java	null	null	null	null	null	null
DEREFERENCE_NULLABLE	dereferenced expression is is @Nullable	jadx.core.xmlgen.ResTableParser	decodeTableChunk()	2920	/Users/nima/Developer/NullAwayFixer/Projects/jadx/jadx-core/src/main/java/jadx/core/xmlgen/ResTableParser.java	null	null	null	null	null	null
DEREFERENCE_NULLABLE	dereferenced expression is is @Nullable	jadx.core.xmlgen.ResTableParser	parsePackage()	3270	/Users/nima/Developer/NullAwayFixer/Projects/jadx/jadx-core/src/main/java/jadx/core/xmlgen/ResTableParser.java	null	null	null	null	null	null
DEREFERENCE_NULLABLE	dereferenced expression is is @Nullable	jadx.core.xmlgen.ResTableParser	parseTypeSpecChunk(long)	6239	/Users/nima/Developer/NullAwayFixer/Projects/jadx/jadx-core/src/main/java/jadx/core/xmlgen/ResTableParser.java	null	null	null	null	null	null
DEREFERENCE_NULLABLE	dereferenced expression is is @Nullable	jadx.core.xmlgen.ResTableParser	parseLibraryTypeChunk(long)	6837	/Users/nima/Developer/NullAwayFixer/Projects/jadx/jadx-core/src/main/java/jadx/core/xmlgen/ResTableParser.java	null	null	null	null	null	null
DEREFERENCE_NULLABLE	dereferenced expression is is @Nullable	jadx.core.xmlgen.ResTableParser	parseTypeChunk(long,jadx.core.xmlgen.ResTableParser.PackageChunk)	7555	/Users/nima/Developer/NullAwayFixer/Projects/jadx/jadx-core/src/main/java/jadx/core/xmlgen/ResTableParser.java	null	null	null	null	null	null
DEREFERENCE_NULLABLE	dereferenced expression pkg.getTypeStrings() is @Nullable	jadx.core.xmlgen.ResTableParser	parseTypeChunk(long,jadx.core.xmlgen.ResTableParser.PackageChunk)	7937	/Users/nima/Developer/NullAwayFixer/Projects/jadx/jadx-core/src/main/java/jadx/core/xmlgen/ResTableParser.java	null	null	null	null	null	null
DEREFERENCE_NULLABLE	dereferenced expression is is @Nullable	jadx.core.xmlgen.ResTableParser	parseEntry(jadx.core.xmlgen.ResTableParser.PackageChunk,int,int,java.lang.String)	9117	/Users/nima/Developer/NullAwayFixer/Projects/jadx/jadx-core/src/main/java/jadx/core/xmlgen/ResTableParser.java	null	null	null	null	null	null
DEREFERENCE_NULLABLE	dereferenced expression pkg.getTypeStrings() is @Nullable	jadx.core.xmlgen.ResTableParser	parseEntry(jadx.core.xmlgen.ResTableParser.PackageChunk,int,int,java.lang.String)	9305	/Users/nima/Developer/NullAwayFixer/Projects/jadx/jadx-core/src/main/java/jadx/core/xmlgen/ResTableParser.java	null	null	null	null	null	null
DEREFERENCE_NULLABLE	dereferenced expression pkg.getKeyStrings() is @Nullable	jadx.core.xmlgen.ResTableParser	parseEntry(jadx.core.xmlgen.ResTableParser.PackageChunk,int,int,java.lang.String)	9362	/Users/nima/Developer/NullAwayFixer/Projects/jadx/jadx-core/src/main/java/jadx/core/xmlgen/ResTableParser.java	null	null	null	null	null	null
DEREFERENCE_NULLABLE	dereferenced expression is is @Nullable	jadx.core.xmlgen.ResTableParser	parseValueMap()	12649	/Users/nima/Developer/NullAwayFixer/Projects/jadx/jadx-core/src/main/java/jadx/core/xmlgen/ResTableParser.java	null	null	null	null	null	null
DEREFERENCE_NULLABLE	dereferenced expression is is @Nullable	jadx.core.xmlgen.ResTableParser	parseValue()	12774	/Users/nima/Developer/NullAwayFixer/Projects/jadx/jadx-core/src/main/java/jadx/core/xmlgen/ResTableParser.java	null	null	null	null	null	null
DEREFERENCE_NULLABLE	dereferenced expression is is @Nullable	jadx.core.xmlgen.ResTableParser	parseConfig()	13020	/Users/nima/Developer/NullAwayFixer/Projects/jadx/jadx-core/src/main/java/jadx/core/xmlgen/ResTableParser.java	null	null	null	null	null	null
DEREFERENCE_NULLABLE	dereferenced expression is is @Nullable	jadx.core.xmlgen.ResTableParser	readScriptOrVariantChar(int)	15719	/Users/nima/Developer/NullAwayFixer/Projects/jadx/jadx-core/src/main/java/jadx/core/xmlgen/ResTableParser.java	null	null	null	null	null	null
DEREFERENCE_NULLABLE	enhanced-for expression protoValue.getNamedValues() is @Nullable	jadx.core.xmlgen.ResXmlGen	addValue(jadx.api.ICodeWriter,jadx.core.xmlgen.entry.ResourceEntry)	3021	/Users/nima/Developer/NullAwayFixer/Projects/jadx/jadx-core/src/main/java/jadx/core/xmlgen/ResXmlGen.java	null	null	null	null	null	null
DEREFERENCE_NULLABLE	dereferenced expression ri.getNamedValues() is @Nullable	jadx.core.xmlgen.ResXmlGen	addValue(jadx.api.ICodeWriter,jadx.core.xmlgen.entry.ResourceEntry)	3569	/Users/nima/Developer/NullAwayFixer/Projects/jadx/jadx-core/src/main/java/jadx/core/xmlgen/ResXmlGen.java	null	null	null	null	null	null
DEREFERENCE_NULLABLE	enhanced-for expression ri.getNamedValues() is @Nullable	jadx.core.xmlgen.ResXmlGen	addValue(jadx.api.ICodeWriter,jadx.core.xmlgen.entry.ResourceEntry)	4311	/Users/nima/Developer/NullAwayFixer/Projects/jadx/jadx-core/src/main/java/jadx/core/xmlgen/ResXmlGen.java	null	null	null	null	null	null
DEREFERENCE_NULLABLE	dereferenced expression ManifestAttributes.getInstance() is @Nullable	jadx.core.xmlgen.ResXmlGen	addItem(jadx.api.ICodeWriter,java.lang.String,java.lang.String,jadx.core.xmlgen.entry.RawNamedValue)	5703	/Users/nima/Developer/NullAwayFixer/Projects/jadx/jadx-core/src/main/java/jadx/core/xmlgen/ResXmlGen.java	null	null	null	null	null	null
DEREFERENCE_NULLABLE	dereferenced expression potentialClassName is @Nullable	jadx.core.xmlgen.XmlDeobf	deobfClassName(jadx.core.dex.nodes.RootNode,@org.jetbrains.annotations.Nullable java.lang.String,@org.jetbrains.annotations.Nullable java.lang.String)	479	/Users/nima/Developer/NullAwayFixer/Projects/jadx/jadx-core/src/main/java/jadx/core/xmlgen/XmlDeobf.java	null	null	null	null	null	null
DEREFERENCE_NULLABLE	dereferenced expression name is @Nullable	jadx.core.xmlgen.XMLChar	isValidName(java.lang.String)	42702	/Users/nima/Developer/NullAwayFixer/Projects/jadx/jadx-core/src/main/java/jadx/core/xmlgen/XMLChar.java	null	null	null	null	null	null
DEREFERENCE_NULLABLE	dereferenced expression type is @Nullable	jadx.core.codegen.TypeGen	signature(@org.jetbrains.annotations.Nullable jadx.core.dex.instructions.args.ArgType)	687	/Users/nima/Developer/NullAwayFixer/Projects/jadx/jadx-core/src/main/java/jadx/core/codegen/TypeGen.java	null	null	null	null	null	null
DEREFERENCE_NULLABLE	dereferenced expression stype is @Nullable	jadx.core.codegen.TypeGen	signature(@org.jetbrains.annotations.Nullable jadx.core.dex.instructions.args.ArgType)	916	/Users/nima/Developer/NullAwayFixer/Projects/jadx/jadx-core/src/main/java/jadx/core/codegen/TypeGen.java	null	null	null	null	null	null
DEREFERENCE_NULLABLE	dereferenced expression dexNode is @Nullable	jadx.core.codegen.TypeGen	literalToString(jadx.core.dex.instructions.args.LiteralArg,@org.jetbrains.annotations.Nullable jadx.core.dex.nodes.IDexNode,boolean)	1169	/Users/nima/Developer/NullAwayFixer/Projects/jadx/jadx-core/src/main/java/jadx/core/codegen/TypeGen.java	null	null	null	null	null	null
DEREFERENCE_NULLABLE	dereferenced expression dexNode is @Nullable	jadx.core.codegen.TypeGen	literalToString(long,@org.jetbrains.annotations.Nullable jadx.core.dex.instructions.args.ArgType,@org.jetbrains.annotations.Nullable jadx.core.dex.nodes.IDexNode,boolean)	1569	/Users/nima/Developer/NullAwayFixer/Projects/jadx/jadx-core/src/main/java/jadx/core/codegen/TypeGen.java	null	null	null	null	null	null
SWITCH_EXPRESSION_NULLABLE	switch expression type.getPrimitiveType() is @Nullable	jadx.core.codegen.TypeGen	literalToString(long,@org.jetbrains.annotations.Nullable jadx.core.dex.instructions.args.ArgType,jadx.core.utils.StringUtils,boolean,boolean)	2324	/Users/nima/Developer/NullAwayFixer/Projects/jadx/jadx-core/src/main/java/jadx/core/codegen/TypeGen.java	null	null	null	null	null	null
SWITCH_EXPRESSION_NULLABLE	switch expression type.getPrimitiveType() is @Nullable	jadx.core.codegen.TypeGen	literalToRawString(jadx.core.dex.instructions.args.LiteralArg)	3278	/Users/nima/Developer/NullAwayFixer/Projects/jadx/jadx-core/src/main/java/jadx/core/codegen/TypeGen.java	null	null	null	null	null	null
DEREFERENCE_NULLABLE	dereferenced expression condition is @Nullable	jadx.core.codegen.ConditionGen	add(jadx.api.ICodeWriter,jadx.core.codegen.ConditionGen.CondStack,jadx.core.dex.regions.conditions.IfCondition)	1691	/Users/nima/Developer/NullAwayFixer/Projects/jadx/jadx-core/src/main/java/jadx/core/codegen/ConditionGen.java	null	null	null	null	null	null
DEREFERENCE_NULLABLE	dereferenced expression compare is @Nullable	jadx.core.codegen.ConditionGen	addCompare(jadx.api.ICodeWriter,jadx.core.codegen.ConditionGen.CondStack,jadx.core.dex.regions.conditions.Compare)	2728	/Users/nima/Developer/NullAwayFixer/Projects/jadx/jadx-core/src/main/java/jadx/core/codegen/ConditionGen.java	null	null	null	null	null	null
DEREFERENCE_NULLABLE	dereferenced expression firstArg.getType() is @Nullable	jadx.core.codegen.ConditionGen	addCompare(jadx.api.ICodeWriter,jadx.core.codegen.ConditionGen.CondStack,jadx.core.dex.regions.conditions.Compare)	2826	/Users/nima/Developer/NullAwayFixer/Projects/jadx/jadx-core/src/main/java/jadx/core/codegen/ConditionGen.java	null	null	null	null	null	null
DEREFERENCE_NULLABLE	dereferenced expression secondArg.getType() is @Nullable	jadx.core.codegen.ConditionGen	addCompare(jadx.api.ICodeWriter,jadx.core.codegen.ConditionGen.CondStack,jadx.core.dex.regions.conditions.Compare)	2905	/Users/nima/Developer/NullAwayFixer/Projects/jadx/jadx-core/src/main/java/jadx/core/codegen/ConditionGen.java	null	null	null	null	null	null
DEREFERENCE_NULLABLE	dereferenced expression mth is @Nullable	jadx.core.codegen.ConditionGen	addCompare(jadx.api.ICodeWriter,jadx.core.codegen.ConditionGen.CondStack,jadx.core.dex.regions.conditions.Compare)	3339	/Users/nima/Developer/NullAwayFixer/Projects/jadx/jadx-core/src/main/java/jadx/core/codegen/ConditionGen.java	null	null	null	null	null	null
DEREFERENCE_NULLABLE	dereferenced expression condition is @Nullable	jadx.core.codegen.ConditionGen	isWrapNeeded(jadx.core.dex.regions.conditions.IfCondition)	4430	/Users/nima/Developer/NullAwayFixer/Projects/jadx/jadx-core/src/main/java/jadx/core/codegen/ConditionGen.java	null	null	null	null	null	null
DEREFERENCE_NULLABLE	dereferenced expression jsonCls.getInnerClasses() is @Nullable	jadx.core.codegen.json.JsonCodeGen	addInnerClasses(jadx.core.dex.nodes.ClassNode,jadx.core.codegen.json.cls.JsonClass,jadx.core.codegen.ClassGen)	3586	/Users/nima/Developer/NullAwayFixer/Projects/jadx/jadx-core/src/main/java/jadx/core/codegen/json/JsonCodeGen.java	null	null	null	null	null	null
DEREFERENCE_NULLABLE	dereferenced expression jsonCls.getFields() is @Nullable	jadx.core.codegen.json.JsonCodeGen	addFields(jadx.core.dex.nodes.ClassNode,jadx.core.codegen.json.cls.JsonClass,jadx.core.codegen.ClassGen)	4228	/Users/nima/Developer/NullAwayFixer/Projects/jadx/jadx-core/src/main/java/jadx/core/codegen/json/JsonCodeGen.java	null	null	null	null	null	null
DEREFERENCE_NULLABLE	dereferenced expression jsonCls.getMethods() is @Nullable	jadx.core.codegen.json.JsonCodeGen	addMethods(jadx.core.dex.nodes.ClassNode,jadx.core.codegen.json.cls.JsonClass,jadx.core.codegen.ClassGen)	5245	/Users/nima/Developer/NullAwayFixer/Projects/jadx/jadx-core/src/main/java/jadx/core/codegen/json/JsonCodeGen.java	null	null	null	null	null	null
DEREFERENCE_NULLABLE	dereferenced expression clsType is @Nullable	jadx.core.codegen.json.JsonCodeGen	getTypeAlias(@org.jetbrains.annotations.Nullable jadx.core.dex.instructions.args.ArgType)	6871	/Users/nima/Developer/NullAwayFixer/Projects/jadx/jadx-core/src/main/java/jadx/core/codegen/json/JsonCodeGen.java	null	null	null	null	null	null
DEREFERENCE_NULLABLE	dereferenced expression mapping.getClasses() is @Nullable	jadx.core.codegen.json.JsonMappingGen	fillMapping(jadx.core.codegen.json.mapping.JsonMapping,jadx.core.dex.nodes.RootNode)	2455	/Users/nima/Developer/NullAwayFixer/Projects/jadx/jadx-core/src/main/java/jadx/core/codegen/json/JsonMappingGen.java	null	null	null	null	null	null
DEREFERENCE_NULLABLE	dereferenced expression jsonCls.getMethods() is @Nullable	jadx.core.codegen.json.JsonMappingGen	addMethods(jadx.core.dex.nodes.ClassNode,jadx.core.codegen.json.mapping.JsonClsMapping)	3085	/Users/nima/Developer/NullAwayFixer/Projects/jadx/jadx-core/src/main/java/jadx/core/codegen/json/JsonMappingGen.java	null	null	null	null	null	null
DEREFERENCE_NULLABLE	dereferenced expression jsonCls.getFields() is @Nullable	jadx.core.codegen.json.JsonMappingGen	addFields(jadx.core.dex.nodes.ClassNode,jadx.core.codegen.json.mapping.JsonClsMapping)	3515	/Users/nima/Developer/NullAwayFixer/Projects/jadx/jadx-core/src/main/java/jadx/core/codegen/json/JsonMappingGen.java	null	null	null	null	null	null
DEREFERENCE_NULLABLE	dereferenced expression mth is @Nullable	jadx.core.codegen.SimpleModeHelper	prepareBlocks()	1148	/Users/nima/Developer/NullAwayFixer/Projects/jadx/jadx-core/src/main/java/jadx/core/codegen/SimpleModeHelper.java	null	null	null	null	null	null
DEREFERENCE_NULLABLE	dereferenced expression mth is @Nullable	jadx.core.codegen.SimpleModeHelper	prepareBlocks()	1915	/Users/nima/Developer/NullAwayFixer/Projects/jadx/jadx-core/src/main/java/jadx/core/codegen/SimpleModeHelper.java	null	null	null	null	null	null
DEREFERENCE_NULLABLE	dereferenced expression mth is @Nullable	jadx.core.codegen.SimpleModeHelper	prepareBlocks()	2263	/Users/nima/Developer/NullAwayFixer/Projects/jadx/jadx-core/src/main/java/jadx/core/codegen/SimpleModeHelper.java	null	null	null	null	null	null
DEREFERENCE_NULLABLE	dereferenced expression mth is @Nullable	jadx.core.codegen.SimpleModeHelper	prepareBlocks()	2357	/Users/nima/Developer/NullAwayFixer/Projects/jadx/jadx-core/src/main/java/jadx/core/codegen/SimpleModeHelper.java	null	null	null	null	null	null
DEREFERENCE_NULLABLE	enhanced-for expression mth.getBasicBlocks() is @Nullable	jadx.core.codegen.SimpleModeHelper	removeEmptyBlocks()	2601	/Users/nima/Developer/NullAwayFixer/Projects/jadx/jadx-core/src/main/java/jadx/core/codegen/SimpleModeHelper.java	null	null	null	null	null	null
DEREFERENCE_NULLABLE	dereferenced expression mth is @Nullable	jadx.core.codegen.SimpleModeHelper	removeEmptyBlocks()	2624	/Users/nima/Developer/NullAwayFixer/Projects/jadx/jadx-core/src/main/java/jadx/core/codegen/SimpleModeHelper.java	null	null	null	null	null	null
DEREFERENCE_NULLABLE	dereferenced expression mth is @Nullable	jadx.core.codegen.SimpleModeHelper	unbindExceptionHandlers()	3341	/Users/nima/Developer/NullAwayFixer/Projects/jadx/jadx-core/src/main/java/jadx/core/codegen/SimpleModeHelper.java	null	null	null	null	null	null
DEREFERENCE_NULLABLE	enhanced-for expression mth.getExceptionHandlers() is @Nullable	jadx.core.codegen.SimpleModeHelper	unbindExceptionHandlers()	3389	/Users/nima/Developer/NullAwayFixer/Projects/jadx/jadx-core/src/main/java/jadx/core/codegen/SimpleModeHelper.java	null	null	null	null	null	null
DEREFERENCE_NULLABLE	dereferenced expression ifInsn.getThenBlock() is @Nullable	jadx.core.codegen.SimpleModeHelper	processTargetInsn(jadx.core.dex.nodes.BlockNode,jadx.core.dex.nodes.InsnNode,@org.jetbrains.annotations.Nullable jadx.core.dex.nodes.BlockNode)	3911	/Users/nima/Developer/NullAwayFixer/Projects/jadx/jadx-core/src/main/java/jadx/core/codegen/SimpleModeHelper.java	null	null	null	null	null	null
DEREFERENCE_NULLABLE	dereferenced expression thenBlock is @Nullable	jadx.core.codegen.SimpleModeHelper	processTargetInsn(jadx.core.dex.nodes.BlockNode,jadx.core.dex.nodes.InsnNode,@org.jetbrains.annotations.Nullable jadx.core.dex.nodes.BlockNode)	3974	/Users/nima/Developer/NullAwayFixer/Projects/jadx/jadx-core/src/main/java/jadx/core/codegen/SimpleModeHelper.java	null	null	null	null	null	null
DEREFERENCE_NULLABLE	dereferenced expression mth.getBasicBlocks() is @Nullable	jadx.core.codegen.SimpleModeHelper	getSortedBlocks()	4453	/Users/nima/Developer/NullAwayFixer/Projects/jadx/jadx-core/src/main/java/jadx/core/codegen/SimpleModeHelper.java	null	null	null	null	null	null
DEREFERENCE_NULLABLE	dereferenced expression mth is @Nullable	jadx.core.codegen.SimpleModeHelper	getSortedBlocks()	4453	/Users/nima/Developer/NullAwayFixer/Projects/jadx/jadx-core/src/main/java/jadx/core/codegen/SimpleModeHelper.java	null	null	null	null	null	null
DEREFERENCE_NULLABLE	dereferenced expression indexType is @Nullable	jadx.core.dex.instructions.InsnDecoder	makeNewArray(jadx.api.plugins.input.insns.InsnData)	15764	/Users/nima/Developer/NullAwayFixer/Projects/jadx/jadx-core/src/main/java/jadx/core/dex/instructions/InsnDecoder.java	null	null	null	null	null	null
DEREFERENCE_NULLABLE	dereferenced expression arrType is @Nullable	jadx.core.dex.instructions.InsnDecoder	filledNewArray(jadx.api.plugins.input.insns.InsnData,boolean)	16574	/Users/nima/Developer/NullAwayFixer/Projects/jadx/jadx-core/src/main/java/jadx/core/dex/instructions/InsnDecoder.java	null	null	null	null	null	null
DEREFERENCE_NULLABLE	dereferenced expression elType is @Nullable	jadx.core.dex.instructions.InsnDecoder	filledNewArray(jadx.api.plugins.input.insns.InsnData,boolean)	16627	/Users/nima/Developer/NullAwayFixer/Projects/jadx/jadx-core/src/main/java/jadx/core/dex/instructions/InsnDecoder.java	null	null	null	null	null	null
DEREFERENCE_NULLABLE	dereferenced expression clsType is @Nullable	jadx.core.dex.instructions.ConstClassNode	isSame(jadx.core.dex.nodes.InsnNode)	772	/Users/nima/Developer/NullAwayFixer/Projects/jadx/jadx-core/src/main/java/jadx/core/dex/instructions/ConstClassNode.java	null	null	null	null	null	null
DEREFERENCE_NULLABLE	dereferenced expression arrType is @Nullable	jadx.core.dex.instructions.NewArrayNode	getDimension()	484	/Users/nima/Developer/NullAwayFixer/Projects/jadx/jadx-core/src/main/java/jadx/core/dex/instructions/NewArrayNode.java	null	null	null	null	null	null
DEREFERENCE_NULLABLE	dereferenced expression invokeCustomNode.getCallInsn() is @Nullable	jadx.core.dex.instructions.invokedynamic.CustomLambdaCall	buildMethodCall(jadx.core.dex.nodes.MethodNode,jadx.api.plugins.input.insns.InsnData,boolean,java.util.List<jadx.api.plugins.input.data.annotations.EncodedValue>,jadx.api.plugins.input.data.IMethodHandle)	3639	/Users/nima/Developer/NullAwayFixer/Projects/jadx/jadx-core/src/main/java/jadx/core/dex/instructions/invokedynamic/CustomLambdaCall.java	null	null	null	null	null	null
DEREFERENCE_NULLABLE	dereferenced expression mth.getBasicBlocks() is @Nullable	jadx.core.dex.visitors.blocks.DominatorTree	sortBlocks(jadx.core.dex.nodes.MethodNode)	945	/Users/nima/Developer/NullAwayFixer/Projects/jadx/jadx-core/src/main/java/jadx/core/dex/visitors/blocks/DominatorTree.java	null	null	null	null	null	null
DEREFERENCE_NULLABLE	enhanced-for expression blocks is @Nullable	jadx.core.dex.visitors.blocks.DominatorTree	computeDominanceFrontier(jadx.core.dex.nodes.MethodNode)	3641	/Users/nima/Developer/NullAwayFixer/Projects/jadx/jadx-core/src/main/java/jadx/core/dex/visitors/blocks/DominatorTree.java	null	null	null	null	null	null
DEREFERENCE_NULLABLE	dereferenced expression runner is @Nullable	jadx.core.dex.visitors.blocks.DominatorTree	computeDominanceFrontier(jadx.core.dex.nodes.MethodNode)	4050	/Users/nima/Developer/NullAwayFixer/Projects/jadx/jadx-core/src/main/java/jadx/core/dex/visitors/blocks/DominatorTree.java	null	null	null	null	null	null
DEREFERENCE_NULLABLE	dereferenced expression block is @Nullable	jadx.core.dex.visitors.blocks.DominatorTree	addToDF(jadx.core.dex.nodes.BlockNode,jadx.core.dex.nodes.BlockNode,int)	4367	/Users/nima/Developer/NullAwayFixer/Projects/jadx/jadx-core/src/main/java/jadx/core/dex/visitors/blocks/DominatorTree.java	null	null	null	null	null	null
DEREFERENCE_NULLABLE	dereferenced expression mth.getBasicBlocks() is @Nullable	jadx.core.dex.visitors.blocks.BlockSplitter	visit(jadx.core.dex.nodes.MethodNode)	1817	/Users/nima/Developer/NullAwayFixer/Projects/jadx/jadx-core/src/main/java/jadx/core/dex/visitors/blocks/BlockSplitter.java	null	null	null	null	null	null
DEREFERENCE_NULLABLE	enhanced-for expression mth.getInstructions() is @Nullable	jadx.core.dex.visitors.blocks.BlockSplitter	splitBasicBlocks(jadx.core.dex.nodes.MethodNode)	2376	/Users/nima/Developer/NullAwayFixer/Projects/jadx/jadx-core/src/main/java/jadx/core/dex/visitors/blocks/BlockSplitter.java	null	null	null	null	null	null
DEREFERENCE_NULLABLE	dereferenced expression mth.getBasicBlocks() is @Nullable	jadx.core.dex.visitors.blocks.BlockSplitter	initBlocksInTargetNodes(jadx.core.dex.nodes.MethodNode)	3653	/Users/nima/Developer/NullAwayFixer/Projects/jadx/jadx-core/src/main/java/jadx/core/dex/visitors/blocks/BlockSplitter.java	null	null	null	null	null	null
DEREFERENCE_NULLABLE	dereferenced expression blocks is @Nullable	jadx.core.dex.visitors.blocks.BlockSplitter	startNewBlock(jadx.core.dex.nodes.MethodNode,int)	4209	/Users/nima/Developer/NullAwayFixer/Projects/jadx/jadx-core/src/main/java/jadx/core/dex/visitors/blocks/BlockSplitter.java	null	null	null	null	null	null
DEREFERENCE_NULLABLE	dereferenced expression to is @Nullable	jadx.core.dex.visitors.blocks.BlockSplitter	connect(jadx.core.dex.nodes.BlockNode,jadx.core.dex.nodes.BlockNode)	4432	/Users/nima/Developer/NullAwayFixer/Projects/jadx/jadx-core/src/main/java/jadx/core/dex/visitors/blocks/BlockSplitter.java	null	null	null	null	null	null
DEREFERENCE_NULLABLE	dereferenced expression from is @Nullable	jadx.core.dex.visitors.blocks.BlockSplitter	removeConnection(jadx.core.dex.nodes.BlockNode,jadx.core.dex.nodes.BlockNode)	4605	/Users/nima/Developer/NullAwayFixer/Projects/jadx/jadx-core/src/main/java/jadx/core/dex/visitors/blocks/BlockSplitter.java	null	null	null	null	null	null
DEREFERENCE_NULLABLE	dereferenced expression to is @Nullable	jadx.core.dex.visitors.blocks.BlockSplitter	removeConnection(jadx.core.dex.nodes.BlockNode,jadx.core.dex.nodes.BlockNode)	4640	/Users/nima/Developer/NullAwayFixer/Projects/jadx/jadx-core/src/main/java/jadx/core/dex/visitors/blocks/BlockSplitter.java	null	null	null	null	null	null
DEREFERENCE_NULLABLE	dereferenced expression block is @Nullable	jadx.core.dex.visitors.blocks.BlockSplitter	removePredecessors(jadx.core.dex.nodes.BlockNode)	4771	/Users/nima/Developer/NullAwayFixer/Projects/jadx/jadx-core/src/main/java/jadx/core/dex/visitors/blocks/BlockSplitter.java	null	null	null	null	null	null
DEREFERENCE_NULLABLE	enhanced-for expression mth.getBasicBlocks() is @Nullable	jadx.core.dex.visitors.blocks.BlockSplitter	setupConnectionsFromJumps(jadx.core.dex.nodes.MethodNode,java.util.Map<java.lang.Integer,jadx.core.dex.nodes.BlockNode>)	6486	/Users/nima/Developer/NullAwayFixer/Projects/jadx/jadx-core/src/main/java/jadx/core/dex/visitors/blocks/BlockSplitter.java	null	null	null	null	null	null
DEREFERENCE_NULLABLE	enhanced-for expression mth.getBasicBlocks() is @Nullable	jadx.core.dex.visitors.blocks.BlockSplitter	addTempConnectionsForExcHandlers(jadx.core.dex.nodes.MethodNode,java.util.Map<java.lang.Integer,jadx.core.dex.nodes.BlockNode>)	7190	/Users/nima/Developer/NullAwayFixer/Projects/jadx/jadx-core/src/main/java/jadx/core/dex/visitors/blocks/BlockSplitter.java	null	null	null	null	null	null
DEREFERENCE_NULLABLE	enhanced-for expression mth.getBasicBlocks() is @Nullable	jadx.core.dex.visitors.blocks.BlockSplitter	setupExitConnections(jadx.core.dex.nodes.MethodNode)	8124	/Users/nima/Developer/NullAwayFixer/Projects/jadx/jadx-core/src/main/java/jadx/core/dex/visitors/blocks/BlockSplitter.java	null	null	null	null	null	null
DEREFERENCE_NULLABLE	enhanced-for expression mth.getBasicBlocks() is @Nullable	jadx.core.dex.visitors.blocks.BlockSplitter	expandMoveMulti(jadx.core.dex.nodes.MethodNode)	9469	/Users/nima/Developer/NullAwayFixer/Projects/jadx/jadx-core/src/main/java/jadx/core/dex/visitors/blocks/BlockSplitter.java	null	null	null	null	null	null
DEREFERENCE_NULLABLE	enhanced-for expression mth.getBasicBlocks() is @Nullable	jadx.core.dex.visitors.blocks.BlockSplitter	removeJumpAttr(jadx.core.dex.nodes.MethodNode)	10303	/Users/nima/Developer/NullAwayFixer/Projects/jadx/jadx-core/src/main/java/jadx/core/dex/visitors/blocks/BlockSplitter.java	null	null	null	null	null	null
DEREFERENCE_NULLABLE	enhanced-for expression mth.getBasicBlocks() is @Nullable	jadx.core.dex.visitors.blocks.BlockSplitter	removeInsns(jadx.core.dex.nodes.MethodNode)	10496	/Users/nima/Developer/NullAwayFixer/Projects/jadx/jadx-core/src/main/java/jadx/core/dex/visitors/blocks/BlockSplitter.java	null	null	null	null	null	null
DEREFERENCE_NULLABLE	enhanced-for expression mth.getBasicBlocks() is @Nullable	jadx.core.dex.visitors.blocks.BlockSplitter	detachMarkedBlocks(jadx.core.dex.nodes.MethodNode)	10832	/Users/nima/Developer/NullAwayFixer/Projects/jadx/jadx-core/src/main/java/jadx/core/dex/visitors/blocks/BlockSplitter.java	null	null	null	null	null	null
DEREFERENCE_NULLABLE	dereferenced expression mth.getBasicBlocks() is @Nullable	jadx.core.dex.visitors.blocks.BlockSplitter	removeEmptyDetachedBlocks(jadx.core.dex.nodes.MethodNode)	11024	/Users/nima/Developer/NullAwayFixer/Projects/jadx/jadx-core/src/main/java/jadx/core/dex/visitors/blocks/BlockSplitter.java	null	null	null	null	null	null
DEREFERENCE_NULLABLE	dereferenced expression mth.getBasicBlocks() is @Nullable	jadx.core.dex.visitors.blocks.BlockProcessor	visit(jadx.core.dex.nodes.MethodNode)	1210	/Users/nima/Developer/NullAwayFixer/Projects/jadx/jadx-core/src/main/java/jadx/core/dex/visitors/blocks/BlockProcessor.java	null	null	null	null	null	null
DEREFERENCE_NULLABLE	dereferenced expression mth.getBasicBlocks() is @Nullable	jadx.core.dex.visitors.blocks.BlockProcessor	processBlocksTree(jadx.core.dex.nodes.MethodNode)	1792	/Users/nima/Developer/NullAwayFixer/Projects/jadx/jadx-core/src/main/java/jadx/core/dex/visitors/blocks/BlockProcessor.java	null	null	null	null	null	null
DEREFERENCE_NULLABLE	dereferenced expression mth.getBasicBlocks() is @Nullable	jadx.core.dex.visitors.blocks.BlockProcessor	updateCleanSuccessors(jadx.core.dex.nodes.MethodNode)	2134	/Users/nima/Developer/NullAwayFixer/Projects/jadx/jadx-core/src/main/java/jadx/core/dex/visitors/blocks/BlockProcessor.java	null	null	null	null	null	null
DEREFERENCE_NULLABLE	enhanced-for expression mth.getBasicBlocks() is @Nullable	jadx.core.dex.visitors.blocks.BlockProcessor	checkForUnreachableBlocks(jadx.core.dex.nodes.MethodNode)	2269	/Users/nima/Developer/NullAwayFixer/Projects/jadx/jadx-core/src/main/java/jadx/core/dex/visitors/blocks/BlockProcessor.java	null	null	null	null	null	null
DEREFERENCE_NULLABLE	dereferenced expression mth.getBasicBlocks() is @Nullable	jadx.core.dex.visitors.blocks.BlockProcessor	markLoops(jadx.core.dex.nodes.MethodNode)	6223	/Users/nima/Developer/NullAwayFixer/Projects/jadx/jadx-core/src/main/java/jadx/core/dex/visitors/blocks/BlockProcessor.java	null	null	null	null	null	null
DEREFERENCE_NULLABLE	dereferenced expression block.getDoms() is @Nullable	jadx.core.dex.visitors.blocks.BlockProcessor	markLoops(jadx.core.dex.nodes.MethodNode)	6436	/Users/nima/Developer/NullAwayFixer/Projects/jadx/jadx-core/src/main/java/jadx/core/dex/visitors/blocks/BlockProcessor.java	null	null	null	null	null	null
DEREFERENCE_NULLABLE	dereferenced expression mth.getBasicBlocks() is @Nullable	jadx.core.dex.visitors.blocks.BlockProcessor	registerLoops(jadx.core.dex.nodes.MethodNode)	6875	/Users/nima/Developer/NullAwayFixer/Projects/jadx/jadx-core/src/main/java/jadx/core/dex/visitors/blocks/BlockProcessor.java	null	null	null	null	null	null
DEREFERENCE_NULLABLE	enhanced-for expression mth.getLoops() is @Nullable	jadx.core.dex.visitors.blocks.BlockProcessor	processNestedLoops(jadx.core.dex.nodes.MethodNode)	7139	/Users/nima/Developer/NullAwayFixer/Projects/jadx/jadx-core/src/main/java/jadx/core/dex/visitors/blocks/BlockProcessor.java	null	null	null	null	null	null
DEREFERENCE_NULLABLE	enhanced-for expression mth.getBasicBlocks() is @Nullable	jadx.core.dex.visitors.blocks.BlockProcessor	modifyBlocksTree(jadx.core.dex.nodes.MethodNode)	7806	/Users/nima/Developer/NullAwayFixer/Projects/jadx/jadx-core/src/main/java/jadx/core/dex/visitors/blocks/BlockProcessor.java	null	null	null	null	null	null
DEREFERENCE_NULLABLE	dereferenced expression constArg is @Nullable	jadx.core.dex.visitors.blocks.BlockProcessor	mergeConstReturn(jadx.core.dex.nodes.MethodNode)	8651	/Users/nima/Developer/NullAwayFixer/Projects/jadx/jadx-core/src/main/java/jadx/core/dex/visitors/blocks/BlockProcessor.java	null	null	null	null	null	null
DEREFERENCE_NULLABLE	enhanced-for expression basicBlocks is @Nullable	jadx.core.dex.visitors.blocks.BlockProcessor	independentBlockTreeMod(jadx.core.dex.nodes.MethodNode)	9501	/Users/nima/Developer/NullAwayFixer/Projects/jadx/jadx-core/src/main/java/jadx/core/dex/visitors/blocks/BlockProcessor.java	null	null	null	null	null	null
DEREFERENCE_NULLABLE	enhanced-for expression mth.getBasicBlocks() is @Nullable	jadx.core.dex.visitors.blocks.BlockProcessor	updateExitBlockConnections(jadx.core.dex.nodes.MethodNode)	14442	/Users/nima/Developer/NullAwayFixer/Projects/jadx/jadx-core/src/main/java/jadx/core/dex/visitors/blocks/BlockProcessor.java	null	null	null	null	null	null
DEREFERENCE_NULLABLE	dereferenced expression mth.getBasicBlocks() is @Nullable	jadx.core.dex.visitors.blocks.BlockProcessor	removeMarkedBlocks(jadx.core.dex.nodes.MethodNode)	16493	/Users/nima/Developer/NullAwayFixer/Projects/jadx/jadx-core/src/main/java/jadx/core/dex/visitors/blocks/BlockProcessor.java	null	null	null	null	null	null
DEREFERENCE_NULLABLE	enhanced-for expression mth.getBasicBlocks() is @Nullable	jadx.core.dex.visitors.blocks.BlockProcessor	removeUnreachableBlocks(jadx.core.dex.nodes.MethodNode)	17031	/Users/nima/Developer/NullAwayFixer/Projects/jadx/jadx-core/src/main/java/jadx/core/dex/visitors/blocks/BlockProcessor.java	null	null	null	null	null	null
DEREFERENCE_NULLABLE	dereferenced expression mth.getBasicBlocks() is @Nullable	jadx.core.dex.visitors.blocks.BlockProcessor	clearBlocksState(jadx.core.dex.nodes.MethodNode)	17831	/Users/nima/Developer/NullAwayFixer/Projects/jadx/jadx-core/src/main/java/jadx/core/dex/visitors/blocks/BlockProcessor.java	null	null	null	null	null	null
DEREFERENCE_NULLABLE	dereferenced expression mth.getBasicBlocks() is @Nullable	jadx.core.dex.visitors.blocks.BlockExceptionHandler	process(jadx.core.dex.nodes.MethodNode)	2029	/Users/nima/Developer/NullAwayFixer/Projects/jadx/jadx-core/src/main/java/jadx/core/dex/visitors/blocks/BlockExceptionHandler.java	null	null	null	null	null	null
DEREFERENCE_NULLABLE	enhanced-for expression mth.getExceptionHandlers() is @Nullable	jadx.core.dex.visitors.blocks.BlockExceptionHandler	process(jadx.core.dex.nodes.MethodNode)	2096	/Users/nima/Developer/NullAwayFixer/Projects/jadx/jadx-core/src/main/java/jadx/core/dex/visitors/blocks/BlockExceptionHandler.java	null	null	null	null	null	null
DEREFERENCE_NULLABLE	enhanced-for expression mth.getBasicBlocks() is @Nullable	jadx.core.dex.visitors.blocks.BlockExceptionHandler	processCatchAttr(jadx.core.dex.nodes.MethodNode)	3189	/Users/nima/Developer/NullAwayFixer/Projects/jadx/jadx-core/src/main/java/jadx/core/dex/visitors/blocks/BlockExceptionHandler.java	null	null	null	null	null	null
DEREFERENCE_NULLABLE	dereferenced expression blocks is @Nullable	jadx.core.dex.visitors.blocks.BlockExceptionHandler	initExcHandlers(jadx.core.dex.nodes.MethodNode)	4539	/Users/nima/Developer/NullAwayFixer/Projects/jadx/jadx-core/src/main/java/jadx/core/dex/visitors/blocks/BlockExceptionHandler.java	null	null	null	null	null	null
DEREFERENCE_NULLABLE	enhanced-for expression mth.getBasicBlocks() is @Nullable	jadx.core.dex.visitors.blocks.BlockExceptionHandler	prepareTryBlocks(jadx.core.dex.nodes.MethodNode)	6185	/Users/nima/Developer/NullAwayFixer/Projects/jadx/jadx-core/src/main/java/jadx/core/dex/visitors/blocks/BlockExceptionHandler.java	null	null	null	null	null	null
DEREFERENCE_NULLABLE	dereferenced expression mth.getExceptionHandlers() is @Nullable	jadx.core.dex.visitors.blocks.BlockExceptionHandler	prepareTryBlocks(jadx.core.dex.nodes.MethodNode)	6772	/Users/nima/Developer/NullAwayFixer/Projects/jadx/jadx-core/src/main/java/jadx/core/dex/visitors/blocks/BlockExceptionHandler.java	null	null	null	null	null	null
DEREFERENCE_NULLABLE	dereferenced expression top.getCleanSuccessors() is @Nullable	jadx.core.dex.visitors.blocks.BlockExceptionHandler	getTopSplitterBlock(jadx.core.dex.nodes.MethodNode,jadx.core.dex.nodes.BlockNode)	13985	/Users/nima/Developer/NullAwayFixer/Projects/jadx/jadx-core/src/main/java/jadx/core/dex/visitors/blocks/BlockExceptionHandler.java	null	null	null	null	null	null
DEREFERENCE_NULLABLE	dereferenced expression me.getResult() is @Nullable	jadx.core.dex.visitors.blocks.BlockExceptionHandler	fixMoveExceptionInsn(jadx.core.dex.nodes.BlockNode,jadx.core.dex.trycatch.ExcHandlerAttr)	17665	/Users/nima/Developer/NullAwayFixer/Projects/jadx/jadx-core/src/main/java/jadx/core/dex/visitors/blocks/BlockExceptionHandler.java	null	null	null	null	null	null
DEREFERENCE_NULLABLE	dereferenced expression block is @Nullable	jadx.core.dex.visitors.blocks.BlockExceptionHandler	mergeMultiCatch(jadx.core.dex.nodes.MethodNode,jadx.core.dex.trycatch.TryCatchBlockAttr)	19121	/Users/nima/Developer/NullAwayFixer/Projects/jadx/jadx-core/src/main/java/jadx/core/dex/visitors/blocks/BlockExceptionHandler.java	null	null	null	null	null	null
DEREFERENCE_NULLABLE	dereferenced expression loopEnd.getDoms() is @Nullable	jadx.core.dex.visitors.blocks.FixMultiEntryLoops	isSingleEntryLoop(jadx.core.dex.attributes.nodes.SpecialEdgeAttr)	2638	/Users/nima/Developer/NullAwayFixer/Projects/jadx/jadx-core/src/main/java/jadx/core/dex/visitors/blocks/FixMultiEntryLoops.java	null	null	null	null	null	null
DEREFERENCE_NULLABLE	dereferenced expression blocks is @Nullable	jadx.core.dex.visitors.blocks.FixMultiEntryLoops	detectSpecialEdges(jadx.core.dex.nodes.MethodNode)	2908	/Users/nima/Developer/NullAwayFixer/Projects/jadx/jadx-core/src/main/java/jadx/core/dex/visitors/blocks/FixMultiEntryLoops.java	null	null	null	null	null	null
DEREFERENCE_NULLABLE	dereferenced expression mth.getEnterBlock() is @Nullable	jadx.core.dex.visitors.blocks.FixMultiEntryLoops	detectSpecialEdges(jadx.core.dex.nodes.MethodNode)	2997	/Users/nima/Developer/NullAwayFixer/Projects/jadx/jadx-core/src/main/java/jadx/core/dex/visitors/blocks/FixMultiEntryLoops.java	null	null	null	null	null	null
DEREFERENCE_NULLABLE	dereferenced expression insnByOffset is @Nullable	jadx.core.dex.visitors.ProcessInstructionsVisitor	initJumps(jadx.core.dex.nodes.MethodNode,@org.jetbrains.annotations.Nullable jadx.core.dex.nodes.InsnNode[])	1429	/Users/nima/Developer/NullAwayFixer/Projects/jadx/jadx-core/src/main/java/jadx/core/dex/visitors/ProcessInstructionsVisitor.java	null	null	null	null	null	null
DEREFERENCE_NULLABLE	dereferenced expression ((BaseInvokeNode) insn).getCallMth() is @Nullable	jadx.core.dex.visitors.ProcessInstructionsVisitor	initJumps(jadx.core.dex.nodes.MethodNode,@org.jetbrains.annotations.Nullable jadx.core.dex.nodes.InsnNode[])	2383	/Users/nima/Developer/NullAwayFixer/Projects/jadx/jadx-core/src/main/java/jadx/core/dex/visitors/ProcessInstructionsVisitor.java	null	null	null	null	null	null
DEREFERENCE_NULLABLE	dereferenced expression moveRes is @Nullable	jadx.core.dex.visitors.ProcessInstructionsVisitor	mergeMoveResult(jadx.core.dex.nodes.InsnNode[],int,jadx.core.dex.nodes.InsnNode,@org.jetbrains.annotations.Nullable jadx.core.dex.instructions.args.ArgType)	4555	/Users/nima/Developer/NullAwayFixer/Projects/jadx/jadx-core/src/main/java/jadx/core/dex/visitors/ProcessInstructionsVisitor.java	null	null	null	null	null	null
DEREFERENCE_NULLABLE	dereferenced expression mth.getCodeReader() is @Nullable	jadx.core.dex.visitors.AttachTryCatchVisitor	visit(jadx.core.dex.nodes.MethodNode)	1549	/Users/nima/Developer/NullAwayFixer/Projects/jadx/jadx-core/src/main/java/jadx/core/dex/visitors/AttachTryCatchVisitor.java	null	null	null	null	null	null
DEREFERENCE_NULLABLE	dereferenced expression insnByOffset is @Nullable	jadx.core.dex.visitors.AttachTryCatchVisitor	markTryBounds(@org.jetbrains.annotations.Nullable jadx.core.dex.nodes.InsnNode[],jadx.api.plugins.input.data.ITry,jadx.core.dex.trycatch.CatchAttr)	2411	/Users/nima/Developer/NullAwayFixer/Projects/jadx/jadx-core/src/main/java/jadx/core/dex/visitors/AttachTryCatchVisitor.java	null	null	null	null	null	null
DEREFERENCE_NULLABLE	dereferenced expression insn is @Nullable	jadx.core.dex.visitors.AttachTryCatchVisitor	markTryBounds(@org.jetbrains.annotations.Nullable jadx.core.dex.nodes.InsnNode[],jadx.api.plugins.input.data.ITry,jadx.core.dex.trycatch.CatchAttr)	2751	/Users/nima/Developer/NullAwayFixer/Projects/jadx/jadx-core/src/main/java/jadx/core/dex/visitors/AttachTryCatchVisitor.java	null	null	null	null	null	null
DEREFERENCE_NULLABLE	dereferenced expression insnByOffset is @Nullable	jadx.core.dex.visitors.AttachTryCatchVisitor	createHandler(jadx.core.dex.nodes.MethodNode,@org.jetbrains.annotations.Nullable jadx.core.dex.nodes.InsnNode[],int,@org.jetbrains.annotations.Nullable jadx.core.dex.info.ClassInfo)	4370	/Users/nima/Developer/NullAwayFixer/Projects/jadx/jadx-core/src/main/java/jadx/core/dex/visitors/AttachTryCatchVisitor.java	null	null	null	null	null	null
DEREFERENCE_NULLABLE	dereferenced expression insnByOffset is @Nullable	jadx.core.dex.visitors.AttachTryCatchVisitor	insertNOP(@org.jetbrains.annotations.Nullable jadx.core.dex.nodes.InsnNode[],int)	6552	/Users/nima/Developer/NullAwayFixer/Projects/jadx/jadx-core/src/main/java/jadx/core/dex/visitors/AttachTryCatchVisitor.java	null	null	null	null	null	null
DEREFERENCE_NULLABLE	enhanced-for expression mth.getBasicBlocks() is @Nullable	jadx.core.dex.visitors.SimplifyVisitor	visit(jadx.core.dex.nodes.MethodNode)	2336	/Users/nima/Developer/NullAwayFixer/Projects/jadx/jadx-core/src/main/java/jadx/core/dex/visitors/SimplifyVisitor.java	null	null	null	null	null	null
DEREFERENCE_NULLABLE	dereferenced expression insn.getCallMth() is @Nullable	jadx.core.dex.visitors.SimplifyVisitor	simplifyStringConstructor(jadx.core.dex.nodes.MethodNode,jadx.core.dex.instructions.mods.ConstructorInsn)	4999	/Users/nima/Developer/NullAwayFixer/Projects/jadx/jadx-core/src/main/java/jadx/core/dex/visitors/SimplifyVisitor.java	null	null	null	null	null	null
DEREFERENCE_NULLABLE	dereferenced expression stringGetBytesMth is @Nullable	jadx.core.dex.visitors.SimplifyVisitor	simplifyStringConstructor(jadx.core.dex.nodes.MethodNode,jadx.core.dex.instructions.mods.ConstructorInsn)	6329	/Users/nima/Developer/NullAwayFixer/Projects/jadx/jadx-core/src/main/java/jadx/core/dex/visitors/SimplifyVisitor.java	null	null	null	null	null	null
DEREFERENCE_NULLABLE	dereferenced expression ((InvokeNode) wrapInsn).getCallMth() is @Nullable	jadx.core.dex.visitors.SimplifyVisitor	processCast(jadx.core.dex.nodes.MethodNode,jadx.core.dex.instructions.IndexInsnNode,@org.jetbrains.annotations.Nullable jadx.core.dex.nodes.InsnNode)	6979	/Users/nima/Developer/NullAwayFixer/Projects/jadx/jadx-core/src/main/java/jadx/core/dex/visitors/SimplifyVisitor.java	null	null	null	null	null	null
DEREFERENCE_NULLABLE	dereferenced expression assignCastType is @Nullable	jadx.core.dex.visitors.SimplifyVisitor	isCastDuplicate(jadx.core.dex.instructions.IndexInsnNode)	7953	/Users/nima/Developer/NullAwayFixer/Projects/jadx/jadx-core/src/main/java/jadx/core/dex/visitors/SimplifyVisitor.java	null	null	null	null	null	null
DEREFERENCE_NULLABLE	dereferenced expression condition is @Nullable	jadx.core.dex.visitors.SimplifyVisitor	simplifyTernary(jadx.core.dex.nodes.MethodNode,jadx.core.dex.instructions.mods.TernaryInsn)	9164	/Users/nima/Developer/NullAwayFixer/Projects/jadx/jadx-core/src/main/java/jadx/core/dex/visitors/SimplifyVisitor.java	null	null	null	null	null	null
DEREFERENCE_NULLABLE	dereferenced expression condition.getCompare() is @Nullable	jadx.core.dex.visitors.SimplifyVisitor	simplifyTernary(jadx.core.dex.nodes.MethodNode,jadx.core.dex.instructions.mods.TernaryInsn)	9208	/Users/nima/Developer/NullAwayFixer/Projects/jadx/jadx-core/src/main/java/jadx/core/dex/visitors/SimplifyVisitor.java	null	null	null	null	null	null
DEREFERENCE_NULLABLE	dereferenced expression callMth is @Nullable	jadx.core.dex.visitors.SimplifyVisitor	convertInvoke(jadx.core.dex.nodes.MethodNode,jadx.core.dex.instructions.InvokeNode)	9681	/Users/nima/Developer/NullAwayFixer/Projects/jadx/jadx-core/src/main/java/jadx/core/dex/visitors/SimplifyVisitor.java	null	null	null	null	null	null
DEREFERENCE_NULLABLE	dereferenced expression sVar is @Nullable	jadx.core.dex.visitors.SimplifyVisitor	collectUseChain(jadx.core.dex.nodes.MethodNode,jadx.core.dex.instructions.InvokeNode,jadx.core.dex.instructions.args.RegisterArg)	10605	/Users/nima/Developer/NullAwayFixer/Projects/jadx/jadx-core/src/main/java/jadx/core/dex/visitors/SimplifyVisitor.java	null	null	null	null	null	null
DEREFERENCE_NULLABLE	dereferenced expression constrInsn.getCallMth() is @Nullable	jadx.core.dex.visitors.SimplifyVisitor	convertStringBuilderChain(jadx.core.dex.nodes.MethodNode,jadx.core.dex.instructions.InvokeNode,java.util.List<jadx.core.dex.nodes.InsnNode>)	12402	/Users/nima/Developer/NullAwayFixer/Projects/jadx/jadx-core/src/main/java/jadx/core/dex/visitors/SimplifyVisitor.java	null	null	null	null	null	null
DEREFERENCE_NULLABLE	dereferenced expression arg.getType() is @Nullable	jadx.core.dex.visitors.SimplifyVisitor	convertStringBuilderChain(jadx.core.dex.nodes.MethodNode,jadx.core.dex.instructions.InvokeNode,java.util.List<jadx.core.dex.nodes.InsnNode>)	12822	/Users/nima/Developer/NullAwayFixer/Projects/jadx/jadx-core/src/main/java/jadx/core/dex/visitors/SimplifyVisitor.java	null	null	null	null	null	null
DEREFERENCE_NULLABLE	dereferenced expression callMth is @Nullable	jadx.core.dex.visitors.SimplifyVisitor	getArgFromAppend(jadx.core.dex.nodes.InsnNode)	16919	/Users/nima/Developer/NullAwayFixer/Projects/jadx/jadx-core/src/main/java/jadx/core/dex/visitors/SimplifyVisitor.java	null	null	null	null	null	null
DEREFERENCE_NULLABLE	dereferenced expression field is @Nullable	jadx.core.dex.visitors.SimplifyVisitor	convertFieldArith(jadx.core.dex.nodes.MethodNode,jadx.core.dex.nodes.InsnNode)	19201	/Users/nima/Developer/NullAwayFixer/Projects/jadx/jadx-core/src/main/java/jadx/core/dex/visitors/SimplifyVisitor.java	null	null	null	null	null	null
DEREFERENCE_NULLABLE	dereferenced expression mth.getBasicBlocks() is @Nullable	jadx.core.dex.visitors.regions.RegionMaker	RegionMaker(jadx.core.dex.nodes.MethodNode)	2587	/Users/nima/Developer/NullAwayFixer/Projects/jadx/jadx-core/src/main/java/jadx/core/dex/visitors/regions/RegionMaker.java	null	null	null	null	null	null
DEREFERENCE_NULLABLE	dereferenced expression condInfo is @Nullable	jadx.core.dex.visitors.regions.RegionMaker	processLoop(jadx.core.dex.nodes.IRegion,jadx.core.dex.attributes.nodes.LoopInfo,jadx.core.dex.visitors.regions.RegionStack)	6761	/Users/nima/Developer/NullAwayFixer/Projects/jadx/jadx-core/src/main/java/jadx/core/dex/visitors/regions/RegionMaker.java	null	null	null	null	null	null
DEREFERENCE_NULLABLE	dereferenced expression out is @Nullable	jadx.core.dex.visitors.regions.RegionMaker	processLoop(jadx.core.dex.nodes.IRegion,jadx.core.dex.attributes.nodes.LoopInfo,jadx.core.dex.visitors.regions.RegionStack)	7928	/Users/nima/Developer/NullAwayFixer/Projects/jadx/jadx-core/src/main/java/jadx/core/dex/visitors/regions/RegionMaker.java	null	null	null	null	null	null
DEREFERENCE_NULLABLE	enhanced-for expression block.getCleanSuccessors() is @Nullable	jadx.core.dex.visitors.regions.RegionMaker	makeLoopRegion(jadx.core.dex.nodes.IRegion,jadx.core.dex.attributes.nodes.LoopInfo,java.util.List<jadx.core.dex.nodes.BlockNode>)	10245	/Users/nima/Developer/NullAwayFixer/Projects/jadx/jadx-core/src/main/java/jadx/core/dex/visitors/regions/RegionMaker.java	null	null	null	null	null	null
DEREFERENCE_NULLABLE	enhanced-for expression mth.getExceptionHandlers() is @Nullable	jadx.core.dex.visitors.regions.RegionMaker	inExceptionHandlerBlocks(jadx.core.dex.nodes.BlockNode)	13516	/Users/nima/Developer/NullAwayFixer/Projects/jadx/jadx-core/src/main/java/jadx/core/dex/visitors/regions/RegionMaker.java	null	null	null	null	null	null
DEREFERENCE_NULLABLE	dereferenced expression exitEnd is @Nullable	jadx.core.dex.visitors.regions.RegionMaker	insertLoopBreak(jadx.core.dex.visitors.regions.RegionStack,jadx.core.dex.attributes.nodes.LoopInfo,jadx.core.dex.nodes.BlockNode,jadx.core.dex.nodes.Edge)	14674	/Users/nima/Developer/NullAwayFixer/Projects/jadx/jadx-core/src/main/java/jadx/core/dex/visitors/regions/RegionMaker.java	null	null	null	null	null	null
DEREFERENCE_NULLABLE	dereferenced expression cs is @Nullable	jadx.core.dex.visitors.regions.RegionMaker	insertLoopBreak(jadx.core.dex.visitors.regions.RegionStack,jadx.core.dex.attributes.nodes.LoopInfo,jadx.core.dex.nodes.BlockNode,jadx.core.dex.nodes.Edge)	15296	/Users/nima/Developer/NullAwayFixer/Projects/jadx/jadx-core/src/main/java/jadx/core/dex/visitors/regions/RegionMaker.java	null	null	null	null	null	null
DEREFERENCE_NULLABLE	enhanced-for expression block.getCleanSuccessors() is @Nullable	jadx.core.dex.visitors.regions.RegionMaker	traverseMonitorExitsCross(jadx.core.dex.nodes.BlockNode,java.util.Set<jadx.core.dex.nodes.BlockNode>,java.util.Set<jadx.core.dex.nodes.BlockNode>)	20671	/Users/nima/Developer/NullAwayFixer/Projects/jadx/jadx-core/src/main/java/jadx/core/dex/visitors/regions/RegionMaker.java	null	null	null	null	null	null
DEREFERENCE_NULLABLE	dereferenced expression targetBlocksArr is @Nullable	jadx.core.dex.visitors.regions.RegionMaker	processSwitch(jadx.core.dex.nodes.IRegion,jadx.core.dex.nodes.BlockNode,jadx.core.dex.instructions.SwitchInsn,jadx.core.dex.visitors.regions.RegionStack)	23934	/Users/nima/Developer/NullAwayFixer/Projects/jadx/jadx-core/src/main/java/jadx/core/dex/visitors/regions/RegionMaker.java	null	null	null	null	null	null
DEREFERENCE_NULLABLE	enhanced-for expression block.getCleanSuccessors() is @Nullable	jadx.core.dex.visitors.regions.RegionMaker	processSwitch(jadx.core.dex.nodes.IRegion,jadx.core.dex.nodes.BlockNode,jadx.core.dex.instructions.SwitchInsn,jadx.core.dex.visitors.regions.RegionStack)	25677	/Users/nima/Developer/NullAwayFixer/Projects/jadx/jadx-core/src/main/java/jadx/core/dex/visitors/regions/RegionMaker.java	null	null	null	null	null	null
DEREFERENCE_NULLABLE	dereferenced expression df is @Nullable	jadx.core.dex.visitors.regions.RegionMaker	searchFallThroughCase(jadx.core.dex.nodes.BlockNode,jadx.core.dex.nodes.BlockNode,java.util.BitSet)	27278	/Users/nima/Developer/NullAwayFixer/Projects/jadx/jadx-core/src/main/java/jadx/core/dex/visitors/regions/RegionMaker.java	null	null	null	null	null	null
DEREFERENCE_NULLABLE	dereferenced expression mth.getExitBlock() is @Nullable	jadx.core.dex.visitors.regions.RegionMaker	calcPostDomOut(jadx.core.dex.nodes.MethodNode,jadx.core.dex.nodes.BlockNode,java.util.List<jadx.core.dex.nodes.BlockNode>)	28167	/Users/nima/Developer/NullAwayFixer/Projects/jadx/jadx-core/src/main/java/jadx/core/dex/visitors/regions/RegionMaker.java	null	null	null	null	null	null
DEREFERENCE_NULLABLE	enhanced-for expression block.getCleanSuccessors() is @Nullable	jadx.core.dex.visitors.regions.RegionMaker	calcPostDomOut(jadx.core.dex.nodes.MethodNode,jadx.core.dex.nodes.BlockNode,java.util.List<jadx.core.dex.nodes.BlockNode>)	28540	/Users/nima/Developer/NullAwayFixer/Projects/jadx/jadx-core/src/main/java/jadx/core/dex/visitors/regions/RegionMaker.java	null	null	null	null	null	null
DEREFERENCE_NULLABLE	enhanced-for expression block.getCleanSuccessors() is @Nullable	jadx.core.dex.visitors.regions.RegionMaker	insertContinueInSwitch(jadx.core.dex.nodes.BlockNode,jadx.core.dex.nodes.BlockNode,jadx.core.dex.nodes.BlockNode)	31264	/Users/nima/Developer/NullAwayFixer/Projects/jadx/jadx-core/src/main/java/jadx/core/dex/visitors/regions/RegionMaker.java	null	null	null	null	null	null
DEREFERENCE_NULLABLE	dereferenced expression s.getDomFrontier() is @Nullable	jadx.core.dex.visitors.regions.RegionMaker	insertContinueInSwitch(jadx.core.dex.nodes.BlockNode,jadx.core.dex.nodes.BlockNode,jadx.core.dex.nodes.BlockNode)	31320	/Users/nima/Developer/NullAwayFixer/Projects/jadx/jadx-core/src/main/java/jadx/core/dex/visitors/regions/RegionMaker.java	null	null	null	null	null	null
DEREFERENCE_NULLABLE	dereferenced expression handler.getHandlerRegion() is @Nullable	jadx.core.dex.visitors.regions.RegionMaker	processExcHandler(jadx.core.dex.nodes.MethodNode,jadx.core.dex.trycatch.ExceptionHandler,java.util.Set<jadx.core.dex.nodes.BlockNode>)	35227	/Users/nima/Developer/NullAwayFixer/Projects/jadx/jadx-core/src/main/java/jadx/core/dex/visitors/regions/RegionMaker.java	null	null	null	null	null	null
DEREFERENCE_NULLABLE	dereferenced expression b1 is @Nullable	jadx.core.dex.visitors.regions.RegionMaker	isEqualReturnBlocks(@org.jetbrains.annotations.Nullable jadx.core.dex.nodes.BlockNode,@org.jetbrains.annotations.Nullable jadx.core.dex.nodes.BlockNode)	35838	/Users/nima/Developer/NullAwayFixer/Projects/jadx/jadx-core/src/main/java/jadx/core/dex/visitors/regions/RegionMaker.java	null	null	null	null	null	null
DEREFERENCE_NULLABLE	dereferenced expression b2 is @Nullable	jadx.core.dex.visitors.regions.RegionMaker	isEqualReturnBlocks(@org.jetbrains.annotations.Nullable jadx.core.dex.nodes.BlockNode,@org.jetbrains.annotations.Nullable jadx.core.dex.nodes.BlockNode)	35861	/Users/nima/Developer/NullAwayFixer/Projects/jadx/jadx-core/src/main/java/jadx/core/dex/visitors/regions/RegionMaker.java	null	null	null	null	null	null
DEREFERENCE_NULLABLE	dereferenced expression info is @Nullable	jadx.core.dex.visitors.regions.IfMakerHelper	restructureIf(jadx.core.dex.nodes.MethodNode,jadx.core.dex.nodes.BlockNode,@org.jetbrains.annotations.Nullable jadx.core.dex.regions.conditions.IfInfo)	2020	/Users/nima/Developer/NullAwayFixer/Projects/jadx/jadx-core/src/main/java/jadx/core/dex/visitors/regions/IfMakerHelper.java	null	null	null	null	null	null
DEREFERENCE_NULLABLE	dereferenced expression thenBlock is @Nullable	jadx.core.dex.visitors.regions.IfMakerHelper	restructureIf(jadx.core.dex.nodes.MethodNode,jadx.core.dex.nodes.BlockNode,@org.jetbrains.annotations.Nullable jadx.core.dex.regions.conditions.IfInfo)	2290	/Users/nima/Developer/NullAwayFixer/Projects/jadx/jadx-core/src/main/java/jadx/core/dex/visitors/regions/IfMakerHelper.java	null	null	null	null	null	null
DEREFERENCE_NULLABLE	dereferenced expression elseBlock is @Nullable	jadx.core.dex.visitors.regions.IfMakerHelper	restructureIf(jadx.core.dex.nodes.MethodNode,jadx.core.dex.nodes.BlockNode,@org.jetbrains.annotations.Nullable jadx.core.dex.regions.conditions.IfInfo)	2326	/Users/nima/Developer/NullAwayFixer/Projects/jadx/jadx-core/src/main/java/jadx/core/dex/visitors/regions/IfMakerHelper.java	null	null	null	null	null	null
DEREFERENCE_NULLABLE	dereferenced expression block is @Nullable	jadx.core.dex.visitors.regions.IfMakerHelper	isBadBranchBlock(jadx.core.dex.regions.conditions.IfInfo,@org.jetbrains.annotations.Nullable jadx.core.dex.nodes.BlockNode)	3214	/Users/nima/Developer/NullAwayFixer/Projects/jadx/jadx-core/src/main/java/jadx/core/dex/visitors/regions/IfMakerHelper.java	null	null	null	null	null	null
DEREFERENCE_NULLABLE	dereferenced expression currentIf is @Nullable	jadx.core.dex.visitors.regions.IfMakerHelper	mergeNestedIfNodes(@org.jetbrains.annotations.Nullable jadx.core.dex.regions.conditions.IfInfo)	4213	/Users/nima/Developer/NullAwayFixer/Projects/jadx/jadx-core/src/main/java/jadx/core/dex/visitors/regions/IfMakerHelper.java	null	null	null	null	null	null
DEREFERENCE_NULLABLE	dereferenced expression nextThen.getFirstIfBlock().getDomFrontier() is @Nullable	jadx.core.dex.visitors.regions.IfMakerHelper	checkForTernaryInCondition(jadx.core.dex.regions.conditions.IfInfo)	6921	/Users/nima/Developer/NullAwayFixer/Projects/jadx/jadx-core/src/main/java/jadx/core/dex/visitors/regions/IfMakerHelper.java	null	null	null	null	null	null
DEREFERENCE_NULLABLE	dereferenced expression nextThen is @Nullable	jadx.core.dex.visitors.regions.IfMakerHelper	checkForTernaryInCondition(jadx.core.dex.regions.conditions.IfInfo)	7124	/Users/nima/Developer/NullAwayFixer/Projects/jadx/jadx-core/src/main/java/jadx/core/dex/visitors/regions/IfMakerHelper.java	null	null	null	null	null	null
DEREFERENCE_NULLABLE	dereferenced expression nextElse is @Nullable	jadx.core.dex.visitors.regions.IfMakerHelper	checkForTernaryInCondition(jadx.core.dex.regions.conditions.IfInfo)	7151	/Users/nima/Developer/NullAwayFixer/Projects/jadx/jadx-core/src/main/java/jadx/core/dex/visitors/regions/IfMakerHelper.java	null	null	null	null	null	null
DEREFERENCE_NULLABLE	dereferenced expression from.getCleanSuccessors() is @Nullable	jadx.core.dex.visitors.regions.IfMakerHelper	checkConditionBranches(@org.jetbrains.annotations.Nullable jadx.core.dex.nodes.BlockNode,@org.jetbrains.annotations.Nullable jadx.core.dex.nodes.BlockNode)	8562	/Users/nima/Developer/NullAwayFixer/Projects/jadx/jadx-core/src/main/java/jadx/core/dex/visitors/regions/IfMakerHelper.java	null	null	null	null	null	null
DEREFERENCE_NULLABLE	dereferenced expression from is @Nullable	jadx.core.dex.visitors.regions.IfMakerHelper	checkConditionBranches(@org.jetbrains.annotations.Nullable jadx.core.dex.nodes.BlockNode,@org.jetbrains.annotations.Nullable jadx.core.dex.nodes.BlockNode)	8562	/Users/nima/Developer/NullAwayFixer/Projects/jadx/jadx-core/src/main/java/jadx/core/dex/visitors/regions/IfMakerHelper.java	null	null	null	null	null	null
DEREFERENCE_NULLABLE	dereferenced expression firstSkip is @Nullable	jadx.core.dex.visitors.regions.IfMakerHelper	getBranchBlock(@org.jetbrains.annotations.Nullable jadx.core.dex.nodes.BlockNode,@org.jetbrains.annotations.Nullable jadx.core.dex.nodes.BlockNode,java.util.Set<jadx.core.dex.nodes.BlockNode>,jadx.core.dex.nodes.MethodNode)	10158	/Users/nima/Developer/NullAwayFixer/Projects/jadx/jadx-core/src/main/java/jadx/core/dex/visitors/regions/IfMakerHelper.java	null	null	null	null	null	null
DEREFERENCE_NULLABLE	dereferenced expression info is @Nullable	jadx.core.dex.visitors.regions.IfMakerHelper	confirmMerge(@org.jetbrains.annotations.Nullable jadx.core.dex.regions.conditions.IfInfo)	10563	/Users/nima/Developer/NullAwayFixer/Projects/jadx/jadx-core/src/main/java/jadx/core/dex/visitors/regions/IfMakerHelper.java	null	null	null	null	null	null
DEREFERENCE_NULLABLE	dereferenced expression block is @Nullable	jadx.core.dex.visitors.regions.IfMakerHelper	canSelectNext(jadx.core.dex.regions.conditions.IfInfo,@org.jetbrains.annotations.Nullable jadx.core.dex.nodes.BlockNode)	11316	/Users/nima/Developer/NullAwayFixer/Projects/jadx/jadx-core/src/main/java/jadx/core/dex/visitors/regions/IfMakerHelper.java	null	null	null	null	null	null
DEREFERENCE_NULLABLE	dereferenced expression res.getSVar() is @Nullable	jadx.core.dex.visitors.regions.IfMakerHelper	getNextIfNodeInfo(jadx.core.dex.regions.conditions.IfInfo,@org.jetbrains.annotations.Nullable jadx.core.dex.nodes.BlockNode)	12515	/Users/nima/Developer/NullAwayFixer/Projects/jadx/jadx-core/src/main/java/jadx/core/dex/visitors/regions/IfMakerHelper.java	null	null	null	null	null	null
DEREFERENCE_NULLABLE	dereferenced expression mth.getBasicBlocks() is @Nullable	jadx.core.dex.visitors.regions.CleanRegions	process(jadx.core.dex.nodes.MethodNode)	667	/Users/nima/Developer/NullAwayFixer/Projects/jadx/jadx-core/src/main/java/jadx/core/dex/visitors/regions/CleanRegions.java	null	null	null	null	null	null
DEREFERENCE_NULLABLE	dereferenced expression arg.getSVar() is @Nullable	jadx.core.dex.visitors.regions.LoopRegionVisitor	checkForIndexedLoop(jadx.core.dex.nodes.MethodNode,jadx.core.dex.regions.loops.LoopRegion,jadx.core.dex.regions.conditions.IfCondition)	3931	/Users/nima/Developer/NullAwayFixer/Projects/jadx/jadx-core/src/main/java/jadx/core/dex/visitors/regions/LoopRegionVisitor.java	null	null	null	null	null	null
DEREFERENCE_NULLABLE	dereferenced expression arg is @Nullable	jadx.core.dex.visitors.regions.LoopRegionVisitor	checkForIndexedLoop(jadx.core.dex.nodes.MethodNode,jadx.core.dex.regions.loops.LoopRegion,jadx.core.dex.regions.conditions.IfCondition)	3931	/Users/nima/Developer/NullAwayFixer/Projects/jadx/jadx-core/src/main/java/jadx/core/dex/visitors/regions/LoopRegionVisitor.java	null	null	null	null	null	null
DEREFERENCE_NULLABLE	dereferenced expression initArg.getSVar() is @Nullable	jadx.core.dex.visitors.regions.LoopRegionVisitor	checkForIndexedLoop(jadx.core.dex.nodes.MethodNode,jadx.core.dex.regions.loops.LoopRegion,jadx.core.dex.regions.conditions.IfCondition)	4149	/Users/nima/Developer/NullAwayFixer/Projects/jadx/jadx-core/src/main/java/jadx/core/dex/visitors/regions/LoopRegionVisitor.java	null	null	null	null	null	null
DEREFERENCE_NULLABLE	dereferenced expression sVar is @Nullable	jadx.core.dex.visitors.regions.LoopRegionVisitor	checkArrayForEach(jadx.core.dex.nodes.MethodNode,jadx.core.dex.regions.loops.LoopRegion,jadx.core.dex.nodes.InsnNode,jadx.core.dex.nodes.InsnNode,jadx.core.dex.regions.conditions.IfCondition)	5779	/Users/nima/Developer/NullAwayFixer/Projects/jadx/jadx-core/src/main/java/jadx/core/dex/visitors/regions/LoopRegionVisitor.java	null	null	null	null	null	null
DEREFERENCE_NULLABLE	dereferenced expression compare is @Nullable	jadx.core.dex.visitors.regions.LoopRegionVisitor	checkArrayForEach(jadx.core.dex.nodes.MethodNode,jadx.core.dex.regions.loops.LoopRegion,jadx.core.dex.nodes.InsnNode,jadx.core.dex.nodes.InsnNode,jadx.core.dex.regions.conditions.IfCondition)	6300	/Users/nima/Developer/NullAwayFixer/Projects/jadx/jadx-core/src/main/java/jadx/core/dex/visitors/regions/LoopRegionVisitor.java	null	null	null	null	null	null
DEREFERENCE_NULLABLE	dereferenced expression incrInsn.getResult() is @Nullable	jadx.core.dex.visitors.regions.LoopRegionVisitor	checkArrayForEach(jadx.core.dex.nodes.MethodNode,jadx.core.dex.regions.loops.LoopRegion,jadx.core.dex.nodes.InsnNode,jadx.core.dex.nodes.InsnNode,jadx.core.dex.regions.conditions.IfCondition)	7021	/Users/nima/Developer/NullAwayFixer/Projects/jadx/jadx-core/src/main/java/jadx/core/dex/visitors/regions/LoopRegionVisitor.java	null	null	null	null	null	null
DEREFERENCE_NULLABLE	dereferenced expression assignInsn is @Nullable	jadx.core.dex.visitors.regions.LoopRegionVisitor	checkIterableForEach(jadx.core.dex.nodes.MethodNode,jadx.core.dex.regions.loops.LoopRegion,jadx.core.dex.regions.conditions.IfCondition)	8559	/Users/nima/Developer/NullAwayFixer/Projects/jadx/jadx-core/src/main/java/jadx/core/dex/visitors/regions/LoopRegionVisitor.java	null	null	null	null	null	null
DEREFERENCE_NULLABLE	dereferenced expression nextCall is @Nullable	jadx.core.dex.visitors.regions.LoopRegionVisitor	checkIterableForEach(jadx.core.dex.nodes.MethodNode,jadx.core.dex.regions.loops.LoopRegion,jadx.core.dex.regions.conditions.IfCondition)	8942	/Users/nima/Developer/NullAwayFixer/Projects/jadx/jadx-core/src/main/java/jadx/core/dex/visitors/regions/LoopRegionVisitor.java	null	null	null	null	null	null
DEREFERENCE_NULLABLE	dereferenced expression assignInsn.getResult() is @Nullable	jadx.core.dex.visitors.regions.LoopRegionVisitor	checkIterableForEach(jadx.core.dex.nodes.MethodNode,jadx.core.dex.regions.loops.LoopRegion,jadx.core.dex.regions.conditions.IfCondition)	10637	/Users/nima/Developer/NullAwayFixer/Projects/jadx/jadx-core/src/main/java/jadx/core/dex/visitors/regions/LoopRegionVisitor.java	null	null	null	null	null	null
DEREFERENCE_NULLABLE	dereferenced expression iterableType is @Nullable	jadx.core.dex.visitors.regions.LoopRegionVisitor	fixIterableType(jadx.core.dex.nodes.MethodNode,jadx.core.dex.instructions.args.InsnArg,jadx.core.dex.instructions.args.RegisterArg)	11202	/Users/nima/Developer/NullAwayFixer/Projects/jadx/jadx-core/src/main/java/jadx/core/dex/visitors/regions/LoopRegionVisitor.java	null	null	null	null	null	null
DEREFERENCE_NULLABLE	dereferenced expression callMth is @Nullable	jadx.core.dex.visitors.regions.LoopRegionVisitor	checkInvoke(jadx.core.dex.nodes.InsnNode,java.lang.String,java.lang.String)	12938	/Users/nima/Developer/NullAwayFixer/Projects/jadx/jadx-core/src/main/java/jadx/core/dex/visitors/regions/LoopRegionVisitor.java	null	null	null	null	null	null
DEREFERENCE_NULLABLE	dereferenced expression arg.getSVar() is @Nullable	jadx.core.dex.visitors.regions.LoopRegionVisitor	usedOnlyInLoop(jadx.core.dex.nodes.MethodNode,jadx.core.dex.regions.loops.LoopRegion,jadx.core.dex.instructions.args.RegisterArg)	13792	/Users/nima/Developer/NullAwayFixer/Projects/jadx/jadx-core/src/main/java/jadx/core/dex/visitors/regions/LoopRegionVisitor.java	null	null	null	null	null	null
DEREFERENCE_NULLABLE	dereferenced expression arg is @Nullable	jadx.core.dex.visitors.regions.LoopRegionVisitor	argInLoop(jadx.core.dex.nodes.MethodNode,jadx.core.dex.regions.loops.LoopRegion,jadx.core.dex.instructions.args.RegisterArg)	14077	/Users/nima/Developer/NullAwayFixer/Projects/jadx/jadx-core/src/main/java/jadx/core/dex/visitors/regions/LoopRegionVisitor.java	null	null	null	null	null	null
DEREFERENCE_NULLABLE	dereferenced expression mth.getBasicBlocks() is @Nullable	jadx.core.dex.visitors.regions.RegionMakerVisitor	visit(jadx.core.dex.nodes.MethodNode)	1479	/Users/nima/Developer/NullAwayFixer/Projects/jadx/jadx-core/src/main/java/jadx/core/dex/visitors/regions/RegionMakerVisitor.java	null	null	null	null	null	null
DEREFERENCE_NULLABLE	dereferenced expression mth.getEnterBlock() is @Nullable	jadx.core.dex.visitors.regions.RegionMakerVisitor	visit(jadx.core.dex.nodes.MethodNode)	1678	/Users/nima/Developer/NullAwayFixer/Projects/jadx/jadx-core/src/main/java/jadx/core/dex/visitors/regions/RegionMakerVisitor.java	null	null	null	null	null	null
DEREFERENCE_NULLABLE	dereferenced expression mth.getRegion() is @Nullable	jadx.core.dex.visitors.regions.RegionMakerVisitor	visit(jadx.core.dex.nodes.MethodNode)	1901	/Users/nima/Developer/NullAwayFixer/Projects/jadx/jadx-core/src/main/java/jadx/core/dex/visitors/regions/RegionMakerVisitor.java	null	null	null	null	null	null
DEREFERENCE_NULLABLE	dereferenced expression mth.getBasicBlocks() is @Nullable	jadx.core.dex.visitors.regions.RegionMakerVisitor	processForceInlineInsns(jadx.core.dex.nodes.MethodNode)	2393	/Users/nima/Developer/NullAwayFixer/Projects/jadx/jadx-core/src/main/java/jadx/core/dex/visitors/regions/RegionMakerVisitor.java	null	null	null	null	null	null
DEREFERENCE_NULLABLE	enhanced-for expression bn.getCleanSuccessors() is @Nullable	jadx.core.dex.visitors.regions.RegionMakerVisitor$PostRegionVisitor	addBreakForBlock(jadx.core.dex.nodes.MethodNode,jadx.core.dex.nodes.IContainer,java.util.Set<jadx.core.dex.nodes.IBlock>,jadx.core.dex.nodes.BlockNode)	4829	/Users/nima/Developer/NullAwayFixer/Projects/jadx/jadx-core/src/main/java/jadx/core/dex/visitors/regions/RegionMakerVisitor.java	null	null	null	null	null	null
DEREFERENCE_NULLABLE	dereferenced expression startRegion is @Nullable	jadx.core.dex.visitors.regions.RegionMakerVisitor	removeSynchronized(jadx.core.dex.nodes.MethodNode)	5611	/Users/nima/Developer/NullAwayFixer/Projects/jadx/jadx-core/src/main/java/jadx/core/dex/visitors/regions/RegionMakerVisitor.java	null	null	null	null	null	null
DEREFERENCE_NULLABLE	dereferenced expression mth.getBasicBlocks() is @Nullable	jadx.core.dex.visitors.regions.DepthRegionTraversal	traverseIterative(jadx.core.dex.nodes.MethodNode,jadx.core.dex.visitors.regions.IRegionIterativeVisitor)	951	/Users/nima/Developer/NullAwayFixer/Projects/jadx/jadx-core/src/main/java/jadx/core/dex/visitors/regions/DepthRegionTraversal.java	null	null	null	null	null	null
DEREFERENCE_NULLABLE	dereferenced expression mth.getBasicBlocks() is @Nullable	jadx.core.dex.visitors.regions.DepthRegionTraversal	traverseIncludingExcHandlers(jadx.core.dex.nodes.MethodNode,jadx.core.dex.visitors.regions.IRegionIterativeVisitor)	1491	/Users/nima/Developer/NullAwayFixer/Projects/jadx/jadx-core/src/main/java/jadx/core/dex/visitors/regions/DepthRegionTraversal.java	null	null	null	null	null	null
DEREFERENCE_NULLABLE	enhanced-for expression mth.getExceptionHandlers() is @Nullable	jadx.core.dex.visitors.regions.DepthRegionTraversal	traverseIncludingExcHandlers(jadx.core.dex.nodes.MethodNode,jadx.core.dex.visitors.regions.IRegionIterativeVisitor)	1623	/Users/nima/Developer/NullAwayFixer/Projects/jadx/jadx-core/src/main/java/jadx/core/dex/visitors/regions/DepthRegionTraversal.java	null	null	null	null	null	null
DEREFERENCE_NULLABLE	dereferenced expression mth.getSVars() is @Nullable	jadx.core.dex.visitors.regions.variables.ProcessVariables	visit(jadx.core.dex.nodes.MethodNode)	1571	/Users/nima/Developer/NullAwayFixer/Projects/jadx/jadx-core/src/main/java/jadx/core/dex/visitors/regions/variables/ProcessVariables.java	null	null	null	null	null	null
DEREFERENCE_NULLABLE	dereferenced expression ssaVar is @Nullable	jadx.core.dex.visitors.regions.variables.ProcessVariables$1	processBlock(jadx.core.dex.nodes.MethodNode,jadx.core.dex.nodes.IBlock)	2750	/Users/nima/Developer/NullAwayFixer/Projects/jadx/jadx-core/src/main/java/jadx/core/dex/visitors/regions/variables/ProcessVariables.java	null	null	null	null	null	null
DEREFERENCE_NULLABLE	enhanced-for expression mth.getSVars() is @Nullable	jadx.core.dex.visitors.regions.variables.ProcessVariables	collectCodeVars(jadx.core.dex.nodes.MethodNode)	4713	/Users/nima/Developer/NullAwayFixer/Projects/jadx/jadx-core/src/main/java/jadx/core/dex/visitors/regions/variables/ProcessVariables.java	null	null	null	null	null	null
DEREFERENCE_NULLABLE	dereferenced expression var is @Nullable	jadx.core.dex.visitors.regions.variables.ProcessVariables	checkDeclareAtAssign(jadx.core.dex.instructions.args.SSAVar)	7940	/Users/nima/Developer/NullAwayFixer/Projects/jadx/jadx-core/src/main/java/jadx/core/dex/visitors/regions/variables/ProcessVariables.java	null	null	null	null	null	null
DEREFERENCE_NULLABLE	dereferenced expression region is @Nullable	jadx.core.dex.visitors.regions.variables.ProcessVariables	declareVarInRegion(jadx.core.dex.nodes.IContainer,jadx.core.dex.instructions.args.CodeVar)	8478	/Users/nima/Developer/NullAwayFixer/Projects/jadx/jadx-core/src/main/java/jadx/core/dex/visitors/regions/variables/ProcessVariables.java	null	null	null	null	null	null
DEREFERENCE_NULLABLE	dereferenced expression mth.getBasicBlocks() is @Nullable	jadx.core.dex.visitors.regions.CheckRegions	visit(jadx.core.dex.nodes.MethodNode)	1006	/Users/nima/Developer/NullAwayFixer/Projects/jadx/jadx-core/src/main/java/jadx/core/dex/visitors/regions/CheckRegions.java	null	null	null	null	null	null
DEREFERENCE_NULLABLE	dereferenced expression thenResArg.getSVar() is @Nullable	jadx.core.dex.visitors.regions.TernaryMod	makeTernaryInsn(jadx.core.dex.nodes.MethodNode,jadx.core.dex.regions.conditions.IfRegion)	3086	/Users/nima/Developer/NullAwayFixer/Projects/jadx/jadx-core/src/main/java/jadx/core/dex/visitors/regions/TernaryMod.java	null	null	null	null	null	null
DEREFERENCE_NULLABLE	dereferenced expression elseResArg.getSVar() is @Nullable	jadx.core.dex.visitors.regions.TernaryMod	makeTernaryInsn(jadx.core.dex.nodes.MethodNode,jadx.core.dex.regions.conditions.IfRegion)	3150	/Users/nima/Developer/NullAwayFixer/Projects/jadx/jadx-core/src/main/java/jadx/core/dex/visitors/regions/TernaryMod.java	null	null	null	null	null	null
DEREFERENCE_NULLABLE	dereferenced expression ifRegion.getParent() is @Nullable	jadx.core.dex.visitors.regions.TernaryMod	makeTernaryInsn(jadx.core.dex.nodes.MethodNode,jadx.core.dex.regions.conditions.IfRegion)	3272	/Users/nima/Developer/NullAwayFixer/Projects/jadx/jadx-core/src/main/java/jadx/core/dex/visitors/regions/TernaryMod.java	null	null	null	null	null	null
DEREFERENCE_NULLABLE	dereferenced expression ifRegion.getParent() is @Nullable	jadx.core.dex.visitors.regions.TernaryMod	makeTernaryInsn(jadx.core.dex.nodes.MethodNode,jadx.core.dex.regions.conditions.IfRegion)	4568	/Users/nima/Developer/NullAwayFixer/Projects/jadx/jadx-core/src/main/java/jadx/core/dex/visitors/regions/TernaryMod.java	null	null	null	null	null	null
DEREFERENCE_NULLABLE	dereferenced expression t.getResult().getSVar() is @Nullable	jadx.core.dex.visitors.regions.TernaryMod	checkLineStats(jadx.core.dex.nodes.InsnNode,jadx.core.dex.nodes.InsnNode)	7102	/Users/nima/Developer/NullAwayFixer/Projects/jadx/jadx-core/src/main/java/jadx/core/dex/visitors/regions/TernaryMod.java	null	null	null	null	null	null
DEREFERENCE_NULLABLE	dereferenced expression e.getResult().getSVar() is @Nullable	jadx.core.dex.visitors.regions.TernaryMod	checkLineStats(jadx.core.dex.nodes.InsnNode,jadx.core.dex.nodes.InsnNode)	7165	/Users/nima/Developer/NullAwayFixer/Projects/jadx/jadx-core/src/main/java/jadx/core/dex/visitors/regions/TernaryMod.java	null	null	null	null	null	null
DEREFERENCE_NULLABLE	dereferenced expression resArg.getSVar() is @Nullable	jadx.core.dex.visitors.regions.TernaryMod	replaceWithTernary(jadx.core.dex.nodes.MethodNode,jadx.core.dex.regions.conditions.IfRegion,jadx.core.dex.nodes.BlockNode,jadx.core.dex.nodes.InsnNode)	8558	/Users/nima/Developer/NullAwayFixer/Projects/jadx/jadx-core/src/main/java/jadx/core/dex/visitors/regions/TernaryMod.java	null	null	null	null	null	null
DEREFERENCE_NULLABLE	dereferenced expression resArg is @Nullable	jadx.core.dex.visitors.regions.TernaryMod	replaceWithTernary(jadx.core.dex.nodes.MethodNode,jadx.core.dex.regions.conditions.IfRegion,jadx.core.dex.nodes.BlockNode,jadx.core.dex.nodes.InsnNode)	8558	/Users/nima/Developer/NullAwayFixer/Projects/jadx/jadx-core/src/main/java/jadx/core/dex/visitors/regions/TernaryMod.java	null	null	null	null	null	null
DEREFERENCE_NULLABLE	dereferenced expression insn.getResult() is @Nullable	jadx.core.dex.visitors.regions.TernaryMod	replaceWithTernary(jadx.core.dex.nodes.MethodNode,jadx.core.dex.regions.conditions.IfRegion,jadx.core.dex.nodes.BlockNode,jadx.core.dex.nodes.InsnNode)	9413	/Users/nima/Developer/NullAwayFixer/Projects/jadx/jadx-core/src/main/java/jadx/core/dex/visitors/regions/TernaryMod.java	null	null	null	null	null	null
DEREFERENCE_NULLABLE	dereferenced expression ifRegion.getParent() is @Nullable	jadx.core.dex.visitors.regions.TernaryMod	replaceWithTernary(jadx.core.dex.nodes.MethodNode,jadx.core.dex.regions.conditions.IfRegion,jadx.core.dex.nodes.BlockNode,jadx.core.dex.nodes.InsnNode)	9653	/Users/nima/Developer/NullAwayFixer/Projects/jadx/jadx-core/src/main/java/jadx/core/dex/visitors/regions/TernaryMod.java	null	null	null	null	null	null
DEREFERENCE_NULLABLE	dereferenced expression elseAssign.getResult() is @Nullable	jadx.core.dex.visitors.regions.TernaryMod	replaceWithTernary(jadx.core.dex.nodes.MethodNode,jadx.core.dex.regions.conditions.IfRegion,jadx.core.dex.nodes.BlockNode,jadx.core.dex.nodes.InsnNode)	9843	/Users/nima/Developer/NullAwayFixer/Projects/jadx/jadx-core/src/main/java/jadx/core/dex/visitors/regions/TernaryMod.java	null	null	null	null	null	null
DEREFERENCE_NULLABLE	dereferenced expression elseVar is @Nullable	jadx.core.dex.visitors.regions.TernaryMod	replaceWithTernary(jadx.core.dex.nodes.MethodNode,jadx.core.dex.regions.conditions.IfRegion,jadx.core.dex.nodes.BlockNode,jadx.core.dex.nodes.InsnNode)	9884	/Users/nima/Developer/NullAwayFixer/Projects/jadx/jadx-core/src/main/java/jadx/core/dex/visitors/regions/TernaryMod.java	null	null	null	null	null	null
DEREFERENCE_NULLABLE	dereferenced expression parent is @Nullable	jadx.core.dex.visitors.regions.IfRegionVisitor	removeRedundantElseBlock(jadx.core.dex.nodes.MethodNode,jadx.core.dex.regions.conditions.IfRegion)	5730	/Users/nima/Developer/NullAwayFixer/Projects/jadx/jadx-core/src/main/java/jadx/core/dex/visitors/regions/IfRegionVisitor.java	null	null	null	null	null	null
DEREFERENCE_NULLABLE	enhanced-for expression mth.getBasicBlocks() is @Nullable	jadx.core.dex.visitors.ConstInlineVisitor	process(jadx.core.dex.nodes.MethodNode)	1642	/Users/nima/Developer/NullAwayFixer/Projects/jadx/jadx-core/src/main/java/jadx/core/dex/visitors/ConstInlineVisitor.java	null	null	null	null	null	null
DEREFERENCE_NULLABLE	dereferenced expression sVar is @Nullable	jadx.core.dex.visitors.ConstInlineVisitor	checkInsn(jadx.core.dex.nodes.MethodNode,jadx.core.dex.nodes.InsnNode,java.util.List<jadx.core.dex.nodes.InsnNode>)	2999	/Users/nima/Developer/NullAwayFixer/Projects/jadx/jadx-core/src/main/java/jadx/core/dex/visitors/ConstInlineVisitor.java	null	null	null	null	null	null
DEREFERENCE_NULLABLE	dereferenced expression sVar is @Nullable	jadx.core.dex.visitors.ConstInlineVisitor	forbidNullInlines(jadx.core.dex.instructions.args.SSAVar)	3479	/Users/nima/Developer/NullAwayFixer/Projects/jadx/jadx-core/src/main/java/jadx/core/dex/visitors/ConstInlineVisitor.java	null	null	null	null	null	null
DEREFERENCE_NULLABLE	dereferenced expression constInsn.getResult() is @Nullable	jadx.core.dex.visitors.ConstInlineVisitor	replaceConst(jadx.core.dex.nodes.MethodNode,jadx.core.dex.nodes.InsnNode,jadx.core.dex.instructions.args.InsnArg)	4357	/Users/nima/Developer/NullAwayFixer/Projects/jadx/jadx-core/src/main/java/jadx/core/dex/visitors/ConstInlineVisitor.java	null	null	null	null	null	null
DEREFERENCE_NULLABLE	dereferenced expression ssaVar is @Nullable	jadx.core.dex.visitors.ConstInlineVisitor	replaceConst(jadx.core.dex.nodes.MethodNode,jadx.core.dex.nodes.InsnNode,jadx.core.dex.instructions.args.InsnArg)	4396	/Users/nima/Developer/NullAwayFixer/Projects/jadx/jadx-core/src/main/java/jadx/core/dex/visitors/ConstInlineVisitor.java	null	null	null	null	null	null
DEREFERENCE_NULLABLE	dereferenced expression arg.getSVar() is @Nullable	jadx.core.dex.visitors.ConstInlineVisitor	canInline(jadx.core.dex.instructions.args.RegisterArg)	5601	/Users/nima/Developer/NullAwayFixer/Projects/jadx/jadx-core/src/main/java/jadx/core/dex/visitors/ConstInlineVisitor.java	null	null	null	null	null	null
DEREFERENCE_NULLABLE	dereferenced expression argType is @Nullable	jadx.core.dex.visitors.ConstInlineVisitor	replaceArg(jadx.core.dex.nodes.MethodNode,jadx.core.dex.instructions.args.RegisterArg,jadx.core.dex.instructions.args.InsnArg,jadx.core.dex.nodes.InsnNode)	6215	/Users/nima/Developer/NullAwayFixer/Projects/jadx/jadx-core/src/main/java/jadx/core/dex/visitors/ConstInlineVisitor.java	null	null	null	null	null	null
DEREFERENCE_NULLABLE	dereferenced expression litArgType is @Nullable	jadx.core.dex.visitors.ConstInlineVisitor	replaceArg(jadx.core.dex.nodes.MethodNode,jadx.core.dex.instructions.args.RegisterArg,jadx.core.dex.instructions.args.InsnArg,jadx.core.dex.nodes.InsnNode)	6580	/Users/nima/Developer/NullAwayFixer/Projects/jadx/jadx-core/src/main/java/jadx/core/dex/visitors/ConstInlineVisitor.java	null	null	null	null	null	null
DEREFERENCE_NULLABLE	dereferenced expression callMth is @Nullable	jadx.core.dex.visitors.ConstInlineVisitor	needExplicitCast(jadx.core.dex.nodes.InsnNode,jadx.core.dex.instructions.args.LiteralArg)	7617	/Users/nima/Developer/NullAwayFixer/Projects/jadx/jadx-core/src/main/java/jadx/core/dex/visitors/ConstInlineVisitor.java	null	null	null	null	null	null
DEREFERENCE_NULLABLE	dereferenced expression mth.getSVars() is @Nullable	jadx.core.dex.visitors.typeinference.TypeSearch	run()	1720	/Users/nima/Developer/NullAwayFixer/Projects/jadx/jadx-core/src/main/java/jadx/core/dex/visitors/typeinference/TypeSearch.java	null	null	null	null	null	null
DEREFERENCE_NULLABLE	dereferenced expression resolvedType is @Nullable	jadx.core.dex.visitors.typeinference.TypeSearch	applyResolvedVars()	2877	/Users/nima/Developer/NullAwayFixer/Projects/jadx/jadx-core/src/main/java/jadx/core/dex/visitors/typeinference/TypeSearch.java	null	null	null	null	null	null
DEREFERENCE_NULLABLE	dereferenced expression var.getCandidateTypes() is @Nullable	jadx.core.dex.visitors.typeinference.TypeSearch	search(java.util.List<jadx.core.dex.visitors.typeinference.TypeSearchVarInfo>)	3793	/Users/nima/Developer/NullAwayFixer/Projects/jadx/jadx-core/src/main/java/jadx/core/dex/visitors/typeinference/TypeSearch.java	null	null	null	null	null	null
DEREFERENCE_NULLABLE	dereferenced expression varInfo.getConstraints() is @Nullable	jadx.core.dex.visitors.typeinference.TypeSearch	resolveIndependentVariables(jadx.core.dex.visitors.typeinference.TypeSearchVarInfo)	5008	/Users/nima/Developer/NullAwayFixer/Projects/jadx/jadx-core/src/main/java/jadx/core/dex/visitors/typeinference/TypeSearch.java	null	null	null	null	null	null
DEREFERENCE_NULLABLE	enhanced-for expression var.getConstraints() is @Nullable	jadx.core.dex.visitors.typeinference.TypeSearch	singleCheck(jadx.core.dex.visitors.typeinference.TypeSearchVarInfo)	5695	/Users/nima/Developer/NullAwayFixer/Projects/jadx/jadx-core/src/main/java/jadx/core/dex/visitors/typeinference/TypeSearch.java	null	null	null	null	null	null
DEREFERENCE_NULLABLE	dereferenced expression aputType is @Nullable	jadx.core.dex.visitors.typeinference.TypeSearch	addUsageTypeCandidates(jadx.core.dex.instructions.args.SSAVar,java.util.Set<jadx.core.dex.visitors.typeinference.ITypeBound>,java.util.Set<jadx.core.dex.instructions.args.ArgType>)	8021	/Users/nima/Developer/NullAwayFixer/Projects/jadx/jadx-core/src/main/java/jadx/core/dex/visitors/typeinference/TypeSearch.java	null	null	null	null	null	null
DEREFERENCE_NULLABLE	dereferenced expression mth.root().getClsp() is @Nullable	jadx.core.dex.visitors.typeinference.TypeSearch	getWiderTypes(jadx.core.dex.instructions.args.ArgType)	8880	/Users/nima/Developer/NullAwayFixer/Projects/jadx/jadx-core/src/main/java/jadx/core/dex/visitors/typeinference/TypeSearch.java	null	null	null	null	null	null
DEREFERENCE_NULLABLE	dereferenced expression mth.root().getClsp() is @Nullable	jadx.core.dex.visitors.typeinference.TypeSearch	getNarrowTypes(jadx.core.dex.instructions.args.ArgType)	9378	/Users/nima/Developer/NullAwayFixer/Projects/jadx/jadx-core/src/main/java/jadx/core/dex/visitors/typeinference/TypeSearch.java	null	null	null	null	null	null
DEREFERENCE_NULLABLE	dereferenced expression varInfo.getConstraints() is @Nullable	jadx.core.dex.visitors.typeinference.TypeSearch	addConstraint(jadx.core.dex.visitors.typeinference.TypeSearchVarInfo,@org.jetbrains.annotations.Nullable jadx.core.dex.visitors.typeinference.ITypeConstraint)	10393	/Users/nima/Developer/NullAwayFixer/Projects/jadx/jadx-core/src/main/java/jadx/core/dex/visitors/typeinference/TypeSearch.java	null	null	null	null	null	null
DEREFERENCE_NULLABLE	dereferenced expression argType is @Nullable	jadx.core.dex.visitors.typeinference.TypeSearch$2	check(jadx.core.dex.visitors.typeinference.TypeSearchState)	11651	/Users/nima/Developer/NullAwayFixer/Projects/jadx/jadx-core/src/main/java/jadx/core/dex/visitors/typeinference/TypeSearch.java	null	null	null	null	null	null
DEREFERENCE_NULLABLE	dereferenced expression vars is @Nullable	jadx.core.dex.visitors.typeinference.TypeSearchState	TypeSearchState(jadx.core.dex.nodes.MethodNode)	768	/Users/nima/Developer/NullAwayFixer/Projects/jadx/jadx-core/src/main/java/jadx/core/dex/visitors/typeinference/TypeSearchState.java	null	null	null	null	null	null
DEREFERENCE_NULLABLE	dereferenced expression arg is @Nullable	jadx.core.dex.visitors.typeinference.TypeSearchState	getArgType(jadx.core.dex.instructions.args.InsnArg)	1205	/Users/nima/Developer/NullAwayFixer/Projects/jadx/jadx-core/src/main/java/jadx/core/dex/visitors/typeinference/TypeSearchState.java	null	null	null	null	null	null
DEREFERENCE_NULLABLE	dereferenced expression candidateTypes is @Nullable	jadx.core.dex.visitors.typeinference.TypeSearchVarInfo	reset()	806	/Users/nima/Developer/NullAwayFixer/Projects/jadx/jadx-core/src/main/java/jadx/core/dex/visitors/typeinference/TypeSearchVarInfo.java	null	null	null	null	null	null
DEREFERENCE_NULLABLE	dereferenced expression candidateTypes is @Nullable	jadx.core.dex.visitors.typeinference.TypeSearchVarInfo	nextType()	1030	/Users/nima/Developer/NullAwayFixer/Projects/jadx/jadx-core/src/main/java/jadx/core/dex/visitors/typeinference/TypeSearchVarInfo.java	null	null	null	null	null	null
DEREFERENCE_NULLABLE	dereferenced expression invokeNode.getInstanceArg() is @Nullable	jadx.core.dex.visitors.typeinference.TypeBoundInvokeUse	getType()	1143	/Users/nima/Developer/NullAwayFixer/Projects/jadx/jadx-core/src/main/java/jadx/core/dex/visitors/typeinference/TypeBoundInvokeUse.java	null	null	null	null	null	null
DEREFERENCE_NULLABLE	dereferenced expression invokeNode.getCallMth() is @Nullable	jadx.core.dex.visitors.typeinference.TypeBoundInvokeUse	toString()	1935	/Users/nima/Developer/NullAwayFixer/Projects/jadx/jadx-core/src/main/java/jadx/core/dex/visitors/typeinference/TypeBoundInvokeUse.java	null	null	null	null	null	null
DEREFERENCE_NULLABLE	dereferenced expression mth.getSVars() is @Nullable	jadx.core.dex.visitors.typeinference.FinishTypeInference	visit(jadx.core.dex.nodes.MethodNode)	492	/Users/nima/Developer/NullAwayFixer/Projects/jadx/jadx-core/src/main/java/jadx/core/dex/visitors/typeinference/FinishTypeInference.java	null	null	null	null	null	null
DEREFERENCE_NULLABLE	dereferenced expression invokeNode.getCallMth() is @Nullable	jadx.core.dex.visitors.typeinference.TypeBoundInvokeAssign	getReturnType(@org.jetbrains.annotations.Nullable jadx.core.dex.instructions.args.ArgType)	1852	/Users/nima/Developer/NullAwayFixer/Projects/jadx/jadx-core/src/main/java/jadx/core/dex/visitors/typeinference/TypeBoundInvokeAssign.java	null	null	null	null	null	null
DEREFERENCE_NULLABLE	dereferenced expression invokeNode.getCallMth() is @Nullable	jadx.core.dex.visitors.typeinference.TypeBoundInvokeAssign	toString()	2701	/Users/nima/Developer/NullAwayFixer/Projects/jadx/jadx-core/src/main/java/jadx/core/dex/visitors/typeinference/TypeBoundInvokeAssign.java	null	null	null	null	null	null
DEREFERENCE_NULLABLE	dereferenced expression insn.getResult() is @Nullable	jadx.core.dex.visitors.typeinference.AbstractTypeConstraint	collectRelatedVars(jadx.core.dex.nodes.InsnNode,jadx.core.dex.instructions.args.InsnArg)	931	/Users/nima/Developer/NullAwayFixer/Projects/jadx/jadx-core/src/main/java/jadx/core/dex/visitors/typeinference/AbstractTypeConstraint.java	null	null	null	null	null	null
DEREFERENCE_NULLABLE	enhanced-for expression mth.getSVars() is @Nullable	jadx.core.dex.visitors.typeinference.TypeInferenceVisitor	checkTypes(jadx.core.dex.nodes.MethodNode)	3977	/Users/nima/Developer/NullAwayFixer/Projects/jadx/jadx-core/src/main/java/jadx/core/dex/visitors/typeinference/TypeInferenceVisitor.java	null	null	null	null	null	null
DEREFERENCE_NULLABLE	dereferenced expression ssaVars is @Nullable	jadx.core.dex.visitors.typeinference.TypeInferenceVisitor	initTypeBounds(jadx.core.dex.nodes.MethodNode)	4294	/Users/nima/Developer/NullAwayFixer/Projects/jadx/jadx-core/src/main/java/jadx/core/dex/visitors/typeinference/TypeInferenceVisitor.java	null	null	null	null	null	null
DEREFERENCE_NULLABLE	dereferenced expression ssaVars is @Nullable	jadx.core.dex.visitors.typeinference.TypeInferenceVisitor	runTypePropagation(jadx.core.dex.nodes.MethodNode)	4823	/Users/nima/Developer/NullAwayFixer/Projects/jadx/jadx-core/src/main/java/jadx/core/dex/visitors/typeinference/TypeInferenceVisitor.java	null	null	null	null	null	null
DEREFERENCE_NULLABLE	enhanced-for expression mth.getSVars() is @Nullable	jadx.core.dex.visitors.typeinference.TypeInferenceVisitor	runMultiVariableSearch(jadx.core.dex.nodes.MethodNode)	5157	/Users/nima/Developer/NullAwayFixer/Projects/jadx/jadx-core/src/main/java/jadx/core/dex/visitors/typeinference/TypeInferenceVisitor.java	null	null	null	null	null	null
DEREFERENCE_NULLABLE	dereferenced expression usedInPhi.getResult().getSVar() is @Nullable	jadx.core.dex.visitors.typeinference.TypeInferenceVisitor	mergePhiBounds(jadx.core.dex.instructions.args.SSAVar)	8042	/Users/nima/Developer/NullAwayFixer/Projects/jadx/jadx-core/src/main/java/jadx/core/dex/visitors/typeinference/TypeInferenceVisitor.java	null	null	null	null	null	null
DEREFERENCE_NULLABLE	dereferenced expression usedInPhi.getResult() is @Nullable	jadx.core.dex.visitors.typeinference.TypeInferenceVisitor	mergePhiBounds(jadx.core.dex.instructions.args.SSAVar)	8042	/Users/nima/Developer/NullAwayFixer/Projects/jadx/jadx-core/src/main/java/jadx/core/dex/visitors/typeinference/TypeInferenceVisitor.java	null	null	null	null	null	null
DEREFERENCE_NULLABLE	dereferenced expression ((RegisterArg) arg).getSVar() is @Nullable	jadx.core.dex.visitors.typeinference.TypeInferenceVisitor	mergePhiBounds(jadx.core.dex.instructions.args.SSAVar)	8170	/Users/nima/Developer/NullAwayFixer/Projects/jadx/jadx-core/src/main/java/jadx/core/dex/visitors/typeinference/TypeInferenceVisitor.java	null	null	null	null	null	null
DEREFERENCE_NULLABLE	dereferenced expression insn.getResult() is @Nullable	jadx.core.dex.visitors.typeinference.TypeInferenceVisitor	makeAssignFieldGetBound(jadx.core.dex.instructions.IndexInsnNode)	10839	/Users/nima/Developer/NullAwayFixer/Projects/jadx/jadx-core/src/main/java/jadx/core/dex/visitors/typeinference/TypeInferenceVisitor.java	null	null	null	null	null	null
DEREFERENCE_NULLABLE	dereferenced expression initType is @Nullable	jadx.core.dex.visitors.typeinference.TypeInferenceVisitor	makeAssignFieldGetBound(jadx.core.dex.instructions.IndexInsnNode)	10877	/Users/nima/Developer/NullAwayFixer/Projects/jadx/jadx-core/src/main/java/jadx/core/dex/visitors/typeinference/TypeInferenceVisitor.java	null	null	null	null	null	null
DEREFERENCE_NULLABLE	dereferenced expression invokeNode.getCallMth() is @Nullable	jadx.core.dex.visitors.typeinference.TypeInferenceVisitor	makeAssignInvokeBound(jadx.core.dex.instructions.InvokeNode)	11127	/Users/nima/Developer/NullAwayFixer/Projects/jadx/jadx-core/src/main/java/jadx/core/dex/visitors/typeinference/TypeInferenceVisitor.java	null	null	null	null	null	null
DEREFERENCE_NULLABLE	dereferenced expression type is @Nullable	jadx.core.dex.visitors.typeinference.TypeInferenceVisitor	makePossibleTypesList(@org.jetbrains.annotations.Nullable jadx.core.dex.instructions.args.ArgType,@org.jetbrains.annotations.Nullable jadx.core.dex.instructions.args.SSAVar)	13727	/Users/nima/Developer/NullAwayFixer/Projects/jadx/jadx-core/src/main/java/jadx/core/dex/visitors/typeinference/TypeInferenceVisitor.java	null	null	null	null	null	null
DEREFERENCE_NULLABLE	dereferenced expression boundType is @Nullable	jadx.core.dex.visitors.typeinference.TypeInferenceVisitor	makePossibleTypesList(@org.jetbrains.annotations.Nullable jadx.core.dex.instructions.args.ArgType,@org.jetbrains.annotations.Nullable jadx.core.dex.instructions.args.SSAVar)	14062	/Users/nima/Developer/NullAwayFixer/Projects/jadx/jadx-core/src/main/java/jadx/core/dex/visitors/typeinference/TypeInferenceVisitor.java	null	null	null	null	null	null
DEREFERENCE_NULLABLE	enhanced-for expression mth.getSVars() is @Nullable	jadx.core.dex.visitors.typeinference.TypeInferenceVisitor	tryDeduceTypes(jadx.core.dex.nodes.MethodNode)	14525	/Users/nima/Developer/NullAwayFixer/Projects/jadx/jadx-core/src/main/java/jadx/core/dex/visitors/typeinference/TypeInferenceVisitor.java	null	null	null	null	null	null
DEREFERENCE_NULLABLE	enhanced-for expression mth.getSVars() is @Nullable	jadx.core.dex.visitors.typeinference.TypeInferenceVisitor	tryRemoveGenerics(jadx.core.dex.nodes.MethodNode)	15242	/Users/nima/Developer/NullAwayFixer/Projects/jadx/jadx-core/src/main/java/jadx/core/dex/visitors/typeinference/TypeInferenceVisitor.java	null	null	null	null	null	null
DEREFERENCE_NULLABLE	dereferenced expression boundType is @Nullable	jadx.core.dex.visitors.typeinference.TypeInferenceVisitor	tryRawType(jadx.core.dex.nodes.MethodNode,jadx.core.dex.instructions.args.SSAVar)	15683	/Users/nima/Developer/NullAwayFixer/Projects/jadx/jadx-core/src/main/java/jadx/core/dex/visitors/typeinference/TypeInferenceVisitor.java	null	null	null	null	null	null
DEREFERENCE_NULLABLE	enhanced-for expression mthSVars is @Nullable	jadx.core.dex.visitors.typeinference.TypeInferenceVisitor	tryRestoreTypeVarCasts(jadx.core.dex.nodes.MethodNode)	16758	/Users/nima/Developer/NullAwayFixer/Projects/jadx/jadx-core/src/main/java/jadx/core/dex/visitors/typeinference/TypeInferenceVisitor.java	null	null	null	null	null	null
DEREFERENCE_NULLABLE	dereferenced expression t.getType() is @Nullable	jadx.core.dex.visitors.typeinference.TypeInferenceVisitor	restoreTypeVarCasts(jadx.core.dex.instructions.args.SSAVar)	17220	/Users/nima/Developer/NullAwayFixer/Projects/jadx/jadx-core/src/main/java/jadx/core/dex/visitors/typeinference/TypeInferenceVisitor.java	null	null	null	null	null	null
DEREFERENCE_NULLABLE	dereferenced expression mthSVars is @Nullable	jadx.core.dex.visitors.typeinference.TypeInferenceVisitor	tryInsertCasts(jadx.core.dex.nodes.MethodNode)	18308	/Users/nima/Developer/NullAwayFixer/Projects/jadx/jadx-core/src/main/java/jadx/core/dex/visitors/typeinference/TypeInferenceVisitor.java	null	null	null	null	null	null
DEREFERENCE_NULLABLE	dereferenced expression boundType is @Nullable	jadx.core.dex.visitors.typeinference.TypeInferenceVisitor	tryInsertVarCast(jadx.core.dex.nodes.MethodNode,jadx.core.dex.instructions.args.SSAVar)	18996	/Users/nima/Developer/NullAwayFixer/Projects/jadx/jadx-core/src/main/java/jadx/core/dex/visitors/typeinference/TypeInferenceVisitor.java	null	null	null	null	null	null
DEREFERENCE_NULLABLE	dereferenced expression copyInsn.getResult() is @Nullable	jadx.core.dex.visitors.typeinference.TypeInferenceVisitor	checkAndSplitConstInsn(jadx.core.dex.nodes.MethodNode,jadx.core.dex.instructions.args.SSAVar)	22672	/Users/nima/Developer/NullAwayFixer/Projects/jadx/jadx-core/src/main/java/jadx/core/dex/visitors/typeinference/TypeInferenceVisitor.java	null	null	null	null	null	null
DEREFERENCE_NULLABLE	enhanced-for expression mth.getBasicBlocks() is @Nullable	jadx.core.dex.visitors.typeinference.TypeInferenceVisitor	tryInsertAdditionalMove(jadx.core.dex.nodes.MethodNode)	22813	/Users/nima/Developer/NullAwayFixer/Projects/jadx/jadx-core/src/main/java/jadx/core/dex/visitors/typeinference/TypeInferenceVisitor.java	null	null	null	null	null	null
DEREFERENCE_NULLABLE	dereferenced expression var is @Nullable	jadx.core.dex.visitors.typeinference.TypeInferenceVisitor	insertMovesForPhi(jadx.core.dex.nodes.MethodNode,jadx.core.dex.instructions.PhiInsn,boolean)	24951	/Users/nima/Developer/NullAwayFixer/Projects/jadx/jadx-core/src/main/java/jadx/core/dex/visitors/typeinference/TypeInferenceVisitor.java	null	null	null	null	null	null
DEREFERENCE_NULLABLE	dereferenced expression boundType is @Nullable	jadx.core.dex.visitors.typeinference.TypeInferenceVisitor	tryWiderObjects(jadx.core.dex.nodes.MethodNode,jadx.core.dex.instructions.args.SSAVar)	26651	/Users/nima/Developer/NullAwayFixer/Projects/jadx/jadx-core/src/main/java/jadx/core/dex/visitors/typeinference/TypeInferenceVisitor.java	null	null	null	null	null	null
DEREFERENCE_NULLABLE	dereferenced expression clsp is @Nullable	jadx.core.dex.visitors.typeinference.TypeInferenceVisitor	tryWiderObjects(jadx.core.dex.nodes.MethodNode,jadx.core.dex.instructions.args.SSAVar)	26893	/Users/nima/Developer/NullAwayFixer/Projects/jadx/jadx-core/src/main/java/jadx/core/dex/visitors/typeinference/TypeInferenceVisitor.java	null	null	null	null	null	null
DEREFERENCE_NULLABLE	dereferenced expression ssaVars is @Nullable	jadx.core.dex.visitors.typeinference.TypeInferenceVisitor	tryToFixIncompatiblePrimitives(jadx.core.dex.nodes.MethodNode)	27377	/Users/nima/Developer/NullAwayFixer/Projects/jadx/jadx-core/src/main/java/jadx/core/dex/visitors/typeinference/TypeInferenceVisitor.java	null	null	null	null	null	null
DEREFERENCE_NULLABLE	dereferenced expression boundType is @Nullable	jadx.core.dex.visitors.typeinference.TypeInferenceVisitor	processIncompatiblePrimitives(jadx.core.dex.nodes.MethodNode,jadx.core.dex.instructions.args.SSAVar)	28095	/Users/nima/Developer/NullAwayFixer/Projects/jadx/jadx-core/src/main/java/jadx/core/dex/visitors/typeinference/TypeInferenceVisitor.java	null	null	null	null	null	null
DEREFERENCE_NULLABLE	dereferenced expression boundType is @Nullable	jadx.core.dex.visitors.typeinference.TypeInferenceVisitor	processIncompatiblePrimitives(jadx.core.dex.nodes.MethodNode,jadx.core.dex.instructions.args.SSAVar)	28225	/Users/nima/Developer/NullAwayFixer/Projects/jadx/jadx-core/src/main/java/jadx/core/dex/visitors/typeinference/TypeInferenceVisitor.java	null	null	null	null	null	null
DEREFERENCE_NULLABLE	dereferenced expression boundType is @Nullable	jadx.core.dex.visitors.typeinference.TypeInferenceVisitor	fixBooleanUsage(jadx.core.dex.nodes.MethodNode,jadx.core.dex.instructions.args.RegisterArg)	28676	/Users/nima/Developer/NullAwayFixer/Projects/jadx/jadx-core/src/main/java/jadx/core/dex/visitors/typeinference/TypeInferenceVisitor.java	null	null	null	null	null	null
DEREFERENCE_NULLABLE	dereferenced expression convertInsn.getResult() is @Nullable	jadx.core.dex.visitors.typeinference.TypeInferenceVisitor	fixBooleanUsage(jadx.core.dex.nodes.MethodNode,jadx.core.dex.instructions.args.RegisterArg)	30207	/Users/nima/Developer/NullAwayFixer/Projects/jadx/jadx-core/src/main/java/jadx/core/dex/visitors/typeinference/TypeInferenceVisitor.java	null	null	null	null	null	null
DEREFERENCE_NULLABLE	dereferenced expression boundArg.getSVar() is @Nullable	jadx.core.dex.visitors.typeinference.TypeInferenceVisitor	prepareBooleanConvertInsn(@org.jetbrains.annotations.Nullable jadx.core.dex.instructions.args.RegisterArg,jadx.core.dex.instructions.args.RegisterArg,@org.jetbrains.annotations.Nullable jadx.core.dex.instructions.args.ArgType)	30861	/Users/nima/Developer/NullAwayFixer/Projects/jadx/jadx-core/src/main/java/jadx/core/dex/visitors/typeinference/TypeInferenceVisitor.java	null	null	null	null	null	null
DEREFERENCE_NULLABLE	enhanced-for expression mth.getSVars() is @Nullable	jadx.core.dex.visitors.typeinference.TypeInferenceVisitor	tryToForceImmutableTypes(jadx.core.dex.nodes.MethodNode)	31145	/Users/nima/Developer/NullAwayFixer/Projects/jadx/jadx-core/src/main/java/jadx/core/dex/visitors/typeinference/TypeInferenceVisitor.java	null	null	null	null	null	null
DEREFERENCE_NULLABLE	enhanced-for expression mth.getSVars() is @Nullable	jadx.core.dex.visitors.typeinference.TypeInferenceVisitor	assignImmutableTypes(jadx.core.dex.nodes.MethodNode)	31896	/Users/nima/Developer/NullAwayFixer/Projects/jadx/jadx-core/src/main/java/jadx/core/dex/visitors/typeinference/TypeInferenceVisitor.java	null	null	null	null	null	null
DEREFERENCE_NULLABLE	enhanced-for expression mth.getBasicBlocks() is @Nullable	jadx.core.dex.visitors.GenericTypesVisitor	visit(jadx.core.dex.nodes.MethodNode)	1129	/Users/nima/Developer/NullAwayFixer/Projects/jadx/jadx-core/src/main/java/jadx/core/dex/visitors/GenericTypesVisitor.java	null	null	null	null	null	null
DEREFERENCE_NULLABLE	dereferenced expression resultArg.getSVar() is @Nullable	jadx.core.dex.visitors.GenericTypesVisitor	attachGenericTypesInfo(jadx.core.dex.nodes.MethodNode,jadx.core.dex.instructions.mods.ConstructorInsn)	1550	/Users/nima/Developer/NullAwayFixer/Projects/jadx/jadx-core/src/main/java/jadx/core/dex/visitors/GenericTypesVisitor.java	null	null	null	null	null	null
DEREFERENCE_NULLABLE	dereferenced expression mth.root().getClsp() is @Nullable	jadx.core.dex.visitors.OverrideMethodVisitor	processOverrideMethods(jadx.core.dex.nodes.MethodNode,jadx.core.dex.visitors.OverrideMethodVisitor.SuperTypesData)	3711	/Users/nima/Developer/NullAwayFixer/Projects/jadx/jadx-core/src/main/java/jadx/core/dex/visitors/OverrideMethodVisitor.java	null	null	null	null	null	null
DEREFERENCE_NULLABLE	dereferenced expression root.getClsp() is @Nullable	jadx.core.dex.visitors.OverrideMethodVisitor	addSuperType(jadx.core.dex.nodes.RootNode,java.util.List<jadx.core.dex.instructions.args.ArgType>,java.util.Set<java.lang.String>,jadx.core.dex.instructions.args.ArgType)	10092	/Users/nima/Developer/NullAwayFixer/Projects/jadx/jadx-core/src/main/java/jadx/core/dex/visitors/OverrideMethodVisitor.java	null	null	null	null	null	null
DEREFERENCE_NULLABLE	enhanced-for expression clsDetails.getParents() is @Nullable	jadx.core.dex.visitors.OverrideMethodVisitor	addSuperType(jadx.core.dex.nodes.RootNode,java.util.List<jadx.core.dex.instructions.args.ArgType>,java.util.Set<java.lang.String>,jadx.core.dex.instructions.args.ArgType)	10178	/Users/nima/Developer/NullAwayFixer/Projects/jadx/jadx-core/src/main/java/jadx/core/dex/visitors/OverrideMethodVisitor.java	null	null	null	null	null	null
DEREFERENCE_NULLABLE	dereferenced expression baseReturnType is @Nullable	jadx.core.dex.visitors.OverrideMethodVisitor	updateReturnType(jadx.core.dex.nodes.MethodNode,jadx.core.dex.nodes.IMethodDetails,jadx.core.dex.visitors.OverrideMethodVisitor.SuperTypesData)	11120	/Users/nima/Developer/NullAwayFixer/Projects/jadx/jadx-core/src/main/java/jadx/core/dex/visitors/OverrideMethodVisitor.java	null	null	null	null	null	null
DEREFERENCE_NULLABLE	enhanced-for expression mth.getBasicBlocks() is @Nullable	jadx.core.dex.visitors.ConstructorVisitor	replaceInvoke(jadx.core.dex.nodes.MethodNode)	1445	/Users/nima/Developer/NullAwayFixer/Projects/jadx/jadx-core/src/main/java/jadx/core/dex/visitors/ConstructorVisitor.java	null	null	null	null	null	null
DEREFERENCE_NULLABLE	dereferenced expression inv.getCallMth() is @Nullable	jadx.core.dex.visitors.ConstructorVisitor	processInvoke(jadx.core.dex.nodes.MethodNode,jadx.core.dex.nodes.BlockNode,int,jadx.core.utils.InsnRemover)	2009	/Users/nima/Developer/NullAwayFixer/Projects/jadx/jadx-core/src/main/java/jadx/core/dex/visitors/ConstructorVisitor.java	null	null	null	null	null	null
DEREFERENCE_NULLABLE	dereferenced expression instanceArg.getSVar() is @Nullable	jadx.core.dex.visitors.ConstructorVisitor	processInvoke(jadx.core.dex.nodes.MethodNode,jadx.core.dex.nodes.BlockNode,int,jadx.core.utils.InsnRemover)	2926	/Users/nima/Developer/NullAwayFixer/Projects/jadx/jadx-core/src/main/java/jadx/core/dex/visitors/ConstructorVisitor.java	null	null	null	null	null	null
DEREFERENCE_NULLABLE	dereferenced expression resultArg is @Nullable	jadx.core.dex.visitors.ConstructorVisitor	processInvoke(jadx.core.dex.nodes.MethodNode,jadx.core.dex.nodes.BlockNode,int,jadx.core.utils.InsnRemover)	3144	/Users/nima/Developer/NullAwayFixer/Projects/jadx/jadx-core/src/main/java/jadx/core/dex/visitors/ConstructorVisitor.java	null	null	null	null	null	null
DEREFERENCE_NULLABLE	dereferenced expression instArg.getSVar() is @Nullable	jadx.core.dex.visitors.ConstructorVisitor	processInvoke(jadx.core.dex.nodes.MethodNode,jadx.core.dex.nodes.BlockNode,int,jadx.core.utils.InsnRemover)	3302	/Users/nima/Developer/NullAwayFixer/Projects/jadx/jadx-core/src/main/java/jadx/core/dex/visitors/ConstructorVisitor.java	null	null	null	null	null	null
DEREFERENCE_NULLABLE	dereferenced expression instArg is @Nullable	jadx.core.dex.visitors.ConstructorVisitor	processInvoke(jadx.core.dex.nodes.MethodNode,jadx.core.dex.nodes.BlockNode,int,jadx.core.utils.InsnRemover)	3302	/Users/nima/Developer/NullAwayFixer/Projects/jadx/jadx-core/src/main/java/jadx/core/dex/visitors/ConstructorVisitor.java	null	null	null	null	null	null
DEREFERENCE_NULLABLE	dereferenced expression co.getCallMth() is @Nullable	jadx.core.dex.visitors.ConstructorVisitor	canRemoveConstructor(jadx.core.dex.nodes.MethodNode,jadx.core.dex.instructions.mods.ConstructorInsn)	4129	/Users/nima/Developer/NullAwayFixer/Projects/jadx/jadx-core/src/main/java/jadx/core/dex/visitors/ConstructorVisitor.java	null	null	null	null	null	null
PASS_NULLABLE	passing @Nullable parameter 'co.getCallMth()' where @NonNull is required	jadx.core.dex.visitors.ConstructorVisitor	processConstructor(jadx.core.dex.nodes.MethodNode,jadx.core.dex.instructions.mods.ConstructorInsn)	4747	/Users/nima/Developer/NullAwayFixer/Projects/jadx/jadx-core/src/main/java/jadx/core/dex/visitors/ConstructorVisitor.java	PARAMETER	jadx.core.dex.nodes.RootNode	resolveMethod(@org.jetbrains.annotations.NotNull jadx.core.dex.info.MethodInfo)	mth	0	/Users/nima/Developer/NullAwayFixer/Projects/jadx/jadx-core/src/main/java/jadx/core/dex/nodes/RootNode.java
DEREFERENCE_NULLABLE	dereferenced expression co.getResult() is @Nullable	jadx.core.dex.visitors.ConstructorVisitor	processConstructor(jadx.core.dex.nodes.MethodNode,jadx.core.dex.instructions.mods.ConstructorInsn)	5563	/Users/nima/Developer/NullAwayFixer/Projects/jadx/jadx-core/src/main/java/jadx/core/dex/visitors/ConstructorVisitor.java	null	null	null	null	null	null
DEREFERENCE_NULLABLE	dereferenced expression classInitMth.getBasicBlocks() is @Nullable	jadx.core.dex.visitors.EnumVisitor	convertToEnum(jadx.core.dex.nodes.ClassNode)	4219	/Users/nima/Developer/NullAwayFixer/Projects/jadx/jadx-core/src/main/java/jadx/core/dex/visitors/EnumVisitor.java	null	null	null	null	null	null
DEREFERENCE_NULLABLE	dereferenced expression data.valuesInitInsn is @Nullable	jadx.core.dex.visitors.EnumVisitor	convertToEnum(jadx.core.dex.nodes.ClassNode)	4898	/Users/nima/Developer/NullAwayFixer/Projects/jadx/jadx-core/src/main/java/jadx/core/dex/visitors/EnumVisitor.java	null	null	null	null	null	null
DEREFERENCE_NULLABLE	dereferenced expression data.valuesField is @Nullable	jadx.core.dex.visitors.EnumVisitor	convertToEnum(jadx.core.dex.nodes.ClassNode)	5996	/Users/nima/Developer/NullAwayFixer/Projects/jadx/jadx-core/src/main/java/jadx/core/dex/visitors/EnumVisitor.java	null	null	null	null	null	null
DEREFERENCE_NULLABLE	dereferenced expression f.getType() is @Nullable	jadx.core.dex.visitors.EnumVisitor	searchValuesField(jadx.core.dex.visitors.EnumVisitor.EnumData)	6641	/Users/nima/Developer/NullAwayFixer/Projects/jadx/jadx-core/src/main/java/jadx/core/dex/visitors/EnumVisitor.java	null	null	null	null	null	null
DEREFERENCE_NULLABLE	dereferenced expression f.getType() is @Nullable	jadx.core.dex.visitors.EnumVisitor	searchValuesField(jadx.core.dex.visitors.EnumVisitor.EnumData)	6696	/Users/nima/Developer/NullAwayFixer/Projects/jadx/jadx-core/src/main/java/jadx/core/dex/visitors/EnumVisitor.java	null	null	null	null	null	null
PASS_NULLABLE	passing @Nullable parameter 'co.getCallMth()' where @NonNull is required	jadx.core.dex.visitors.EnumVisitor	processConstructorInsn(jadx.core.dex.visitors.EnumVisitor.EnumData,jadx.core.dex.attributes.nodes.EnumClassAttr.EnumField,jadx.core.dex.nodes.MethodNode)	8120	/Users/nima/Developer/NullAwayFixer/Projects/jadx/jadx-core/src/main/java/jadx/core/dex/visitors/EnumVisitor.java	PARAMETER	jadx.core.dex.nodes.RootNode	resolveMethod(@org.jetbrains.annotations.NotNull jadx.core.dex.info.MethodInfo)	mth	0	/Users/nima/Developer/NullAwayFixer/Projects/jadx/jadx-core/src/main/java/jadx/core/dex/nodes/RootNode.java
DEREFERENCE_NULLABLE	dereferenced expression coResArg.getSVar() is @Nullable	jadx.core.dex.visitors.EnumVisitor	processConstructorInsn(jadx.core.dex.visitors.EnumVisitor.EnumData,jadx.core.dex.attributes.nodes.EnumClassAttr.EnumField,jadx.core.dex.nodes.MethodNode)	8291	/Users/nima/Developer/NullAwayFixer/Projects/jadx/jadx-core/src/main/java/jadx/core/dex/visitors/EnumVisitor.java	null	null	null	null	null	null
PASS_NULLABLE	passing @Nullable parameter 'callMth' where @NonNull is required	jadx.core.dex.visitors.EnumVisitor	extractEnumFieldsFromInvoke(jadx.core.dex.visitors.EnumVisitor.EnumData,jadx.core.dex.instructions.InvokeNode)	9460	/Users/nima/Developer/NullAwayFixer/Projects/jadx/jadx-core/src/main/java/jadx/core/dex/visitors/EnumVisitor.java	PARAMETER	jadx.core.dex.nodes.RootNode	resolveMethod(@org.jetbrains.annotations.NotNull jadx.core.dex.info.MethodInfo)	mth	0	/Users/nima/Developer/NullAwayFixer/Projects/jadx/jadx-core/src/main/java/jadx/core/dex/nodes/RootNode.java
DEREFERENCE_NULLABLE	dereferenced expression data.valuesField is @Nullable	jadx.core.dex.visitors.EnumVisitor	getValuesInitInsn(jadx.core.dex.visitors.EnumVisitor.EnumData)	10097	/Users/nima/Developer/NullAwayFixer/Projects/jadx/jadx-core/src/main/java/jadx/core/dex/visitors/EnumVisitor.java	null	null	null	null	null	null
DEREFERENCE_NULLABLE	dereferenced expression f is @Nullable	jadx.core.dex.visitors.EnumVisitor	getValuesInitInsn(jadx.core.dex.visitors.EnumVisitor.EnumData)	10401	/Users/nima/Developer/NullAwayFixer/Projects/jadx/jadx-core/src/main/java/jadx/core/dex/visitors/EnumVisitor.java	null	null	null	null	null	null
DEREFERENCE_NULLABLE	dereferenced expression sgetResult.getSVar() is @Nullable	jadx.core.dex.visitors.EnumVisitor	processEnumFieldByField(jadx.core.dex.visitors.EnumVisitor.EnumData,jadx.core.dex.nodes.InsnNode)	12329	/Users/nima/Developer/NullAwayFixer/Projects/jadx/jadx-core/src/main/java/jadx/core/dex/visitors/EnumVisitor.java	null	null	null	null	null	null
DEREFERENCE_NULLABLE	dereferenced expression ssaVar is @Nullable	jadx.core.dex.visitors.EnumVisitor	processEnumFieldByRegister(jadx.core.dex.visitors.EnumVisitor.EnumData,jadx.core.dex.instructions.args.RegisterArg)	12813	/Users/nima/Developer/NullAwayFixer/Projects/jadx/jadx-core/src/main/java/jadx/core/dex/visitors/EnumVisitor.java	null	null	null	null	null	null
PASS_NULLABLE	passing @Nullable parameter 'co.getCallMth()' where @NonNull is required	jadx.core.dex.visitors.EnumVisitor	createEnumFieldByConstructor(jadx.core.dex.nodes.ClassNode,jadx.core.dex.nodes.FieldNode,jadx.core.dex.instructions.mods.ConstructorInsn)	14877	/Users/nima/Developer/NullAwayFixer/Projects/jadx/jadx-core/src/main/java/jadx/core/dex/visitors/EnumVisitor.java	PARAMETER	jadx.core.dex.nodes.RootNode	resolveMethod(@org.jetbrains.annotations.NotNull jadx.core.dex.info.MethodInfo)	mth	0	/Users/nima/Developer/NullAwayFixer/Projects/jadx/jadx-core/src/main/java/jadx/core/dex/nodes/RootNode.java
DEREFERENCE_NULLABLE	dereferenced expression retType.getArrayElement() is @Nullable	jadx.core.dex.visitors.EnumVisitor	isValuesMethod(jadx.core.dex.nodes.MethodNode,jadx.core.dex.instructions.args.ArgType)	18136	/Users/nima/Developer/NullAwayFixer/Projects/jadx/jadx-core/src/main/java/jadx/core/dex/visitors/EnumVisitor.java	null	null	null	null	null	null
DEREFERENCE_NULLABLE	dereferenced expression invokeInsn.getCallMth() is @Nullable	jadx.core.dex.visitors.EnumVisitor	isValuesMethod(jadx.core.dex.nodes.MethodNode,jadx.core.dex.instructions.args.ArgType)	18783	/Users/nima/Developer/NullAwayFixer/Projects/jadx/jadx-core/src/main/java/jadx/core/dex/visitors/EnumVisitor.java	null	null	null	null	null	null
DEREFERENCE_NULLABLE	dereferenced expression invokeInsn.getCallMth() is @Nullable	jadx.core.dex.visitors.EnumVisitor	simpleValueOfMth(jadx.core.dex.nodes.MethodNode,jadx.core.dex.instructions.args.ArgType)	19441	/Users/nima/Developer/NullAwayFixer/Projects/jadx/jadx-core/src/main/java/jadx/core/dex/visitors/EnumVisitor.java	null	null	null	null	null	null
DEREFERENCE_NULLABLE	dereferenced expression innerCls.getParentClass() is @Nullable	jadx.core.dex.visitors.EnumVisitor	processEnumCls(jadx.core.dex.nodes.ClassNode,jadx.core.dex.attributes.nodes.EnumClassAttr.EnumField,jadx.core.dex.nodes.ClassNode)	21328	/Users/nima/Developer/NullAwayFixer/Projects/jadx/jadx-core/src/main/java/jadx/core/dex/visitors/EnumVisitor.java	null	null	null	null	null	null
DEREFERENCE_NULLABLE	dereferenced expression field.getType() is @Nullable	jadx.core.dex.visitors.ClassModifier	removeSyntheticFields(jadx.core.dex.nodes.ClassNode)	2844	/Users/nima/Developer/NullAwayFixer/Projects/jadx/jadx-core/src/main/java/jadx/core/dex/visitors/ClassModifier.java	null	null	null	null	null	null
DEREFERENCE_NULLABLE	dereferenced expression mth.getEnterBlock().getCleanSuccessors() is @Nullable	jadx.core.dex.visitors.ClassModifier	removeFieldUsageFromConstructor(jadx.core.dex.nodes.MethodNode,jadx.core.dex.nodes.FieldNode,jadx.core.dex.nodes.ClassNode)	3987	/Users/nima/Developer/NullAwayFixer/Projects/jadx/jadx-core/src/main/java/jadx/core/dex/visitors/ClassModifier.java	null	null	null	null	null	null
DEREFERENCE_NULLABLE	dereferenced expression mth.getEnterBlock() is @Nullable	jadx.core.dex.visitors.ClassModifier	removeFieldUsageFromConstructor(jadx.core.dex.nodes.MethodNode,jadx.core.dex.nodes.FieldNode,jadx.core.dex.nodes.ClassNode)	3987	/Users/nima/Developer/NullAwayFixer/Projects/jadx/jadx-core/src/main/java/jadx/core/dex/visitors/ClassModifier.java	null	null	null	null	null	null
DEREFERENCE_NULLABLE	dereferenced expression fieldInfo is @Nullable	jadx.core.dex.visitors.ClassModifier	removeFieldUsageFromConstructor(jadx.core.dex.nodes.MethodNode,jadx.core.dex.nodes.FieldNode,jadx.core.dex.nodes.ClassNode)	4358	/Users/nima/Developer/NullAwayFixer/Projects/jadx/jadx-core/src/main/java/jadx/core/dex/visitors/ClassModifier.java	null	null	null	null	null	null
DEREFERENCE_NULLABLE	dereferenced expression arg.getSVar() is @Nullable	jadx.core.dex.visitors.ClassModifier	removeFieldUsageFromConstructor(jadx.core.dex.nodes.MethodNode,jadx.core.dex.nodes.FieldNode,jadx.core.dex.nodes.ClassNode)	4572	/Users/nima/Developer/NullAwayFixer/Projects/jadx/jadx-core/src/main/java/jadx/core/dex/visitors/ClassModifier.java	null	null	null	null	null	null
DEREFERENCE_NULLABLE	dereferenced expression argClsInfo.getParentClass() is @Nullable	jadx.core.dex.visitors.ClassModifier	isRemovedClassInArgs(jadx.core.dex.nodes.ClassNode,java.util.List<jadx.core.dex.instructions.args.RegisterArg>)	6149	/Users/nima/Developer/NullAwayFixer/Projects/jadx/jadx-core/src/main/java/jadx/core/dex/visitors/ClassModifier.java	null	null	null	null	null	null
DEREFERENCE_NULLABLE	dereferenced expression cls.getParentClass() is @Nullable	jadx.core.dex.visitors.ClassModifier	modifySyntheticMethod(jadx.core.dex.nodes.ClassNode,jadx.core.dex.nodes.MethodNode,jadx.core.dex.nodes.InsnNode,java.util.List<jadx.core.dex.instructions.args.RegisterArg>)	6858	/Users/nima/Developer/NullAwayFixer/Projects/jadx/jadx-core/src/main/java/jadx/core/dex/visitors/ClassModifier.java	null	null	null	null	null	null
PASS_NULLABLE	passing @Nullable parameter 'callMth' where @NonNull is required	jadx.core.dex.visitors.ClassModifier	modifySyntheticMethod(jadx.core.dex.nodes.ClassNode,jadx.core.dex.nodes.MethodNode,jadx.core.dex.nodes.InsnNode,java.util.List<jadx.core.dex.instructions.args.RegisterArg>)	7308	/Users/nima/Developer/NullAwayFixer/Projects/jadx/jadx-core/src/main/java/jadx/core/dex/visitors/ClassModifier.java	PARAMETER	jadx.core.dex.nodes.RootNode	resolveMethod(@org.jetbrains.annotations.NotNull jadx.core.dex.info.MethodInfo)	mth	0	/Users/nima/Developer/NullAwayFixer/Projects/jadx/jadx-core/src/main/java/jadx/core/dex/nodes/RootNode.java
PASS_NULLABLE	passing @Nullable parameter 'callMth' where @NonNull is required	jadx.core.dex.visitors.ClassModifier	checkSyntheticWrapper(jadx.core.dex.nodes.MethodNode,jadx.core.dex.nodes.InsnNode)	8579	/Users/nima/Developer/NullAwayFixer/Projects/jadx/jadx-core/src/main/java/jadx/core/dex/visitors/ClassModifier.java	PARAMETER	jadx.core.dex.nodes.RootNode	resolveMethod(@org.jetbrains.annotations.NotNull jadx.core.dex.info.MethodInfo)	mth	0	/Users/nima/Developer/NullAwayFixer/Projects/jadx/jadx-core/src/main/java/jadx/core/dex/nodes/RootNode.java
DEREFERENCE_NULLABLE	dereferenced expression callMth is @Nullable	jadx.core.dex.visitors.ClassModifier	checkSyntheticWrapper(jadx.core.dex.nodes.MethodNode,jadx.core.dex.nodes.InsnNode)	8786	/Users/nima/Developer/NullAwayFixer/Projects/jadx/jadx-core/src/main/java/jadx/core/dex/visitors/ClassModifier.java	null	null	null	null	null	null
DEREFERENCE_NULLABLE	dereferenced expression arg is @Nullable	jadx.core.dex.visitors.ClassModifier	getParentInsnSkipMove(jadx.core.dex.instructions.args.RegisterArg)	13095	/Users/nima/Developer/NullAwayFixer/Projects/jadx/jadx-core/src/main/java/jadx/core/dex/visitors/ClassModifier.java	null	null	null	null	null	null
DEREFERENCE_NULLABLE	dereferenced expression sVar is @Nullable	jadx.core.dex.visitors.ClassModifier	getParentInsnSkipMove(jadx.core.dex.instructions.args.RegisterArg)	13116	/Users/nima/Developer/NullAwayFixer/Projects/jadx/jadx-core/src/main/java/jadx/core/dex/visitors/ClassModifier.java	null	null	null	null	null	null
DEREFERENCE_NULLABLE	enhanced-for expression genericTypes is @Nullable	jadx.core.dex.visitors.usage.UsageInfo	processType(jadx.core.dex.instructions.args.ArgType,java.util.function.Consumer<jadx.core.dex.nodes.ClassNode>)	3099	/Users/nima/Developer/NullAwayFixer/Projects/jadx/jadx-core/src/main/java/jadx/core/dex/visitors/usage/UsageInfo.java	null	null	null	null	null	null
DEREFERENCE_NULLABLE	enhanced-for expression mth.getBasicBlocks() is @Nullable	jadx.core.dex.visitors.kotlin.ProcessKotlinInternals	processMth(jadx.core.dex.nodes.MethodNode)	3226	/Users/nima/Developer/NullAwayFixer/Projects/jadx/jadx-core/src/main/java/jadx/core/dex/visitors/kotlin/ProcessKotlinInternals.java	null	null	null	null	null	null
DEREFERENCE_NULLABLE	dereferenced expression kotlinVarNameSourceMethods is @Nullable	jadx.core.dex.visitors.kotlin.ProcessKotlinInternals	processInvoke(jadx.core.dex.nodes.MethodNode,jadx.core.dex.nodes.InsnNode)	3731	/Users/nima/Developer/NullAwayFixer/Projects/jadx/jadx-core/src/main/java/jadx/core/dex/visitors/kotlin/ProcessKotlinInternals.java	null	null	null	null	null	null
DEREFERENCE_NULLABLE	dereferenced expression arg.getSVar() is @Nullable	jadx.core.dex.visitors.kotlin.ProcessKotlinInternals	checkAndRename(jadx.core.dex.instructions.args.RegisterArg,java.lang.String)	4504	/Users/nima/Developer/NullAwayFixer/Projects/jadx/jadx-core/src/main/java/jadx/core/dex/visitors/kotlin/ProcessKotlinInternals.java	null	null	null	null	null	null
DEREFERENCE_NULLABLE	dereferenced expression fieldNode.get(JadxAttrType.CONSTANT_VALUE) is @Nullable	jadx.core.dex.visitors.kotlin.ProcessKotlinInternals	getConstString(jadx.core.dex.nodes.MethodNode,jadx.core.dex.nodes.InsnNode,int)	5220	/Users/nima/Developer/NullAwayFixer/Projects/jadx/jadx-core/src/main/java/jadx/core/dex/visitors/kotlin/ProcessKotlinInternals.java	null	null	null	null	null	null
DEREFERENCE_NULLABLE	enhanced-for expression mth.getExceptionHandlers() is @Nullable	jadx.core.dex.visitors.DotGraphVisitor$DumpDotGraph	processMethodRegion(jadx.core.dex.nodes.MethodNode)	4155	/Users/nima/Developer/NullAwayFixer/Projects/jadx/jadx-core/src/main/java/jadx/core/dex/visitors/DotGraphVisitor.java	null	null	null	null	null	null
DEREFERENCE_NULLABLE	dereferenced expression mth.getBasicBlocks() is @Nullable	jadx.core.dex.visitors.DotGraphVisitor$DumpDotGraph	processMethodRegion(jadx.core.dex.nodes.MethodNode)	4354	/Users/nima/Developer/NullAwayFixer/Projects/jadx/jadx-core/src/main/java/jadx/core/dex/visitors/DotGraphVisitor.java	null	null	null	null	null	null
DEREFERENCE_NULLABLE	dereferenced expression c is @Nullable	jadx.core.dex.visitors.DotGraphVisitor$DumpDotGraph	makeName(jadx.core.dex.nodes.IContainer)	8347	/Users/nima/Developer/NullAwayFixer/Projects/jadx/jadx-core/src/main/java/jadx/core/dex/visitors/DotGraphVisitor.java	null	null	null	null	null	null
DEREFERENCE_NULLABLE	enhanced-for expression mth.getBasicBlocks() is @Nullable	jadx.core.dex.visitors.InlineMethods	visit(jadx.core.dex.nodes.MethodNode)	1640	/Users/nima/Developer/NullAwayFixer/Projects/jadx/jadx-core/src/main/java/jadx/core/dex/visitors/InlineMethods.java	null	null	null	null	null	null
DEREFERENCE_NULLABLE	dereferenced expression mia.getInsn() is @Nullable	jadx.core.dex.visitors.InlineMethods	inlineMethod(jadx.core.dex.nodes.MethodNode,jadx.core.dex.nodes.MethodNode,jadx.core.dex.attributes.nodes.MethodInlineAttr,jadx.core.dex.nodes.BlockNode,jadx.core.dex.instructions.InvokeNode)	2769	/Users/nima/Developer/NullAwayFixer/Projects/jadx/jadx-core/src/main/java/jadx/core/dex/visitors/InlineMethods.java	null	null	null	null	null	null
DEREFERENCE_NULLABLE	dereferenced expression regNums is @Nullable	jadx.core.dex.visitors.InlineMethods	inlineMethod(jadx.core.dex.nodes.MethodNode,jadx.core.dex.nodes.MethodNode,jadx.core.dex.attributes.nodes.MethodInlineAttr,jadx.core.dex.nodes.BlockNode,jadx.core.dex.instructions.InvokeNode)	3352	/Users/nima/Developer/NullAwayFixer/Projects/jadx/jadx-core/src/main/java/jadx/core/dex/visitors/InlineMethods.java	null	null	null	null	null	null
PASS_NULLABLE	passing @Nullable parameter 'callMth' where @NonNull is required	jadx.core.dex.visitors.InlineMethods	updateUsageInfo(jadx.core.dex.nodes.MethodNode,jadx.core.dex.nodes.MethodNode,jadx.core.dex.nodes.InsnNode)	5385	/Users/nima/Developer/NullAwayFixer/Projects/jadx/jadx-core/src/main/java/jadx/core/dex/visitors/InlineMethods.java	PARAMETER	jadx.core.dex.nodes.RootNode	resolveMethod(@org.jetbrains.annotations.NotNull jadx.core.dex.info.MethodInfo)	mth	0	/Users/nima/Developer/NullAwayFixer/Projects/jadx/jadx-core/src/main/java/jadx/core/dex/nodes/RootNode.java
DEREFERENCE_NULLABLE	enhanced-for expression mth.getSVars() is @Nullable	jadx.core.dex.visitors.InitCodeVariables	rerun(jadx.core.dex.nodes.MethodNode)	957	/Users/nima/Developer/NullAwayFixer/Projects/jadx/jadx-core/src/main/java/jadx/core/dex/visitors/InitCodeVariables.java	null	null	null	null	null	null
DEREFERENCE_NULLABLE	enhanced-for expression mth.getSVars() is @Nullable	jadx.core.dex.visitors.InitCodeVariables	initCodeVars(jadx.core.dex.nodes.MethodNode)	1290	/Users/nima/Developer/NullAwayFixer/Projects/jadx/jadx-core/src/main/java/jadx/core/dex/visitors/InitCodeVariables.java	null	null	null	null	null	null
DEREFERENCE_NULLABLE	dereferenced expression phiInsn.getResult() is @Nullable	jadx.core.dex.visitors.InitCodeVariables	collectConnectedVars(java.util.List<jadx.core.dex.instructions.PhiInsn>,java.util.Set<jadx.core.dex.instructions.args.SSAVar>)	3229	/Users/nima/Developer/NullAwayFixer/Projects/jadx/jadx-core/src/main/java/jadx/core/dex/visitors/InitCodeVariables.java	null	null	null	null	null	null
DEREFERENCE_NULLABLE	dereferenced expression resultVar is @Nullable	jadx.core.dex.visitors.InitCodeVariables	collectConnectedVars(java.util.List<jadx.core.dex.instructions.PhiInsn>,java.util.Set<jadx.core.dex.instructions.args.SSAVar>)	3315	/Users/nima/Developer/NullAwayFixer/Projects/jadx/jadx-core/src/main/java/jadx/core/dex/visitors/InitCodeVariables.java	null	null	null	null	null	null
DEREFERENCE_NULLABLE	dereferenced expression sVar is @Nullable	jadx.core.dex.visitors.InitCodeVariables	collectConnectedVars(java.util.List<jadx.core.dex.instructions.PhiInsn>,java.util.Set<jadx.core.dex.instructions.args.SSAVar>)	3495	/Users/nima/Developer/NullAwayFixer/Projects/jadx/jadx-core/src/main/java/jadx/core/dex/visitors/InitCodeVariables.java	null	null	null	null	null	null
DEREFERENCE_NULLABLE	enhanced-for expression mth.getInstructions() is @Nullable	jadx.core.dex.visitors.AttachMethodDetails	visit(jadx.core.dex.nodes.MethodNode)	908	/Users/nima/Developer/NullAwayFixer/Projects/jadx/jadx-core/src/main/java/jadx/core/dex/visitors/AttachMethodDetails.java	null	null	null	null	null	null
DEREFERENCE_NULLABLE	dereferenced expression methodUtils is @Nullable	jadx.core.dex.visitors.AttachMethodDetails	attachMethodDetails(jadx.core.dex.instructions.BaseInvokeNode)	1146	/Users/nima/Developer/NullAwayFixer/Projects/jadx/jadx-core/src/main/java/jadx/core/dex/visitors/AttachMethodDetails.java	null	null	null	null	null	null
DEREFERENCE_NULLABLE	dereferenced expression ((TernaryInsn) insn).getCondition() is @Nullable	jadx.core.dex.visitors.shrink.ArgsInfo	addArgs(jadx.core.dex.nodes.InsnNode,java.util.List<jadx.core.dex.instructions.args.RegisterArg>)	1223	/Users/nima/Developer/NullAwayFixer/Projects/jadx/jadx-core/src/main/java/jadx/core/dex/visitors/shrink/ArgsInfo.java	null	null	null	null	null	null
DEREFERENCE_NULLABLE	enhanced-for expression mth.getBasicBlocks() is @Nullable	jadx.core.dex.visitors.shrink.CodeShrinkVisitor	shrinkMethod(jadx.core.dex.nodes.MethodNode)	1361	/Users/nima/Developer/NullAwayFixer/Projects/jadx/jadx-core/src/main/java/jadx/core/dex/visitors/shrink/CodeShrinkVisitor.java	null	null	null	null	null	null
DEREFERENCE_NULLABLE	enhanced-for expression mth.getSVars() is @Nullable	jadx.core.dex.visitors.shrink.CodeShrinkVisitor	varWithSameNameExists(jadx.core.dex.nodes.MethodNode,jadx.core.dex.instructions.args.SSAVar)	4542	/Users/nima/Developer/NullAwayFixer/Projects/jadx/jadx-core/src/main/java/jadx/core/dex/visitors/shrink/CodeShrinkVisitor.java	null	null	null	null	null	null
DEREFERENCE_NULLABLE	dereferenced expression arg.getSVar() is @Nullable	jadx.core.dex.visitors.shrink.CodeShrinkVisitor	assignInline(jadx.core.dex.nodes.MethodNode,jadx.core.dex.instructions.args.RegisterArg,jadx.core.dex.nodes.InsnNode,jadx.core.dex.nodes.BlockNode)	5316	/Users/nima/Developer/NullAwayFixer/Projects/jadx/jadx-core/src/main/java/jadx/core/dex/visitors/shrink/CodeShrinkVisitor.java	null	null	null	null	null	null
DEREFERENCE_NULLABLE	dereferenced expression insn.getResult() is @Nullable	jadx.core.dex.visitors.shrink.CodeShrinkVisitor	simplifyMoveInsns(jadx.core.dex.nodes.MethodNode,jadx.core.dex.nodes.BlockNode)	8479	/Users/nima/Developer/NullAwayFixer/Projects/jadx/jadx-core/src/main/java/jadx/core/dex/visitors/shrink/CodeShrinkVisitor.java	null	null	null	null	null	null
DEREFERENCE_NULLABLE	enhanced-for expression mth.getBasicBlocks() is @Nullable	jadx.core.dex.visitors.ExtractFieldInit	collectFieldsInit(jadx.core.dex.nodes.ClassNode,jadx.core.dex.nodes.MethodNode,jadx.core.dex.instructions.InsnType)	5603	/Users/nima/Developer/NullAwayFixer/Projects/jadx/jadx-core/src/main/java/jadx/core/dex/visitors/ExtractFieldInit.java	null	null	null	null	null	null
DEREFERENCE_NULLABLE	dereferenced expression field is @Nullable	jadx.core.dex.visitors.ExtractFieldInit	collectFieldsInit(jadx.core.dex.nodes.ClassNode,jadx.core.dex.nodes.MethodNode,jadx.core.dex.instructions.InsnType)	5884	/Users/nima/Developer/NullAwayFixer/Projects/jadx/jadx-core/src/main/java/jadx/core/dex/visitors/ExtractFieldInit.java	null	null	null	null	null	null
DEREFERENCE_NULLABLE	dereferenced expression fieldInfo is @Nullable	jadx.core.dex.visitors.ExtractFieldInit	processFieldsDependencies(jadx.core.dex.nodes.ClassNode,java.util.List<jadx.core.dex.visitors.ExtractFieldInit.FieldInitInfo>)	9539	/Users/nima/Developer/NullAwayFixer/Projects/jadx/jadx-core/src/main/java/jadx/core/dex/visitors/ExtractFieldInit.java	null	null	null	null	null	null
DEREFERENCE_NULLABLE	dereferenced expression attr is @Nullable	jadx.core.dex.visitors.ProcessAnonymous	undoAnonymousMark(jadx.core.dex.nodes.ClassNode)	2837	/Users/nima/Developer/NullAwayFixer/Projects/jadx/jadx-core/src/main/java/jadx/core/dex/visitors/ProcessAnonymous.java	null	null	null	null	null	null
DEREFERENCE_NULLABLE	dereferenced expression useCls.getParentClass() is @Nullable	jadx.core.dex.visitors.ProcessAnonymous	badMethodUsage(jadx.core.dex.nodes.ClassNode,jadx.core.dex.nodes.MethodNode,jadx.core.dex.info.AccessInfo)	7735	/Users/nima/Developer/NullAwayFixer/Projects/jadx/jadx-core/src/main/java/jadx/core/dex/visitors/ProcessAnonymous.java	null	null	null	null	null	null
DEREFERENCE_NULLABLE	dereferenced expression cls.root().getClsp() is @Nullable	jadx.core.dex.visitors.ProcessAnonymous	getBaseType(jadx.core.dex.nodes.ClassNode)	8814	/Users/nima/Developer/NullAwayFixer/Projects/jadx/jadx-core/src/main/java/jadx/core/dex/visitors/ProcessAnonymous.java	null	null	null	null	null	null
DEREFERENCE_NULLABLE	enhanced-for expression mth.getBasicBlocks() is @Nullable	jadx.core.dex.visitors.ShadowFieldVisitor	fixShadowFieldAccess(jadx.core.dex.nodes.MethodNode,@org.jetbrains.annotations.Nullable java.util.Map<java.lang.String,jadx.core.dex.visitors.ShadowFieldVisitor.FieldFixInfo>)	3978	/Users/nima/Developer/NullAwayFixer/Projects/jadx/jadx-core/src/main/java/jadx/core/dex/visitors/ShadowFieldVisitor.java	null	null	null	null	null	null
DEREFERENCE_NULLABLE	dereferenced expression type is @Nullable	jadx.core.dex.visitors.ShadowFieldVisitor	processInsn(jadx.core.dex.nodes.MethodNode,jadx.core.dex.nodes.InsnNode,@org.jetbrains.annotations.Nullable java.util.Map<java.lang.String,jadx.core.dex.visitors.ShadowFieldVisitor.FieldFixInfo>)	4422	/Users/nima/Developer/NullAwayFixer/Projects/jadx/jadx-core/src/main/java/jadx/core/dex/visitors/ShadowFieldVisitor.java	null	null	null	null	null	null
DEREFERENCE_NULLABLE	dereferenced expression fixInfoMap is @Nullable	jadx.core.dex.visitors.ShadowFieldVisitor	processInsn(jadx.core.dex.nodes.MethodNode,jadx.core.dex.nodes.InsnNode,@org.jetbrains.annotations.Nullable java.util.Map<java.lang.String,jadx.core.dex.visitors.ShadowFieldVisitor.FieldFixInfo>)	4509	/Users/nima/Developer/NullAwayFixer/Projects/jadx/jadx-core/src/main/java/jadx/core/dex/visitors/ShadowFieldVisitor.java	null	null	null	null	null	null
DEREFERENCE_NULLABLE	dereferenced expression fieldFixInfo.fieldFixMap is @Nullable	jadx.core.dex.visitors.ShadowFieldVisitor	processInsn(jadx.core.dex.nodes.MethodNode,jadx.core.dex.nodes.InsnNode,@org.jetbrains.annotations.Nullable java.util.Map<java.lang.String,jadx.core.dex.visitors.ShadowFieldVisitor.FieldFixInfo>)	4618	/Users/nima/Developer/NullAwayFixer/Projects/jadx/jadx-core/src/main/java/jadx/core/dex/visitors/ShadowFieldVisitor.java	null	null	null	null	null	null
DEREFERENCE_NULLABLE	enhanced-for expression mth.getBasicBlocks() is @Nullable	jadx.core.dex.visitors.PrepareForCodeGen	visit(jadx.core.dex.nodes.MethodNode)	2709	/Users/nima/Developer/NullAwayFixer/Projects/jadx/jadx-core/src/main/java/jadx/core/dex/visitors/PrepareForCodeGen.java	null	null	null	null	null	null
DEREFERENCE_NULLABLE	dereferenced expression result.getSVar() is @Nullable	jadx.core.dex.visitors.PrepareForCodeGen	removeInstructions(jadx.core.dex.nodes.BlockNode)	3643	/Users/nima/Developer/NullAwayFixer/Projects/jadx/jadx-core/src/main/java/jadx/core/dex/visitors/PrepareForCodeGen.java	null	null	null	null	null	null
DEREFERENCE_NULLABLE	dereferenced expression result is @Nullable	jadx.core.dex.visitors.PrepareForCodeGen	removeInstructions(jadx.core.dex.nodes.BlockNode)	3643	/Users/nima/Developer/NullAwayFixer/Projects/jadx/jadx-core/src/main/java/jadx/core/dex/visitors/PrepareForCodeGen.java	null	null	null	null	null	null
DEREFERENCE_NULLABLE	dereferenced expression cond is @Nullable	jadx.core.dex.visitors.PrepareForCodeGen	removeParenthesis(@org.jetbrains.annotations.Nullable jadx.core.dex.regions.conditions.IfCondition)	6219	/Users/nima/Developer/NullAwayFixer/Projects/jadx/jadx-core/src/main/java/jadx/core/dex/visitors/PrepareForCodeGen.java	null	null	null	null	null	null
DEREFERENCE_NULLABLE	dereferenced expression res is @Nullable	jadx.core.dex.visitors.PrepareForCodeGen	modifyArith(jadx.core.dex.nodes.BlockNode)	6807	/Users/nima/Developer/NullAwayFixer/Projects/jadx/jadx-core/src/main/java/jadx/core/dex/visitors/PrepareForCodeGen.java	null	null	null	null	null	null
DEREFERENCE_NULLABLE	dereferenced expression oldRootRegion is @Nullable	jadx.core.dex.visitors.PrepareForCodeGen	moveConstructorInConstructor(jadx.core.dex.nodes.MethodNode)	7593	/Users/nima/Developer/NullAwayFixer/Projects/jadx/jadx-core/src/main/java/jadx/core/dex/visitors/PrepareForCodeGen.java	null	null	null	null	null	null
DEREFERENCE_NULLABLE	enhanced-for expression mth.getBasicBlocks() is @Nullable	jadx.core.dex.visitors.PrepareForCodeGen	searchConstructorCall(jadx.core.dex.nodes.MethodNode)	8793	/Users/nima/Developer/NullAwayFixer/Projects/jadx/jadx-core/src/main/java/jadx/core/dex/visitors/PrepareForCodeGen.java	null	null	null	null	null	null
DEREFERENCE_NULLABLE	dereferenced expression mth.getBasicBlocks() is @Nullable	jadx.core.dex.visitors.ssa.LiveVarAnalysis	runAnalysis()	852	/Users/nima/Developer/NullAwayFixer/Projects/jadx/jadx-core/src/main/java/jadx/core/dex/visitors/ssa/LiveVarAnalysis.java	null	null	null	null	null	null
DEREFERENCE_NULLABLE	dereferenced expression assignBlocks is @Nullable	jadx.core.dex.visitors.ssa.LiveVarAnalysis	getAssignBlocks(int)	1183	/Users/nima/Developer/NullAwayFixer/Projects/jadx/jadx-core/src/main/java/jadx/core/dex/visitors/ssa/LiveVarAnalysis.java	null	null	null	null	null	null
DEREFERENCE_NULLABLE	dereferenced expression liveIn is @Nullable	jadx.core.dex.visitors.ssa.LiveVarAnalysis	isLive(int,int)	1276	/Users/nima/Developer/NullAwayFixer/Projects/jadx/jadx-core/src/main/java/jadx/core/dex/visitors/ssa/LiveVarAnalysis.java	null	null	null	null	null	null
DEREFERENCE_NULLABLE	enhanced-for expression mth.getBasicBlocks() is @Nullable	jadx.core.dex.visitors.ssa.LiveVarAnalysis	fillBasicBlockInfo()	1583	/Users/nima/Developer/NullAwayFixer/Projects/jadx/jadx-core/src/main/java/jadx/core/dex/visitors/ssa/LiveVarAnalysis.java	null	null	null	null	null	null
DEREFERENCE_NULLABLE	dereferenced expression uses is @Nullable	jadx.core.dex.visitors.ssa.LiveVarAnalysis	fillBasicBlockInfo()	1678	/Users/nima/Developer/NullAwayFixer/Projects/jadx/jadx-core/src/main/java/jadx/core/dex/visitors/ssa/LiveVarAnalysis.java	null	null	null	null	null	null
DEREFERENCE_NULLABLE	dereferenced expression defs is @Nullable	jadx.core.dex.visitors.ssa.LiveVarAnalysis	fillBasicBlockInfo()	1710	/Users/nima/Developer/NullAwayFixer/Projects/jadx/jadx-core/src/main/java/jadx/core/dex/visitors/ssa/LiveVarAnalysis.java	null	null	null	null	null	null
DEREFERENCE_NULLABLE	dereferenced expression assignBlocks is @Nullable	jadx.core.dex.visitors.ssa.LiveVarAnalysis	fillBasicBlockInfo()	2114	/Users/nima/Developer/NullAwayFixer/Projects/jadx/jadx-core/src/main/java/jadx/core/dex/visitors/ssa/LiveVarAnalysis.java	null	null	null	null	null	null
DEREFERENCE_NULLABLE	dereferenced expression mth.getBasicBlocks() is @Nullable	jadx.core.dex.visitors.ssa.LiveVarAnalysis	processLiveInfo()	2218	/Users/nima/Developer/NullAwayFixer/Projects/jadx/jadx-core/src/main/java/jadx/core/dex/visitors/ssa/LiveVarAnalysis.java	null	null	null	null	null	null
DEREFERENCE_NULLABLE	dereferenced expression defs is @Nullable	jadx.core.dex.visitors.ssa.LiveVarAnalysis	processLiveInfo()	2814	/Users/nima/Developer/NullAwayFixer/Projects/jadx/jadx-core/src/main/java/jadx/core/dex/visitors/ssa/LiveVarAnalysis.java	null	null	null	null	null	null
DEREFERENCE_NULLABLE	dereferenced expression uses is @Nullable	jadx.core.dex.visitors.ssa.LiveVarAnalysis	processLiveInfo()	2843	/Users/nima/Developer/NullAwayFixer/Projects/jadx/jadx-core/src/main/java/jadx/core/dex/visitors/ssa/LiveVarAnalysis.java	null	null	null	null	null	null
DEREFERENCE_NULLABLE	dereferenced expression mth.getSVars() is @Nullable	jadx.core.dex.visitors.ssa.SSATransform	process(jadx.core.dex.nodes.MethodNode)	1516	/Users/nima/Developer/NullAwayFixer/Projects/jadx/jadx-core/src/main/java/jadx/core/dex/visitors/ssa/SSATransform.java	null	null	null	null	null	null
DEREFERENCE_NULLABLE	dereferenced expression blocks is @Nullable	jadx.core.dex.visitors.ssa.SSATransform	placePhi(jadx.core.dex.nodes.MethodNode,int,jadx.core.dex.visitors.ssa.LiveVarAnalysis)	2249	/Users/nima/Developer/NullAwayFixer/Projects/jadx/jadx-core/src/main/java/jadx/core/dex/visitors/ssa/SSATransform.java	null	null	null	null	null	null
DEREFERENCE_NULLABLE	dereferenced expression domFrontier is @Nullable	jadx.core.dex.visitors.ssa.SSATransform	placePhi(jadx.core.dex.nodes.MethodNode,int,jadx.core.dex.visitors.ssa.LiveVarAnalysis)	2742	/Users/nima/Developer/NullAwayFixer/Projects/jadx/jadx-core/src/main/java/jadx/core/dex/visitors/ssa/SSATransform.java	null	null	null	null	null	null
DEREFERENCE_NULLABLE	dereferenced expression state.getBlock() is @Nullable	jadx.core.dex.visitors.ssa.SSATransform	renameVariables(jadx.core.dex.nodes.MethodNode)	4154	/Users/nima/Developer/NullAwayFixer/Projects/jadx/jadx-core/src/main/java/jadx/core/dex/visitors/ssa/SSATransform.java	null	null	null	null	null	null
DEREFERENCE_NULLABLE	dereferenced expression initState.getBlock() is @Nullable	jadx.core.dex.visitors.ssa.SSATransform	initPhiInEnterBlock(jadx.core.dex.visitors.ssa.RenameState)	4350	/Users/nima/Developer/NullAwayFixer/Projects/jadx/jadx-core/src/main/java/jadx/core/dex/visitors/ssa/SSATransform.java	null	null	null	null	null	null
DEREFERENCE_NULLABLE	dereferenced expression block is @Nullable	jadx.core.dex.visitors.ssa.SSATransform	renameVarsInBlock(jadx.core.dex.nodes.MethodNode,jadx.core.dex.visitors.ssa.RenameState)	4650	/Users/nima/Developer/NullAwayFixer/Projects/jadx/jadx-core/src/main/java/jadx/core/dex/visitors/ssa/SSATransform.java	null	null	null	null	null	null
DEREFERENCE_NULLABLE	dereferenced expression phiInsn.getResult() is @Nullable	jadx.core.dex.visitors.ssa.SSATransform	bindPhiArg(jadx.core.dex.visitors.ssa.RenameState,jadx.core.dex.instructions.PhiInsn)	5636	/Users/nima/Developer/NullAwayFixer/Projects/jadx/jadx-core/src/main/java/jadx/core/dex/visitors/ssa/SSATransform.java	null	null	null	null	null	null
DEREFERENCE_NULLABLE	enhanced-for expression mth.getBasicBlocks() is @Nullable	jadx.core.dex.visitors.ssa.SSATransform	fixLastAssignInTry(jadx.core.dex.nodes.MethodNode)	5958	/Users/nima/Developer/NullAwayFixer/Projects/jadx/jadx-core/src/main/java/jadx/core/dex/visitors/ssa/SSATransform.java	null	null	null	null	null	null
DEREFERENCE_NULLABLE	enhanced-for expression mth.getBasicBlocks() is @Nullable	jadx.core.dex.visitors.ssa.SSATransform	removeBlockerInsns(jadx.core.dex.nodes.MethodNode)	6740	/Users/nima/Developer/NullAwayFixer/Projects/jadx/jadx-core/src/main/java/jadx/core/dex/visitors/ssa/SSATransform.java	null	null	null	null	null	null
DEREFERENCE_NULLABLE	enhanced-for expression mth.getSVars() is @Nullable	jadx.core.dex.visitors.ssa.SSATransform	fixUselessPhi(jadx.core.dex.nodes.MethodNode)	7445	/Users/nima/Developer/NullAwayFixer/Projects/jadx/jadx-core/src/main/java/jadx/core/dex/visitors/ssa/SSATransform.java	null	null	null	null	null	null
DEREFERENCE_NULLABLE	enhanced-for expression mth.getBasicBlocks() is @Nullable	jadx.core.dex.visitors.ssa.SSATransform	fixUselessPhi(jadx.core.dex.nodes.MethodNode)	7752	/Users/nima/Developer/NullAwayFixer/Projects/jadx/jadx-core/src/main/java/jadx/core/dex/visitors/ssa/SSATransform.java	null	null	null	null	null	null
DEREFERENCE_NULLABLE	dereferenced expression phi.getResult().getSVar() is @Nullable	jadx.core.dex.visitors.ssa.SSATransform	fixPhiWithSameArgs(jadx.core.dex.nodes.MethodNode,jadx.core.dex.nodes.BlockNode,jadx.core.dex.instructions.PhiInsn)	8319	/Users/nima/Developer/NullAwayFixer/Projects/jadx/jadx-core/src/main/java/jadx/core/dex/visitors/ssa/SSATransform.java	null	null	null	null	null	null
DEREFERENCE_NULLABLE	dereferenced expression phi.getResult() is @Nullable	jadx.core.dex.visitors.ssa.SSATransform	fixPhiWithSameArgs(jadx.core.dex.nodes.MethodNode,jadx.core.dex.nodes.BlockNode,jadx.core.dex.instructions.PhiInsn)	8319	/Users/nima/Developer/NullAwayFixer/Projects/jadx/jadx-core/src/main/java/jadx/core/dex/visitors/ssa/SSATransform.java	null	null	null	null	null	null
DEREFERENCE_NULLABLE	enhanced-for expression mth.getBasicBlocks() is @Nullable	jadx.core.dex.visitors.ssa.SSATransform	removePhiList(jadx.core.dex.nodes.MethodNode,java.util.List<jadx.core.dex.instructions.PhiInsn>)	9155	/Users/nima/Developer/NullAwayFixer/Projects/jadx/jadx-core/src/main/java/jadx/core/dex/visitors/ssa/SSATransform.java	null	null	null	null	null	null
DEREFERENCE_NULLABLE	dereferenced expression phi.getResult() is @Nullable	jadx.core.dex.visitors.ssa.SSATransform	replacePhiWithMove(jadx.core.dex.nodes.MethodNode,jadx.core.dex.nodes.BlockNode,jadx.core.dex.instructions.PhiInsn,jadx.core.dex.instructions.args.RegisterArg)	10083	/Users/nima/Developer/NullAwayFixer/Projects/jadx/jadx-core/src/main/java/jadx/core/dex/visitors/ssa/SSATransform.java	null	null	null	null	null	null
DEREFERENCE_NULLABLE	dereferenced expression assign is @Nullable	jadx.core.dex.visitors.ssa.SSATransform	replacePhiWithMove(jadx.core.dex.nodes.MethodNode,jadx.core.dex.nodes.BlockNode,jadx.core.dex.instructions.PhiInsn,jadx.core.dex.instructions.args.RegisterArg)	10326	/Users/nima/Developer/NullAwayFixer/Projects/jadx/jadx-core/src/main/java/jadx/core/dex/visitors/ssa/SSATransform.java	null	null	null	null	null	null
DEREFERENCE_NULLABLE	dereferenced expression arg.getSVar() is @Nullable	jadx.core.dex.visitors.ssa.SSATransform	replacePhiWithMove(jadx.core.dex.nodes.MethodNode,jadx.core.dex.nodes.BlockNode,jadx.core.dex.instructions.PhiInsn,jadx.core.dex.instructions.args.RegisterArg)	10485	/Users/nima/Developer/NullAwayFixer/Projects/jadx/jadx-core/src/main/java/jadx/core/dex/visitors/ssa/SSATransform.java	null	null	null	null	null	null
DEREFERENCE_NULLABLE	dereferenced expression phi.getResult() is @Nullable	jadx.core.dex.visitors.ssa.SSATransform	inlinePhiInsn(jadx.core.dex.nodes.MethodNode,jadx.core.dex.nodes.BlockNode,jadx.core.dex.instructions.PhiInsn)	10663	/Users/nima/Developer/NullAwayFixer/Projects/jadx/jadx-core/src/main/java/jadx/core/dex/visitors/ssa/SSATransform.java	null	null	null	null	null	null
DEREFERENCE_NULLABLE	dereferenced expression useArg.getSVar() is @Nullable	jadx.core.dex.visitors.ssa.SSATransform	inlinePhiInsn(jadx.core.dex.nodes.MethodNode,jadx.core.dex.nodes.BlockNode,jadx.core.dex.instructions.PhiInsn)	11183	/Users/nima/Developer/NullAwayFixer/Projects/jadx/jadx-core/src/main/java/jadx/core/dex/visitors/ssa/SSATransform.java	null	null	null	null	null	null
DEREFERENCE_NULLABLE	dereferenced expression thisArg.getSVar() is @Nullable	jadx.core.dex.visitors.ssa.SSATransform	markThisArgs(jadx.core.dex.instructions.args.RegisterArg)	11670	/Users/nima/Developer/NullAwayFixer/Projects/jadx/jadx-core/src/main/java/jadx/core/dex/visitors/ssa/SSATransform.java	null	null	null	null	null	null
DEREFERENCE_NULLABLE	dereferenced expression resArg is @Nullable	jadx.core.dex.visitors.ssa.SSATransform	markOneArgAsThis(jadx.core.dex.instructions.args.RegisterArg)	12134	/Users/nima/Developer/NullAwayFixer/Projects/jadx/jadx-core/src/main/java/jadx/core/dex/visitors/ssa/SSATransform.java	null	null	null	null	null	null
DEREFERENCE_NULLABLE	dereferenced expression resArg.getSVar() is @Nullable	jadx.core.dex.visitors.ssa.SSATransform	markOneArgAsThis(jadx.core.dex.instructions.args.RegisterArg)	12181	/Users/nima/Developer/NullAwayFixer/Projects/jadx/jadx-core/src/main/java/jadx/core/dex/visitors/ssa/SSATransform.java	null	null	null	null	null	null
DEREFERENCE_NULLABLE	enhanced-for expression mth.getBasicBlocks() is @Nullable	jadx.core.dex.visitors.ssa.SSATransform	hidePhiInsns(jadx.core.dex.nodes.MethodNode)	12349	/Users/nima/Developer/NullAwayFixer/Projects/jadx/jadx-core/src/main/java/jadx/core/dex/visitors/ssa/SSATransform.java	null	null	null	null	null	null
DEREFERENCE_NULLABLE	enhanced-for expression mth.getSVars() is @Nullable	jadx.core.dex.visitors.ssa.SSATransform	resetSSAVars(jadx.core.dex.nodes.MethodNode)	12535	/Users/nima/Developer/NullAwayFixer/Projects/jadx/jadx-core/src/main/java/jadx/core/dex/visitors/ssa/SSATransform.java	null	null	null	null	null	null
DEREFERENCE_NULLABLE	enhanced-for expression mth.getBasicBlocks() is @Nullable	jadx.core.dex.visitors.ssa.SSATransform	resetSSAVars(jadx.core.dex.nodes.MethodNode)	12675	/Users/nima/Developer/NullAwayFixer/Projects/jadx/jadx-core/src/main/java/jadx/core/dex/visitors/ssa/SSATransform.java	null	null	null	null	null	null
DEREFERENCE_NULLABLE	dereferenced expression mth.getSVars() is @Nullable	jadx.core.dex.visitors.ssa.SSATransform	removeUnusedInvokeResults(jadx.core.dex.nodes.MethodNode)	12878	/Users/nima/Developer/NullAwayFixer/Projects/jadx/jadx-core/src/main/java/jadx/core/dex/visitors/ssa/SSATransform.java	null	null	null	null	null	null
DEREFERENCE_NULLABLE	dereferenced expression insns is @Nullable	jadx.core.dex.visitors.CheckCode	canRemoveMethod(jadx.core.dex.nodes.MethodNode)	1091	/Users/nima/Developer/NullAwayFixer/Projects/jadx/jadx-core/src/main/java/jadx/core/dex/visitors/CheckCode.java	null	null	null	null	null	null
DEREFERENCE_NULLABLE	enhanced-for expression mth.getInstructions() is @Nullable	jadx.core.dex.visitors.CheckCode	checkInstructions(jadx.core.dex.nodes.MethodNode)	1610	/Users/nima/Developer/NullAwayFixer/Projects/jadx/jadx-core/src/main/java/jadx/core/dex/visitors/CheckCode.java	null	null	null	null	null	null
DEREFERENCE_NULLABLE	dereferenced expression candidateType is @Nullable	jadx.core.dex.visitors.SignatureProcessor	validateClsType(jadx.core.dex.nodes.ClassNode,jadx.core.dex.instructions.args.ArgType,jadx.core.dex.instructions.args.ArgType)	1963	/Users/nima/Developer/NullAwayFixer/Projects/jadx/jadx-core/src/main/java/jadx/core/dex/visitors/SignatureProcessor.java	null	null	null	null	null	null
DEREFERENCE_NULLABLE	dereferenced expression root is @Nullable	jadx.core.dex.visitors.SignatureProcessor	parseFieldSignature(jadx.core.dex.nodes.FieldNode)	2857	/Users/nima/Developer/NullAwayFixer/Projects/jadx/jadx-core/src/main/java/jadx/core/dex/visitors/SignatureProcessor.java	null	null	null	null	null	null
DEREFERENCE_NULLABLE	dereferenced expression root is @Nullable	jadx.core.dex.visitors.SignatureProcessor	parseMethodSignature(jadx.core.dex.nodes.MethodNode)	3847	/Users/nima/Developer/NullAwayFixer/Projects/jadx/jadx-core/src/main/java/jadx/core/dex/visitors/SignatureProcessor.java	null	null	null	null	null	null
DEREFERENCE_NULLABLE	dereferenced expression root is @Nullable	jadx.core.dex.visitors.SignatureProcessor	validateParsedType(jadx.core.dex.instructions.args.ArgType,jadx.core.dex.instructions.args.ArgType)	6297	/Users/nima/Developer/NullAwayFixer/Projects/jadx/jadx-core/src/main/java/jadx/core/dex/visitors/SignatureProcessor.java	null	null	null	null	null	null
DEREFERENCE_NULLABLE	dereferenced expression type is @Nullable	jadx.core.dex.visitors.SignatureProcessor	validateInnerType(jadx.core.dex.instructions.args.ArgType)	6660	/Users/nima/Developer/NullAwayFixer/Projects/jadx/jadx-core/src/main/java/jadx/core/dex/visitors/SignatureProcessor.java	null	null	null	null	null	null
DEREFERENCE_NULLABLE	dereferenced expression root is @Nullable	jadx.core.dex.visitors.SignatureProcessor	validateInnerType(jadx.core.dex.instructions.args.ArgType)	6849	/Users/nima/Developer/NullAwayFixer/Projects/jadx/jadx-core/src/main/java/jadx/core/dex/visitors/SignatureProcessor.java	null	null	null	null	null	null
DEREFERENCE_NULLABLE	dereferenced expression innerCls.getParentClass() is @Nullable	jadx.core.dex.visitors.SignatureProcessor	validateInnerType(jadx.core.dex.instructions.args.ArgType)	7524	/Users/nima/Developer/NullAwayFixer/Projects/jadx/jadx-core/src/main/java/jadx/core/dex/visitors/SignatureProcessor.java	null	null	null	null	null	null
PASS_NULLABLE	passing @Nullable parameter 'consumeType()' where @NonNull is required	jadx.core.dex.nodes.parser.SignatureParser	consumeType()	3266	/Users/nima/Developer/NullAwayFixer/Projects/jadx/jadx-core/src/main/java/jadx/core/dex/nodes/parser/SignatureParser.java	PARAMETER	jadx.core.dex.instructions.args.ArgType	array(@org.jetbrains.annotations.NotNull jadx.core.dex.instructions.args.ArgType)	vtype	0	/Users/nima/Developer/NullAwayFixer/Projects/jadx/jadx-core/src/main/java/jadx/core/dex/instructions/args/ArgType.java
DEREFERENCE_NULLABLE	dereferenced expression useCls.getPackage() is @Nullable	jadx.core.dex.visitors.FixAccessModifiers	fixClassVisibility(jadx.core.dex.nodes.ClassNode)	2394	/Users/nima/Developer/NullAwayFixer/Projects/jadx/jadx-core/src/main/java/jadx/core/dex/visitors/FixAccessModifiers.java	null	null	null	null	null	null
PASS_NULLABLE	passing @Nullable parameter 'invoke.getCallMth()' where @NonNull is required	jadx.core.dex.visitors.MarkMethodsForInline	fixVisibilityOfInlineCode(jadx.core.dex.nodes.MethodNode,jadx.core.dex.nodes.InsnNode)	3373	/Users/nima/Developer/NullAwayFixer/Projects/jadx/jadx-core/src/main/java/jadx/core/dex/visitors/MarkMethodsForInline.java	PARAMETER	jadx.core.dex.nodes.RootNode	resolveMethod(@org.jetbrains.annotations.NotNull jadx.core.dex.info.MethodInfo)	mth	0	/Users/nima/Developer/NullAwayFixer/Projects/jadx/jadx-core/src/main/java/jadx/core/dex/nodes/RootNode.java
DEREFERENCE_NULLABLE	dereferenced expression mth.getSVars() is @Nullable	jadx.core.dex.visitors.debuginfo.DebugInfoApplyVisitor	applyDebugInfo(jadx.core.dex.nodes.MethodNode)	2361	/Users/nima/Developer/NullAwayFixer/Projects/jadx/jadx-core/src/main/java/jadx/core/dex/visitors/debuginfo/DebugInfoApplyVisitor.java	null	null	null	null	null	null
DEREFERENCE_NULLABLE	dereferenced expression ssaVar is @Nullable	jadx.core.dex.visitors.debuginfo.DebugInfoApplyVisitor	applyDebugInfo(jadx.core.dex.nodes.MethodNode,jadx.core.dex.instructions.args.SSAVar,jadx.core.dex.instructions.args.ArgType,java.lang.String)	4964	/Users/nima/Developer/NullAwayFixer/Projects/jadx/jadx-core/src/main/java/jadx/core/dex/visitors/debuginfo/DebugInfoApplyVisitor.java	null	null	null	null	null	null
DEREFERENCE_NULLABLE	dereferenced expression mth.getSVars() is @Nullable	jadx.core.dex.visitors.debuginfo.DebugInfoApplyVisitor	fixNamesForPhiInsns(jadx.core.dex.nodes.MethodNode)	6044	/Users/nima/Developer/NullAwayFixer/Projects/jadx/jadx-core/src/main/java/jadx/core/dex/visitors/debuginfo/DebugInfoApplyVisitor.java	null	null	null	null	null	null
DEREFERENCE_NULLABLE	dereferenced expression phiInsn.getResult() is @Nullable	jadx.core.dex.visitors.debuginfo.DebugInfoApplyVisitor	setNameForInsn(jadx.core.dex.instructions.PhiInsn,java.lang.String)	6870	/Users/nima/Developer/NullAwayFixer/Projects/jadx/jadx-core/src/main/java/jadx/core/dex/visitors/debuginfo/DebugInfoApplyVisitor.java	null	null	null	null	null	null
DEREFERENCE_NULLABLE	dereferenced expression mthArg.getSVar() is @Nullable	jadx.core.dex.visitors.debuginfo.DebugInfoApplyVisitor	processMethodParametersAttribute(jadx.core.dex.nodes.MethodNode)	7608	/Users/nima/Developer/NullAwayFixer/Projects/jadx/jadx-core/src/main/java/jadx/core/dex/visitors/debuginfo/DebugInfoApplyVisitor.java	null	null	null	null	null	null
DEREFERENCE_NULLABLE	dereferenced expression insnArr is @Nullable	jadx.core.dex.visitors.debuginfo.DebugInfoAttachVisitor	attachSourceLines(jadx.core.dex.nodes.MethodNode,java.util.Map<java.lang.Integer,java.lang.Integer>,jadx.core.dex.nodes.InsnNode[])	2196	/Users/nima/Developer/NullAwayFixer/Projects/jadx/jadx-core/src/main/java/jadx/core/dex/visitors/debuginfo/DebugInfoAttachVisitor.java	null	null	null	null	null	null
DEREFERENCE_NULLABLE	dereferenced expression insnArr is @Nullable	jadx.core.dex.visitors.debuginfo.DebugInfoAttachVisitor	attachDebugInfo(jadx.core.dex.nodes.MethodNode,java.util.List<jadx.api.plugins.input.data.ILocalVar>,jadx.core.dex.nodes.InsnNode[])	3692	/Users/nima/Developer/NullAwayFixer/Projects/jadx/jadx-core/src/main/java/jadx/core/dex/visitors/debuginfo/DebugInfoAttachVisitor.java	null	null	null	null	null	null
DEREFERENCE_NULLABLE	dereferenced expression type is @Nullable	jadx.core.dex.visitors.debuginfo.DebugInfoAttachVisitor	checkSignature(jadx.core.dex.nodes.MethodNode,jadx.core.dex.instructions.args.ArgType,jadx.core.dex.instructions.args.ArgType)	5145	/Users/nima/Developer/NullAwayFixer/Projects/jadx/jadx-core/src/main/java/jadx/core/dex/visitors/debuginfo/DebugInfoAttachVisitor.java	null	null	null	null	null	null
DEREFERENCE_NULLABLE	enhanced-for expression insnArr is @Nullable	jadx.core.dex.visitors.debuginfo.DebugInfoAttachVisitor	setMethodSourceLine(jadx.core.dex.nodes.MethodNode,jadx.core.dex.nodes.InsnNode[])	5534	/Users/nima/Developer/NullAwayFixer/Projects/jadx/jadx-core/src/main/java/jadx/core/dex/visitors/debuginfo/DebugInfoAttachVisitor.java	null	null	null	null	null	null
DEREFERENCE_NULLABLE	enhanced-for expression mth.getBasicBlocks() is @Nullable	jadx.core.dex.visitors.ReSugarCode	visit(jadx.core.dex.nodes.MethodNode)	1886	/Users/nima/Developer/NullAwayFixer/Projects/jadx/jadx-core/src/main/java/jadx/core/dex/visitors/ReSugarCode.java	null	null	null	null	null	null
DEREFERENCE_NULLABLE	dereferenced expression arrType is @Nullable	jadx.core.dex.visitors.ReSugarCode	processNewArray(jadx.core.dex.nodes.MethodNode,jadx.core.dex.instructions.NewArrayNode,java.util.List<jadx.core.dex.nodes.InsnNode>,jadx.core.utils.InsnRemover)	3377	/Users/nima/Developer/NullAwayFixer/Projects/jadx/jadx-core/src/main/java/jadx/core/dex/visitors/ReSugarCode.java	null	null	null	null	null	null
DEREFERENCE_NULLABLE	dereferenced expression elemType is @Nullable	jadx.core.dex.visitors.ReSugarCode	processNewArray(jadx.core.dex.nodes.MethodNode,jadx.core.dex.instructions.NewArrayNode,java.util.List<jadx.core.dex.nodes.InsnNode>,jadx.core.utils.InsnRemover)	3469	/Users/nima/Developer/NullAwayFixer/Projects/jadx/jadx-core/src/main/java/jadx/core/dex/visitors/ReSugarCode.java	null	null	null	null	null	null
DEREFERENCE_NULLABLE	dereferenced expression arrArg.getSVar() is @Nullable	jadx.core.dex.visitors.ReSugarCode	processNewArray(jadx.core.dex.nodes.MethodNode,jadx.core.dex.instructions.NewArrayNode,java.util.List<jadx.core.dex.nodes.InsnNode>,jadx.core.utils.InsnRemover)	3622	/Users/nima/Developer/NullAwayFixer/Projects/jadx/jadx-core/src/main/java/jadx/core/dex/visitors/ReSugarCode.java	null	null	null	null	null	null
DEREFERENCE_NULLABLE	dereferenced expression arrArg is @Nullable	jadx.core.dex.visitors.ReSugarCode	processNewArray(jadx.core.dex.nodes.MethodNode,jadx.core.dex.instructions.NewArrayNode,java.util.List<jadx.core.dex.nodes.InsnNode>,jadx.core.utils.InsnRemover)	3622	/Users/nima/Developer/NullAwayFixer/Projects/jadx/jadx-core/src/main/java/jadx/core/dex/visitors/ReSugarCode.java	null	null	null	null	null	null
PASS_NULLABLE	passing @Nullable parameter 'elemType' where @NonNull is required	jadx.core.dex.visitors.ReSugarCode	processNewArray(jadx.core.dex.nodes.MethodNode,jadx.core.dex.instructions.NewArrayNode,java.util.List<jadx.core.dex.nodes.InsnNode>,jadx.core.utils.InsnRemover)	4998	/Users/nima/Developer/NullAwayFixer/Projects/jadx/jadx-core/src/main/java/jadx/core/dex/visitors/ReSugarCode.java	PARAMETER	jadx.core.dex.instructions.FilledNewArrayNode	FilledNewArrayNode(@org.jetbrains.annotations.NotNull jadx.core.dex.instructions.args.ArgType,int)	elemType	0	/Users/nima/Developer/NullAwayFixer/Projects/jadx/jadx-core/src/main/java/jadx/core/dex/instructions/FilledNewArrayNode.java
DEREFERENCE_NULLABLE	dereferenced expression inv.getCallMth() is @Nullable	jadx.core.dex.visitors.ReSugarCode	checkEnumMapAccess(jadx.core.dex.nodes.RootNode,jadx.core.dex.nodes.InsnNode)	9460	/Users/nima/Developer/NullAwayFixer/Projects/jadx/jadx-core/src/main/java/jadx/core/dex/visitors/ReSugarCode.java	null	null	null	null	null	null
DEREFERENCE_NULLABLE	enhanced-for expression mth.getBasicBlocks() is @Nullable	jadx.core.dex.visitors.MoveInlineVisitor	moveInline(jadx.core.dex.nodes.MethodNode)	1031	/Users/nima/Developer/NullAwayFixer/Projects/jadx/jadx-core/src/main/java/jadx/core/dex/visitors/MoveInlineVisitor.java	null	null	null	null	null	null
DEREFERENCE_NULLABLE	dereferenced expression resultArg is @Nullable	jadx.core.dex.visitors.MoveInlineVisitor	processMove(jadx.core.dex.nodes.MethodNode,jadx.core.dex.nodes.InsnNode)	1484	/Users/nima/Developer/NullAwayFixer/Projects/jadx/jadx-core/src/main/java/jadx/core/dex/visitors/MoveInlineVisitor.java	null	null	null	null	null	null
DEREFERENCE_NULLABLE	dereferenced expression moveReg.getSVar() is @Nullable	jadx.core.dex.visitors.MoveInlineVisitor	processMove(jadx.core.dex.nodes.MethodNode,jadx.core.dex.nodes.InsnNode)	1626	/Users/nima/Developer/NullAwayFixer/Projects/jadx/jadx-core/src/main/java/jadx/core/dex/visitors/MoveInlineVisitor.java	null	null	null	null	null	null
DEREFERENCE_NULLABLE	dereferenced expression ssaVar is @Nullable	jadx.core.dex.visitors.MoveInlineVisitor	processMove(jadx.core.dex.nodes.MethodNode,jadx.core.dex.nodes.InsnNode)	1777	/Users/nima/Developer/NullAwayFixer/Projects/jadx/jadx-core/src/main/java/jadx/core/dex/visitors/MoveInlineVisitor.java	null	null	null	null	null	null
DEREFERENCE_NULLABLE	dereferenced expression ssaVar is @Nullable	jadx.core.dex.visitors.MoveInlineVisitor	deleteMove(jadx.core.dex.nodes.MethodNode,jadx.core.dex.nodes.InsnNode)	3240	/Users/nima/Developer/NullAwayFixer/Projects/jadx/jadx-core/src/main/java/jadx/core/dex/visitors/MoveInlineVisitor.java	null	null	null	null	null	null
DEREFERENCE_NULLABLE	dereferenced expression move.getResult() is @Nullable	jadx.core.dex.visitors.MoveInlineVisitor	deleteMove(jadx.core.dex.nodes.MethodNode,jadx.core.dex.nodes.InsnNode)	3817	/Users/nima/Developer/NullAwayFixer/Projects/jadx/jadx-core/src/main/java/jadx/core/dex/visitors/MoveInlineVisitor.java	null	null	null	null	null	null
DEREFERENCE_NULLABLE	dereferenced expression resArg is @Nullable	jadx.core.dex.visitors.MoveInlineVisitor	deleteMove(jadx.core.dex.nodes.MethodNode,jadx.core.dex.nodes.InsnNode)	3844	/Users/nima/Developer/NullAwayFixer/Projects/jadx/jadx-core/src/main/java/jadx/core/dex/visitors/MoveInlineVisitor.java	null	null	null	null	null	null
DEREFERENCE_NULLABLE	enhanced-for expression mth.getBasicBlocks() is @Nullable	jadx.core.dex.visitors.ModVisitor	replaceStep(jadx.core.dex.nodes.MethodNode,jadx.core.utils.InsnRemover)	3596	/Users/nima/Developer/NullAwayFixer/Projects/jadx/jadx-core/src/main/java/jadx/core/dex/visitors/ModVisitor.java	null	null	null	null	null	null
DEREFERENCE_NULLABLE	dereferenced expression fieldInfo is @Nullable	jadx.core.dex.visitors.ModVisitor	fixFieldUsage(jadx.core.dex.nodes.MethodNode,jadx.core.dex.instructions.IndexInsnNode)	5783	/Users/nima/Developer/NullAwayFixer/Projects/jadx/jadx-core/src/main/java/jadx/core/dex/visitors/ModVisitor.java	null	null	null	null	null	null
DEREFERENCE_NULLABLE	dereferenced expression instanceType is @Nullable	jadx.core.dex.visitors.ModVisitor	fixFieldUsage(jadx.core.dex.nodes.MethodNode,jadx.core.dex.instructions.IndexInsnNode)	6228	/Users/nima/Developer/NullAwayFixer/Projects/jadx/jadx-core/src/main/java/jadx/core/dex/visitors/ModVisitor.java	null	null	null	null	null	null
DEREFERENCE_NULLABLE	dereferenced expression insn.getResult() is @Nullable	jadx.core.dex.visitors.ModVisitor	fixPrimitiveCast(jadx.core.dex.nodes.MethodNode,jadx.core.dex.nodes.BlockNode,int,jadx.core.dex.nodes.InsnNode)	8210	/Users/nima/Developer/NullAwayFixer/Projects/jadx/jadx-core/src/main/java/jadx/core/dex/visitors/ModVisitor.java	null	null	null	null	null	null
DEREFERENCE_NULLABLE	dereferenced expression result is @Nullable	jadx.core.dex.visitors.ModVisitor	removeCheckCast(jadx.core.dex.nodes.MethodNode,jadx.core.dex.nodes.BlockNode,int,jadx.core.dex.instructions.IndexInsnNode)	12749	/Users/nima/Developer/NullAwayFixer/Projects/jadx/jadx-core/src/main/java/jadx/core/dex/visitors/ModVisitor.java	null	null	null	null	null	null
DEREFERENCE_NULLABLE	dereferenced expression assignCastType is @Nullable	jadx.core.dex.visitors.ModVisitor	isCastDuplicate(jadx.core.dex.instructions.IndexInsnNode)	13716	/Users/nima/Developer/NullAwayFixer/Projects/jadx/jadx-core/src/main/java/jadx/core/dex/visitors/ModVisitor.java	null	null	null	null	null	null
DEREFERENCE_NULLABLE	enhanced-for expression mth.getBasicBlocks() is @Nullable	jadx.core.dex.visitors.ModVisitor	removeStep(jadx.core.dex.nodes.MethodNode,jadx.core.utils.InsnRemover)	13947	/Users/nima/Developer/NullAwayFixer/Projects/jadx/jadx-core/src/main/java/jadx/core/dex/visitors/ModVisitor.java	null	null	null	null	null	null
DEREFERENCE_NULLABLE	enhanced-for expression mth.getBasicBlocks() is @Nullable	jadx.core.dex.visitors.ModVisitor	iterativeRemoveStep(jadx.core.dex.nodes.MethodNode)	14466	/Users/nima/Developer/NullAwayFixer/Projects/jadx/jadx-core/src/main/java/jadx/core/dex/visitors/ModVisitor.java	null	null	null	null	null	null
DEREFERENCE_NULLABLE	dereferenced expression ssaVar is @Nullable	jadx.core.dex.visitors.ModVisitor	isResultArgNotUsed(jadx.core.dex.nodes.InsnNode)	14974	/Users/nima/Developer/NullAwayFixer/Projects/jadx/jadx-core/src/main/java/jadx/core/dex/visitors/ModVisitor.java	null	null	null	null	null	null
DEREFERENCE_NULLABLE	dereferenced expression ((RegisterArg) arg).getSVar() is @Nullable	jadx.core.dex.visitors.ModVisitor	anonymousCallArgMod(jadx.core.dex.instructions.args.InsnArg)	16157	/Users/nima/Developer/NullAwayFixer/Projects/jadx/jadx-core/src/main/java/jadx/core/dex/visitors/ModVisitor.java	null	null	null	null	null	null
DEREFERENCE_NULLABLE	dereferenced expression arg is @Nullable	jadx.core.dex.visitors.ModVisitor	getFirstUseSkipMove(@org.jetbrains.annotations.Nullable jadx.core.dex.instructions.args.RegisterArg)	16426	/Users/nima/Developer/NullAwayFixer/Projects/jadx/jadx-core/src/main/java/jadx/core/dex/visitors/ModVisitor.java	null	null	null	null	null	null
DEREFERENCE_NULLABLE	dereferenced expression sVar is @Nullable	jadx.core.dex.visitors.ModVisitor	getFirstUseSkipMove(@org.jetbrains.annotations.Nullable jadx.core.dex.instructions.args.RegisterArg)	16458	/Users/nima/Developer/NullAwayFixer/Projects/jadx/jadx-core/src/main/java/jadx/core/dex/visitors/ModVisitor.java	null	null	null	null	null	null
DEREFERENCE_NULLABLE	dereferenced expression insnArrayType is @Nullable	jadx.core.dex.visitors.ModVisitor	makeFilledArrayInsn(jadx.core.dex.nodes.MethodNode,jadx.core.dex.instructions.NewArrayNode,jadx.core.dex.instructions.FillArrayInsn)	17007	/Users/nima/Developer/NullAwayFixer/Projects/jadx/jadx-core/src/main/java/jadx/core/dex/visitors/ModVisitor.java	null	null	null	null	null	null
DEREFERENCE_NULLABLE	dereferenced expression insnElementType is @Nullable	jadx.core.dex.visitors.ModVisitor	makeFilledArrayInsn(jadx.core.dex.nodes.MethodNode,jadx.core.dex.instructions.NewArrayNode,jadx.core.dex.instructions.FillArrayInsn)	17117	/Users/nima/Developer/NullAwayFixer/Projects/jadx/jadx-core/src/main/java/jadx/core/dex/visitors/ModVisitor.java	null	null	null	null	null	null
DEREFERENCE_NULLABLE	dereferenced expression insnElementType is @Nullable	jadx.core.dex.visitors.ModVisitor	makeFilledArrayInsn(jadx.core.dex.nodes.MethodNode,jadx.core.dex.instructions.NewArrayNode,jadx.core.dex.instructions.FillArrayInsn)	17619	/Users/nima/Developer/NullAwayFixer/Projects/jadx/jadx-core/src/main/java/jadx/core/dex/visitors/ModVisitor.java	null	null	null	null	null	null
DEREFERENCE_NULLABLE	dereferenced expression resArg is @Nullable	jadx.core.dex.visitors.ModVisitor	processMoveException(jadx.core.dex.nodes.MethodNode,jadx.core.dex.nodes.BlockNode,jadx.core.dex.nodes.InsnNode,jadx.core.utils.InsnRemover)	18787	/Users/nima/Developer/NullAwayFixer/Projects/jadx/jadx-core/src/main/java/jadx/core/dex/visitors/ModVisitor.java	null	null	null	null	null	null
DEREFERENCE_NULLABLE	dereferenced expression insn.getResult() is @Nullable	jadx.core.dex.visitors.ModVisitor	processMoveException(jadx.core.dex.nodes.MethodNode,jadx.core.dex.nodes.BlockNode,jadx.core.dex.nodes.InsnNode,jadx.core.utils.InsnRemover)	18860	/Users/nima/Developer/NullAwayFixer/Projects/jadx/jadx-core/src/main/java/jadx/core/dex/visitors/ModVisitor.java	null	null	null	null	null	null
DEREFERENCE_NULLABLE	dereferenced expression sVar is @Nullable	jadx.core.dex.visitors.ModVisitor	processMoveException(jadx.core.dex.nodes.MethodNode,jadx.core.dex.nodes.BlockNode,jadx.core.dex.nodes.InsnNode,jadx.core.utils.InsnRemover)	18894	/Users/nima/Developer/NullAwayFixer/Projects/jadx/jadx-core/src/main/java/jadx/core/dex/visitors/ModVisitor.java	null	null	null	null	null	null
DEREFERENCE_NULLABLE	dereferenced expression argRegs.get(argNum).getSVar() is @Nullable	jadx.core.dex.visitors.rename.CodeRenameVisitor	processRename(jadx.core.dex.nodes.MethodNode,jadx.api.data.IJavaCodeRef,jadx.api.data.ICodeRename)	2489	/Users/nima/Developer/NullAwayFixer/Projects/jadx/jadx-core/src/main/java/jadx/core/dex/visitors/rename/CodeRenameVisitor.java	null	null	null	null	null	null
DEREFERENCE_NULLABLE	enhanced-for expression mth.getSVars() is @Nullable	jadx.core.dex.visitors.rename.CodeRenameVisitor	processRename(jadx.core.dex.nodes.MethodNode,jadx.api.data.IJavaCodeRef,jadx.api.data.ICodeRename)	2799	/Users/nima/Developer/NullAwayFixer/Projects/jadx/jadx-core/src/main/java/jadx/core/dex/visitors/rename/CodeRenameVisitor.java	null	null	null	null	null	null
DEREFERENCE_NULLABLE	dereferenced expression pkgFullName is @Nullable	jadx.core.dex.visitors.rename.UserRenames	cutLastPkgPart(java.lang.String)	4035	/Users/nima/Developer/NullAwayFixer/Projects/jadx/jadx-core/src/main/java/jadx/core/dex/visitors/rename/UserRenames.java	null	null	null	null	null	null
DEREFERENCE_NULLABLE	dereferenced expression aliasPkg is @Nullable	jadx.core.dex.visitors.rename.UserRenames	rebuildPkgMiddle(java.lang.String,java.lang.String,java.lang.String)	4306	/Users/nima/Developer/NullAwayFixer/Projects/jadx/jadx-core/src/main/java/jadx/core/dex/visitors/rename/UserRenames.java	null	null	null	null	null	null
DEREFERENCE_NULLABLE	dereferenced expression aliasPkg is @Nullable	jadx.core.dex.visitors.rename.RenameVisitor	checkPackage(jadx.core.deobf.Deobfuscator,jadx.core.dex.nodes.ClassNode,jadx.core.dex.info.ClassInfo,jadx.api.JadxArgs)	3974	/Users/nima/Developer/NullAwayFixer/Projects/jadx/jadx-core/src/main/java/jadx/core/dex/visitors/rename/RenameVisitor.java	null	null	null	null	null	null
DEREFERENCE_NULLABLE	dereferenced expression mth.getInstructions() is @Nullable	jadx.core.dex.visitors.AttachCommentsVisitor	getInsnByOffset(jadx.core.dex.nodes.MethodNode,int)	2680	/Users/nima/Developer/NullAwayFixer/Projects/jadx/jadx-core/src/main/java/jadx/core/dex/visitors/AttachCommentsVisitor.java	null	null	null	null	null	null
DEREFERENCE_NULLABLE	enhanced-for expression mth.getBasicBlocks() is @Nullable	jadx.core.dex.visitors.DeboxingVisitor	visit(jadx.core.dex.nodes.MethodNode)	2259	/Users/nima/Developer/NullAwayFixer/Projects/jadx/jadx-core/src/main/java/jadx/core/dex/visitors/DeboxingVisitor.java	null	null	null	null	null	null
DEREFERENCE_NULLABLE	dereferenced expression valueOfMths is @Nullable	jadx.core.dex.visitors.DeboxingVisitor	checkForReplace(jadx.core.dex.instructions.InvokeNode)	3028	/Users/nima/Developer/NullAwayFixer/Projects/jadx/jadx-core/src/main/java/jadx/core/dex/visitors/DeboxingVisitor.java	null	null	null	null	null	null
DEREFERENCE_NULLABLE	dereferenced expression callMth is @Nullable	jadx.core.dex.visitors.DeboxingVisitor	checkForReplace(jadx.core.dex.instructions.InvokeNode)	3198	/Users/nima/Developer/NullAwayFixer/Projects/jadx/jadx-core/src/main/java/jadx/core/dex/visitors/DeboxingVisitor.java	null	null	null	null	null	null
DEREFERENCE_NULLABLE	dereferenced expression arg.getSVar() is @Nullable	jadx.core.dex.visitors.DeboxingVisitor	canChangeTypeToPrimitive(jadx.core.dex.instructions.args.RegisterArg)	4337	/Users/nima/Developer/NullAwayFixer/Projects/jadx/jadx-core/src/main/java/jadx/core/dex/visitors/DeboxingVisitor.java	null	null	null	null	null	null
DEREFERENCE_NULLABLE	dereferenced expression assignInsn.getArg(0).getType() is @Nullable	jadx.core.dex.visitors.DeboxingVisitor	canChangeTypeToPrimitive(jadx.core.dex.instructions.args.RegisterArg)	4694	/Users/nima/Developer/NullAwayFixer/Projects/jadx/jadx-core/src/main/java/jadx/core/dex/visitors/DeboxingVisitor.java	null	null	null	null	null	null
DEREFERENCE_NULLABLE	dereferenced expression arg.getSVar() is @Nullable	jadx.core.dex.visitors.DeboxingVisitor	collectUseTypes(jadx.core.dex.instructions.args.RegisterArg)	5272	/Users/nima/Developer/NullAwayFixer/Projects/jadx/jadx-core/src/main/java/jadx/core/dex/visitors/DeboxingVisitor.java	null	null	null	null	null	null
DEREFERENCE_NULLABLE	enhanced-for expression mth.getBasicBlocks() is @Nullable	jadx.core.dex.visitors.MethodInvokeVisitor	visit(jadx.core.dex.nodes.MethodNode)	1863	/Users/nima/Developer/NullAwayFixer/Projects/jadx/jadx-core/src/main/java/jadx/core/dex/visitors/MethodInvokeVisitor.java	null	null	null	null	null	null
DEREFERENCE_NULLABLE	dereferenced expression callMth is @Nullable	jadx.core.dex.visitors.MethodInvokeVisitor	processInvoke(jadx.core.dex.nodes.MethodNode,jadx.core.dex.instructions.BaseInvokeNode)	2372	/Users/nima/Developer/NullAwayFixer/Projects/jadx/jadx-core/src/main/java/jadx/core/dex/visitors/MethodInvokeVisitor.java	null	null	null	null	null	null
DEREFERENCE_NULLABLE	dereferenced expression root is @Nullable	jadx.core.dex.visitors.MethodInvokeVisitor	processInvoke(jadx.core.dex.nodes.MethodNode,jadx.core.dex.instructions.BaseInvokeNode)	2448	/Users/nima/Developer/NullAwayFixer/Projects/jadx/jadx-core/src/main/java/jadx/core/dex/visitors/MethodInvokeVisitor.java	null	null	null	null	null	null
DEREFERENCE_NULLABLE	dereferenced expression root is @Nullable	jadx.core.dex.visitors.MethodInvokeVisitor	processOverloaded(jadx.core.dex.nodes.MethodNode,jadx.core.dex.instructions.BaseInvokeNode,jadx.core.dex.nodes.IMethodDetails)	3188	/Users/nima/Developer/NullAwayFixer/Projects/jadx/jadx-core/src/main/java/jadx/core/dex/visitors/MethodInvokeVisitor.java	null	null	null	null	null	null
DEREFERENCE_NULLABLE	dereferenced expression invokeInsn.getCallMth() is @Nullable	jadx.core.dex.visitors.MethodInvokeVisitor	processUnknown(jadx.core.dex.instructions.BaseInvokeNode)	4551	/Users/nima/Developer/NullAwayFixer/Projects/jadx/jadx-core/src/main/java/jadx/core/dex/visitors/MethodInvokeVisitor.java	null	null	null	null	null	null
DEREFERENCE_NULLABLE	dereferenced expression callMth is @Nullable	jadx.core.dex.visitors.MethodInvokeVisitor	getCallClassFromInvoke(jadx.core.dex.nodes.MethodNode,jadx.core.dex.instructions.BaseInvokeNode,jadx.core.dex.info.MethodInfo)	5158	/Users/nima/Developer/NullAwayFixer/Projects/jadx/jadx-core/src/main/java/jadx/core/dex/visitors/MethodInvokeVisitor.java	null	null	null	null	null	null
DEREFERENCE_NULLABLE	dereferenced expression callMthInfo is @Nullable	jadx.core.dex.visitors.MethodInvokeVisitor	getTypeVarsMapping(jadx.core.dex.instructions.BaseInvokeNode)	5351	/Users/nima/Developer/NullAwayFixer/Projects/jadx/jadx-core/src/main/java/jadx/core/dex/visitors/MethodInvokeVisitor.java	null	null	null	null	null	null
DEREFERENCE_NULLABLE	dereferenced expression root is @Nullable	jadx.core.dex.visitors.MethodInvokeVisitor	getTypeVarsMapping(jadx.core.dex.instructions.BaseInvokeNode)	5479	/Users/nima/Developer/NullAwayFixer/Projects/jadx/jadx-core/src/main/java/jadx/core/dex/visitors/MethodInvokeVisitor.java	null	null	null	null	null	null
DEREFERENCE_NULLABLE	dereferenced expression root is @Nullable	jadx.core.dex.visitors.MethodInvokeVisitor	resolveTypeVars(jadx.core.dex.nodes.IMethodDetails,java.util.Map<jadx.core.dex.instructions.args.ArgType,jadx.core.dex.instructions.args.ArgType>)	7876	/Users/nima/Developer/NullAwayFixer/Projects/jadx/jadx-core/src/main/java/jadx/core/dex/visitors/MethodInvokeVisitor.java	null	null	null	null	null	null
DEREFERENCE_NULLABLE	dereferenced expression returnType is @Nullable	jadx.core.dex.visitors.MethodInvokeVisitor	resolveTypeVars(jadx.core.dex.nodes.IMethodDetails,java.util.Map<jadx.core.dex.instructions.args.ArgType,jadx.core.dex.instructions.args.ArgType>)	8326	/Users/nima/Developer/NullAwayFixer/Projects/jadx/jadx-core/src/main/java/jadx/core/dex/visitors/MethodInvokeVisitor.java	null	null	null	null	null	null
DEREFERENCE_NULLABLE	dereferenced expression root is @Nullable	jadx.core.dex.visitors.MethodInvokeVisitor	resolveTypeVars(jadx.core.dex.nodes.IMethodDetails,java.util.Map<jadx.core.dex.instructions.args.ArgType,jadx.core.dex.instructions.args.ArgType>)	8389	/Users/nima/Developer/NullAwayFixer/Projects/jadx/jadx-core/src/main/java/jadx/core/dex/visitors/MethodInvokeVisitor.java	null	null	null	null	null	null
DEREFERENCE_NULLABLE	dereferenced expression root is @Nullable	jadx.core.dex.visitors.MethodInvokeVisitor	isMethodAcceptable(jadx.core.dex.nodes.IMethodDetails,java.util.List<jadx.core.dex.instructions.args.ArgType>,java.util.function.Function<jadx.core.dex.visitors.typeinference.TypeCompareEnum,java.lang.Boolean>)	12570	/Users/nima/Developer/NullAwayFixer/Projects/jadx/jadx-core/src/main/java/jadx/core/dex/visitors/MethodInvokeVisitor.java	null	null	null	null	null	null
DEREFERENCE_NULLABLE	dereferenced expression type is @Nullable	jadx.core.dex.visitors.MethodInvokeVisitor	getCompilerVarType(jadx.core.dex.instructions.args.InsnArg)	13476	/Users/nima/Developer/NullAwayFixer/Projects/jadx/jadx-core/src/main/java/jadx/core/dex/visitors/MethodInvokeVisitor.java	null	null	null	null	null	null
DEREFERENCE_NULLABLE	dereferenced expression type is @Nullable	jadx.core.dex.visitors.MethodInvokeVisitor	getCompilerVarType(jadx.core.dex.instructions.args.InsnArg)	13580	/Users/nima/Developer/NullAwayFixer/Projects/jadx/jadx-core/src/main/java/jadx/core/dex/visitors/MethodInvokeVisitor.java	null	null	null	null	null	null
DEREFERENCE_NULLABLE	enhanced-for expression mth.getInstructions() is @Nullable	jadx.core.dex.visitors.FallbackModeVisitor	visit(jadx.core.dex.nodes.MethodNode)	615	/Users/nima/Developer/NullAwayFixer/Projects/jadx/jadx-core/src/main/java/jadx/core/dex/visitors/FallbackModeVisitor.java	null	null	null	null	null	null
DEREFERENCE_NULLABLE	dereferenced expression allHandler.getTryBlock() is @Nullable	jadx.core.dex.visitors.finaly.MarkFinallyVisitor	extractFinally(jadx.core.dex.nodes.MethodNode,jadx.core.dex.trycatch.TryCatchBlockAttr,jadx.core.dex.trycatch.ExceptionHandler)	3904	/Users/nima/Developer/NullAwayFixer/Projects/jadx/jadx-core/src/main/java/jadx/core/dex/visitors/finaly/MarkFinallyVisitor.java	null	null	null	null	null	null
DEREFERENCE_NULLABLE	dereferenced expression handlerBlock is @Nullable	jadx.core.dex.visitors.finaly.MarkFinallyVisitor	extractFinally(jadx.core.dex.nodes.MethodNode,jadx.core.dex.trycatch.TryCatchBlockAttr,jadx.core.dex.trycatch.ExceptionHandler)	4014	/Users/nima/Developer/NullAwayFixer/Projects/jadx/jadx-core/src/main/java/jadx/core/dex/visitors/finaly/MarkFinallyVisitor.java	null	null	null	null	null	null
DEREFERENCE_NULLABLE	dereferenced expression allHandler.getTryBlock() is @Nullable	jadx.core.dex.visitors.finaly.MarkFinallyVisitor	extractFinally(jadx.core.dex.nodes.MethodNode,jadx.core.dex.trycatch.TryCatchBlockAttr,jadx.core.dex.trycatch.ExceptionHandler)	5896	/Users/nima/Developer/NullAwayFixer/Projects/jadx/jadx-core/src/main/java/jadx/core/dex/visitors/finaly/MarkFinallyVisitor.java	null	null	null	null	null	null
DEREFERENCE_NULLABLE	dereferenced expression toSsaVar is @Nullable	jadx.core.dex.visitors.finaly.MarkFinallyVisitor	copyCodeVars(@org.jetbrains.annotations.Nullable jadx.core.dex.instructions.args.InsnArg,@org.jetbrains.annotations.Nullable jadx.core.dex.instructions.args.InsnArg)	11616	/Users/nima/Developer/NullAwayFixer/Projects/jadx/jadx-core/src/main/java/jadx/core/dex/visitors/finaly/MarkFinallyVisitor.java	null	null	null	null	null	null
DEREFERENCE_NULLABLE	dereferenced expression fromSsaVar is @Nullable	jadx.core.dex.visitors.finaly.MarkFinallyVisitor	copyCodeVars(@org.jetbrains.annotations.Nullable jadx.core.dex.instructions.args.InsnArg,@org.jetbrains.annotations.Nullable jadx.core.dex.instructions.args.InsnArg)	11636	/Users/nima/Developer/NullAwayFixer/Projects/jadx/jadx-core/src/main/java/jadx/core/dex/visitors/finaly/MarkFinallyVisitor.java	null	null	null	null	null	null
DEREFERENCE_NULLABLE	dereferenced expression finallyBlock is @Nullable	jadx.core.dex.visitors.finaly.MarkFinallyVisitor	isStartBlock(jadx.core.dex.nodes.BlockNode,@org.jetbrains.annotations.Nullable jadx.core.dex.nodes.BlockNode,jadx.core.dex.visitors.finaly.FinallyExtractInfo)	13266	/Users/nima/Developer/NullAwayFixer/Projects/jadx/jadx-core/src/main/java/jadx/core/dex/visitors/finaly/MarkFinallyVisitor.java	null	null	null	null	null	null
DEREFERENCE_NULLABLE	dereferenced expression finallyCS is @Nullable	jadx.core.dex.visitors.finaly.MarkFinallyVisitor	checkBlocksTree(jadx.core.dex.nodes.BlockNode,@org.jetbrains.annotations.Nullable jadx.core.dex.nodes.BlockNode,jadx.core.dex.visitors.finaly.InsnsSlice,jadx.core.dex.visitors.finaly.FinallyExtractInfo)	15974	/Users/nima/Developer/NullAwayFixer/Projects/jadx/jadx-core/src/main/java/jadx/core/dex/visitors/finaly/MarkFinallyVisitor.java	null	null	null	null	null	null
DEREFERENCE_NULLABLE	dereferenced expression dupCS is @Nullable	jadx.core.dex.visitors.finaly.MarkFinallyVisitor	checkBlocksTree(jadx.core.dex.nodes.BlockNode,@org.jetbrains.annotations.Nullable jadx.core.dex.nodes.BlockNode,jadx.core.dex.visitors.finaly.InsnsSlice,jadx.core.dex.visitors.finaly.FinallyExtractInfo)	15994	/Users/nima/Developer/NullAwayFixer/Projects/jadx/jadx-core/src/main/java/jadx/core/dex/visitors/finaly/MarkFinallyVisitor.java	null	null	null	null	null	null
DEREFERENCE_NULLABLE	dereferenced expression block is @Nullable	jadx.core.dex.visitors.finaly.MarkFinallyVisitor	getSuccessorsWithoutLoop(@org.jetbrains.annotations.Nullable jadx.core.dex.nodes.BlockNode)	16681	/Users/nima/Developer/NullAwayFixer/Projects/jadx/jadx-core/src/main/java/jadx/core/dex/visitors/finaly/MarkFinallyVisitor.java	null	null	null	null	null	null
DEREFERENCE_NULLABLE	dereferenced expression arg is @Nullable	jadx.core.dex.visitors.AnonymousClassVisitor	getParentInsnSkipMove(jadx.core.dex.instructions.args.RegisterArg)	3765	/Users/nima/Developer/NullAwayFixer/Projects/jadx/jadx-core/src/main/java/jadx/core/dex/visitors/AnonymousClassVisitor.java	null	null	null	null	null	null
DEREFERENCE_NULLABLE	dereferenced expression sVar is @Nullable	jadx.core.dex.visitors.AnonymousClassVisitor	getParentInsnSkipMove(jadx.core.dex.instructions.args.RegisterArg)	3786	/Users/nima/Developer/NullAwayFixer/Projects/jadx/jadx-core/src/main/java/jadx/core/dex/visitors/AnonymousClassVisitor.java	null	null	null	null	null	null
DEREFERENCE_NULLABLE	dereferenced expression getVarArg().getSVar() is @Nullable	jadx.core.dex.regions.loops.ForEachLoop	ForEachLoop(jadx.core.dex.instructions.args.RegisterArg,jadx.core.dex.instructions.args.InsnArg)	928	/Users/nima/Developer/NullAwayFixer/Projects/jadx/jadx-core/src/main/java/jadx/core/dex/regions/loops/ForEachLoop.java	null	null	null	null	null	null
DEREFERENCE_NULLABLE	dereferenced expression getVarArg() is @Nullable	jadx.core.dex.regions.loops.ForEachLoop	ForEachLoop(jadx.core.dex.instructions.args.RegisterArg,jadx.core.dex.instructions.args.InsnArg)	928	/Users/nima/Developer/NullAwayFixer/Projects/jadx/jadx-core/src/main/java/jadx/core/dex/regions/loops/ForEachLoop.java	null	null	null	null	null	null
DEREFERENCE_NULLABLE	dereferenced expression loopRegion.getHeader() is @Nullable	jadx.core.dex.regions.loops.ForEachLoop	injectFakeInsns(jadx.core.dex.regions.loops.LoopRegion)	1120	/Users/nima/Developer/NullAwayFixer/Projects/jadx/jadx-core/src/main/java/jadx/core/dex/regions/loops/ForEachLoop.java	null	null	null	null	null	null
DEREFERENCE_NULLABLE	dereferenced expression parser.curVariable is @Nullable	jadx.core.export.TemplateFile	process(jadx.core.export.TemplateFile.ParserState,char)	2797	/Users/nima/Developer/NullAwayFixer/Projects/jadx/jadx-core/src/main/java/jadx/core/export/TemplateFile.java	null	null	null	null	null	null
DEREFERENCE_NULLABLE	dereferenced expression parser.curVariable is @Nullable	jadx.core.export.TemplateFile	process(jadx.core.export.TemplateFile.ParserState,char)	2987	/Users/nima/Developer/NullAwayFixer/Projects/jadx/jadx-core/src/main/java/jadx/core/export/TemplateFile.java	null	null	null	null	null	null
