id	class	method	parent	size	flags	nullable	visibility	non-primitive-return	uri
1	jadx.core.deobf.DeobfClsInfo	DeobfClsInfo(jadx.core.deobf.Deobfuscator,jadx.core.dex.nodes.ClassNode,jadx.core.deobf.PackageNode,java.lang.String)	0	4	[false, false, false, false]	false	public	false	file:///private/tmp/projects/jadx/jadx-core/src/main/java/jadx/core/deobf/DeobfClsInfo.java
2	jadx.core.deobf.DeobfClsInfo	makeNameWithoutPkg()	0	0	[]	false	public	true	file:///private/tmp/projects/jadx/jadx-core/src/main/java/jadx/core/deobf/DeobfClsInfo.java
3	jadx.core.deobf.DeobfClsInfo	getFullName()	0	0	[]	false	public	true	file:///private/tmp/projects/jadx/jadx-core/src/main/java/jadx/core/deobf/DeobfClsInfo.java
4	jadx.core.deobf.DeobfClsInfo	getCls()	0	0	[]	false	public	true	file:///private/tmp/projects/jadx/jadx-core/src/main/java/jadx/core/deobf/DeobfClsInfo.java
5	jadx.core.deobf.DeobfClsInfo	getPkg()	0	0	[]	false	public	true	file:///private/tmp/projects/jadx/jadx-core/src/main/java/jadx/core/deobf/DeobfClsInfo.java
6	jadx.core.deobf.DeobfClsInfo	getAlias()	0	0	[]	false	public	true	file:///private/tmp/projects/jadx/jadx-core/src/main/java/jadx/core/deobf/DeobfClsInfo.java
7	jadx.core.deobf.Deobfuscator	Deobfuscator(jadx.core.dex.nodes.RootNode)	0	1	[false]	false	public	false	file:///private/tmp/projects/jadx/jadx-core/src/main/java/jadx/core/deobf/Deobfuscator.java
8	jadx.core.deobf.Deobfuscator	execute()	0	0	[]	false	public	false	file:///private/tmp/projects/jadx/jadx-core/src/main/java/jadx/core/deobf/Deobfuscator.java
9	jadx.core.deobf.Deobfuscator	savePresets()	0	0	[]	false	public	false	file:///private/tmp/projects/jadx/jadx-core/src/main/java/jadx/core/deobf/Deobfuscator.java
10	jadx.core.deobf.Deobfuscator	fillDeobfPresets()	0	0	[]	false	private	false	file:///private/tmp/projects/jadx/jadx-core/src/main/java/jadx/core/deobf/Deobfuscator.java
11	jadx.core.deobf.Deobfuscator	dfsPackageName(java.lang.String,jadx.core.deobf.PackageNode)	0	2	[false, false]	false	private	false	file:///private/tmp/projects/jadx/jadx-core/src/main/java/jadx/core/deobf/Deobfuscator.java
12	jadx.core.deobf.Deobfuscator	clear()	0	0	[]	false	public	false	file:///private/tmp/projects/jadx/jadx-core/src/main/java/jadx/core/deobf/Deobfuscator.java
13	jadx.core.deobf.Deobfuscator	initIndexes()	0	0	[]	false	private	false	file:///private/tmp/projects/jadx/jadx-core/src/main/java/jadx/core/deobf/Deobfuscator.java
14	jadx.core.deobf.Deobfuscator	preProcess()	0	0	[]	false	private	false	file:///private/tmp/projects/jadx/jadx-core/src/main/java/jadx/core/deobf/Deobfuscator.java
15	jadx.core.deobf.Deobfuscator	process()	0	0	[]	false	private	false	file:///private/tmp/projects/jadx/jadx-core/src/main/java/jadx/core/deobf/Deobfuscator.java
16	jadx.core.deobf.Deobfuscator	processClass(jadx.core.dex.nodes.ClassNode)	0	1	[false]	false	private	false	file:///private/tmp/projects/jadx/jadx-core/src/main/java/jadx/core/deobf/Deobfuscator.java
17	jadx.core.deobf.Deobfuscator	renameField(jadx.core.dex.nodes.FieldNode)	0	1	[false]	false	private	false	file:///private/tmp/projects/jadx/jadx-core/src/main/java/jadx/core/deobf/Deobfuscator.java
18	jadx.core.deobf.Deobfuscator	forceRenameField(jadx.core.dex.nodes.FieldNode)	0	1	[false]	false	public	false	file:///private/tmp/projects/jadx/jadx-core/src/main/java/jadx/core/deobf/Deobfuscator.java
19	jadx.core.deobf.Deobfuscator	renameMethod(jadx.core.dex.nodes.MethodNode)	0	1	[false]	false	private	false	file:///private/tmp/projects/jadx/jadx-core/src/main/java/jadx/core/deobf/Deobfuscator.java
20	jadx.core.deobf.Deobfuscator	forceRenameMethod(jadx.core.dex.nodes.MethodNode)	0	1	[false]	false	public	false	file:///private/tmp/projects/jadx/jadx-core/src/main/java/jadx/core/deobf/Deobfuscator.java
21	jadx.core.deobf.Deobfuscator	applyMethodAlias(jadx.core.dex.nodes.MethodNode,java.lang.String)	0	2	[false, false]	false	private	false	file:///private/tmp/projects/jadx/jadx-core/src/main/java/jadx/core/deobf/Deobfuscator.java
22	jadx.core.deobf.Deobfuscator	setSingleMethodAlias(jadx.core.dex.nodes.MethodNode,java.lang.String)	0	2	[false, false]	false	private	false	file:///private/tmp/projects/jadx/jadx-core/src/main/java/jadx/core/deobf/Deobfuscator.java
23	jadx.core.deobf.Deobfuscator	addPackagePreset(java.lang.String,java.lang.String)	0	2	[false, false]	false	public	false	file:///private/tmp/projects/jadx/jadx-core/src/main/java/jadx/core/deobf/Deobfuscator.java
24	jadx.core.deobf.Deobfuscator	getPackageNode(@org.jetbrains.annotations.Nullable java.lang.String,boolean)	0	2	[true, false]	false	private	true	file:///private/tmp/projects/jadx/jadx-core/src/main/java/jadx/core/deobf/Deobfuscator.java
25	jadx.core.deobf.Deobfuscator	getNameWithoutPackage(jadx.core.dex.info.ClassInfo)	0	1	[false]	false	package	true	file:///private/tmp/projects/jadx/jadx-core/src/main/java/jadx/core/deobf/Deobfuscator.java
26	jadx.core.deobf.Deobfuscator	preProcessClass(jadx.core.dex.nodes.ClassNode)	0	1	[false]	false	private	false	file:///private/tmp/projects/jadx/jadx-core/src/main/java/jadx/core/deobf/Deobfuscator.java
27	jadx.core.deobf.Deobfuscator	getClsAlias(jadx.core.dex.nodes.ClassNode)	0	1	[false]	false	public	true	file:///private/tmp/projects/jadx/jadx-core/src/main/java/jadx/core/deobf/Deobfuscator.java
28	jadx.core.deobf.Deobfuscator	getPkgAlias(jadx.core.dex.nodes.ClassNode)	0	1	[false]	false	public	true	file:///private/tmp/projects/jadx/jadx-core/src/main/java/jadx/core/deobf/Deobfuscator.java
29	jadx.core.deobf.Deobfuscator	makeClsAlias(jadx.core.dex.nodes.ClassNode,boolean)	0	2	[false, false]	false	private	true	file:///private/tmp/projects/jadx/jadx-core/src/main/java/jadx/core/deobf/Deobfuscator.java
30	jadx.core.deobf.Deobfuscator	makeClsPrefix(jadx.core.dex.nodes.ClassNode)	0	1	[false]	false	private	true	file:///private/tmp/projects/jadx/jadx-core/src/main/java/jadx/core/deobf/Deobfuscator.java
31	jadx.core.deobf.Deobfuscator	getAliasFromSourceFile(jadx.core.dex.nodes.ClassNode)	0	1	[false]	true	private	true	file:///private/tmp/projects/jadx/jadx-core/src/main/java/jadx/core/deobf/Deobfuscator.java
32	jadx.core.deobf.Deobfuscator	getFieldAlias(jadx.core.dex.nodes.FieldNode)	0	1	[false]	true	private	true	file:///private/tmp/projects/jadx/jadx-core/src/main/java/jadx/core/deobf/Deobfuscator.java
33	jadx.core.deobf.Deobfuscator	getMethodAlias(jadx.core.dex.nodes.MethodNode)	0	1	[false]	true	private	true	file:///private/tmp/projects/jadx/jadx-core/src/main/java/jadx/core/deobf/Deobfuscator.java
34	jadx.core.deobf.Deobfuscator	getAssignedAlias(jadx.core.dex.info.MethodInfo)	0	1	[false]	true	private	true	file:///private/tmp/projects/jadx/jadx-core/src/main/java/jadx/core/deobf/Deobfuscator.java
35	jadx.core.deobf.Deobfuscator	makeFieldAlias(jadx.core.dex.nodes.FieldNode)	0	1	[false]	false	public	true	file:///private/tmp/projects/jadx/jadx-core/src/main/java/jadx/core/deobf/Deobfuscator.java
36	jadx.core.deobf.Deobfuscator	makeMethodAlias(jadx.core.dex.nodes.MethodNode)	0	1	[false]	false	public	true	file:///private/tmp/projects/jadx/jadx-core/src/main/java/jadx/core/deobf/Deobfuscator.java
37	jadx.core.deobf.Deobfuscator	processPackageFull(jadx.core.deobf.PackageNode,java.lang.String)	0	2	[false, false]	false	private	false	file:///private/tmp/projects/jadx/jadx-core/src/main/java/jadx/core/deobf/Deobfuscator.java
38	jadx.core.deobf.Deobfuscator	shouldRename(java.lang.String)	0	1	[false]	false	private	false	file:///private/tmp/projects/jadx/jadx-core/src/main/java/jadx/core/deobf/Deobfuscator.java
39	jadx.core.deobf.Deobfuscator	prepareNamePart(java.lang.String)	0	1	[false]	false	private	true	file:///private/tmp/projects/jadx/jadx-core/src/main/java/jadx/core/deobf/Deobfuscator.java
40	jadx.core.deobf.Deobfuscator	makeHashName(java.lang.String,java.lang.String)	0	2	[false, false]	false	private	true	file:///private/tmp/projects/jadx/jadx-core/src/main/java/jadx/core/deobf/Deobfuscator.java
41	jadx.core.deobf.Deobfuscator	dumpClassAlias(jadx.core.dex.nodes.ClassNode)	0	1	[false]	false	private	false	file:///private/tmp/projects/jadx/jadx-core/src/main/java/jadx/core/deobf/Deobfuscator.java
42	jadx.core.deobf.Deobfuscator	dumpAlias()	0	0	[]	false	private	false	file:///private/tmp/projects/jadx/jadx-core/src/main/java/jadx/core/deobf/Deobfuscator.java
43	jadx.core.deobf.Deobfuscator	getPackageName(java.lang.String)	0	1	[false]	false	private	true	file:///private/tmp/projects/jadx/jadx-core/src/main/java/jadx/core/deobf/Deobfuscator.java
44	jadx.core.deobf.Deobfuscator	getClassName(jadx.core.dex.info.ClassInfo)	0	1	[false]	false	private	true	file:///private/tmp/projects/jadx/jadx-core/src/main/java/jadx/core/deobf/Deobfuscator.java
45	jadx.core.deobf.Deobfuscator	getClassFullName(jadx.core.dex.nodes.ClassNode)	0	1	[false]	false	private	true	file:///private/tmp/projects/jadx/jadx-core/src/main/java/jadx/core/deobf/Deobfuscator.java
46	jadx.core.deobf.Deobfuscator	getClsMap()	0	0	[]	false	public	true	file:///private/tmp/projects/jadx/jadx-core/src/main/java/jadx/core/deobf/Deobfuscator.java
47	jadx.core.deobf.Deobfuscator	getFldMap()	0	0	[]	false	public	true	file:///private/tmp/projects/jadx/jadx-core/src/main/java/jadx/core/deobf/Deobfuscator.java
48	jadx.core.deobf.Deobfuscator	getMthMap()	0	0	[]	false	public	true	file:///private/tmp/projects/jadx/jadx-core/src/main/java/jadx/core/deobf/Deobfuscator.java
49	jadx.core.deobf.Deobfuscator	getRootPackage()	0	0	[]	false	public	true	file:///private/tmp/projects/jadx/jadx-core/src/main/java/jadx/core/deobf/Deobfuscator.java
50	jadx.core.deobf.Deobfuscator	isR(jadx.core.dex.nodes.ClassNode)	0	1	[false]	false	private	false	file:///private/tmp/projects/jadx/jadx-core/src/main/java/jadx/core/deobf/Deobfuscator.java
51	jadx.core.dex.info.AccessInfo	AccessInfo(int,jadx.core.dex.info.AccessInfo.AFType)	0	2	[false, false]	false	public	false	file:///private/tmp/projects/jadx/jadx-core/src/main/java/jadx/core/dex/info/AccessInfo.java
52	jadx.core.dex.info.AccessInfo	containsFlag(int)	0	1	[false]	false	public	false	file:///private/tmp/projects/jadx/jadx-core/src/main/java/jadx/core/dex/info/AccessInfo.java
53	jadx.core.dex.info.AccessInfo	remove(int)	0	1	[false]	false	public	true	file:///private/tmp/projects/jadx/jadx-core/src/main/java/jadx/core/dex/info/AccessInfo.java
54	jadx.core.dex.info.AccessInfo	add(int)	0	1	[false]	false	public	true	file:///private/tmp/projects/jadx/jadx-core/src/main/java/jadx/core/dex/info/AccessInfo.java
55	jadx.core.dex.info.AccessInfo	changeVisibility(int)	0	1	[false]	false	public	true	file:///private/tmp/projects/jadx/jadx-core/src/main/java/jadx/core/dex/info/AccessInfo.java
56	jadx.core.dex.info.AccessInfo	getVisibility()	0	0	[]	false	public	true	file:///private/tmp/projects/jadx/jadx-core/src/main/java/jadx/core/dex/info/AccessInfo.java
57	jadx.core.dex.info.AccessInfo	isVisibilityWeakerThan(jadx.core.dex.info.AccessInfo)	0	1	[false]	false	public	false	file:///private/tmp/projects/jadx/jadx-core/src/main/java/jadx/core/dex/info/AccessInfo.java
58	jadx.core.dex.info.AccessInfo	orderedVisibility(int)	0	1	[false]	false	private	false	file:///private/tmp/projects/jadx/jadx-core/src/main/java/jadx/core/dex/info/AccessInfo.java
59	jadx.core.dex.info.AccessInfo	isPublic()	0	0	[]	false	public	false	file:///private/tmp/projects/jadx/jadx-core/src/main/java/jadx/core/dex/info/AccessInfo.java
60	jadx.core.dex.info.AccessInfo	isProtected()	0	0	[]	false	public	false	file:///private/tmp/projects/jadx/jadx-core/src/main/java/jadx/core/dex/info/AccessInfo.java
61	jadx.core.dex.info.AccessInfo	isPrivate()	0	0	[]	false	public	false	file:///private/tmp/projects/jadx/jadx-core/src/main/java/jadx/core/dex/info/AccessInfo.java
62	jadx.core.dex.info.AccessInfo	isPackagePrivate()	0	0	[]	false	public	false	file:///private/tmp/projects/jadx/jadx-core/src/main/java/jadx/core/dex/info/AccessInfo.java
63	jadx.core.dex.info.AccessInfo	isAbstract()	0	0	[]	false	public	false	file:///private/tmp/projects/jadx/jadx-core/src/main/java/jadx/core/dex/info/AccessInfo.java
64	jadx.core.dex.info.AccessInfo	isInterface()	0	0	[]	false	public	false	file:///private/tmp/projects/jadx/jadx-core/src/main/java/jadx/core/dex/info/AccessInfo.java
65	jadx.core.dex.info.AccessInfo	isAnnotation()	0	0	[]	false	public	false	file:///private/tmp/projects/jadx/jadx-core/src/main/java/jadx/core/dex/info/AccessInfo.java
66	jadx.core.dex.info.AccessInfo	isNative()	0	0	[]	false	public	false	file:///private/tmp/projects/jadx/jadx-core/src/main/java/jadx/core/dex/info/AccessInfo.java
67	jadx.core.dex.info.AccessInfo	isStatic()	0	0	[]	false	public	false	file:///private/tmp/projects/jadx/jadx-core/src/main/java/jadx/core/dex/info/AccessInfo.java
68	jadx.core.dex.info.AccessInfo	isFinal()	0	0	[]	false	public	false	file:///private/tmp/projects/jadx/jadx-core/src/main/java/jadx/core/dex/info/AccessInfo.java
69	jadx.core.dex.info.AccessInfo	isConstructor()	0	0	[]	false	public	false	file:///private/tmp/projects/jadx/jadx-core/src/main/java/jadx/core/dex/info/AccessInfo.java
70	jadx.core.dex.info.AccessInfo	isEnum()	0	0	[]	false	public	false	file:///private/tmp/projects/jadx/jadx-core/src/main/java/jadx/core/dex/info/AccessInfo.java
71	jadx.core.dex.info.AccessInfo	isSynthetic()	0	0	[]	false	public	false	file:///private/tmp/projects/jadx/jadx-core/src/main/java/jadx/core/dex/info/AccessInfo.java
72	jadx.core.dex.info.AccessInfo	isBridge()	0	0	[]	false	public	false	file:///private/tmp/projects/jadx/jadx-core/src/main/java/jadx/core/dex/info/AccessInfo.java
73	jadx.core.dex.info.AccessInfo	isVarArgs()	0	0	[]	false	public	false	file:///private/tmp/projects/jadx/jadx-core/src/main/java/jadx/core/dex/info/AccessInfo.java
74	jadx.core.dex.info.AccessInfo	isSynchronized()	0	0	[]	false	public	false	file:///private/tmp/projects/jadx/jadx-core/src/main/java/jadx/core/dex/info/AccessInfo.java
75	jadx.core.dex.info.AccessInfo	isTransient()	0	0	[]	false	public	false	file:///private/tmp/projects/jadx/jadx-core/src/main/java/jadx/core/dex/info/AccessInfo.java
76	jadx.core.dex.info.AccessInfo	isVolatile()	0	0	[]	false	public	false	file:///private/tmp/projects/jadx/jadx-core/src/main/java/jadx/core/dex/info/AccessInfo.java
77	jadx.core.dex.info.AccessInfo	isModuleInfo()	0	0	[]	false	public	false	file:///private/tmp/projects/jadx/jadx-core/src/main/java/jadx/core/dex/info/AccessInfo.java
78	jadx.core.dex.info.AccessInfo	getType()	0	0	[]	false	public	true	file:///private/tmp/projects/jadx/jadx-core/src/main/java/jadx/core/dex/info/AccessInfo.java
79	jadx.core.dex.info.AccessInfo	makeString(boolean)	0	1	[false]	false	public	true	file:///private/tmp/projects/jadx/jadx-core/src/main/java/jadx/core/dex/info/AccessInfo.java
80	jadx.core.dex.info.AccessInfo	visibilityName()	0	0	[]	false	public	true	file:///private/tmp/projects/jadx/jadx-core/src/main/java/jadx/core/dex/info/AccessInfo.java
81	jadx.core.dex.info.AccessInfo	rawValue()	0	0	[]	false	public	false	file:///private/tmp/projects/jadx/jadx-core/src/main/java/jadx/core/dex/info/AccessInfo.java
82	jadx.core.dex.info.AccessInfo	toString()	83	0	[]	false	public	true	file:///private/tmp/projects/jadx/jadx-core/src/main/java/jadx/core/dex/info/AccessInfo.java
84	jadx.core.dex.nodes.ProcessState	isProcessComplete()	0	0	[]	false	public	false	file:///private/tmp/projects/jadx/jadx-core/src/main/java/jadx/core/dex/nodes/ProcessState.java
85	jadx.core.dex.nodes.ClassNode	ClassNode(jadx.core.dex.nodes.RootNode,jadx.api.plugins.input.data.IClassData)	0	2	[false, false]	false	public	false	file:///private/tmp/projects/jadx/jadx-core/src/main/java/jadx/core/dex/nodes/ClassNode.java
86	jadx.core.dex.nodes.ClassNode	initialLoad(jadx.api.plugins.input.data.IClassData)	0	1	[false]	false	private	false	file:///private/tmp/projects/jadx/jadx-core/src/main/java/jadx/core/dex/nodes/ClassNode.java
87	jadx.core.dex.nodes.ClassNode	restoreUsageData(java.util.List<jadx.core.dex.nodes.FieldNode>,java.util.List<jadx.core.dex.nodes.MethodNode>,java.util.List<jadx.core.dex.nodes.FieldNode>,java.util.List<jadx.core.dex.nodes.MethodNode>)	0	4	[false, false, false, false]	false	private	false	file:///private/tmp/projects/jadx/jadx-core/src/main/java/jadx/core/dex/nodes/ClassNode.java
88	jadx.core.dex.nodes.ClassNode	checkSuperType(jadx.api.plugins.input.data.IClassData)	0	1	[false]	true	private	true	file:///private/tmp/projects/jadx/jadx-core/src/main/java/jadx/core/dex/nodes/ClassNode.java
89	jadx.core.dex.nodes.ClassNode	updateGenericClsData(@org.jetbrains.annotations.Nullable jadx.core.dex.instructions.args.ArgType,java.util.List<jadx.core.dex.instructions.args.ArgType>,java.util.List<jadx.core.dex.instructions.args.ArgType>)	0	3	[true, false, false]	false	public	false	file:///private/tmp/projects/jadx/jadx-core/src/main/java/jadx/core/dex/nodes/ClassNode.java
90	jadx.core.dex.nodes.ClassNode	processAttributes(jadx.core.dex.nodes.ClassNode)	0	1	[false]	false	private	false	file:///private/tmp/projects/jadx/jadx-core/src/main/java/jadx/core/dex/nodes/ClassNode.java
91	jadx.core.dex.nodes.ClassNode	getAccessFlags(jadx.api.plugins.input.data.IClassData)	0	1	[false]	false	private	false	file:///private/tmp/projects/jadx/jadx-core/src/main/java/jadx/core/dex/nodes/ClassNode.java
92	jadx.core.dex.nodes.ClassNode	addSyntheticClass(jadx.core.dex.nodes.RootNode,java.lang.String,int)	0	3	[false, false, false]	false	public	true	file:///private/tmp/projects/jadx/jadx-core/src/main/java/jadx/core/dex/nodes/ClassNode.java
93	jadx.core.dex.nodes.ClassNode	addSyntheticClass(jadx.core.dex.nodes.RootNode,jadx.core.dex.info.ClassInfo,int)	0	3	[false, false, false]	false	public	true	file:///private/tmp/projects/jadx/jadx-core/src/main/java/jadx/core/dex/nodes/ClassNode.java
94	jadx.core.dex.nodes.ClassNode	ClassNode(jadx.core.dex.nodes.RootNode,jadx.core.dex.info.ClassInfo,int)	0	3	[false, false, false]	false	private	false	file:///private/tmp/projects/jadx/jadx-core/src/main/java/jadx/core/dex/nodes/ClassNode.java
95	jadx.core.dex.nodes.ClassNode	initStaticValues(java.util.List<jadx.core.dex.nodes.FieldNode>)	0	1	[false]	false	private	false	file:///private/tmp/projects/jadx/jadx-core/src/main/java/jadx/core/dex/nodes/ClassNode.java
96	jadx.core.dex.nodes.ClassNode	checkSourceFilenameAttr()	0	0	[]	false	private	false	file:///private/tmp/projects/jadx/jadx-core/src/main/java/jadx/core/dex/nodes/ClassNode.java
97	jadx.core.dex.nodes.ClassNode	checkProcessed()	0	0	[]	false	public	false	file:///private/tmp/projects/jadx/jadx-core/src/main/java/jadx/core/dex/nodes/ClassNode.java
98	jadx.core.dex.nodes.ClassNode	ensureProcessed()	0	0	[]	false	public	false	file:///private/tmp/projects/jadx/jadx-core/src/main/java/jadx/core/dex/nodes/ClassNode.java
99	jadx.core.dex.nodes.ClassNode	decompile()	0	0	[]	false	public	true	file:///private/tmp/projects/jadx/jadx-core/src/main/java/jadx/core/dex/nodes/ClassNode.java
100	jadx.core.dex.nodes.ClassNode	decompileWithMode(jadx.api.DecompilationMode)	0	1	[false]	false	public	true	file:///private/tmp/projects/jadx/jadx-core/src/main/java/jadx/core/dex/nodes/ClassNode.java
101	jadx.core.dex.nodes.ClassNode	getCode()	0	0	[]	false	public	true	file:///private/tmp/projects/jadx/jadx-core/src/main/java/jadx/core/dex/nodes/ClassNode.java
102	jadx.core.dex.nodes.ClassNode	reloadCode()	0	0	[]	false	public	true	file:///private/tmp/projects/jadx/jadx-core/src/main/java/jadx/core/dex/nodes/ClassNode.java
103	jadx.core.dex.nodes.ClassNode	unloadCode()	0	0	[]	false	public	false	file:///private/tmp/projects/jadx/jadx-core/src/main/java/jadx/core/dex/nodes/ClassNode.java
104	jadx.core.dex.nodes.ClassNode	deepUnload()	0	0	[]	false	public	false	file:///private/tmp/projects/jadx/jadx-core/src/main/java/jadx/core/dex/nodes/ClassNode.java
105	jadx.core.dex.nodes.ClassNode	unloadFromCache()	0	0	[]	false	private	false	file:///private/tmp/projects/jadx/jadx-core/src/main/java/jadx/core/dex/nodes/ClassNode.java
106	jadx.core.dex.nodes.ClassNode	decompile(boolean)	0	1	[false]	false	private	true	file:///private/tmp/projects/jadx/jadx-core/src/main/java/jadx/core/dex/nodes/ClassNode.java
107	jadx.core.dex.nodes.ClassNode	getCodeFromCache()	0	0	[]	true	public	true	file:///private/tmp/projects/jadx/jadx-core/src/main/java/jadx/core/dex/nodes/ClassNode.java
108	jadx.core.dex.nodes.ClassNode	load()	109	0	[]	false	public	false	file:///private/tmp/projects/jadx/jadx-core/src/main/java/jadx/core/dex/nodes/ClassNode.java
110	jadx.core.dex.nodes.ClassNode	unload()	111	0	[]	false	public	false	file:///private/tmp/projects/jadx/jadx-core/src/main/java/jadx/core/dex/nodes/ClassNode.java
112	jadx.core.dex.nodes.ClassNode	buildCache()	0	0	[]	false	private	false	file:///private/tmp/projects/jadx/jadx-core/src/main/java/jadx/core/dex/nodes/ClassNode.java
113	jadx.core.dex.nodes.ClassNode	getSuperClass()	0	0	[]	true	public	true	file:///private/tmp/projects/jadx/jadx-core/src/main/java/jadx/core/dex/nodes/ClassNode.java
114	jadx.core.dex.nodes.ClassNode	getInterfaces()	0	0	[]	false	public	true	file:///private/tmp/projects/jadx/jadx-core/src/main/java/jadx/core/dex/nodes/ClassNode.java
115	jadx.core.dex.nodes.ClassNode	getGenericTypeParameters()	0	0	[]	false	public	true	file:///private/tmp/projects/jadx/jadx-core/src/main/java/jadx/core/dex/nodes/ClassNode.java
116	jadx.core.dex.nodes.ClassNode	getType()	0	0	[]	false	public	true	file:///private/tmp/projects/jadx/jadx-core/src/main/java/jadx/core/dex/nodes/ClassNode.java
117	jadx.core.dex.nodes.ClassNode	getMethods()	0	0	[]	false	public	true	file:///private/tmp/projects/jadx/jadx-core/src/main/java/jadx/core/dex/nodes/ClassNode.java
118	jadx.core.dex.nodes.ClassNode	getFields()	0	0	[]	false	public	true	file:///private/tmp/projects/jadx/jadx-core/src/main/java/jadx/core/dex/nodes/ClassNode.java
119	jadx.core.dex.nodes.ClassNode	addField(jadx.core.dex.nodes.FieldNode)	0	1	[false]	false	public	false	file:///private/tmp/projects/jadx/jadx-core/src/main/java/jadx/core/dex/nodes/ClassNode.java
120	jadx.core.dex.nodes.ClassNode	getConstField(java.lang.Object)	0	1	[false]	true	public	true	file:///private/tmp/projects/jadx/jadx-core/src/main/java/jadx/core/dex/nodes/ClassNode.java
121	jadx.core.dex.nodes.ClassNode	getConstField(java.lang.Object,boolean)	0	2	[false, false]	true	public	true	file:///private/tmp/projects/jadx/jadx-core/src/main/java/jadx/core/dex/nodes/ClassNode.java
122	jadx.core.dex.nodes.ClassNode	getConstFieldByLiteralArg(jadx.core.dex.instructions.args.LiteralArg)	0	1	[false]	true	public	true	file:///private/tmp/projects/jadx/jadx-core/src/main/java/jadx/core/dex/nodes/ClassNode.java
123	jadx.core.dex.nodes.ClassNode	searchField(jadx.core.dex.info.FieldInfo)	0	1	[false]	true	public	true	file:///private/tmp/projects/jadx/jadx-core/src/main/java/jadx/core/dex/nodes/ClassNode.java
124	jadx.core.dex.nodes.ClassNode	searchFieldByNameAndType(jadx.core.dex.info.FieldInfo)	0	1	[false]	true	public	true	file:///private/tmp/projects/jadx/jadx-core/src/main/java/jadx/core/dex/nodes/ClassNode.java
125	jadx.core.dex.nodes.ClassNode	searchFieldByName(java.lang.String)	0	1	[false]	true	public	true	file:///private/tmp/projects/jadx/jadx-core/src/main/java/jadx/core/dex/nodes/ClassNode.java
126	jadx.core.dex.nodes.ClassNode	searchFieldByShortId(java.lang.String)	0	1	[false]	true	public	true	file:///private/tmp/projects/jadx/jadx-core/src/main/java/jadx/core/dex/nodes/ClassNode.java
127	jadx.core.dex.nodes.ClassNode	searchMethod(jadx.core.dex.info.MethodInfo)	0	1	[false]	true	public	true	file:///private/tmp/projects/jadx/jadx-core/src/main/java/jadx/core/dex/nodes/ClassNode.java
128	jadx.core.dex.nodes.ClassNode	searchMethodByShortId(java.lang.String)	0	1	[false]	true	public	true	file:///private/tmp/projects/jadx/jadx-core/src/main/java/jadx/core/dex/nodes/ClassNode.java
129	jadx.core.dex.nodes.ClassNode	searchMethodByShortName(java.lang.String)	0	1	[false]	true	public	true	file:///private/tmp/projects/jadx/jadx-core/src/main/java/jadx/core/dex/nodes/ClassNode.java
130	jadx.core.dex.nodes.ClassNode	getParentClass()	0	0	[]	false	public	true	file:///private/tmp/projects/jadx/jadx-core/src/main/java/jadx/core/dex/nodes/ClassNode.java
131	jadx.core.dex.nodes.ClassNode	updateParentClass()	0	0	[]	false	public	false	file:///private/tmp/projects/jadx/jadx-core/src/main/java/jadx/core/dex/nodes/ClassNode.java
132	jadx.core.dex.nodes.ClassNode	getTopParentClass()	0	0	[]	false	public	true	file:///private/tmp/projects/jadx/jadx-core/src/main/java/jadx/core/dex/nodes/ClassNode.java
133	jadx.core.dex.nodes.ClassNode	visitParentClasses(java.util.function.Consumer<jadx.core.dex.nodes.ClassNode>)	0	1	[false]	false	public	false	file:///private/tmp/projects/jadx/jadx-core/src/main/java/jadx/core/dex/nodes/ClassNode.java
134	jadx.core.dex.nodes.ClassNode	visitSuperTypes(java.util.function.BiConsumer<jadx.core.dex.instructions.args.ArgType,jadx.core.dex.instructions.args.ArgType>)	0	1	[false]	false	public	false	file:///private/tmp/projects/jadx/jadx-core/src/main/java/jadx/core/dex/nodes/ClassNode.java
135	jadx.core.dex.nodes.ClassNode	hasNotGeneratedParent()	0	0	[]	false	public	false	file:///private/tmp/projects/jadx/jadx-core/src/main/java/jadx/core/dex/nodes/ClassNode.java
136	jadx.core.dex.nodes.ClassNode	getInnerClasses()	0	0	[]	false	public	true	file:///private/tmp/projects/jadx/jadx-core/src/main/java/jadx/core/dex/nodes/ClassNode.java
137	jadx.core.dex.nodes.ClassNode	getInlinedClasses()	0	0	[]	false	public	true	file:///private/tmp/projects/jadx/jadx-core/src/main/java/jadx/core/dex/nodes/ClassNode.java
138	jadx.core.dex.nodes.ClassNode	getInnerAndInlinedClassesRecursive(java.util.Set<jadx.core.dex.nodes.ClassNode>)	0	1	[false]	false	public	false	file:///private/tmp/projects/jadx/jadx-core/src/main/java/jadx/core/dex/nodes/ClassNode.java
139	jadx.core.dex.nodes.ClassNode	addInnerClass(jadx.core.dex.nodes.ClassNode)	0	1	[false]	false	public	false	file:///private/tmp/projects/jadx/jadx-core/src/main/java/jadx/core/dex/nodes/ClassNode.java
140	jadx.core.dex.nodes.ClassNode	addInlinedClass(jadx.core.dex.nodes.ClassNode)	0	1	[false]	false	public	false	file:///private/tmp/projects/jadx/jadx-core/src/main/java/jadx/core/dex/nodes/ClassNode.java
141	jadx.core.dex.nodes.ClassNode	isEnum()	0	0	[]	false	public	false	file:///private/tmp/projects/jadx/jadx-core/src/main/java/jadx/core/dex/nodes/ClassNode.java
142	jadx.core.dex.nodes.ClassNode	isAnonymous()	0	0	[]	false	public	false	file:///private/tmp/projects/jadx/jadx-core/src/main/java/jadx/core/dex/nodes/ClassNode.java
143	jadx.core.dex.nodes.ClassNode	isSynthetic()	0	0	[]	false	public	false	file:///private/tmp/projects/jadx/jadx-core/src/main/java/jadx/core/dex/nodes/ClassNode.java
144	jadx.core.dex.nodes.ClassNode	isInner()	0	0	[]	false	public	false	file:///private/tmp/projects/jadx/jadx-core/src/main/java/jadx/core/dex/nodes/ClassNode.java
145	jadx.core.dex.nodes.ClassNode	isTopClass()	0	0	[]	false	public	false	file:///private/tmp/projects/jadx/jadx-core/src/main/java/jadx/core/dex/nodes/ClassNode.java
146	jadx.core.dex.nodes.ClassNode	getClassInitMth()	0	0	[]	true	public	true	file:///private/tmp/projects/jadx/jadx-core/src/main/java/jadx/core/dex/nodes/ClassNode.java
147	jadx.core.dex.nodes.ClassNode	getDefaultConstructor()	0	0	[]	true	public	true	file:///private/tmp/projects/jadx/jadx-core/src/main/java/jadx/core/dex/nodes/ClassNode.java
148	jadx.core.dex.nodes.ClassNode	getAccessFlags()	149	0	[]	false	public	true	file:///private/tmp/projects/jadx/jadx-core/src/main/java/jadx/core/dex/nodes/ClassNode.java
150	jadx.core.dex.nodes.ClassNode	setAccessFlags(jadx.core.dex.info.AccessInfo)	151	1	[false]	false	public	false	file:///private/tmp/projects/jadx/jadx-core/src/main/java/jadx/core/dex/nodes/ClassNode.java
152	jadx.core.dex.nodes.ClassNode	root()	153	0	[]	false	public	true	file:///private/tmp/projects/jadx/jadx-core/src/main/java/jadx/core/dex/nodes/ClassNode.java
154	jadx.core.dex.nodes.ClassNode	typeName()	155	0	[]	false	public	true	file:///private/tmp/projects/jadx/jadx-core/src/main/java/jadx/core/dex/nodes/ClassNode.java
156	jadx.core.dex.nodes.ClassNode	getRawName()	0	0	[]	false	public	true	file:///private/tmp/projects/jadx/jadx-core/src/main/java/jadx/core/dex/nodes/ClassNode.java
157	jadx.core.dex.nodes.ClassNode	getClassInfo()	0	0	[]	false	public	true	file:///private/tmp/projects/jadx/jadx-core/src/main/java/jadx/core/dex/nodes/ClassNode.java
158	jadx.core.dex.nodes.ClassNode	getShortName()	0	0	[]	false	public	true	file:///private/tmp/projects/jadx/jadx-core/src/main/java/jadx/core/dex/nodes/ClassNode.java
159	jadx.core.dex.nodes.ClassNode	getFullName()	0	0	[]	false	public	true	file:///private/tmp/projects/jadx/jadx-core/src/main/java/jadx/core/dex/nodes/ClassNode.java
160	jadx.core.dex.nodes.ClassNode	getPackage()	0	0	[]	true	public	true	file:///private/tmp/projects/jadx/jadx-core/src/main/java/jadx/core/dex/nodes/ClassNode.java
161	jadx.core.dex.nodes.ClassNode	getDisassembledCode()	0	0	[]	false	public	true	file:///private/tmp/projects/jadx/jadx-core/src/main/java/jadx/core/dex/nodes/ClassNode.java
162	jadx.core.dex.nodes.ClassNode	getDisassembledCode(java.lang.StringBuilder)	0	1	[false]	false	protected	false	file:///private/tmp/projects/jadx/jadx-core/src/main/java/jadx/core/dex/nodes/ClassNode.java
163	jadx.core.dex.nodes.ClassNode	getClsData()	0	0	[]	true	public	true	file:///private/tmp/projects/jadx/jadx-core/src/main/java/jadx/core/dex/nodes/ClassNode.java
164	jadx.core.dex.nodes.ClassNode	getState()	0	0	[]	false	public	true	file:///private/tmp/projects/jadx/jadx-core/src/main/java/jadx/core/dex/nodes/ClassNode.java
165	jadx.core.dex.nodes.ClassNode	setState(jadx.core.dex.nodes.ProcessState)	0	1	[false]	false	public	false	file:///private/tmp/projects/jadx/jadx-core/src/main/java/jadx/core/dex/nodes/ClassNode.java
166	jadx.core.dex.nodes.ClassNode	getLoadStage()	0	0	[]	false	public	true	file:///private/tmp/projects/jadx/jadx-core/src/main/java/jadx/core/dex/nodes/ClassNode.java
167	jadx.core.dex.nodes.ClassNode	setLoadStage(jadx.core.dex.nodes.LoadStage)	0	1	[false]	false	public	false	file:///private/tmp/projects/jadx/jadx-core/src/main/java/jadx/core/dex/nodes/ClassNode.java
168	jadx.core.dex.nodes.ClassNode	reloadAtCodegenStage()	0	0	[]	false	public	false	file:///private/tmp/projects/jadx/jadx-core/src/main/java/jadx/core/dex/nodes/ClassNode.java
169	jadx.core.dex.nodes.ClassNode	getDependencies()	0	0	[]	false	public	true	file:///private/tmp/projects/jadx/jadx-core/src/main/java/jadx/core/dex/nodes/ClassNode.java
170	jadx.core.dex.nodes.ClassNode	setDependencies(java.util.List<jadx.core.dex.nodes.ClassNode>)	0	1	[false]	false	public	false	file:///private/tmp/projects/jadx/jadx-core/src/main/java/jadx/core/dex/nodes/ClassNode.java
171	jadx.core.dex.nodes.ClassNode	removeDependency(jadx.core.dex.nodes.ClassNode)	0	1	[false]	false	public	false	file:///private/tmp/projects/jadx/jadx-core/src/main/java/jadx/core/dex/nodes/ClassNode.java
172	jadx.core.dex.nodes.ClassNode	getCodegenDeps()	0	0	[]	false	public	true	file:///private/tmp/projects/jadx/jadx-core/src/main/java/jadx/core/dex/nodes/ClassNode.java
173	jadx.core.dex.nodes.ClassNode	setCodegenDeps(java.util.List<jadx.core.dex.nodes.ClassNode>)	0	1	[false]	false	public	false	file:///private/tmp/projects/jadx/jadx-core/src/main/java/jadx/core/dex/nodes/ClassNode.java
174	jadx.core.dex.nodes.ClassNode	addCodegenDep(jadx.core.dex.nodes.ClassNode)	0	1	[false]	false	public	false	file:///private/tmp/projects/jadx/jadx-core/src/main/java/jadx/core/dex/nodes/ClassNode.java
175	jadx.core.dex.nodes.ClassNode	getTotalDepsCount()	0	0	[]	false	public	false	file:///private/tmp/projects/jadx/jadx-core/src/main/java/jadx/core/dex/nodes/ClassNode.java
176	jadx.core.dex.nodes.ClassNode	getUseIn()	177	0	[]	false	public	true	file:///private/tmp/projects/jadx/jadx-core/src/main/java/jadx/core/dex/nodes/ClassNode.java
178	jadx.core.dex.nodes.ClassNode	setUseIn(java.util.List<jadx.core.dex.nodes.ClassNode>)	0	1	[false]	false	public	false	file:///private/tmp/projects/jadx/jadx-core/src/main/java/jadx/core/dex/nodes/ClassNode.java
179	jadx.core.dex.nodes.ClassNode	getUseInMth()	0	0	[]	false	public	true	file:///private/tmp/projects/jadx/jadx-core/src/main/java/jadx/core/dex/nodes/ClassNode.java
180	jadx.core.dex.nodes.ClassNode	setUseInMth(java.util.List<jadx.core.dex.nodes.MethodNode>)	0	1	[false]	false	public	false	file:///private/tmp/projects/jadx/jadx-core/src/main/java/jadx/core/dex/nodes/ClassNode.java
181	jadx.core.dex.nodes.ClassNode	getInputFileName()	182	0	[]	false	public	true	file:///private/tmp/projects/jadx/jadx-core/src/main/java/jadx/core/dex/nodes/ClassNode.java
183	jadx.core.dex.nodes.ClassNode	getAnnType()	184	0	[]	false	public	true	file:///private/tmp/projects/jadx/jadx-core/src/main/java/jadx/core/dex/nodes/ClassNode.java
185	jadx.core.dex.nodes.ClassNode	hashCode()	186	0	[]	false	public	false	file:///private/tmp/projects/jadx/jadx-core/src/main/java/jadx/core/dex/nodes/ClassNode.java
187	jadx.core.dex.nodes.ClassNode	equals(java.lang.Object)	188	1	[false]	false	public	false	file:///private/tmp/projects/jadx/jadx-core/src/main/java/jadx/core/dex/nodes/ClassNode.java
189	jadx.core.dex.nodes.ClassNode	compareTo(@org.jetbrains.annotations.NotNull jadx.core.dex.nodes.ClassNode)	190	1	[false]	false	public	false	file:///private/tmp/projects/jadx/jadx-core/src/main/java/jadx/core/dex/nodes/ClassNode.java
191	jadx.core.dex.nodes.ClassNode	toString()	83	0	[]	false	public	true	file:///private/tmp/projects/jadx/jadx-core/src/main/java/jadx/core/dex/nodes/ClassNode.java
192	jadx.core.dex.attributes.nodes.NotificationAttrNode	checkCommentsLevel(jadx.api.CommentsLevel)	0	1	[false]	false	public	false	file:///private/tmp/projects/jadx/jadx-core/src/main/java/jadx/core/dex/attributes/nodes/NotificationAttrNode.java
193	jadx.core.dex.attributes.nodes.NotificationAttrNode	addError(java.lang.String,java.lang.Throwable)	0	2	[false, false]	false	public	false	file:///private/tmp/projects/jadx/jadx-core/src/main/java/jadx/core/dex/attributes/nodes/NotificationAttrNode.java
194	jadx.core.dex.attributes.nodes.NotificationAttrNode	addWarn(java.lang.String)	0	1	[false]	false	public	false	file:///private/tmp/projects/jadx/jadx-core/src/main/java/jadx/core/dex/attributes/nodes/NotificationAttrNode.java
195	jadx.core.dex.attributes.nodes.NotificationAttrNode	addWarnComment(java.lang.String)	0	1	[false]	false	public	false	file:///private/tmp/projects/jadx/jadx-core/src/main/java/jadx/core/dex/attributes/nodes/NotificationAttrNode.java
196	jadx.core.dex.attributes.nodes.NotificationAttrNode	addWarnComment(java.lang.String,java.lang.Throwable)	0	2	[false, false]	false	public	false	file:///private/tmp/projects/jadx/jadx-core/src/main/java/jadx/core/dex/attributes/nodes/NotificationAttrNode.java
197	jadx.core.dex.attributes.nodes.NotificationAttrNode	addInfoComment(java.lang.String)	0	1	[false]	false	public	false	file:///private/tmp/projects/jadx/jadx-core/src/main/java/jadx/core/dex/attributes/nodes/NotificationAttrNode.java
198	jadx.core.dex.attributes.nodes.NotificationAttrNode	addDebugComment(java.lang.String)	0	1	[false]	false	public	false	file:///private/tmp/projects/jadx/jadx-core/src/main/java/jadx/core/dex/attributes/nodes/NotificationAttrNode.java
199	jadx.core.dex.attributes.nodes.NotificationAttrNode	getCommentsLevel()	0	0	[]	false	public	true	file:///private/tmp/projects/jadx/jadx-core/src/main/java/jadx/core/dex/attributes/nodes/NotificationAttrNode.java
200	jadx.core.dex.attributes.nodes.NotificationAttrNode	initCommentsAttr()	0	0	[]	false	private	true	file:///private/tmp/projects/jadx/jadx-core/src/main/java/jadx/core/dex/attributes/nodes/NotificationAttrNode.java
201	jadx.core.dex.attributes.nodes.LineAttrNode	getSourceLine()	202	0	[]	false	public	false	file:///private/tmp/projects/jadx/jadx-core/src/main/java/jadx/core/dex/attributes/nodes/LineAttrNode.java
203	jadx.core.dex.attributes.nodes.LineAttrNode	setSourceLine(int)	204	1	[false]	false	public	false	file:///private/tmp/projects/jadx/jadx-core/src/main/java/jadx/core/dex/attributes/nodes/LineAttrNode.java
205	jadx.core.dex.attributes.nodes.LineAttrNode	getDefPosition()	206	0	[]	false	public	false	file:///private/tmp/projects/jadx/jadx-core/src/main/java/jadx/core/dex/attributes/nodes/LineAttrNode.java
207	jadx.core.dex.attributes.nodes.LineAttrNode	setDefPosition(int)	208	1	[false]	false	public	false	file:///private/tmp/projects/jadx/jadx-core/src/main/java/jadx/core/dex/attributes/nodes/LineAttrNode.java
209	jadx.core.dex.attributes.nodes.LineAttrNode	addSourceLineFrom(jadx.core.dex.attributes.nodes.LineAttrNode)	0	1	[false]	false	public	false	file:///private/tmp/projects/jadx/jadx-core/src/main/java/jadx/core/dex/attributes/nodes/LineAttrNode.java
210	jadx.core.dex.attributes.nodes.LineAttrNode	copyLines(jadx.core.dex.attributes.nodes.LineAttrNode)	0	1	[false]	false	public	false	file:///private/tmp/projects/jadx/jadx-core/src/main/java/jadx/core/dex/attributes/nodes/LineAttrNode.java
211	jadx.core.dex.attributes.AttrNode	add(jadx.core.dex.attributes.AFlag)	212	1	[false]	false	public	false	file:///private/tmp/projects/jadx/jadx-core/src/main/java/jadx/core/dex/attributes/AttrNode.java
213	jadx.core.dex.attributes.AttrNode	addAttr(jadx.api.plugins.input.data.attributes.IJadxAttribute)	214	1	[false]	false	public	false	file:///private/tmp/projects/jadx/jadx-core/src/main/java/jadx/core/dex/attributes/AttrNode.java
215	jadx.core.dex.attributes.AttrNode	addAttrs(java.util.List<jadx.api.plugins.input.data.attributes.IJadxAttribute>)	216	1	[false]	false	public	false	file:///private/tmp/projects/jadx/jadx-core/src/main/java/jadx/core/dex/attributes/AttrNode.java
217	jadx.core.dex.attributes.AttrNode	<T>addAttr(jadx.api.plugins.input.data.attributes.IJadxAttrType<jadx.core.dex.attributes.AttrList<T>>,T)	218	2	[false, false]	false	public	false	file:///private/tmp/projects/jadx/jadx-core/src/main/java/jadx/core/dex/attributes/AttrNode.java
219	jadx.core.dex.attributes.AttrNode	<T>addAttr(jadx.api.plugins.input.data.attributes.IJadxAttrType<jadx.core.dex.attributes.AttrList<T>>,java.util.List<T>)	0	2	[false, false]	false	public	false	file:///private/tmp/projects/jadx/jadx-core/src/main/java/jadx/core/dex/attributes/AttrNode.java
220	jadx.core.dex.attributes.AttrNode	copyAttributesFrom(jadx.core.dex.attributes.AttrNode)	221	1	[false]	false	public	false	file:///private/tmp/projects/jadx/jadx-core/src/main/java/jadx/core/dex/attributes/AttrNode.java
222	jadx.core.dex.attributes.AttrNode	<T>copyAttributeFrom(jadx.core.dex.attributes.AttrNode,jadx.core.dex.attributes.AType<T>)	223	2	[false, false]	false	public	false	file:///private/tmp/projects/jadx/jadx-core/src/main/java/jadx/core/dex/attributes/AttrNode.java
224	jadx.core.dex.attributes.AttrNode	<T>rewriteAttributeFrom(jadx.core.dex.attributes.AttrNode,jadx.core.dex.attributes.AType<T>)	225	2	[false, false]	false	public	false	file:///private/tmp/projects/jadx/jadx-core/src/main/java/jadx/core/dex/attributes/AttrNode.java
226	jadx.core.dex.attributes.AttrNode	initStorage()	0	0	[]	false	private	true	file:///private/tmp/projects/jadx/jadx-core/src/main/java/jadx/core/dex/attributes/AttrNode.java
227	jadx.core.dex.attributes.AttrNode	unloadIfEmpty()	0	0	[]	false	private	false	file:///private/tmp/projects/jadx/jadx-core/src/main/java/jadx/core/dex/attributes/AttrNode.java
228	jadx.core.dex.attributes.AttrNode	contains(jadx.core.dex.attributes.AFlag)	229	1	[false]	false	public	false	file:///private/tmp/projects/jadx/jadx-core/src/main/java/jadx/core/dex/attributes/AttrNode.java
230	jadx.core.dex.attributes.AttrNode	<T>contains(jadx.api.plugins.input.data.attributes.IJadxAttrType<T>)	231	1	[false]	false	public	false	file:///private/tmp/projects/jadx/jadx-core/src/main/java/jadx/core/dex/attributes/AttrNode.java
232	jadx.core.dex.attributes.AttrNode	<T>get(jadx.api.plugins.input.data.attributes.IJadxAttrType<T>)	233	1	[false]	false	public	true	file:///private/tmp/projects/jadx/jadx-core/src/main/java/jadx/core/dex/attributes/AttrNode.java
234	jadx.core.dex.attributes.AttrNode	getAnnotation(java.lang.String)	235	1	[false]	true	public	true	file:///private/tmp/projects/jadx/jadx-core/src/main/java/jadx/core/dex/attributes/AttrNode.java
236	jadx.core.dex.attributes.AttrNode	<T>getAll(jadx.api.plugins.input.data.attributes.IJadxAttrType<jadx.core.dex.attributes.AttrList<T>>)	237	1	[false]	false	public	true	file:///private/tmp/projects/jadx/jadx-core/src/main/java/jadx/core/dex/attributes/AttrNode.java
238	jadx.core.dex.attributes.AttrNode	remove(jadx.core.dex.attributes.AFlag)	239	1	[false]	false	public	false	file:///private/tmp/projects/jadx/jadx-core/src/main/java/jadx/core/dex/attributes/AttrNode.java
240	jadx.core.dex.attributes.AttrNode	<T>remove(jadx.api.plugins.input.data.attributes.IJadxAttrType<T>)	241	1	[false]	false	public	false	file:///private/tmp/projects/jadx/jadx-core/src/main/java/jadx/core/dex/attributes/AttrNode.java
242	jadx.core.dex.attributes.AttrNode	removeAttr(jadx.api.plugins.input.data.attributes.IJadxAttribute)	243	1	[false]	false	public	false	file:///private/tmp/projects/jadx/jadx-core/src/main/java/jadx/core/dex/attributes/AttrNode.java
244	jadx.core.dex.attributes.AttrNode	clearAttributes()	245	0	[]	false	public	false	file:///private/tmp/projects/jadx/jadx-core/src/main/java/jadx/core/dex/attributes/AttrNode.java
246	jadx.core.dex.attributes.AttrNode	unloadAttributes()	0	0	[]	false	public	false	file:///private/tmp/projects/jadx/jadx-core/src/main/java/jadx/core/dex/attributes/AttrNode.java
247	jadx.core.dex.attributes.AttrNode	getAttributesStringsList()	248	0	[]	false	public	true	file:///private/tmp/projects/jadx/jadx-core/src/main/java/jadx/core/dex/attributes/AttrNode.java
249	jadx.core.dex.attributes.AttrNode	getAttributesString()	250	0	[]	false	public	true	file:///private/tmp/projects/jadx/jadx-core/src/main/java/jadx/core/dex/attributes/AttrNode.java
251	jadx.core.dex.attributes.AttrNode	isAttrStorageEmpty()	252	0	[]	false	public	false	file:///private/tmp/projects/jadx/jadx-core/src/main/java/jadx/core/dex/attributes/AttrNode.java
212	jadx.core.dex.attributes.IAttributeNode	add(jadx.core.dex.attributes.AFlag)	0	1	[false]	false	public	false	file:///private/tmp/projects/jadx/jadx-core/src/main/java/jadx/core/dex/attributes/IAttributeNode.java
214	jadx.core.dex.attributes.IAttributeNode	addAttr(jadx.api.plugins.input.data.attributes.IJadxAttribute)	0	1	[false]	false	public	false	file:///private/tmp/projects/jadx/jadx-core/src/main/java/jadx/core/dex/attributes/IAttributeNode.java
216	jadx.core.dex.attributes.IAttributeNode	addAttrs(java.util.List<jadx.api.plugins.input.data.attributes.IJadxAttribute>)	0	1	[false]	false	public	false	file:///private/tmp/projects/jadx/jadx-core/src/main/java/jadx/core/dex/attributes/IAttributeNode.java
218	jadx.core.dex.attributes.IAttributeNode	<T>addAttr(jadx.api.plugins.input.data.attributes.IJadxAttrType<jadx.core.dex.attributes.AttrList<T>>,T)	0	2	[false, false]	false	public	false	file:///private/tmp/projects/jadx/jadx-core/src/main/java/jadx/core/dex/attributes/IAttributeNode.java
221	jadx.core.dex.attributes.IAttributeNode	copyAttributesFrom(jadx.core.dex.attributes.AttrNode)	0	1	[false]	false	public	false	file:///private/tmp/projects/jadx/jadx-core/src/main/java/jadx/core/dex/attributes/IAttributeNode.java
223	jadx.core.dex.attributes.IAttributeNode	<T>copyAttributeFrom(jadx.core.dex.attributes.AttrNode,jadx.core.dex.attributes.AType<T>)	0	2	[false, false]	false	public	false	file:///private/tmp/projects/jadx/jadx-core/src/main/java/jadx/core/dex/attributes/IAttributeNode.java
225	jadx.core.dex.attributes.IAttributeNode	<T>rewriteAttributeFrom(jadx.core.dex.attributes.AttrNode,jadx.core.dex.attributes.AType<T>)	0	2	[false, false]	false	public	false	file:///private/tmp/projects/jadx/jadx-core/src/main/java/jadx/core/dex/attributes/IAttributeNode.java
229	jadx.core.dex.attributes.IAttributeNode	contains(jadx.core.dex.attributes.AFlag)	0	1	[false]	false	public	false	file:///private/tmp/projects/jadx/jadx-core/src/main/java/jadx/core/dex/attributes/IAttributeNode.java
231	jadx.core.dex.attributes.IAttributeNode	<T>contains(jadx.api.plugins.input.data.attributes.IJadxAttrType<T>)	0	1	[false]	false	public	false	file:///private/tmp/projects/jadx/jadx-core/src/main/java/jadx/core/dex/attributes/IAttributeNode.java
233	jadx.core.dex.attributes.IAttributeNode	<T>get(jadx.api.plugins.input.data.attributes.IJadxAttrType<T>)	0	1	[false]	false	public	true	file:///private/tmp/projects/jadx/jadx-core/src/main/java/jadx/core/dex/attributes/IAttributeNode.java
235	jadx.core.dex.attributes.IAttributeNode	getAnnotation(java.lang.String)	0	1	[false]	true	public	true	file:///private/tmp/projects/jadx/jadx-core/src/main/java/jadx/core/dex/attributes/IAttributeNode.java
237	jadx.core.dex.attributes.IAttributeNode	<T>getAll(jadx.api.plugins.input.data.attributes.IJadxAttrType<jadx.core.dex.attributes.AttrList<T>>)	0	1	[false]	false	public	true	file:///private/tmp/projects/jadx/jadx-core/src/main/java/jadx/core/dex/attributes/IAttributeNode.java
239	jadx.core.dex.attributes.IAttributeNode	remove(jadx.core.dex.attributes.AFlag)	0	1	[false]	false	public	false	file:///private/tmp/projects/jadx/jadx-core/src/main/java/jadx/core/dex/attributes/IAttributeNode.java
241	jadx.core.dex.attributes.IAttributeNode	<T>remove(jadx.api.plugins.input.data.attributes.IJadxAttrType<T>)	0	1	[false]	false	public	false	file:///private/tmp/projects/jadx/jadx-core/src/main/java/jadx/core/dex/attributes/IAttributeNode.java
243	jadx.core.dex.attributes.IAttributeNode	removeAttr(jadx.api.plugins.input.data.attributes.IJadxAttribute)	0	1	[false]	false	public	false	file:///private/tmp/projects/jadx/jadx-core/src/main/java/jadx/core/dex/attributes/IAttributeNode.java
245	jadx.core.dex.attributes.IAttributeNode	clearAttributes()	0	0	[]	false	public	false	file:///private/tmp/projects/jadx/jadx-core/src/main/java/jadx/core/dex/attributes/IAttributeNode.java
248	jadx.core.dex.attributes.IAttributeNode	getAttributesStringsList()	0	0	[]	false	public	true	file:///private/tmp/projects/jadx/jadx-core/src/main/java/jadx/core/dex/attributes/IAttributeNode.java
250	jadx.core.dex.attributes.IAttributeNode	getAttributesString()	0	0	[]	false	public	true	file:///private/tmp/projects/jadx/jadx-core/src/main/java/jadx/core/dex/attributes/IAttributeNode.java
252	jadx.core.dex.attributes.IAttributeNode	isAttrStorageEmpty()	0	0	[]	false	public	false	file:///private/tmp/projects/jadx/jadx-core/src/main/java/jadx/core/dex/attributes/IAttributeNode.java
202	jadx.core.dex.attributes.ILineAttributeNode	getSourceLine()	0	0	[]	false	public	false	file:///private/tmp/projects/jadx/jadx-core/src/main/java/jadx/core/dex/attributes/ILineAttributeNode.java
204	jadx.core.dex.attributes.ILineAttributeNode	setSourceLine(int)	0	1	[false]	false	public	false	file:///private/tmp/projects/jadx/jadx-core/src/main/java/jadx/core/dex/attributes/ILineAttributeNode.java
206	jadx.core.dex.attributes.ILineAttributeNode	getDefPosition()	0	0	[]	false	public	false	file:///private/tmp/projects/jadx/jadx-core/src/main/java/jadx/core/dex/attributes/ILineAttributeNode.java
208	jadx.core.dex.attributes.ILineAttributeNode	setDefPosition(int)	0	1	[false]	false	public	false	file:///private/tmp/projects/jadx/jadx-core/src/main/java/jadx/core/dex/attributes/ILineAttributeNode.java
149	jadx.core.dex.nodes.ICodeNode	getAccessFlags()	0	0	[]	false	public	true	file:///private/tmp/projects/jadx/jadx-core/src/main/java/jadx/core/dex/nodes/ICodeNode.java
151	jadx.core.dex.nodes.ICodeNode	setAccessFlags(jadx.core.dex.info.AccessInfo)	0	1	[false]	false	public	false	file:///private/tmp/projects/jadx/jadx-core/src/main/java/jadx/core/dex/nodes/ICodeNode.java
155	jadx.core.dex.nodes.IDexNode	typeName()	0	0	[]	false	public	true	file:///private/tmp/projects/jadx/jadx-core/src/main/java/jadx/core/dex/nodes/IDexNode.java
153	jadx.core.dex.nodes.IDexNode	root()	0	0	[]	false	public	true	file:///private/tmp/projects/jadx/jadx-core/src/main/java/jadx/core/dex/nodes/IDexNode.java
182	jadx.core.dex.nodes.IDexNode	getInputFileName()	0	0	[]	false	public	true	file:///private/tmp/projects/jadx/jadx-core/src/main/java/jadx/core/dex/nodes/IDexNode.java
177	jadx.core.dex.nodes.IUsageInfoNode	getUseIn()	0	0	[]	false	public	true	file:///private/tmp/projects/jadx/jadx-core/src/main/java/jadx/core/dex/nodes/IUsageInfoNode.java
253	jadx.api.metadata.ICodeNodeRef	getDefPosition()	0	0	[]	false	public	false	file:///private/tmp/projects/jadx/jadx-core/src/main/java/jadx/api/metadata/ICodeNodeRef.java
254	jadx.api.metadata.ICodeNodeRef	setDefPosition(int)	0	1	[false]	false	public	false	file:///private/tmp/projects/jadx/jadx-core/src/main/java/jadx/api/metadata/ICodeNodeRef.java
184	jadx.api.metadata.ICodeAnnotation	getAnnType()	0	0	[]	false	public	true	file:///private/tmp/projects/jadx/jadx-core/src/main/java/jadx/api/metadata/ICodeAnnotation.java
109	jadx.core.dex.nodes.ILoadable	load()	0	0	[]	false	public	false	file:///private/tmp/projects/jadx/jadx-core/src/main/java/jadx/core/dex/nodes/ILoadable.java
111	jadx.core.dex.nodes.ILoadable	unload()	0	0	[]	false	public	false	file:///private/tmp/projects/jadx/jadx-core/src/main/java/jadx/core/dex/nodes/ILoadable.java
255	jadx.core.deobf.PackageNode	PackageNode(java.lang.String)	0	1	[false]	false	public	false	file:///private/tmp/projects/jadx/jadx-core/src/main/java/jadx/core/deobf/PackageNode.java
256	jadx.core.deobf.PackageNode	getName()	0	0	[]	false	public	true	file:///private/tmp/projects/jadx/jadx-core/src/main/java/jadx/core/deobf/PackageNode.java
257	jadx.core.deobf.PackageNode	getFullName()	0	0	[]	false	public	true	file:///private/tmp/projects/jadx/jadx-core/src/main/java/jadx/core/deobf/PackageNode.java
258	jadx.core.deobf.PackageNode	getAlias()	0	0	[]	false	public	true	file:///private/tmp/projects/jadx/jadx-core/src/main/java/jadx/core/deobf/PackageNode.java
259	jadx.core.deobf.PackageNode	setAlias(java.lang.String)	0	1	[false]	false	public	false	file:///private/tmp/projects/jadx/jadx-core/src/main/java/jadx/core/deobf/PackageNode.java
260	jadx.core.deobf.PackageNode	hasAlias()	0	0	[]	false	public	false	file:///private/tmp/projects/jadx/jadx-core/src/main/java/jadx/core/deobf/PackageNode.java
261	jadx.core.deobf.PackageNode	hasAnyAlias()	0	0	[]	false	public	false	file:///private/tmp/projects/jadx/jadx-core/src/main/java/jadx/core/deobf/PackageNode.java
262	jadx.core.deobf.PackageNode	getFullAlias()	0	0	[]	false	public	true	file:///private/tmp/projects/jadx/jadx-core/src/main/java/jadx/core/deobf/PackageNode.java
263	jadx.core.deobf.PackageNode	getParentPackage()	0	0	[]	false	public	true	file:///private/tmp/projects/jadx/jadx-core/src/main/java/jadx/core/deobf/PackageNode.java
264	jadx.core.deobf.PackageNode	getInnerPackages()	0	0	[]	false	public	true	file:///private/tmp/projects/jadx/jadx-core/src/main/java/jadx/core/deobf/PackageNode.java
265	jadx.core.deobf.PackageNode	addInnerPackage(jadx.core.deobf.PackageNode)	0	1	[false]	false	public	false	file:///private/tmp/projects/jadx/jadx-core/src/main/java/jadx/core/deobf/PackageNode.java
266	jadx.core.deobf.PackageNode	getInnerPackageByName(java.lang.String)	0	1	[false]	true	public	true	file:///private/tmp/projects/jadx/jadx-core/src/main/java/jadx/core/deobf/PackageNode.java
267	jadx.core.deobf.PackageNode	getParentPackages()	0	0	[]	false	private	true	file:///private/tmp/projects/jadx/jadx-core/src/main/java/jadx/core/deobf/PackageNode.java
268	jadx.core.deobf.PackageNode	toString()	83	0	[]	false	public	true	file:///private/tmp/projects/jadx/jadx-core/src/main/java/jadx/core/deobf/PackageNode.java
269	jadx.core.dex.nodes.RootNode	RootNode(jadx.api.JadxArgs)	0	1	[false]	false	public	false	file:///private/tmp/projects/jadx/jadx-core/src/main/java/jadx/core/dex/nodes/RootNode.java
270	jadx.core.dex.nodes.RootNode	loadClasses(java.util.List<jadx.api.plugins.input.data.ILoadResult>)	0	1	[false]	false	public	false	file:///private/tmp/projects/jadx/jadx-core/src/main/java/jadx/core/dex/nodes/RootNode.java
271	jadx.core.dex.nodes.RootNode	addDummyClass(jadx.api.plugins.input.data.IClassData,java.lang.Exception)	0	2	[false, false]	false	private	false	file:///private/tmp/projects/jadx/jadx-core/src/main/java/jadx/core/dex/nodes/RootNode.java
272	jadx.core.dex.nodes.RootNode	markDuplicatedClasses(java.util.List<jadx.core.dex.nodes.ClassNode>)	0	1	[false]	false	private	false	file:///private/tmp/projects/jadx/jadx-core/src/main/java/jadx/core/dex/nodes/RootNode.java
273	jadx.core.dex.nodes.RootNode	addClassNode(jadx.core.dex.nodes.ClassNode)	0	1	[false]	false	public	false	file:///private/tmp/projects/jadx/jadx-core/src/main/java/jadx/core/dex/nodes/RootNode.java
274	jadx.core.dex.nodes.RootNode	loadResources(java.util.List<jadx.api.ResourceFile>)	0	1	[false]	false	public	false	file:///private/tmp/projects/jadx/jadx-core/src/main/java/jadx/core/dex/nodes/RootNode.java
275	jadx.core.dex.nodes.RootNode	getResourceFile(java.util.List<jadx.api.ResourceFile>)	0	1	[false]	true	private	true	file:///private/tmp/projects/jadx/jadx-core/src/main/java/jadx/core/dex/nodes/RootNode.java
276	jadx.core.dex.nodes.RootNode	processResources(jadx.core.xmlgen.ResourceStorage)	0	1	[false]	false	public	false	file:///private/tmp/projects/jadx/jadx-core/src/main/java/jadx/core/dex/nodes/RootNode.java
277	jadx.core.dex.nodes.RootNode	initClassPath()	0	0	[]	false	public	false	file:///private/tmp/projects/jadx/jadx-core/src/main/java/jadx/core/dex/nodes/RootNode.java
278	jadx.core.dex.nodes.RootNode	updateObfuscatedFiles(jadx.core.xmlgen.IResParser,java.util.List<jadx.api.ResourceFile>)	0	2	[false, false]	false	private	false	file:///private/tmp/projects/jadx/jadx-core/src/main/java/jadx/core/dex/nodes/RootNode.java
279	jadx.core.dex.nodes.RootNode	initInnerClasses()	0	0	[]	false	private	false	file:///private/tmp/projects/jadx/jadx-core/src/main/java/jadx/core/dex/nodes/RootNode.java
280	jadx.core.dex.nodes.RootNode	runPreDecompileStage()	0	0	[]	false	public	false	file:///private/tmp/projects/jadx/jadx-core/src/main/java/jadx/core/dex/nodes/RootNode.java
281	jadx.core.dex.nodes.RootNode	runPreDecompileStageForClass(jadx.core.dex.nodes.ClassNode)	0	1	[false]	false	public	false	file:///private/tmp/projects/jadx/jadx-core/src/main/java/jadx/core/dex/nodes/RootNode.java
282	jadx.core.dex.nodes.RootNode	getClasses()	0	0	[]	false	public	true	file:///private/tmp/projects/jadx/jadx-core/src/main/java/jadx/core/dex/nodes/RootNode.java
283	jadx.core.dex.nodes.RootNode	getClassesWithoutInner()	0	0	[]	false	public	true	file:///private/tmp/projects/jadx/jadx-core/src/main/java/jadx/core/dex/nodes/RootNode.java
284	jadx.core.dex.nodes.RootNode	getClasses(boolean)	0	1	[false]	false	public	true	file:///private/tmp/projects/jadx/jadx-core/src/main/java/jadx/core/dex/nodes/RootNode.java
285	jadx.core.dex.nodes.RootNode	resolveClass(@org.jetbrains.annotations.Nullable jadx.core.dex.info.ClassInfo)	0	1	[true]	true	public	true	file:///private/tmp/projects/jadx/jadx-core/src/main/java/jadx/core/dex/nodes/RootNode.java
286	jadx.core.dex.nodes.RootNode	resolveClass(@org.jetbrains.annotations.Nullable jadx.core.dex.instructions.args.ArgType)	0	1	[true]	true	public	true	file:///private/tmp/projects/jadx/jadx-core/src/main/java/jadx/core/dex/nodes/RootNode.java
287	jadx.core.dex.nodes.RootNode	resolveClass(java.lang.String)	0	1	[false]	true	public	true	file:///private/tmp/projects/jadx/jadx-core/src/main/java/jadx/core/dex/nodes/RootNode.java
288	jadx.core.dex.nodes.RootNode	searchClassByFullAlias(java.lang.String)	0	1	[false]	true	public	true	file:///private/tmp/projects/jadx/jadx-core/src/main/java/jadx/core/dex/nodes/RootNode.java
289	jadx.core.dex.nodes.RootNode	buildFullAliasClassCache()	0	0	[]	false	public	true	file:///private/tmp/projects/jadx/jadx-core/src/main/java/jadx/core/dex/nodes/RootNode.java
290	jadx.core.dex.nodes.RootNode	searchClassByShortName(java.lang.String)	0	1	[false]	false	public	true	file:///private/tmp/projects/jadx/jadx-core/src/main/java/jadx/core/dex/nodes/RootNode.java
291	jadx.core.dex.nodes.RootNode	resolveMethod(@org.jetbrains.annotations.NotNull jadx.core.dex.info.MethodInfo)	0	1	[false]	true	public	true	file:///private/tmp/projects/jadx/jadx-core/src/main/java/jadx/core/dex/nodes/RootNode.java
292	jadx.core.dex.nodes.RootNode	deepResolveMethod(@org.jetbrains.annotations.NotNull jadx.core.dex.nodes.ClassNode,java.lang.String)	0	2	[false, false]	true	private	true	file:///private/tmp/projects/jadx/jadx-core/src/main/java/jadx/core/dex/nodes/RootNode.java
293	jadx.core.dex.nodes.RootNode	resolveField(jadx.core.dex.info.FieldInfo)	0	1	[false]	true	public	true	file:///private/tmp/projects/jadx/jadx-core/src/main/java/jadx/core/dex/nodes/RootNode.java
294	jadx.core.dex.nodes.RootNode	deepResolveField(@org.jetbrains.annotations.NotNull jadx.core.dex.nodes.ClassNode,jadx.core.dex.info.FieldInfo)	0	2	[false, false]	true	private	true	file:///private/tmp/projects/jadx/jadx-core/src/main/java/jadx/core/dex/nodes/RootNode.java
295	jadx.core.dex.nodes.RootNode	getProcessClasses()	0	0	[]	false	public	true	file:///private/tmp/projects/jadx/jadx-core/src/main/java/jadx/core/dex/nodes/RootNode.java
296	jadx.core.dex.nodes.RootNode	getPasses()	0	0	[]	false	public	true	file:///private/tmp/projects/jadx/jadx-core/src/main/java/jadx/core/dex/nodes/RootNode.java
297	jadx.core.dex.nodes.RootNode	initPasses()	0	0	[]	false	public	false	file:///private/tmp/projects/jadx/jadx-core/src/main/java/jadx/core/dex/nodes/RootNode.java
298	jadx.core.dex.nodes.RootNode	makeCodeWriter()	0	0	[]	false	public	true	file:///private/tmp/projects/jadx/jadx-core/src/main/java/jadx/core/dex/nodes/RootNode.java
299	jadx.core.dex.nodes.RootNode	registerCodeDataUpdateListener(jadx.core.dex.nodes.ICodeDataUpdateListener)	0	1	[false]	false	public	false	file:///private/tmp/projects/jadx/jadx-core/src/main/java/jadx/core/dex/nodes/RootNode.java
300	jadx.core.dex.nodes.RootNode	notifyCodeDataListeners()	0	0	[]	false	public	false	file:///private/tmp/projects/jadx/jadx-core/src/main/java/jadx/core/dex/nodes/RootNode.java
301	jadx.core.dex.nodes.RootNode	getClsp()	0	0	[]	false	public	true	file:///private/tmp/projects/jadx/jadx-core/src/main/java/jadx/core/dex/nodes/RootNode.java
302	jadx.core.dex.nodes.RootNode	getErrorsCounter()	0	0	[]	false	public	true	file:///private/tmp/projects/jadx/jadx-core/src/main/java/jadx/core/dex/nodes/RootNode.java
303	jadx.core.dex.nodes.RootNode	getAppPackage()	0	0	[]	true	public	true	file:///private/tmp/projects/jadx/jadx-core/src/main/java/jadx/core/dex/nodes/RootNode.java
304	jadx.core.dex.nodes.RootNode	getAppResClass()	0	0	[]	true	public	true	file:///private/tmp/projects/jadx/jadx-core/src/main/java/jadx/core/dex/nodes/RootNode.java
305	jadx.core.dex.nodes.RootNode	getStringUtils()	0	0	[]	false	public	true	file:///private/tmp/projects/jadx/jadx-core/src/main/java/jadx/core/dex/nodes/RootNode.java
306	jadx.core.dex.nodes.RootNode	getConstValues()	0	0	[]	false	public	true	file:///private/tmp/projects/jadx/jadx-core/src/main/java/jadx/core/dex/nodes/RootNode.java
307	jadx.core.dex.nodes.RootNode	getInfoStorage()	0	0	[]	false	public	true	file:///private/tmp/projects/jadx/jadx-core/src/main/java/jadx/core/dex/nodes/RootNode.java
308	jadx.core.dex.nodes.RootNode	getCacheStorage()	0	0	[]	false	public	true	file:///private/tmp/projects/jadx/jadx-core/src/main/java/jadx/core/dex/nodes/RootNode.java
309	jadx.core.dex.nodes.RootNode	getArgs()	0	0	[]	false	public	true	file:///private/tmp/projects/jadx/jadx-core/src/main/java/jadx/core/dex/nodes/RootNode.java
310	jadx.core.dex.nodes.RootNode	getTypeUpdate()	0	0	[]	false	public	true	file:///private/tmp/projects/jadx/jadx-core/src/main/java/jadx/core/dex/nodes/RootNode.java
311	jadx.core.dex.nodes.RootNode	getTypeCompare()	0	0	[]	false	public	true	file:///private/tmp/projects/jadx/jadx-core/src/main/java/jadx/core/dex/nodes/RootNode.java
312	jadx.core.dex.nodes.RootNode	getCodeCache()	0	0	[]	false	public	true	file:///private/tmp/projects/jadx/jadx-core/src/main/java/jadx/core/dex/nodes/RootNode.java
313	jadx.core.dex.nodes.RootNode	getMethodUtils()	0	0	[]	false	public	true	file:///private/tmp/projects/jadx/jadx-core/src/main/java/jadx/core/dex/nodes/RootNode.java
314	jadx.core.dex.nodes.RootNode	getTypeUtils()	0	0	[]	false	public	true	file:///private/tmp/projects/jadx/jadx-core/src/main/java/jadx/core/dex/nodes/RootNode.java
315	jadx.core.dex.nodes.RootNode	isProto()	0	0	[]	false	public	false	file:///private/tmp/projects/jadx/jadx-core/src/main/java/jadx/core/dex/nodes/RootNode.java
316	jadx.core.dex.info.ClassInfo	ClassInfo(jadx.core.dex.nodes.RootNode,jadx.core.dex.instructions.args.ArgType,boolean)	0	3	[false, false, false]	false	private	false	file:///private/tmp/projects/jadx/jadx-core/src/main/java/jadx/core/dex/info/ClassInfo.java
317	jadx.core.dex.info.ClassInfo	fromType(jadx.core.dex.nodes.RootNode,jadx.core.dex.instructions.args.ArgType)	0	2	[false, false]	false	public	true	file:///private/tmp/projects/jadx/jadx-core/src/main/java/jadx/core/dex/info/ClassInfo.java
318	jadx.core.dex.info.ClassInfo	fromName(jadx.core.dex.nodes.RootNode,java.lang.String)	0	2	[false, false]	false	public	true	file:///private/tmp/projects/jadx/jadx-core/src/main/java/jadx/core/dex/info/ClassInfo.java
319	jadx.core.dex.info.ClassInfo	checkClassType(jadx.core.dex.instructions.args.ArgType)	0	1	[false]	false	private	true	file:///private/tmp/projects/jadx/jadx-core/src/main/java/jadx/core/dex/info/ClassInfo.java
320	jadx.core.dex.info.ClassInfo	changeShortName(java.lang.String)	0	1	[false]	false	public	false	file:///private/tmp/projects/jadx/jadx-core/src/main/java/jadx/core/dex/info/ClassInfo.java
321	jadx.core.dex.info.ClassInfo	changePkg(java.lang.String)	0	1	[false]	false	public	false	file:///private/tmp/projects/jadx/jadx-core/src/main/java/jadx/core/dex/info/ClassInfo.java
322	jadx.core.dex.info.ClassInfo	fillAliasFullName(jadx.core.dex.info.ClassAliasInfo)	0	1	[false]	false	private	false	file:///private/tmp/projects/jadx/jadx-core/src/main/java/jadx/core/dex/info/ClassInfo.java
323	jadx.core.dex.info.ClassInfo	getAliasPkg()	0	0	[]	true	public	true	file:///private/tmp/projects/jadx/jadx-core/src/main/java/jadx/core/dex/info/ClassInfo.java
324	jadx.core.dex.info.ClassInfo	getAliasShortName()	0	0	[]	false	public	true	file:///private/tmp/projects/jadx/jadx-core/src/main/java/jadx/core/dex/info/ClassInfo.java
325	jadx.core.dex.info.ClassInfo	getAliasFullName()	0	0	[]	false	public	true	file:///private/tmp/projects/jadx/jadx-core/src/main/java/jadx/core/dex/info/ClassInfo.java
326	jadx.core.dex.info.ClassInfo	hasAlias()	0	0	[]	false	public	false	file:///private/tmp/projects/jadx/jadx-core/src/main/java/jadx/core/dex/info/ClassInfo.java
327	jadx.core.dex.info.ClassInfo	hasAliasPkg()	0	0	[]	false	public	false	file:///private/tmp/projects/jadx/jadx-core/src/main/java/jadx/core/dex/info/ClassInfo.java
328	jadx.core.dex.info.ClassInfo	removeAlias()	0	0	[]	false	public	false	file:///private/tmp/projects/jadx/jadx-core/src/main/java/jadx/core/dex/info/ClassInfo.java
329	jadx.core.dex.info.ClassInfo	splitAndApplyNames(jadx.core.dex.nodes.RootNode,jadx.core.dex.instructions.args.ArgType,boolean)	0	3	[false, false, false]	false	private	false	file:///private/tmp/projects/jadx/jadx-core/src/main/java/jadx/core/dex/info/ClassInfo.java
330	jadx.core.dex.info.ClassInfo	makeFullClsName(@org.jetbrains.annotations.Nullable java.lang.String,java.lang.String,@org.jetbrains.annotations.Nullable jadx.core.dex.info.ClassInfo,boolean,boolean)	0	5	[true, false, true, false, false]	false	private	true	file:///private/tmp/projects/jadx/jadx-core/src/main/java/jadx/core/dex/info/ClassInfo.java
331	jadx.core.dex.info.ClassInfo	makeFullName()	0	0	[]	false	private	true	file:///private/tmp/projects/jadx/jadx-core/src/main/java/jadx/core/dex/info/ClassInfo.java
332	jadx.core.dex.info.ClassInfo	makeRawFullName()	0	0	[]	false	public	true	file:///private/tmp/projects/jadx/jadx-core/src/main/java/jadx/core/dex/info/ClassInfo.java
333	jadx.core.dex.info.ClassInfo	makeAliasFullName()	0	0	[]	false	public	true	file:///private/tmp/projects/jadx/jadx-core/src/main/java/jadx/core/dex/info/ClassInfo.java
334	jadx.core.dex.info.ClassInfo	makeAliasRawFullName()	0	0	[]	false	public	true	file:///private/tmp/projects/jadx/jadx-core/src/main/java/jadx/core/dex/info/ClassInfo.java
335	jadx.core.dex.info.ClassInfo	getAliasFullPath()	0	0	[]	false	public	true	file:///private/tmp/projects/jadx/jadx-core/src/main/java/jadx/core/dex/info/ClassInfo.java
336	jadx.core.dex.info.ClassInfo	getFullName()	0	0	[]	false	public	true	file:///private/tmp/projects/jadx/jadx-core/src/main/java/jadx/core/dex/info/ClassInfo.java
337	jadx.core.dex.info.ClassInfo	getShortName()	0	0	[]	false	public	true	file:///private/tmp/projects/jadx/jadx-core/src/main/java/jadx/core/dex/info/ClassInfo.java
338	jadx.core.dex.info.ClassInfo	getPackage()	0	0	[]	false	public	true	file:///private/tmp/projects/jadx/jadx-core/src/main/java/jadx/core/dex/info/ClassInfo.java
339	jadx.core.dex.info.ClassInfo	isDefaultPackage()	0	0	[]	false	public	false	file:///private/tmp/projects/jadx/jadx-core/src/main/java/jadx/core/dex/info/ClassInfo.java
340	jadx.core.dex.info.ClassInfo	getRawName()	0	0	[]	false	public	true	file:///private/tmp/projects/jadx/jadx-core/src/main/java/jadx/core/dex/info/ClassInfo.java
341	jadx.core.dex.info.ClassInfo	getAliasNameWithoutPackage()	0	0	[]	false	public	true	file:///private/tmp/projects/jadx/jadx-core/src/main/java/jadx/core/dex/info/ClassInfo.java
342	jadx.core.dex.info.ClassInfo	getParentClass()	0	0	[]	true	public	true	file:///private/tmp/projects/jadx/jadx-core/src/main/java/jadx/core/dex/info/ClassInfo.java
343	jadx.core.dex.info.ClassInfo	getTopParentClass()	0	0	[]	true	public	true	file:///private/tmp/projects/jadx/jadx-core/src/main/java/jadx/core/dex/info/ClassInfo.java
344	jadx.core.dex.info.ClassInfo	isInner()	0	0	[]	false	public	false	file:///private/tmp/projects/jadx/jadx-core/src/main/java/jadx/core/dex/info/ClassInfo.java
345	jadx.core.dex.info.ClassInfo	notInner(jadx.core.dex.nodes.RootNode)	0	1	[false]	false	public	false	file:///private/tmp/projects/jadx/jadx-core/src/main/java/jadx/core/dex/info/ClassInfo.java
346	jadx.core.dex.info.ClassInfo	convertToInner(jadx.core.dex.nodes.ClassNode)	0	1	[false]	false	public	false	file:///private/tmp/projects/jadx/jadx-core/src/main/java/jadx/core/dex/info/ClassInfo.java
347	jadx.core.dex.info.ClassInfo	updateNames(jadx.core.dex.nodes.RootNode)	0	1	[false]	false	public	false	file:///private/tmp/projects/jadx/jadx-core/src/main/java/jadx/core/dex/info/ClassInfo.java
348	jadx.core.dex.info.ClassInfo	getType()	0	0	[]	false	public	true	file:///private/tmp/projects/jadx/jadx-core/src/main/java/jadx/core/dex/info/ClassInfo.java
349	jadx.core.dex.info.ClassInfo	toString()	83	0	[]	false	public	true	file:///private/tmp/projects/jadx/jadx-core/src/main/java/jadx/core/dex/info/ClassInfo.java
350	jadx.core.dex.info.ClassInfo	hashCode()	186	0	[]	false	public	false	file:///private/tmp/projects/jadx/jadx-core/src/main/java/jadx/core/dex/info/ClassInfo.java
351	jadx.core.dex.info.ClassInfo	equals(@org.jetbrains.annotations.Nullable java.lang.Object)	188	1	[true]	false	public	false	file:///private/tmp/projects/jadx/jadx-core/src/main/java/jadx/core/dex/info/ClassInfo.java
352	jadx.core.dex.info.ClassInfo	compareTo(@org.jetbrains.annotations.NotNull jadx.core.dex.info.ClassInfo)	190	1	[false]	false	public	false	file:///private/tmp/projects/jadx/jadx-core/src/main/java/jadx/core/dex/info/ClassInfo.java
353	jadx.core.dex.instructions.args.ArgType	primitive(jadx.core.dex.instructions.args.PrimitiveType)	0	1	[false]	false	private	true	file:///private/tmp/projects/jadx/jadx-core/src/main/java/jadx/core/dex/instructions/args/ArgType.java
354	jadx.core.dex.instructions.args.ArgType	objectNoCache(java.lang.String)	0	1	[false]	false	private	true	file:///private/tmp/projects/jadx/jadx-core/src/main/java/jadx/core/dex/instructions/args/ArgType.java
355	jadx.core.dex.instructions.args.ArgType	object(java.lang.String)	0	1	[false]	false	public	true	file:///private/tmp/projects/jadx/jadx-core/src/main/java/jadx/core/dex/instructions/args/ArgType.java
356	jadx.core.dex.instructions.args.ArgType	genericType(java.lang.String)	0	1	[false]	false	public	true	file:///private/tmp/projects/jadx/jadx-core/src/main/java/jadx/core/dex/instructions/args/ArgType.java
357	jadx.core.dex.instructions.args.ArgType	genericType(java.lang.String,jadx.core.dex.instructions.args.ArgType)	0	2	[false, false]	false	public	true	file:///private/tmp/projects/jadx/jadx-core/src/main/java/jadx/core/dex/instructions/args/ArgType.java
358	jadx.core.dex.instructions.args.ArgType	genericType(java.lang.String,java.util.List<jadx.core.dex.instructions.args.ArgType>)	0	2	[false, false]	false	public	true	file:///private/tmp/projects/jadx/jadx-core/src/main/java/jadx/core/dex/instructions/args/ArgType.java
359	jadx.core.dex.instructions.args.ArgType	wildcard()	0	0	[]	false	public	true	file:///private/tmp/projects/jadx/jadx-core/src/main/java/jadx/core/dex/instructions/args/ArgType.java
360	jadx.core.dex.instructions.args.ArgType	wildcard(jadx.core.dex.instructions.args.ArgType,jadx.core.dex.instructions.args.ArgType.WildcardBound)	0	2	[false, false]	false	public	true	file:///private/tmp/projects/jadx/jadx-core/src/main/java/jadx/core/dex/instructions/args/ArgType.java
361	jadx.core.dex.instructions.args.ArgType	generic(jadx.core.dex.instructions.args.ArgType,java.util.List<jadx.core.dex.instructions.args.ArgType>)	0	2	[false, false]	false	public	true	file:///private/tmp/projects/jadx/jadx-core/src/main/java/jadx/core/dex/instructions/args/ArgType.java
362	jadx.core.dex.instructions.args.ArgType	generic(jadx.core.dex.instructions.args.ArgType,jadx.core.dex.instructions.args.ArgType...)	0	2	[false, false]	false	public	true	file:///private/tmp/projects/jadx/jadx-core/src/main/java/jadx/core/dex/instructions/args/ArgType.java
363	jadx.core.dex.instructions.args.ArgType	generic(java.lang.String,java.util.List<jadx.core.dex.instructions.args.ArgType>)	0	2	[false, false]	false	public	true	file:///private/tmp/projects/jadx/jadx-core/src/main/java/jadx/core/dex/instructions/args/ArgType.java
364	jadx.core.dex.instructions.args.ArgType	generic(java.lang.String,jadx.core.dex.instructions.args.ArgType)	0	2	[false, false]	false	public	true	file:///private/tmp/projects/jadx/jadx-core/src/main/java/jadx/core/dex/instructions/args/ArgType.java
365	jadx.core.dex.instructions.args.ArgType	generic(java.lang.String,jadx.core.dex.instructions.args.ArgType...)	0	2	[false, false]	false	public	true	file:///private/tmp/projects/jadx/jadx-core/src/main/java/jadx/core/dex/instructions/args/ArgType.java
366	jadx.core.dex.instructions.args.ArgType	outerGeneric(jadx.core.dex.instructions.args.ArgType,@org.jetbrains.annotations.Nullable jadx.core.dex.instructions.args.ArgType)	0	2	[false, true]	false	public	true	file:///private/tmp/projects/jadx/jadx-core/src/main/java/jadx/core/dex/instructions/args/ArgType.java
367	jadx.core.dex.instructions.args.ArgType	array(@org.jetbrains.annotations.NotNull jadx.core.dex.instructions.args.ArgType)	0	1	[false]	false	public	true	file:///private/tmp/projects/jadx/jadx-core/src/main/java/jadx/core/dex/instructions/args/ArgType.java
368	jadx.core.dex.instructions.args.ArgType	array(@org.jetbrains.annotations.NotNull jadx.core.dex.instructions.args.ArgType,int)	0	2	[false, false]	false	public	true	file:///private/tmp/projects/jadx/jadx-core/src/main/java/jadx/core/dex/instructions/args/ArgType.java
369	jadx.core.dex.instructions.args.ArgType	unknown(jadx.core.dex.instructions.args.PrimitiveType...)	0	1	[false]	false	public	true	file:///private/tmp/projects/jadx/jadx-core/src/main/java/jadx/core/dex/instructions/args/ArgType.java
370	jadx.core.dex.instructions.args.ArgType$KnownType	isTypeKnown()	371	0	[]	false	public	false	file:///private/tmp/projects/jadx/jadx-core/src/main/java/jadx/core/dex/instructions/args/ArgType.java
372	jadx.core.dex.instructions.args.ArgType$KnownType	contains(jadx.core.dex.instructions.args.PrimitiveType)	373	1	[false]	false	public	false	file:///private/tmp/projects/jadx/jadx-core/src/main/java/jadx/core/dex/instructions/args/ArgType.java
374	jadx.core.dex.instructions.args.ArgType$KnownType	selectFirst()	375	0	[]	true	public	true	file:///private/tmp/projects/jadx/jadx-core/src/main/java/jadx/core/dex/instructions/args/ArgType.java
376	jadx.core.dex.instructions.args.ArgType$KnownType	getPossibleTypes()	377	0	[]	false	public	true	file:///private/tmp/projects/jadx/jadx-core/src/main/java/jadx/core/dex/instructions/args/ArgType.java
378	jadx.core.dex.instructions.args.ArgType$PrimitiveArg	PrimitiveArg(jadx.core.dex.instructions.args.PrimitiveType)	0	1	[false]	false	public	false	file:///private/tmp/projects/jadx/jadx-core/src/main/java/jadx/core/dex/instructions/args/ArgType.java
379	jadx.core.dex.instructions.args.ArgType$PrimitiveArg	getPrimitiveType()	380	0	[]	false	public	true	file:///private/tmp/projects/jadx/jadx-core/src/main/java/jadx/core/dex/instructions/args/ArgType.java
381	jadx.core.dex.instructions.args.ArgType$PrimitiveArg	isPrimitive()	382	0	[]	false	public	false	file:///private/tmp/projects/jadx/jadx-core/src/main/java/jadx/core/dex/instructions/args/ArgType.java
383	jadx.core.dex.instructions.args.ArgType$PrimitiveArg	internalEquals(java.lang.Object)	384	1	[false]	false	package	false	file:///private/tmp/projects/jadx/jadx-core/src/main/java/jadx/core/dex/instructions/args/ArgType.java
385	jadx.core.dex.instructions.args.ArgType$PrimitiveArg	toString()	386	0	[]	false	public	true	file:///private/tmp/projects/jadx/jadx-core/src/main/java/jadx/core/dex/instructions/args/ArgType.java
387	jadx.core.dex.instructions.args.ArgType$ObjectType	ObjectType(java.lang.String)	0	1	[false]	false	public	false	file:///private/tmp/projects/jadx/jadx-core/src/main/java/jadx/core/dex/instructions/args/ArgType.java
388	jadx.core.dex.instructions.args.ArgType$ObjectType	getObject()	389	0	[]	false	public	true	file:///private/tmp/projects/jadx/jadx-core/src/main/java/jadx/core/dex/instructions/args/ArgType.java
390	jadx.core.dex.instructions.args.ArgType$ObjectType	isObject()	391	0	[]	false	public	false	file:///private/tmp/projects/jadx/jadx-core/src/main/java/jadx/core/dex/instructions/args/ArgType.java
392	jadx.core.dex.instructions.args.ArgType$ObjectType	getPrimitiveType()	380	0	[]	false	public	true	file:///private/tmp/projects/jadx/jadx-core/src/main/java/jadx/core/dex/instructions/args/ArgType.java
393	jadx.core.dex.instructions.args.ArgType$ObjectType	internalEquals(java.lang.Object)	384	1	[false]	false	package	false	file:///private/tmp/projects/jadx/jadx-core/src/main/java/jadx/core/dex/instructions/args/ArgType.java
394	jadx.core.dex.instructions.args.ArgType$ObjectType	toString()	386	0	[]	false	public	true	file:///private/tmp/projects/jadx/jadx-core/src/main/java/jadx/core/dex/instructions/args/ArgType.java
395	jadx.core.dex.instructions.args.ArgType$GenericType	GenericType(java.lang.String)	0	1	[false]	false	public	false	file:///private/tmp/projects/jadx/jadx-core/src/main/java/jadx/core/dex/instructions/args/ArgType.java
396	jadx.core.dex.instructions.args.ArgType$GenericType	GenericType(java.lang.String,jadx.core.dex.instructions.args.ArgType)	0	2	[false, false]	false	public	false	file:///private/tmp/projects/jadx/jadx-core/src/main/java/jadx/core/dex/instructions/args/ArgType.java
397	jadx.core.dex.instructions.args.ArgType$GenericType	GenericType(java.lang.String,java.util.List<jadx.core.dex.instructions.args.ArgType>)	0	2	[false, false]	false	public	false	file:///private/tmp/projects/jadx/jadx-core/src/main/java/jadx/core/dex/instructions/args/ArgType.java
398	jadx.core.dex.instructions.args.ArgType$GenericType	isGenericType()	399	0	[]	false	public	false	file:///private/tmp/projects/jadx/jadx-core/src/main/java/jadx/core/dex/instructions/args/ArgType.java
400	jadx.core.dex.instructions.args.ArgType$GenericType	getExtendTypes()	401	0	[]	false	public	true	file:///private/tmp/projects/jadx/jadx-core/src/main/java/jadx/core/dex/instructions/args/ArgType.java
402	jadx.core.dex.instructions.args.ArgType$GenericType	setExtendTypes(java.util.List<jadx.core.dex.instructions.args.ArgType>)	403	1	[false]	false	public	false	file:///private/tmp/projects/jadx/jadx-core/src/main/java/jadx/core/dex/instructions/args/ArgType.java
404	jadx.core.dex.instructions.args.ArgType$GenericType	internalEquals(java.lang.Object)	393	1	[false]	false	package	false	file:///private/tmp/projects/jadx/jadx-core/src/main/java/jadx/core/dex/instructions/args/ArgType.java
405	jadx.core.dex.instructions.args.ArgType$GenericType	toString()	394	0	[]	false	public	true	file:///private/tmp/projects/jadx/jadx-core/src/main/java/jadx/core/dex/instructions/args/ArgType.java
406	jadx.core.dex.instructions.args.ArgType$WildcardBound	WildcardBound(int,java.lang.String)	0	2	[false, false]	false	private	false	file:///private/tmp/projects/jadx/jadx-core/src/main/java/jadx/core/dex/instructions/args/ArgType.java
407	jadx.core.dex.instructions.args.ArgType$WildcardBound	getNum()	0	0	[]	false	public	false	file:///private/tmp/projects/jadx/jadx-core/src/main/java/jadx/core/dex/instructions/args/ArgType.java
408	jadx.core.dex.instructions.args.ArgType$WildcardBound	getStr()	0	0	[]	false	public	true	file:///private/tmp/projects/jadx/jadx-core/src/main/java/jadx/core/dex/instructions/args/ArgType.java
409	jadx.core.dex.instructions.args.ArgType$WildcardBound	getByNum(int)	0	1	[false]	false	public	true	file:///private/tmp/projects/jadx/jadx-core/src/main/java/jadx/core/dex/instructions/args/ArgType.java
410	jadx.core.dex.instructions.args.ArgType$WildcardType	WildcardType(jadx.core.dex.instructions.args.ArgType,jadx.core.dex.instructions.args.ArgType.WildcardBound)	0	2	[false, false]	false	public	false	file:///private/tmp/projects/jadx/jadx-core/src/main/java/jadx/core/dex/instructions/args/ArgType.java
411	jadx.core.dex.instructions.args.ArgType$WildcardType	isWildcard()	412	0	[]	false	public	false	file:///private/tmp/projects/jadx/jadx-core/src/main/java/jadx/core/dex/instructions/args/ArgType.java
413	jadx.core.dex.instructions.args.ArgType$WildcardType	isGeneric()	414	0	[]	false	public	false	file:///private/tmp/projects/jadx/jadx-core/src/main/java/jadx/core/dex/instructions/args/ArgType.java
415	jadx.core.dex.instructions.args.ArgType$WildcardType	getWildcardType()	416	0	[]	false	public	true	file:///private/tmp/projects/jadx/jadx-core/src/main/java/jadx/core/dex/instructions/args/ArgType.java
417	jadx.core.dex.instructions.args.ArgType$WildcardType	getWildcardBound()	418	0	[]	false	public	true	file:///private/tmp/projects/jadx/jadx-core/src/main/java/jadx/core/dex/instructions/args/ArgType.java
419	jadx.core.dex.instructions.args.ArgType$WildcardType	internalEquals(java.lang.Object)	393	1	[false]	false	package	false	file:///private/tmp/projects/jadx/jadx-core/src/main/java/jadx/core/dex/instructions/args/ArgType.java
420	jadx.core.dex.instructions.args.ArgType$WildcardType	toString()	394	0	[]	false	public	true	file:///private/tmp/projects/jadx/jadx-core/src/main/java/jadx/core/dex/instructions/args/ArgType.java
421	jadx.core.dex.instructions.args.ArgType$GenericObject	GenericObject(java.lang.String,java.util.List<jadx.core.dex.instructions.args.ArgType>)	0	2	[false, false]	false	public	false	file:///private/tmp/projects/jadx/jadx-core/src/main/java/jadx/core/dex/instructions/args/ArgType.java
422	jadx.core.dex.instructions.args.ArgType$GenericObject	calcHash()	0	0	[]	false	private	false	file:///private/tmp/projects/jadx/jadx-core/src/main/java/jadx/core/dex/instructions/args/ArgType.java
423	jadx.core.dex.instructions.args.ArgType$GenericObject	isGeneric()	414	0	[]	false	public	false	file:///private/tmp/projects/jadx/jadx-core/src/main/java/jadx/core/dex/instructions/args/ArgType.java
424	jadx.core.dex.instructions.args.ArgType$GenericObject	getGenericTypes()	425	0	[]	false	public	true	file:///private/tmp/projects/jadx/jadx-core/src/main/java/jadx/core/dex/instructions/args/ArgType.java
426	jadx.core.dex.instructions.args.ArgType$GenericObject	internalEquals(java.lang.Object)	393	1	[false]	false	package	false	file:///private/tmp/projects/jadx/jadx-core/src/main/java/jadx/core/dex/instructions/args/ArgType.java
427	jadx.core.dex.instructions.args.ArgType$GenericObject	toString()	394	0	[]	false	public	true	file:///private/tmp/projects/jadx/jadx-core/src/main/java/jadx/core/dex/instructions/args/ArgType.java
428	jadx.core.dex.instructions.args.ArgType$OuterGenericObject	OuterGenericObject(jadx.core.dex.instructions.args.ArgType.ObjectType,@org.jetbrains.annotations.Nullable jadx.core.dex.instructions.args.ArgType.ObjectType)	0	2	[false, true]	false	public	false	file:///private/tmp/projects/jadx/jadx-core/src/main/java/jadx/core/dex/instructions/args/ArgType.java
429	jadx.core.dex.instructions.args.ArgType$OuterGenericObject	calcHash()	0	0	[]	false	private	false	file:///private/tmp/projects/jadx/jadx-core/src/main/java/jadx/core/dex/instructions/args/ArgType.java
430	jadx.core.dex.instructions.args.ArgType$OuterGenericObject	isGeneric()	414	0	[]	false	public	false	file:///private/tmp/projects/jadx/jadx-core/src/main/java/jadx/core/dex/instructions/args/ArgType.java
431	jadx.core.dex.instructions.args.ArgType$OuterGenericObject	getGenericTypes()	425	0	[]	false	public	true	file:///private/tmp/projects/jadx/jadx-core/src/main/java/jadx/core/dex/instructions/args/ArgType.java
432	jadx.core.dex.instructions.args.ArgType$OuterGenericObject	getOuterType()	433	0	[]	false	public	true	file:///private/tmp/projects/jadx/jadx-core/src/main/java/jadx/core/dex/instructions/args/ArgType.java
434	jadx.core.dex.instructions.args.ArgType$OuterGenericObject	getInnerType()	435	0	[]	false	public	true	file:///private/tmp/projects/jadx/jadx-core/src/main/java/jadx/core/dex/instructions/args/ArgType.java
436	jadx.core.dex.instructions.args.ArgType$OuterGenericObject	internalEquals(java.lang.Object)	393	1	[false]	false	package	false	file:///private/tmp/projects/jadx/jadx-core/src/main/java/jadx/core/dex/instructions/args/ArgType.java
437	jadx.core.dex.instructions.args.ArgType$OuterGenericObject	toString()	394	0	[]	false	public	true	file:///private/tmp/projects/jadx/jadx-core/src/main/java/jadx/core/dex/instructions/args/ArgType.java
438	jadx.core.dex.instructions.args.ArgType$ArrayArg	ArrayArg(jadx.core.dex.instructions.args.ArgType)	0	1	[false]	false	public	false	file:///private/tmp/projects/jadx/jadx-core/src/main/java/jadx/core/dex/instructions/args/ArgType.java
439	jadx.core.dex.instructions.args.ArgType$ArrayArg	getArrayElement()	440	0	[]	false	public	true	file:///private/tmp/projects/jadx/jadx-core/src/main/java/jadx/core/dex/instructions/args/ArgType.java
441	jadx.core.dex.instructions.args.ArgType$ArrayArg	isArray()	442	0	[]	false	public	false	file:///private/tmp/projects/jadx/jadx-core/src/main/java/jadx/core/dex/instructions/args/ArgType.java
443	jadx.core.dex.instructions.args.ArgType$ArrayArg	getPrimitiveType()	380	0	[]	false	public	true	file:///private/tmp/projects/jadx/jadx-core/src/main/java/jadx/core/dex/instructions/args/ArgType.java
444	jadx.core.dex.instructions.args.ArgType$ArrayArg	isTypeKnown()	370	0	[]	false	public	false	file:///private/tmp/projects/jadx/jadx-core/src/main/java/jadx/core/dex/instructions/args/ArgType.java
445	jadx.core.dex.instructions.args.ArgType$ArrayArg	selectFirst()	374	0	[]	false	public	true	file:///private/tmp/projects/jadx/jadx-core/src/main/java/jadx/core/dex/instructions/args/ArgType.java
446	jadx.core.dex.instructions.args.ArgType$ArrayArg	getPossibleTypes()	376	0	[]	false	public	true	file:///private/tmp/projects/jadx/jadx-core/src/main/java/jadx/core/dex/instructions/args/ArgType.java
447	jadx.core.dex.instructions.args.ArgType$ArrayArg	getArrayDimension()	448	0	[]	false	public	false	file:///private/tmp/projects/jadx/jadx-core/src/main/java/jadx/core/dex/instructions/args/ArgType.java
449	jadx.core.dex.instructions.args.ArgType$ArrayArg	getArrayRootElement()	450	0	[]	false	public	true	file:///private/tmp/projects/jadx/jadx-core/src/main/java/jadx/core/dex/instructions/args/ArgType.java
451	jadx.core.dex.instructions.args.ArgType$ArrayArg	internalEquals(java.lang.Object)	384	1	[false]	false	package	false	file:///private/tmp/projects/jadx/jadx-core/src/main/java/jadx/core/dex/instructions/args/ArgType.java
452	jadx.core.dex.instructions.args.ArgType$ArrayArg	toString()	386	0	[]	false	public	true	file:///private/tmp/projects/jadx/jadx-core/src/main/java/jadx/core/dex/instructions/args/ArgType.java
453	jadx.core.dex.instructions.args.ArgType$UnknownArg	UnknownArg(jadx.core.dex.instructions.args.PrimitiveType[])	0	1	[false]	false	public	false	file:///private/tmp/projects/jadx/jadx-core/src/main/java/jadx/core/dex/instructions/args/ArgType.java
454	jadx.core.dex.instructions.args.ArgType$UnknownArg	getPossibleTypes()	377	0	[]	false	public	true	file:///private/tmp/projects/jadx/jadx-core/src/main/java/jadx/core/dex/instructions/args/ArgType.java
455	jadx.core.dex.instructions.args.ArgType$UnknownArg	isTypeKnown()	371	0	[]	false	public	false	file:///private/tmp/projects/jadx/jadx-core/src/main/java/jadx/core/dex/instructions/args/ArgType.java
456	jadx.core.dex.instructions.args.ArgType$UnknownArg	contains(jadx.core.dex.instructions.args.PrimitiveType)	373	1	[false]	false	public	false	file:///private/tmp/projects/jadx/jadx-core/src/main/java/jadx/core/dex/instructions/args/ArgType.java
457	jadx.core.dex.instructions.args.ArgType$UnknownArg	selectFirst()	375	0	[]	false	public	true	file:///private/tmp/projects/jadx/jadx-core/src/main/java/jadx/core/dex/instructions/args/ArgType.java
458	jadx.core.dex.instructions.args.ArgType$UnknownArg	internalEquals(java.lang.Object)	384	1	[false]	false	package	false	file:///private/tmp/projects/jadx/jadx-core/src/main/java/jadx/core/dex/instructions/args/ArgType.java
459	jadx.core.dex.instructions.args.ArgType$UnknownArg	toString()	386	0	[]	false	public	true	file:///private/tmp/projects/jadx/jadx-core/src/main/java/jadx/core/dex/instructions/args/ArgType.java
371	jadx.core.dex.instructions.args.ArgType	isTypeKnown()	0	0	[]	false	public	false	file:///private/tmp/projects/jadx/jadx-core/src/main/java/jadx/core/dex/instructions/args/ArgType.java
380	jadx.core.dex.instructions.args.ArgType	getPrimitiveType()	0	0	[]	false	public	true	file:///private/tmp/projects/jadx/jadx-core/src/main/java/jadx/core/dex/instructions/args/ArgType.java
382	jadx.core.dex.instructions.args.ArgType	isPrimitive()	0	0	[]	false	public	false	file:///private/tmp/projects/jadx/jadx-core/src/main/java/jadx/core/dex/instructions/args/ArgType.java
389	jadx.core.dex.instructions.args.ArgType	getObject()	0	0	[]	false	public	true	file:///private/tmp/projects/jadx/jadx-core/src/main/java/jadx/core/dex/instructions/args/ArgType.java
391	jadx.core.dex.instructions.args.ArgType	isObject()	0	0	[]	false	public	false	file:///private/tmp/projects/jadx/jadx-core/src/main/java/jadx/core/dex/instructions/args/ArgType.java
414	jadx.core.dex.instructions.args.ArgType	isGeneric()	0	0	[]	false	public	false	file:///private/tmp/projects/jadx/jadx-core/src/main/java/jadx/core/dex/instructions/args/ArgType.java
399	jadx.core.dex.instructions.args.ArgType	isGenericType()	0	0	[]	false	public	false	file:///private/tmp/projects/jadx/jadx-core/src/main/java/jadx/core/dex/instructions/args/ArgType.java
425	jadx.core.dex.instructions.args.ArgType	getGenericTypes()	0	0	[]	false	public	true	file:///private/tmp/projects/jadx/jadx-core/src/main/java/jadx/core/dex/instructions/args/ArgType.java
401	jadx.core.dex.instructions.args.ArgType	getExtendTypes()	0	0	[]	false	public	true	file:///private/tmp/projects/jadx/jadx-core/src/main/java/jadx/core/dex/instructions/args/ArgType.java
403	jadx.core.dex.instructions.args.ArgType	setExtendTypes(java.util.List<jadx.core.dex.instructions.args.ArgType>)	0	1	[false]	false	public	false	file:///private/tmp/projects/jadx/jadx-core/src/main/java/jadx/core/dex/instructions/args/ArgType.java
416	jadx.core.dex.instructions.args.ArgType	getWildcardType()	0	0	[]	false	public	true	file:///private/tmp/projects/jadx/jadx-core/src/main/java/jadx/core/dex/instructions/args/ArgType.java
418	jadx.core.dex.instructions.args.ArgType	getWildcardBound()	0	0	[]	false	public	true	file:///private/tmp/projects/jadx/jadx-core/src/main/java/jadx/core/dex/instructions/args/ArgType.java
412	jadx.core.dex.instructions.args.ArgType	isWildcard()	0	0	[]	false	public	false	file:///private/tmp/projects/jadx/jadx-core/src/main/java/jadx/core/dex/instructions/args/ArgType.java
433	jadx.core.dex.instructions.args.ArgType	getOuterType()	0	0	[]	true	public	true	file:///private/tmp/projects/jadx/jadx-core/src/main/java/jadx/core/dex/instructions/args/ArgType.java
435	jadx.core.dex.instructions.args.ArgType	getInnerType()	0	0	[]	true	public	true	file:///private/tmp/projects/jadx/jadx-core/src/main/java/jadx/core/dex/instructions/args/ArgType.java
442	jadx.core.dex.instructions.args.ArgType	isArray()	0	0	[]	false	public	false	file:///private/tmp/projects/jadx/jadx-core/src/main/java/jadx/core/dex/instructions/args/ArgType.java
448	jadx.core.dex.instructions.args.ArgType	getArrayDimension()	0	0	[]	false	public	false	file:///private/tmp/projects/jadx/jadx-core/src/main/java/jadx/core/dex/instructions/args/ArgType.java
440	jadx.core.dex.instructions.args.ArgType	getArrayElement()	0	0	[]	false	public	true	file:///private/tmp/projects/jadx/jadx-core/src/main/java/jadx/core/dex/instructions/args/ArgType.java
450	jadx.core.dex.instructions.args.ArgType	getArrayRootElement()	0	0	[]	false	public	true	file:///private/tmp/projects/jadx/jadx-core/src/main/java/jadx/core/dex/instructions/args/ArgType.java
373	jadx.core.dex.instructions.args.ArgType	contains(jadx.core.dex.instructions.args.PrimitiveType)	0	1	[false]	false	public	false	file:///private/tmp/projects/jadx/jadx-core/src/main/java/jadx/core/dex/instructions/args/ArgType.java
375	jadx.core.dex.instructions.args.ArgType	selectFirst()	0	0	[]	true	public	true	file:///private/tmp/projects/jadx/jadx-core/src/main/java/jadx/core/dex/instructions/args/ArgType.java
377	jadx.core.dex.instructions.args.ArgType	getPossibleTypes()	0	0	[]	false	public	true	file:///private/tmp/projects/jadx/jadx-core/src/main/java/jadx/core/dex/instructions/args/ArgType.java
460	jadx.core.dex.instructions.args.ArgType	isCastNeeded(jadx.core.dex.nodes.RootNode,jadx.core.dex.instructions.args.ArgType,jadx.core.dex.instructions.args.ArgType)	0	3	[false, false, false]	false	public	false	file:///private/tmp/projects/jadx/jadx-core/src/main/java/jadx/core/dex/instructions/args/ArgType.java
461	jadx.core.dex.instructions.args.ArgType	isInstanceOf(jadx.core.dex.nodes.RootNode,jadx.core.dex.instructions.args.ArgType,jadx.core.dex.instructions.args.ArgType)	0	3	[false, false, false]	false	public	false	file:///private/tmp/projects/jadx/jadx-core/src/main/java/jadx/core/dex/instructions/args/ArgType.java
462	jadx.core.dex.instructions.args.ArgType	isClsKnown(jadx.core.dex.nodes.RootNode,jadx.core.dex.instructions.args.ArgType)	0	2	[false, false]	false	public	false	file:///private/tmp/projects/jadx/jadx-core/src/main/java/jadx/core/dex/instructions/args/ArgType.java
463	jadx.core.dex.instructions.args.ArgType	canBeObject()	0	0	[]	false	public	false	file:///private/tmp/projects/jadx/jadx-core/src/main/java/jadx/core/dex/instructions/args/ArgType.java
464	jadx.core.dex.instructions.args.ArgType	canBeArray()	0	0	[]	false	public	false	file:///private/tmp/projects/jadx/jadx-core/src/main/java/jadx/core/dex/instructions/args/ArgType.java
465	jadx.core.dex.instructions.args.ArgType	canBePrimitive(jadx.core.dex.instructions.args.PrimitiveType)	0	1	[false]	false	public	false	file:///private/tmp/projects/jadx/jadx-core/src/main/java/jadx/core/dex/instructions/args/ArgType.java
466	jadx.core.dex.instructions.args.ArgType	canBeAnyNumber()	0	0	[]	false	public	false	file:///private/tmp/projects/jadx/jadx-core/src/main/java/jadx/core/dex/instructions/args/ArgType.java
467	jadx.core.dex.instructions.args.ArgType	convertFromPrimitiveType(jadx.core.dex.instructions.args.PrimitiveType)	0	1	[false]	false	public	true	file:///private/tmp/projects/jadx/jadx-core/src/main/java/jadx/core/dex/instructions/args/ArgType.java
468	jadx.core.dex.instructions.args.ArgType	parse(java.lang.String)	0	1	[false]	false	public	true	file:///private/tmp/projects/jadx/jadx-core/src/main/java/jadx/core/dex/instructions/args/ArgType.java
469	jadx.core.dex.instructions.args.ArgType	parse(char)	0	1	[false]	false	public	true	file:///private/tmp/projects/jadx/jadx-core/src/main/java/jadx/core/dex/instructions/args/ArgType.java
470	jadx.core.dex.instructions.args.ArgType	getRegCount()	0	0	[]	false	public	false	file:///private/tmp/projects/jadx/jadx-core/src/main/java/jadx/core/dex/instructions/args/ArgType.java
471	jadx.core.dex.instructions.args.ArgType	containsGeneric()	0	0	[]	false	public	false	file:///private/tmp/projects/jadx/jadx-core/src/main/java/jadx/core/dex/instructions/args/ArgType.java
472	jadx.core.dex.instructions.args.ArgType	containsTypeVariable()	0	0	[]	false	public	false	file:///private/tmp/projects/jadx/jadx-core/src/main/java/jadx/core/dex/instructions/args/ArgType.java
473	jadx.core.dex.instructions.args.ArgType	isVoid()	0	0	[]	false	public	false	file:///private/tmp/projects/jadx/jadx-core/src/main/java/jadx/core/dex/instructions/args/ArgType.java
474	jadx.core.dex.instructions.args.ArgType	<R>visitTypes(java.util.function.Function<jadx.core.dex.instructions.args.ArgType,R>)	0	1	[false]	true	public	true	file:///private/tmp/projects/jadx/jadx-core/src/main/java/jadx/core/dex/instructions/args/ArgType.java
475	jadx.core.dex.instructions.args.ArgType	tryToResolveClassAlias(jadx.core.dex.nodes.RootNode,jadx.core.dex.instructions.args.ArgType)	0	2	[false, false]	false	public	true	file:///private/tmp/projects/jadx/jadx-core/src/main/java/jadx/core/dex/instructions/args/ArgType.java
476	jadx.core.dex.instructions.args.ArgType	tryToResolveClassAlias(jadx.core.dex.nodes.RootNode,java.util.List<jadx.core.dex.instructions.args.ArgType>)	0	2	[false, false]	false	public	true	file:///private/tmp/projects/jadx/jadx-core/src/main/java/jadx/core/dex/instructions/args/ArgType.java
386	jadx.core.dex.instructions.args.ArgType	toString()	83	0	[]	false	public	true	file:///private/tmp/projects/jadx/jadx-core/src/main/java/jadx/core/dex/instructions/args/ArgType.java
477	jadx.core.dex.instructions.args.ArgType	hashCode()	186	0	[]	false	public	false	file:///private/tmp/projects/jadx/jadx-core/src/main/java/jadx/core/dex/instructions/args/ArgType.java
384	jadx.core.dex.instructions.args.ArgType	internalEquals(java.lang.Object)	0	1	[false]	false	package	false	file:///private/tmp/projects/jadx/jadx-core/src/main/java/jadx/core/dex/instructions/args/ArgType.java
478	jadx.core.dex.instructions.args.ArgType	equals(@org.jetbrains.annotations.Nullable java.lang.Object)	188	1	[true]	false	public	false	file:///private/tmp/projects/jadx/jadx-core/src/main/java/jadx/core/dex/instructions/args/ArgType.java
479	jadx.core.utils.Utils	Utils()	0	0	[]	false	private	false	file:///private/tmp/projects/jadx/jadx-core/src/main/java/jadx/core/utils/Utils.java
480	jadx.core.utils.Utils	cleanObjectName(java.lang.String)	0	1	[false]	false	public	true	file:///private/tmp/projects/jadx/jadx-core/src/main/java/jadx/core/utils/Utils.java
481	jadx.core.utils.Utils	makeQualifiedObjectName(java.lang.String)	0	1	[false]	false	public	true	file:///private/tmp/projects/jadx/jadx-core/src/main/java/jadx/core/utils/Utils.java
482	jadx.core.utils.Utils	strRepeat(java.lang.String,int)	0	2	[false, false]	false	public	true	file:///private/tmp/projects/jadx/jadx-core/src/main/java/jadx/core/utils/Utils.java
483	jadx.core.utils.Utils	listToString(java.lang.Iterable<?>)	0	1	[false]	false	public	true	file:///private/tmp/projects/jadx/jadx-core/src/main/java/jadx/core/utils/Utils.java
484	jadx.core.utils.Utils	listToString(java.lang.Iterable<?>,java.lang.String)	0	2	[false, false]	false	public	true	file:///private/tmp/projects/jadx/jadx-core/src/main/java/jadx/core/utils/Utils.java
485	jadx.core.utils.Utils	<T>listToString(java.lang.Iterable<T>,java.util.function.Function<T,java.lang.String>)	0	2	[false, false]	false	public	true	file:///private/tmp/projects/jadx/jadx-core/src/main/java/jadx/core/utils/Utils.java
486	jadx.core.utils.Utils	<T>listToString(java.lang.Iterable<T>,java.lang.String,java.util.function.Function<T,java.lang.String>)	0	3	[false, false, false]	false	public	true	file:///private/tmp/projects/jadx/jadx-core/src/main/java/jadx/core/utils/Utils.java
487	jadx.core.utils.Utils	<T>listToString(java.lang.StringBuilder,java.lang.Iterable<T>,java.lang.String)	0	3	[false, false, false]	false	public	false	file:///private/tmp/projects/jadx/jadx-core/src/main/java/jadx/core/utils/Utils.java
488	jadx.core.utils.Utils	<T>listToString(java.lang.StringBuilder,java.lang.Iterable<T>,java.lang.String,java.util.function.Function<T,java.lang.String>)	0	4	[false, false, false, false]	false	public	false	file:///private/tmp/projects/jadx/jadx-core/src/main/java/jadx/core/utils/Utils.java
489	jadx.core.utils.Utils	<T>arrayToStr(T[])	0	1	[false]	false	public	true	file:///private/tmp/projects/jadx/jadx-core/src/main/java/jadx/core/utils/Utils.java
490	jadx.core.utils.Utils	concatStrings(java.util.List<java.lang.String>)	0	1	[false]	false	public	true	file:///private/tmp/projects/jadx/jadx-core/src/main/java/jadx/core/utils/Utils.java
491	jadx.core.utils.Utils	getStackTrace(java.lang.Throwable)	0	1	[false]	false	public	true	file:///private/tmp/projects/jadx/jadx-core/src/main/java/jadx/core/utils/Utils.java
492	jadx.core.utils.Utils	appendStackTrace(jadx.api.ICodeWriter,java.lang.Throwable)	0	2	[false, false]	false	public	false	file:///private/tmp/projects/jadx/jadx-core/src/main/java/jadx/core/utils/Utils.java
493	jadx.core.utils.Utils$1	write(int)	494	1	[false]	false	public	false	file:///private/tmp/projects/jadx/jadx-core/src/main/java/jadx/core/utils/Utils.java
495	jadx.core.utils.Utils	filterRecursive(java.lang.Throwable)	0	1	[false]	false	private	false	file:///private/tmp/projects/jadx/jadx-core/src/main/java/jadx/core/utils/Utils.java
496	jadx.core.utils.Utils	filter(java.lang.Throwable)	0	1	[false]	false	private	false	file:///private/tmp/projects/jadx/jadx-core/src/main/java/jadx/core/utils/Utils.java
497	jadx.core.utils.Utils	<T,R>collectionMap(java.util.Collection<T>,java.util.function.Function<T,R>)	0	2	[false, false]	false	public	true	file:///private/tmp/projects/jadx/jadx-core/src/main/java/jadx/core/utils/Utils.java
498	jadx.core.utils.Utils	<T,R>collectionMapNoNull(java.util.Collection<T>,java.util.function.Function<T,R>)	0	2	[false, false]	false	public	true	file:///private/tmp/projects/jadx/jadx-core/src/main/java/jadx/core/utils/Utils.java
499	jadx.core.utils.Utils	<T>containsInListByRef(java.util.List<T>,T)	0	2	[false, false]	false	public	false	file:///private/tmp/projects/jadx/jadx-core/src/main/java/jadx/core/utils/Utils.java
500	jadx.core.utils.Utils	<T>indexInListByRef(java.util.List<T>,T)	0	2	[false, false]	false	public	false	file:///private/tmp/projects/jadx/jadx-core/src/main/java/jadx/core/utils/Utils.java
501	jadx.core.utils.Utils	<T>lockList(java.util.List<T>)	0	1	[false]	false	public	true	file:///private/tmp/projects/jadx/jadx-core/src/main/java/jadx/core/utils/Utils.java
502	jadx.core.utils.Utils	<T>listTail(java.util.List<T>,int)	0	2	[false, false]	false	public	true	file:///private/tmp/projects/jadx/jadx-core/src/main/java/jadx/core/utils/Utils.java
503	jadx.core.utils.Utils	<T>mergeLists(java.util.List<T>,java.util.List<T>)	0	2	[false, false]	false	public	true	file:///private/tmp/projects/jadx/jadx-core/src/main/java/jadx/core/utils/Utils.java
504	jadx.core.utils.Utils	<T>mergeSets(java.util.Set<T>,java.util.Set<T>)	0	2	[false, false]	false	public	true	file:///private/tmp/projects/jadx/jadx-core/src/main/java/jadx/core/utils/Utils.java
505	jadx.core.utils.Utils	newConstStringMap(java.lang.String...)	0	1	[false]	false	public	true	file:///private/tmp/projects/jadx/jadx-core/src/main/java/jadx/core/utils/Utils.java
506	jadx.core.utils.Utils	<K,V>mergeMaps(java.util.Map<K,V>,java.util.Map<K,V>)	0	2	[false, false]	false	public	true	file:///private/tmp/projects/jadx/jadx-core/src/main/java/jadx/core/utils/Utils.java
507	jadx.core.utils.Utils	<K,V>groupBy(java.util.List<V>,java.util.function.Function<V,K>)	0	2	[false, false]	false	public	true	file:///private/tmp/projects/jadx/jadx-core/src/main/java/jadx/core/utils/Utils.java
508	jadx.core.utils.Utils	<T>getOne(@org.jetbrains.annotations.Nullable java.util.List<T>)	0	1	[true]	true	public	true	file:///private/tmp/projects/jadx/jadx-core/src/main/java/jadx/core/utils/Utils.java
509	jadx.core.utils.Utils	<T>getOne(@org.jetbrains.annotations.Nullable java.util.Collection<T>)	0	1	[true]	true	public	true	file:///private/tmp/projects/jadx/jadx-core/src/main/java/jadx/core/utils/Utils.java
510	jadx.core.utils.Utils	<T>first(java.util.List<T>)	0	1	[false]	true	public	true	file:///private/tmp/projects/jadx/jadx-core/src/main/java/jadx/core/utils/Utils.java
511	jadx.core.utils.Utils	<T>first(java.lang.Iterable<T>)	0	1	[false]	true	public	true	file:///private/tmp/projects/jadx/jadx-core/src/main/java/jadx/core/utils/Utils.java
512	jadx.core.utils.Utils	<T>last(java.util.List<T>)	0	1	[false]	true	public	true	file:///private/tmp/projects/jadx/jadx-core/src/main/java/jadx/core/utils/Utils.java
513	jadx.core.utils.Utils	<T>last(java.lang.Iterable<T>)	0	1	[false]	true	public	true	file:///private/tmp/projects/jadx/jadx-core/src/main/java/jadx/core/utils/Utils.java
514	jadx.core.utils.Utils	<T>getOrElse(T,T)	0	2	[true, false]	false	public	true	file:///private/tmp/projects/jadx/jadx-core/src/main/java/jadx/core/utils/Utils.java
515	jadx.core.utils.Utils	<T>isEmpty(java.util.Collection<T>)	0	1	[false]	false	public	false	file:///private/tmp/projects/jadx/jadx-core/src/main/java/jadx/core/utils/Utils.java
516	jadx.core.utils.Utils	<T>notEmpty(java.util.Collection<T>)	0	1	[false]	false	public	false	file:///private/tmp/projects/jadx/jadx-core/src/main/java/jadx/core/utils/Utils.java
517	jadx.core.utils.Utils	<K,V>isEmpty(java.util.Map<K,V>)	0	1	[false]	false	public	false	file:///private/tmp/projects/jadx/jadx-core/src/main/java/jadx/core/utils/Utils.java
518	jadx.core.utils.Utils	<T>isEmpty(T[])	0	1	[false]	false	public	false	file:///private/tmp/projects/jadx/jadx-core/src/main/java/jadx/core/utils/Utils.java
519	jadx.core.utils.Utils	<T>notEmpty(T[])	0	1	[false]	false	public	false	file:///private/tmp/projects/jadx/jadx-core/src/main/java/jadx/core/utils/Utils.java
520	jadx.core.utils.Utils	checkThreadInterrupt()	0	0	[]	false	public	false	file:///private/tmp/projects/jadx/jadx-core/src/main/java/jadx/core/utils/Utils.java
521	jadx.core.dex.nodes.MethodNode	build(jadx.core.dex.nodes.ClassNode,jadx.api.plugins.input.data.IMethodData)	0	2	[false, false]	false	public	true	file:///private/tmp/projects/jadx/jadx-core/src/main/java/jadx/core/dex/nodes/MethodNode.java
522	jadx.core.dex.nodes.MethodNode	MethodNode(jadx.core.dex.nodes.ClassNode,jadx.api.plugins.input.data.IMethodData)	0	2	[false, false]	false	private	false	file:///private/tmp/projects/jadx/jadx-core/src/main/java/jadx/core/dex/nodes/MethodNode.java
523	jadx.core.dex.nodes.MethodNode	unload()	111	0	[]	false	public	false	file:///private/tmp/projects/jadx/jadx-core/src/main/java/jadx/core/dex/nodes/MethodNode.java
524	jadx.core.dex.nodes.MethodNode	updateTypes(java.util.List<jadx.core.dex.instructions.args.ArgType>,jadx.core.dex.instructions.args.ArgType)	0	2	[false, false]	false	public	false	file:///private/tmp/projects/jadx/jadx-core/src/main/java/jadx/core/dex/nodes/MethodNode.java
525	jadx.core.dex.nodes.MethodNode	updateTypeParameters(java.util.List<jadx.core.dex.instructions.args.ArgType>)	0	1	[false]	false	public	false	file:///private/tmp/projects/jadx/jadx-core/src/main/java/jadx/core/dex/nodes/MethodNode.java
526	jadx.core.dex.nodes.MethodNode	load()	109	0	[]	false	public	false	file:///private/tmp/projects/jadx/jadx-core/src/main/java/jadx/core/dex/nodes/MethodNode.java
527	jadx.core.dex.nodes.MethodNode	reload()	0	0	[]	false	public	false	file:///private/tmp/projects/jadx/jadx-core/src/main/java/jadx/core/dex/nodes/MethodNode.java
528	jadx.core.dex.nodes.MethodNode	initArguments(java.util.List<jadx.core.dex.instructions.args.ArgType>)	0	1	[false]	false	private	false	file:///private/tmp/projects/jadx/jadx-core/src/main/java/jadx/core/dex/nodes/MethodNode.java
529	jadx.core.dex.nodes.MethodNode	getArgsStartPos(java.util.List<jadx.core.dex.instructions.args.ArgType>)	0	1	[false]	false	private	false	file:///private/tmp/projects/jadx/jadx-core/src/main/java/jadx/core/dex/nodes/MethodNode.java
530	jadx.core.dex.nodes.MethodNode	getArgTypes()	531	0	[]	false	public	true	file:///private/tmp/projects/jadx/jadx-core/src/main/java/jadx/core/dex/nodes/MethodNode.java
532	jadx.core.dex.nodes.MethodNode	updateArgTypes(java.util.List<jadx.core.dex.instructions.args.ArgType>,java.lang.String)	0	2	[false, false]	false	public	false	file:///private/tmp/projects/jadx/jadx-core/src/main/java/jadx/core/dex/nodes/MethodNode.java
533	jadx.core.dex.nodes.MethodNode	containsGenericArgs()	0	0	[]	false	public	false	file:///private/tmp/projects/jadx/jadx-core/src/main/java/jadx/core/dex/nodes/MethodNode.java
534	jadx.core.dex.nodes.MethodNode	getReturnType()	535	0	[]	false	public	true	file:///private/tmp/projects/jadx/jadx-core/src/main/java/jadx/core/dex/nodes/MethodNode.java
536	jadx.core.dex.nodes.MethodNode	updateReturnType(jadx.core.dex.instructions.args.ArgType)	0	1	[false]	false	public	false	file:///private/tmp/projects/jadx/jadx-core/src/main/java/jadx/core/dex/nodes/MethodNode.java
537	jadx.core.dex.nodes.MethodNode	isVoidReturn()	0	0	[]	false	public	false	file:///private/tmp/projects/jadx/jadx-core/src/main/java/jadx/core/dex/nodes/MethodNode.java
538	jadx.core.dex.nodes.MethodNode	getArgRegs()	0	0	[]	false	public	true	file:///private/tmp/projects/jadx/jadx-core/src/main/java/jadx/core/dex/nodes/MethodNode.java
539	jadx.core.dex.nodes.MethodNode	getAllArgRegs()	0	0	[]	false	public	true	file:///private/tmp/projects/jadx/jadx-core/src/main/java/jadx/core/dex/nodes/MethodNode.java
540	jadx.core.dex.nodes.MethodNode	getThisArg()	0	0	[]	true	public	true	file:///private/tmp/projects/jadx/jadx-core/src/main/java/jadx/core/dex/nodes/MethodNode.java
541	jadx.core.dex.nodes.MethodNode	skipFirstArgument()	0	0	[]	false	public	false	file:///private/tmp/projects/jadx/jadx-core/src/main/java/jadx/core/dex/nodes/MethodNode.java
542	jadx.core.dex.nodes.MethodNode	getTypeParameters()	543	0	[]	false	public	true	file:///private/tmp/projects/jadx/jadx-core/src/main/java/jadx/core/dex/nodes/MethodNode.java
544	jadx.core.dex.nodes.MethodNode	getName()	0	0	[]	false	public	true	file:///private/tmp/projects/jadx/jadx-core/src/main/java/jadx/core/dex/nodes/MethodNode.java
545	jadx.core.dex.nodes.MethodNode	getAlias()	0	0	[]	false	public	true	file:///private/tmp/projects/jadx/jadx-core/src/main/java/jadx/core/dex/nodes/MethodNode.java
546	jadx.core.dex.nodes.MethodNode	getParentClass()	0	0	[]	false	public	true	file:///private/tmp/projects/jadx/jadx-core/src/main/java/jadx/core/dex/nodes/MethodNode.java
547	jadx.core.dex.nodes.MethodNode	getTopParentClass()	0	0	[]	false	public	true	file:///private/tmp/projects/jadx/jadx-core/src/main/java/jadx/core/dex/nodes/MethodNode.java
548	jadx.core.dex.nodes.MethodNode	isNoCode()	0	0	[]	false	public	false	file:///private/tmp/projects/jadx/jadx-core/src/main/java/jadx/core/dex/nodes/MethodNode.java
549	jadx.core.dex.nodes.MethodNode	getInstructions()	0	0	[]	false	public	true	file:///private/tmp/projects/jadx/jadx-core/src/main/java/jadx/core/dex/nodes/MethodNode.java
550	jadx.core.dex.nodes.MethodNode	unloadInsnArr()	0	0	[]	false	public	false	file:///private/tmp/projects/jadx/jadx-core/src/main/java/jadx/core/dex/nodes/MethodNode.java
551	jadx.core.dex.nodes.MethodNode	initBasicBlocks()	0	0	[]	false	public	false	file:///private/tmp/projects/jadx/jadx-core/src/main/java/jadx/core/dex/nodes/MethodNode.java
552	jadx.core.dex.nodes.MethodNode	finishBasicBlocks()	0	0	[]	false	public	false	file:///private/tmp/projects/jadx/jadx-core/src/main/java/jadx/core/dex/nodes/MethodNode.java
553	jadx.core.dex.nodes.MethodNode	getBasicBlocks()	0	0	[]	false	public	true	file:///private/tmp/projects/jadx/jadx-core/src/main/java/jadx/core/dex/nodes/MethodNode.java
554	jadx.core.dex.nodes.MethodNode	setBasicBlocks(java.util.List<jadx.core.dex.nodes.BlockNode>)	0	1	[false]	false	public	false	file:///private/tmp/projects/jadx/jadx-core/src/main/java/jadx/core/dex/nodes/MethodNode.java
555	jadx.core.dex.nodes.MethodNode	getNextBlockCId()	0	0	[]	false	public	false	file:///private/tmp/projects/jadx/jadx-core/src/main/java/jadx/core/dex/nodes/MethodNode.java
556	jadx.core.dex.nodes.MethodNode	getEnterBlock()	0	0	[]	false	public	true	file:///private/tmp/projects/jadx/jadx-core/src/main/java/jadx/core/dex/nodes/MethodNode.java
557	jadx.core.dex.nodes.MethodNode	setEnterBlock(jadx.core.dex.nodes.BlockNode)	0	1	[false]	false	public	false	file:///private/tmp/projects/jadx/jadx-core/src/main/java/jadx/core/dex/nodes/MethodNode.java
558	jadx.core.dex.nodes.MethodNode	getExitBlock()	0	0	[]	false	public	true	file:///private/tmp/projects/jadx/jadx-core/src/main/java/jadx/core/dex/nodes/MethodNode.java
559	jadx.core.dex.nodes.MethodNode	setExitBlock(jadx.core.dex.nodes.BlockNode)	0	1	[false]	false	public	false	file:///private/tmp/projects/jadx/jadx-core/src/main/java/jadx/core/dex/nodes/MethodNode.java
560	jadx.core.dex.nodes.MethodNode	getPreExitBlocks()	0	0	[]	false	public	true	file:///private/tmp/projects/jadx/jadx-core/src/main/java/jadx/core/dex/nodes/MethodNode.java
561	jadx.core.dex.nodes.MethodNode	isPreExitBlocks(jadx.core.dex.nodes.BlockNode)	0	1	[false]	false	public	false	file:///private/tmp/projects/jadx/jadx-core/src/main/java/jadx/core/dex/nodes/MethodNode.java
562	jadx.core.dex.nodes.MethodNode	registerLoop(jadx.core.dex.attributes.nodes.LoopInfo)	0	1	[false]	false	public	false	file:///private/tmp/projects/jadx/jadx-core/src/main/java/jadx/core/dex/nodes/MethodNode.java
563	jadx.core.dex.nodes.MethodNode	getLoopForBlock(jadx.core.dex.nodes.BlockNode)	0	1	[false]	true	public	true	file:///private/tmp/projects/jadx/jadx-core/src/main/java/jadx/core/dex/nodes/MethodNode.java
564	jadx.core.dex.nodes.MethodNode	getAllLoopsForBlock(jadx.core.dex.nodes.BlockNode)	0	1	[false]	false	public	true	file:///private/tmp/projects/jadx/jadx-core/src/main/java/jadx/core/dex/nodes/MethodNode.java
565	jadx.core.dex.nodes.MethodNode	getLoopsCount()	0	0	[]	false	public	false	file:///private/tmp/projects/jadx/jadx-core/src/main/java/jadx/core/dex/nodes/MethodNode.java
566	jadx.core.dex.nodes.MethodNode	getLoops()	0	0	[]	false	public	true	file:///private/tmp/projects/jadx/jadx-core/src/main/java/jadx/core/dex/nodes/MethodNode.java
567	jadx.core.dex.nodes.MethodNode	addExceptionHandler(jadx.core.dex.trycatch.ExceptionHandler)	0	1	[false]	false	public	true	file:///private/tmp/projects/jadx/jadx-core/src/main/java/jadx/core/dex/nodes/MethodNode.java
568	jadx.core.dex.nodes.MethodNode	clearExceptionHandlers()	0	0	[]	false	public	false	file:///private/tmp/projects/jadx/jadx-core/src/main/java/jadx/core/dex/nodes/MethodNode.java
569	jadx.core.dex.nodes.MethodNode	getExceptionHandlers()	0	0	[]	false	public	true	file:///private/tmp/projects/jadx/jadx-core/src/main/java/jadx/core/dex/nodes/MethodNode.java
570	jadx.core.dex.nodes.MethodNode	isNoExceptionHandlers()	0	0	[]	false	public	false	file:///private/tmp/projects/jadx/jadx-core/src/main/java/jadx/core/dex/nodes/MethodNode.java
571	jadx.core.dex.nodes.MethodNode	getExceptionHandlersCount()	0	0	[]	false	public	false	file:///private/tmp/projects/jadx/jadx-core/src/main/java/jadx/core/dex/nodes/MethodNode.java
572	jadx.core.dex.nodes.MethodNode	getThrows()	573	0	[]	false	public	true	file:///private/tmp/projects/jadx/jadx-core/src/main/java/jadx/core/dex/nodes/MethodNode.java
574	jadx.core.dex.nodes.MethodNode	isArgsOverloaded()	0	0	[]	false	public	false	file:///private/tmp/projects/jadx/jadx-core/src/main/java/jadx/core/dex/nodes/MethodNode.java
575	jadx.core.dex.nodes.MethodNode	isConstructor()	0	0	[]	false	public	false	file:///private/tmp/projects/jadx/jadx-core/src/main/java/jadx/core/dex/nodes/MethodNode.java
576	jadx.core.dex.nodes.MethodNode	isDefaultConstructor()	0	0	[]	false	public	false	file:///private/tmp/projects/jadx/jadx-core/src/main/java/jadx/core/dex/nodes/MethodNode.java
577	jadx.core.dex.nodes.MethodNode	getRegsCount()	0	0	[]	false	public	false	file:///private/tmp/projects/jadx/jadx-core/src/main/java/jadx/core/dex/nodes/MethodNode.java
578	jadx.core.dex.nodes.MethodNode	getArgsStartReg()	0	0	[]	false	public	false	file:///private/tmp/projects/jadx/jadx-core/src/main/java/jadx/core/dex/nodes/MethodNode.java
579	jadx.core.dex.nodes.MethodNode	makeNewSVar(@org.jetbrains.annotations.NotNull jadx.core.dex.instructions.args.RegisterArg)	0	1	[false]	false	public	true	file:///private/tmp/projects/jadx/jadx-core/src/main/java/jadx/core/dex/nodes/MethodNode.java
580	jadx.core.dex.nodes.MethodNode	makeNewSVar(int,int,@org.jetbrains.annotations.NotNull jadx.core.dex.instructions.args.RegisterArg)	0	3	[false, false, false]	false	public	true	file:///private/tmp/projects/jadx/jadx-core/src/main/java/jadx/core/dex/nodes/MethodNode.java
581	jadx.core.dex.nodes.MethodNode	getNextSVarVersion(int)	0	1	[false]	false	private	false	file:///private/tmp/projects/jadx/jadx-core/src/main/java/jadx/core/dex/nodes/MethodNode.java
582	jadx.core.dex.nodes.MethodNode	removeSVar(jadx.core.dex.instructions.args.SSAVar)	0	1	[false]	false	public	false	file:///private/tmp/projects/jadx/jadx-core/src/main/java/jadx/core/dex/nodes/MethodNode.java
583	jadx.core.dex.nodes.MethodNode	getSVars()	0	0	[]	false	public	true	file:///private/tmp/projects/jadx/jadx-core/src/main/java/jadx/core/dex/nodes/MethodNode.java
584	jadx.core.dex.nodes.MethodNode	getRawAccessFlags()	585	0	[]	false	public	false	file:///private/tmp/projects/jadx/jadx-core/src/main/java/jadx/core/dex/nodes/MethodNode.java
586	jadx.core.dex.nodes.MethodNode	getAccessFlags()	149	0	[]	false	public	true	file:///private/tmp/projects/jadx/jadx-core/src/main/java/jadx/core/dex/nodes/MethodNode.java
587	jadx.core.dex.nodes.MethodNode	setAccessFlags(jadx.core.dex.info.AccessInfo)	151	1	[false]	false	public	false	file:///private/tmp/projects/jadx/jadx-core/src/main/java/jadx/core/dex/nodes/MethodNode.java
588	jadx.core.dex.nodes.MethodNode	getRegion()	0	0	[]	false	public	true	file:///private/tmp/projects/jadx/jadx-core/src/main/java/jadx/core/dex/nodes/MethodNode.java
589	jadx.core.dex.nodes.MethodNode	setRegion(jadx.core.dex.regions.Region)	0	1	[false]	false	public	false	file:///private/tmp/projects/jadx/jadx-core/src/main/java/jadx/core/dex/nodes/MethodNode.java
590	jadx.core.dex.nodes.MethodNode	root()	153	0	[]	false	public	true	file:///private/tmp/projects/jadx/jadx-core/src/main/java/jadx/core/dex/nodes/MethodNode.java
591	jadx.core.dex.nodes.MethodNode	typeName()	155	0	[]	false	public	true	file:///private/tmp/projects/jadx/jadx-core/src/main/java/jadx/core/dex/nodes/MethodNode.java
592	jadx.core.dex.nodes.MethodNode	getInputFileName()	182	0	[]	false	public	true	file:///private/tmp/projects/jadx/jadx-core/src/main/java/jadx/core/dex/nodes/MethodNode.java
593	jadx.core.dex.nodes.MethodNode	getMethodInfo()	594	0	[]	false	public	true	file:///private/tmp/projects/jadx/jadx-core/src/main/java/jadx/core/dex/nodes/MethodNode.java
595	jadx.core.dex.nodes.MethodNode	getMethodCodeOffset()	0	0	[]	false	public	false	file:///private/tmp/projects/jadx/jadx-core/src/main/java/jadx/core/dex/nodes/MethodNode.java
596	jadx.core.dex.nodes.MethodNode	getDebugInfo()	0	0	[]	true	public	true	file:///private/tmp/projects/jadx/jadx-core/src/main/java/jadx/core/dex/nodes/MethodNode.java
597	jadx.core.dex.nodes.MethodNode	ignoreMethod()	0	0	[]	false	public	false	file:///private/tmp/projects/jadx/jadx-core/src/main/java/jadx/core/dex/nodes/MethodNode.java
598	jadx.core.dex.nodes.MethodNode	countInsns()	0	0	[]	false	public	false	file:///private/tmp/projects/jadx/jadx-core/src/main/java/jadx/core/dex/nodes/MethodNode.java
599	jadx.core.dex.nodes.MethodNode	getInsnsCount()	0	0	[]	false	public	false	file:///private/tmp/projects/jadx/jadx-core/src/main/java/jadx/core/dex/nodes/MethodNode.java
600	jadx.core.dex.nodes.MethodNode	isVarArg()	601	0	[]	false	public	false	file:///private/tmp/projects/jadx/jadx-core/src/main/java/jadx/core/dex/nodes/MethodNode.java
602	jadx.core.dex.nodes.MethodNode	isLoaded()	0	0	[]	false	public	false	file:///private/tmp/projects/jadx/jadx-core/src/main/java/jadx/core/dex/nodes/MethodNode.java
603	jadx.core.dex.nodes.MethodNode	getCodeReader()	0	0	[]	false	public	true	file:///private/tmp/projects/jadx/jadx-core/src/main/java/jadx/core/dex/nodes/MethodNode.java
604	jadx.core.dex.nodes.MethodNode	getUseIn()	177	0	[]	false	public	true	file:///private/tmp/projects/jadx/jadx-core/src/main/java/jadx/core/dex/nodes/MethodNode.java
605	jadx.core.dex.nodes.MethodNode	setUseIn(java.util.List<jadx.core.dex.nodes.MethodNode>)	0	1	[false]	false	public	false	file:///private/tmp/projects/jadx/jadx-core/src/main/java/jadx/core/dex/nodes/MethodNode.java
606	jadx.core.dex.nodes.MethodNode	getAnnType()	184	0	[]	false	public	true	file:///private/tmp/projects/jadx/jadx-core/src/main/java/jadx/core/dex/nodes/MethodNode.java
607	jadx.core.dex.nodes.MethodNode	hashCode()	186	0	[]	false	public	false	file:///private/tmp/projects/jadx/jadx-core/src/main/java/jadx/core/dex/nodes/MethodNode.java
608	jadx.core.dex.nodes.MethodNode	equals(java.lang.Object)	188	1	[false]	false	public	false	file:///private/tmp/projects/jadx/jadx-core/src/main/java/jadx/core/dex/nodes/MethodNode.java
609	jadx.core.dex.nodes.MethodNode	compareTo(@org.jetbrains.annotations.NotNull jadx.core.dex.nodes.MethodNode)	190	1	[false]	false	public	false	file:///private/tmp/projects/jadx/jadx-core/src/main/java/jadx/core/dex/nodes/MethodNode.java
610	jadx.core.dex.nodes.MethodNode	toAttrString()	611	0	[]	false	public	true	file:///private/tmp/projects/jadx/jadx-core/src/main/java/jadx/core/dex/nodes/MethodNode.java
612	jadx.core.dex.nodes.MethodNode	toString()	83	0	[]	false	public	true	file:///private/tmp/projects/jadx/jadx-core/src/main/java/jadx/core/dex/nodes/MethodNode.java
594	jadx.core.dex.nodes.IMethodDetails	getMethodInfo()	0	0	[]	false	public	true	file:///private/tmp/projects/jadx/jadx-core/src/main/java/jadx/core/dex/nodes/IMethodDetails.java
535	jadx.core.dex.nodes.IMethodDetails	getReturnType()	0	0	[]	false	public	true	file:///private/tmp/projects/jadx/jadx-core/src/main/java/jadx/core/dex/nodes/IMethodDetails.java
531	jadx.core.dex.nodes.IMethodDetails	getArgTypes()	0	0	[]	false	public	true	file:///private/tmp/projects/jadx/jadx-core/src/main/java/jadx/core/dex/nodes/IMethodDetails.java
543	jadx.core.dex.nodes.IMethodDetails	getTypeParameters()	0	0	[]	false	public	true	file:///private/tmp/projects/jadx/jadx-core/src/main/java/jadx/core/dex/nodes/IMethodDetails.java
573	jadx.core.dex.nodes.IMethodDetails	getThrows()	0	0	[]	false	public	true	file:///private/tmp/projects/jadx/jadx-core/src/main/java/jadx/core/dex/nodes/IMethodDetails.java
601	jadx.core.dex.nodes.IMethodDetails	isVarArg()	0	0	[]	false	public	false	file:///private/tmp/projects/jadx/jadx-core/src/main/java/jadx/core/dex/nodes/IMethodDetails.java
585	jadx.core.dex.nodes.IMethodDetails	getRawAccessFlags()	0	0	[]	false	public	false	file:///private/tmp/projects/jadx/jadx-core/src/main/java/jadx/core/dex/nodes/IMethodDetails.java
613	jadx.core.dex.nodes.IMethodDetails	getAttrType()	614	0	[]	false	public	true	file:///private/tmp/projects/jadx/jadx-core/src/main/java/jadx/core/dex/nodes/IMethodDetails.java
611	jadx.core.dex.nodes.IMethodDetails	toAttrString()	615	0	[]	false	public	true	file:///private/tmp/projects/jadx/jadx-core/src/main/java/jadx/core/dex/nodes/IMethodDetails.java
616	jadx.core.dex.nodes.FieldNode	build(jadx.core.dex.nodes.ClassNode,jadx.api.plugins.input.data.IFieldData)	0	2	[false, false]	false	public	true	file:///private/tmp/projects/jadx/jadx-core/src/main/java/jadx/core/dex/nodes/FieldNode.java
617	jadx.core.dex.nodes.FieldNode	FieldNode(jadx.core.dex.nodes.ClassNode,jadx.core.dex.info.FieldInfo,int)	0	3	[false, false, false]	false	public	false	file:///private/tmp/projects/jadx/jadx-core/src/main/java/jadx/core/dex/nodes/FieldNode.java
618	jadx.core.dex.nodes.FieldNode	updateType(jadx.core.dex.instructions.args.ArgType)	0	1	[false]	false	public	false	file:///private/tmp/projects/jadx/jadx-core/src/main/java/jadx/core/dex/nodes/FieldNode.java
619	jadx.core.dex.nodes.FieldNode	getFieldInfo()	0	0	[]	false	public	true	file:///private/tmp/projects/jadx/jadx-core/src/main/java/jadx/core/dex/nodes/FieldNode.java
620	jadx.core.dex.nodes.FieldNode	getAccessFlags()	149	0	[]	false	public	true	file:///private/tmp/projects/jadx/jadx-core/src/main/java/jadx/core/dex/nodes/FieldNode.java
621	jadx.core.dex.nodes.FieldNode	setAccessFlags(jadx.core.dex.info.AccessInfo)	151	1	[false]	false	public	false	file:///private/tmp/projects/jadx/jadx-core/src/main/java/jadx/core/dex/nodes/FieldNode.java
622	jadx.core.dex.nodes.FieldNode	isStatic()	0	0	[]	false	public	false	file:///private/tmp/projects/jadx/jadx-core/src/main/java/jadx/core/dex/nodes/FieldNode.java
623	jadx.core.dex.nodes.FieldNode	isInstance()	0	0	[]	false	public	false	file:///private/tmp/projects/jadx/jadx-core/src/main/java/jadx/core/dex/nodes/FieldNode.java
624	jadx.core.dex.nodes.FieldNode	getName()	0	0	[]	false	public	true	file:///private/tmp/projects/jadx/jadx-core/src/main/java/jadx/core/dex/nodes/FieldNode.java
625	jadx.core.dex.nodes.FieldNode	getAlias()	0	0	[]	false	public	true	file:///private/tmp/projects/jadx/jadx-core/src/main/java/jadx/core/dex/nodes/FieldNode.java
626	jadx.core.dex.nodes.FieldNode	rename(java.lang.String)	0	1	[false]	false	public	false	file:///private/tmp/projects/jadx/jadx-core/src/main/java/jadx/core/dex/nodes/FieldNode.java
627	jadx.core.dex.nodes.FieldNode	getType()	0	0	[]	false	public	true	file:///private/tmp/projects/jadx/jadx-core/src/main/java/jadx/core/dex/nodes/FieldNode.java
628	jadx.core.dex.nodes.FieldNode	getParentClass()	0	0	[]	false	public	true	file:///private/tmp/projects/jadx/jadx-core/src/main/java/jadx/core/dex/nodes/FieldNode.java
629	jadx.core.dex.nodes.FieldNode	getTopParentClass()	0	0	[]	false	public	true	file:///private/tmp/projects/jadx/jadx-core/src/main/java/jadx/core/dex/nodes/FieldNode.java
630	jadx.core.dex.nodes.FieldNode	getUseIn()	177	0	[]	false	public	true	file:///private/tmp/projects/jadx/jadx-core/src/main/java/jadx/core/dex/nodes/FieldNode.java
631	jadx.core.dex.nodes.FieldNode	setUseIn(java.util.List<jadx.core.dex.nodes.MethodNode>)	0	1	[false]	false	public	false	file:///private/tmp/projects/jadx/jadx-core/src/main/java/jadx/core/dex/nodes/FieldNode.java
632	jadx.core.dex.nodes.FieldNode	addUseIn(jadx.core.dex.nodes.MethodNode)	0	1	[false]	false	public	false	file:///private/tmp/projects/jadx/jadx-core/src/main/java/jadx/core/dex/nodes/FieldNode.java
633	jadx.core.dex.nodes.FieldNode	typeName()	155	0	[]	false	public	true	file:///private/tmp/projects/jadx/jadx-core/src/main/java/jadx/core/dex/nodes/FieldNode.java
634	jadx.core.dex.nodes.FieldNode	getInputFileName()	182	0	[]	false	public	true	file:///private/tmp/projects/jadx/jadx-core/src/main/java/jadx/core/dex/nodes/FieldNode.java
635	jadx.core.dex.nodes.FieldNode	root()	153	0	[]	false	public	true	file:///private/tmp/projects/jadx/jadx-core/src/main/java/jadx/core/dex/nodes/FieldNode.java
636	jadx.core.dex.nodes.FieldNode	getAnnType()	184	0	[]	false	public	true	file:///private/tmp/projects/jadx/jadx-core/src/main/java/jadx/core/dex/nodes/FieldNode.java
637	jadx.core.dex.nodes.FieldNode	hashCode()	186	0	[]	false	public	false	file:///private/tmp/projects/jadx/jadx-core/src/main/java/jadx/core/dex/nodes/FieldNode.java
638	jadx.core.dex.nodes.FieldNode	equals(java.lang.Object)	188	1	[false]	false	public	false	file:///private/tmp/projects/jadx/jadx-core/src/main/java/jadx/core/dex/nodes/FieldNode.java
639	jadx.core.dex.nodes.FieldNode	toString()	83	0	[]	false	public	true	file:///private/tmp/projects/jadx/jadx-core/src/main/java/jadx/core/dex/nodes/FieldNode.java
640	jadx.core.dex.info.MethodInfo	MethodInfo(jadx.core.dex.info.ClassInfo,java.lang.String,java.util.List<jadx.core.dex.instructions.args.ArgType>,jadx.core.dex.instructions.args.ArgType)	0	4	[false, false, false, false]	false	private	false	file:///private/tmp/projects/jadx/jadx-core/src/main/java/jadx/core/dex/info/MethodInfo.java
641	jadx.core.dex.info.MethodInfo	fromRef(jadx.core.dex.nodes.RootNode,jadx.api.plugins.input.data.IMethodRef)	0	2	[false, false]	false	public	true	file:///private/tmp/projects/jadx/jadx-core/src/main/java/jadx/core/dex/info/MethodInfo.java
642	jadx.core.dex.info.MethodInfo	fromDetails(jadx.core.dex.nodes.RootNode,jadx.core.dex.info.ClassInfo,java.lang.String,java.util.List<jadx.core.dex.instructions.args.ArgType>,jadx.core.dex.instructions.args.ArgType)	0	5	[false, false, false, false, false]	false	public	true	file:///private/tmp/projects/jadx/jadx-core/src/main/java/jadx/core/dex/info/MethodInfo.java
643	jadx.core.dex.info.MethodInfo	fromMethodProto(jadx.core.dex.nodes.RootNode,jadx.core.dex.info.ClassInfo,java.lang.String,jadx.api.plugins.input.data.IMethodProto)	0	4	[false, false, false, false]	false	public	true	file:///private/tmp/projects/jadx/jadx-core/src/main/java/jadx/core/dex/info/MethodInfo.java
644	jadx.core.dex.info.MethodInfo	makeSignature(boolean)	0	1	[false]	false	public	true	file:///private/tmp/projects/jadx/jadx-core/src/main/java/jadx/core/dex/info/MethodInfo.java
645	jadx.core.dex.info.MethodInfo	makeSignature(boolean,boolean)	0	2	[false, false]	false	public	true	file:///private/tmp/projects/jadx/jadx-core/src/main/java/jadx/core/dex/info/MethodInfo.java
646	jadx.core.dex.info.MethodInfo	makeShortId(java.lang.String,java.util.List<jadx.core.dex.instructions.args.ArgType>,@org.jetbrains.annotations.Nullable jadx.core.dex.instructions.args.ArgType)	0	3	[false, false, true]	false	public	true	file:///private/tmp/projects/jadx/jadx-core/src/main/java/jadx/core/dex/info/MethodInfo.java
647	jadx.core.dex.info.MethodInfo	isOverloadedBy(jadx.core.dex.info.MethodInfo)	0	1	[false]	false	public	false	file:///private/tmp/projects/jadx/jadx-core/src/main/java/jadx/core/dex/info/MethodInfo.java
648	jadx.core.dex.info.MethodInfo	getName()	0	0	[]	false	public	true	file:///private/tmp/projects/jadx/jadx-core/src/main/java/jadx/core/dex/info/MethodInfo.java
649	jadx.core.dex.info.MethodInfo	getFullName()	0	0	[]	false	public	true	file:///private/tmp/projects/jadx/jadx-core/src/main/java/jadx/core/dex/info/MethodInfo.java
650	jadx.core.dex.info.MethodInfo	getFullId()	0	0	[]	false	public	true	file:///private/tmp/projects/jadx/jadx-core/src/main/java/jadx/core/dex/info/MethodInfo.java
651	jadx.core.dex.info.MethodInfo	getRawFullId()	0	0	[]	false	public	true	file:///private/tmp/projects/jadx/jadx-core/src/main/java/jadx/core/dex/info/MethodInfo.java
652	jadx.core.dex.info.MethodInfo	getShortId()	0	0	[]	false	public	true	file:///private/tmp/projects/jadx/jadx-core/src/main/java/jadx/core/dex/info/MethodInfo.java
653	jadx.core.dex.info.MethodInfo	getDeclClass()	0	0	[]	false	public	true	file:///private/tmp/projects/jadx/jadx-core/src/main/java/jadx/core/dex/info/MethodInfo.java
654	jadx.core.dex.info.MethodInfo	getReturnType()	0	0	[]	false	public	true	file:///private/tmp/projects/jadx/jadx-core/src/main/java/jadx/core/dex/info/MethodInfo.java
655	jadx.core.dex.info.MethodInfo	getArgumentsTypes()	0	0	[]	false	public	true	file:///private/tmp/projects/jadx/jadx-core/src/main/java/jadx/core/dex/info/MethodInfo.java
656	jadx.core.dex.info.MethodInfo	getArgsCount()	0	0	[]	false	public	false	file:///private/tmp/projects/jadx/jadx-core/src/main/java/jadx/core/dex/info/MethodInfo.java
657	jadx.core.dex.info.MethodInfo	isConstructor()	0	0	[]	false	public	false	file:///private/tmp/projects/jadx/jadx-core/src/main/java/jadx/core/dex/info/MethodInfo.java
658	jadx.core.dex.info.MethodInfo	isClassInit()	0	0	[]	false	public	false	file:///private/tmp/projects/jadx/jadx-core/src/main/java/jadx/core/dex/info/MethodInfo.java
659	jadx.core.dex.info.MethodInfo	getAlias()	0	0	[]	false	public	true	file:///private/tmp/projects/jadx/jadx-core/src/main/java/jadx/core/dex/info/MethodInfo.java
660	jadx.core.dex.info.MethodInfo	setAlias(java.lang.String)	0	1	[false]	false	public	false	file:///private/tmp/projects/jadx/jadx-core/src/main/java/jadx/core/dex/info/MethodInfo.java
661	jadx.core.dex.info.MethodInfo	removeAlias()	0	0	[]	false	public	false	file:///private/tmp/projects/jadx/jadx-core/src/main/java/jadx/core/dex/info/MethodInfo.java
662	jadx.core.dex.info.MethodInfo	hasAlias()	0	0	[]	false	public	false	file:///private/tmp/projects/jadx/jadx-core/src/main/java/jadx/core/dex/info/MethodInfo.java
663	jadx.core.dex.info.MethodInfo	calcHashCode()	0	0	[]	false	public	false	file:///private/tmp/projects/jadx/jadx-core/src/main/java/jadx/core/dex/info/MethodInfo.java
664	jadx.core.dex.info.MethodInfo	hashCode()	186	0	[]	false	public	false	file:///private/tmp/projects/jadx/jadx-core/src/main/java/jadx/core/dex/info/MethodInfo.java
665	jadx.core.dex.info.MethodInfo	equals(java.lang.Object)	188	1	[false]	false	public	false	file:///private/tmp/projects/jadx/jadx-core/src/main/java/jadx/core/dex/info/MethodInfo.java
666	jadx.core.dex.info.MethodInfo	compareTo(jadx.core.dex.info.MethodInfo)	190	1	[false]	false	public	false	file:///private/tmp/projects/jadx/jadx-core/src/main/java/jadx/core/dex/info/MethodInfo.java
667	jadx.core.dex.info.MethodInfo	toString()	83	0	[]	false	public	true	file:///private/tmp/projects/jadx/jadx-core/src/main/java/jadx/core/dex/info/MethodInfo.java
668	jadx.api.ICodeInfo	getCodeStr()	0	0	[]	false	public	true	file:///private/tmp/projects/jadx/jadx-core/src/main/java/jadx/api/ICodeInfo.java
669	jadx.api.ICodeInfo	getCodeMetadata()	0	0	[]	false	public	true	file:///private/tmp/projects/jadx/jadx-core/src/main/java/jadx/api/ICodeInfo.java
670	jadx.api.ICodeInfo	hasMetadata()	0	0	[]	false	public	false	file:///private/tmp/projects/jadx/jadx-core/src/main/java/jadx/api/ICodeInfo.java
671	jadx.core.dex.instructions.args.LiteralArg	make(long,jadx.core.dex.instructions.args.ArgType)	0	2	[false, false]	false	public	true	file:///private/tmp/projects/jadx/jadx-core/src/main/java/jadx/core/dex/instructions/args/LiteralArg.java
672	jadx.core.dex.instructions.args.LiteralArg	makeWithFixedType(long,@org.jetbrains.annotations.Nullable jadx.core.dex.instructions.args.ArgType)	0	2	[false, true]	false	public	true	file:///private/tmp/projects/jadx/jadx-core/src/main/java/jadx/core/dex/instructions/args/LiteralArg.java
673	jadx.core.dex.instructions.args.LiteralArg	fixLiteralType(long,@org.jetbrains.annotations.Nullable jadx.core.dex.instructions.args.ArgType)	0	2	[false, true]	true	private	true	file:///private/tmp/projects/jadx/jadx-core/src/main/java/jadx/core/dex/instructions/args/LiteralArg.java
674	jadx.core.dex.instructions.args.LiteralArg	litFalse()	0	0	[]	false	public	true	file:///private/tmp/projects/jadx/jadx-core/src/main/java/jadx/core/dex/instructions/args/LiteralArg.java
675	jadx.core.dex.instructions.args.LiteralArg	litTrue()	0	0	[]	false	public	true	file:///private/tmp/projects/jadx/jadx-core/src/main/java/jadx/core/dex/instructions/args/LiteralArg.java
676	jadx.core.dex.instructions.args.LiteralArg	LiteralArg(long,@org.jetbrains.annotations.Nullable jadx.core.dex.instructions.args.ArgType)	0	2	[false, true]	false	private	false	file:///private/tmp/projects/jadx/jadx-core/src/main/java/jadx/core/dex/instructions/args/LiteralArg.java
677	jadx.core.dex.instructions.args.LiteralArg	getLiteral()	0	0	[]	false	public	false	file:///private/tmp/projects/jadx/jadx-core/src/main/java/jadx/core/dex/instructions/args/LiteralArg.java
678	jadx.core.dex.instructions.args.LiteralArg	setType(jadx.core.dex.instructions.args.ArgType)	679	1	[false]	false	public	false	file:///private/tmp/projects/jadx/jadx-core/src/main/java/jadx/core/dex/instructions/args/LiteralArg.java
680	jadx.core.dex.instructions.args.LiteralArg	isLiteral()	681	0	[]	false	public	false	file:///private/tmp/projects/jadx/jadx-core/src/main/java/jadx/core/dex/instructions/args/LiteralArg.java
682	jadx.core.dex.instructions.args.LiteralArg	isInteger()	0	0	[]	false	public	false	file:///private/tmp/projects/jadx/jadx-core/src/main/java/jadx/core/dex/instructions/args/LiteralArg.java
683	jadx.core.dex.instructions.args.LiteralArg	isNegative()	0	0	[]	false	public	false	file:///private/tmp/projects/jadx/jadx-core/src/main/java/jadx/core/dex/instructions/args/LiteralArg.java
684	jadx.core.dex.instructions.args.LiteralArg	negate()	0	0	[]	true	public	true	file:///private/tmp/projects/jadx/jadx-core/src/main/java/jadx/core/dex/instructions/args/LiteralArg.java
685	jadx.core.dex.instructions.args.LiteralArg	duplicate()	686	0	[]	false	public	true	file:///private/tmp/projects/jadx/jadx-core/src/main/java/jadx/core/dex/instructions/args/LiteralArg.java
687	jadx.core.dex.instructions.args.LiteralArg	hashCode()	186	0	[]	false	public	false	file:///private/tmp/projects/jadx/jadx-core/src/main/java/jadx/core/dex/instructions/args/LiteralArg.java
688	jadx.core.dex.instructions.args.LiteralArg	equals(java.lang.Object)	188	1	[false]	false	public	false	file:///private/tmp/projects/jadx/jadx-core/src/main/java/jadx/core/dex/instructions/args/LiteralArg.java
689	jadx.core.dex.instructions.args.LiteralArg	toString()	83	0	[]	false	public	true	file:///private/tmp/projects/jadx/jadx-core/src/main/java/jadx/core/dex/instructions/args/LiteralArg.java
690	jadx.core.dex.instructions.args.InsnArg	reg(int,jadx.core.dex.instructions.args.ArgType)	0	2	[false, false]	false	public	true	file:///private/tmp/projects/jadx/jadx-core/src/main/java/jadx/core/dex/instructions/args/InsnArg.java
691	jadx.core.dex.instructions.args.InsnArg	reg(jadx.api.plugins.input.insns.InsnData,int,jadx.core.dex.instructions.args.ArgType)	0	3	[false, false, false]	false	public	true	file:///private/tmp/projects/jadx/jadx-core/src/main/java/jadx/core/dex/instructions/args/InsnArg.java
692	jadx.core.dex.instructions.args.InsnArg	typeImmutableIfKnownReg(jadx.api.plugins.input.insns.InsnData,int,jadx.core.dex.instructions.args.ArgType)	0	3	[false, false, false]	false	public	true	file:///private/tmp/projects/jadx/jadx-core/src/main/java/jadx/core/dex/instructions/args/InsnArg.java
693	jadx.core.dex.instructions.args.InsnArg	typeImmutableReg(jadx.api.plugins.input.insns.InsnData,int,jadx.core.dex.instructions.args.ArgType)	0	3	[false, false, false]	false	public	true	file:///private/tmp/projects/jadx/jadx-core/src/main/java/jadx/core/dex/instructions/args/InsnArg.java
694	jadx.core.dex.instructions.args.InsnArg	typeImmutableReg(int,jadx.core.dex.instructions.args.ArgType)	0	2	[false, false]	false	public	true	file:///private/tmp/projects/jadx/jadx-core/src/main/java/jadx/core/dex/instructions/args/InsnArg.java
695	jadx.core.dex.instructions.args.InsnArg	reg(int,jadx.core.dex.instructions.args.ArgType,boolean)	0	3	[false, false, false]	false	public	true	file:///private/tmp/projects/jadx/jadx-core/src/main/java/jadx/core/dex/instructions/args/InsnArg.java
696	jadx.core.dex.instructions.args.InsnArg	lit(long,@org.jetbrains.annotations.Nullable jadx.core.dex.instructions.args.ArgType)	0	2	[false, true]	false	public	true	file:///private/tmp/projects/jadx/jadx-core/src/main/java/jadx/core/dex/instructions/args/InsnArg.java
697	jadx.core.dex.instructions.args.InsnArg	lit(jadx.api.plugins.input.insns.InsnData,jadx.core.dex.instructions.args.ArgType)	0	2	[false, false]	false	public	true	file:///private/tmp/projects/jadx/jadx-core/src/main/java/jadx/core/dex/instructions/args/InsnArg.java
698	jadx.core.dex.instructions.args.InsnArg	wrap(jadx.core.dex.nodes.InsnNode)	0	1	[false]	false	private	true	file:///private/tmp/projects/jadx/jadx-core/src/main/java/jadx/core/dex/instructions/args/InsnArg.java
699	jadx.core.dex.instructions.args.InsnArg	isRegister()	0	0	[]	false	public	false	file:///private/tmp/projects/jadx/jadx-core/src/main/java/jadx/core/dex/instructions/args/InsnArg.java
681	jadx.core.dex.instructions.args.InsnArg	isLiteral()	0	0	[]	false	public	false	file:///private/tmp/projects/jadx/jadx-core/src/main/java/jadx/core/dex/instructions/args/InsnArg.java
700	jadx.core.dex.instructions.args.InsnArg	isInsnWrap()	0	0	[]	false	public	false	file:///private/tmp/projects/jadx/jadx-core/src/main/java/jadx/core/dex/instructions/args/InsnArg.java
701	jadx.core.dex.instructions.args.InsnArg	isNamed()	0	0	[]	false	public	false	file:///private/tmp/projects/jadx/jadx-core/src/main/java/jadx/core/dex/instructions/args/InsnArg.java
702	jadx.core.dex.instructions.args.InsnArg	getParentInsn()	0	0	[]	true	public	true	file:///private/tmp/projects/jadx/jadx-core/src/main/java/jadx/core/dex/instructions/args/InsnArg.java
703	jadx.core.dex.instructions.args.InsnArg	setParentInsn(@org.jetbrains.annotations.Nullable jadx.core.dex.nodes.InsnNode)	0	1	[true]	false	public	false	file:///private/tmp/projects/jadx/jadx-core/src/main/java/jadx/core/dex/instructions/args/InsnArg.java
704	jadx.core.dex.instructions.args.InsnArg	wrapInstruction(jadx.core.dex.nodes.MethodNode,jadx.core.dex.nodes.InsnNode)	0	2	[false, false]	true	public	true	file:///private/tmp/projects/jadx/jadx-core/src/main/java/jadx/core/dex/instructions/args/InsnArg.java
705	jadx.core.dex.instructions.args.InsnArg	wrapInstruction(jadx.core.dex.nodes.MethodNode,jadx.core.dex.nodes.InsnNode,boolean)	0	3	[false, false, false]	true	public	true	file:///private/tmp/projects/jadx/jadx-core/src/main/java/jadx/core/dex/instructions/args/InsnArg.java
706	jadx.core.dex.instructions.args.InsnArg	getArgIndex(jadx.core.dex.nodes.InsnNode,jadx.core.dex.instructions.args.InsnArg)	0	2	[false, false]	false	private	false	file:///private/tmp/projects/jadx/jadx-core/src/main/java/jadx/core/dex/instructions/args/InsnArg.java
707	jadx.core.dex.instructions.args.InsnArg	wrapInsnIntoArg(jadx.core.dex.nodes.InsnNode)	0	1	[false]	false	public	true	file:///private/tmp/projects/jadx/jadx-core/src/main/java/jadx/core/dex/instructions/args/InsnArg.java
708	jadx.core.dex.instructions.args.InsnArg	wrapArg(jadx.core.dex.nodes.InsnNode)	0	1	[false]	false	public	true	file:///private/tmp/projects/jadx/jadx-core/src/main/java/jadx/core/dex/instructions/args/InsnArg.java
709	jadx.core.dex.instructions.args.InsnArg	isZeroLiteral()	0	0	[]	false	public	false	file:///private/tmp/projects/jadx/jadx-core/src/main/java/jadx/core/dex/instructions/args/InsnArg.java
710	jadx.core.dex.instructions.args.InsnArg	isFalse()	0	0	[]	false	public	false	file:///private/tmp/projects/jadx/jadx-core/src/main/java/jadx/core/dex/instructions/args/InsnArg.java
711	jadx.core.dex.instructions.args.InsnArg	isTrue()	0	0	[]	false	public	false	file:///private/tmp/projects/jadx/jadx-core/src/main/java/jadx/core/dex/instructions/args/InsnArg.java
712	jadx.core.dex.instructions.args.InsnArg	isThis()	0	0	[]	false	public	false	file:///private/tmp/projects/jadx/jadx-core/src/main/java/jadx/core/dex/instructions/args/InsnArg.java
713	jadx.core.dex.instructions.args.InsnArg	isAnyThis()	0	0	[]	false	public	false	file:///private/tmp/projects/jadx/jadx-core/src/main/java/jadx/core/dex/instructions/args/InsnArg.java
714	jadx.core.dex.instructions.args.InsnArg	unwrap()	0	0	[]	true	public	true	file:///private/tmp/projects/jadx/jadx-core/src/main/java/jadx/core/dex/instructions/args/InsnArg.java
715	jadx.core.dex.instructions.args.InsnArg	isConst()	0	0	[]	false	public	false	file:///private/tmp/projects/jadx/jadx-core/src/main/java/jadx/core/dex/instructions/args/InsnArg.java
716	jadx.core.dex.instructions.args.InsnArg	isSameConst(jadx.core.dex.instructions.args.InsnArg)	0	1	[false]	false	public	false	file:///private/tmp/projects/jadx/jadx-core/src/main/java/jadx/core/dex/instructions/args/InsnArg.java
717	jadx.core.dex.instructions.args.InsnArg	<T>copyCommonParams(T)	0	1	[false]	false	protected	true	file:///private/tmp/projects/jadx/jadx-core/src/main/java/jadx/core/dex/instructions/args/InsnArg.java
686	jadx.core.dex.instructions.args.InsnArg	duplicate()	0	0	[]	false	public	true	file:///private/tmp/projects/jadx/jadx-core/src/main/java/jadx/core/dex/instructions/args/InsnArg.java
718	jadx.core.dex.instructions.args.Typed	getType()	0	0	[]	false	public	true	file:///private/tmp/projects/jadx/jadx-core/src/main/java/jadx/core/dex/instructions/args/Typed.java
679	jadx.core.dex.instructions.args.Typed	setType(jadx.core.dex.instructions.args.ArgType)	0	1	[false]	false	public	false	file:///private/tmp/projects/jadx/jadx-core/src/main/java/jadx/core/dex/instructions/args/Typed.java
719	jadx.core.dex.instructions.args.Typed	isTypeImmutable()	0	0	[]	false	public	false	file:///private/tmp/projects/jadx/jadx-core/src/main/java/jadx/core/dex/instructions/args/Typed.java
720	jadx.core.dex.info.FieldInfo	FieldInfo(jadx.core.dex.info.ClassInfo,java.lang.String,jadx.core.dex.instructions.args.ArgType)	0	3	[false, false, false]	false	private	false	file:///private/tmp/projects/jadx/jadx-core/src/main/java/jadx/core/dex/info/FieldInfo.java
721	jadx.core.dex.info.FieldInfo	from(jadx.core.dex.nodes.RootNode,jadx.core.dex.info.ClassInfo,java.lang.String,jadx.core.dex.instructions.args.ArgType)	0	4	[false, false, false, false]	false	public	true	file:///private/tmp/projects/jadx/jadx-core/src/main/java/jadx/core/dex/info/FieldInfo.java
722	jadx.core.dex.info.FieldInfo	fromRef(jadx.core.dex.nodes.RootNode,jadx.api.plugins.input.data.IFieldRef)	0	2	[false, false]	false	public	true	file:///private/tmp/projects/jadx/jadx-core/src/main/java/jadx/core/dex/info/FieldInfo.java
723	jadx.core.dex.info.FieldInfo	getName()	0	0	[]	false	public	true	file:///private/tmp/projects/jadx/jadx-core/src/main/java/jadx/core/dex/info/FieldInfo.java
724	jadx.core.dex.info.FieldInfo	getType()	0	0	[]	false	public	true	file:///private/tmp/projects/jadx/jadx-core/src/main/java/jadx/core/dex/info/FieldInfo.java
725	jadx.core.dex.info.FieldInfo	getDeclClass()	0	0	[]	false	public	true	file:///private/tmp/projects/jadx/jadx-core/src/main/java/jadx/core/dex/info/FieldInfo.java
726	jadx.core.dex.info.FieldInfo	getAlias()	0	0	[]	false	public	true	file:///private/tmp/projects/jadx/jadx-core/src/main/java/jadx/core/dex/info/FieldInfo.java
727	jadx.core.dex.info.FieldInfo	setAlias(java.lang.String)	0	1	[false]	false	public	false	file:///private/tmp/projects/jadx/jadx-core/src/main/java/jadx/core/dex/info/FieldInfo.java
728	jadx.core.dex.info.FieldInfo	removeAlias()	0	0	[]	false	public	false	file:///private/tmp/projects/jadx/jadx-core/src/main/java/jadx/core/dex/info/FieldInfo.java
729	jadx.core.dex.info.FieldInfo	hasAlias()	0	0	[]	false	public	false	file:///private/tmp/projects/jadx/jadx-core/src/main/java/jadx/core/dex/info/FieldInfo.java
730	jadx.core.dex.info.FieldInfo	getFullId()	0	0	[]	false	public	true	file:///private/tmp/projects/jadx/jadx-core/src/main/java/jadx/core/dex/info/FieldInfo.java
731	jadx.core.dex.info.FieldInfo	getShortId()	0	0	[]	false	public	true	file:///private/tmp/projects/jadx/jadx-core/src/main/java/jadx/core/dex/info/FieldInfo.java
732	jadx.core.dex.info.FieldInfo	getRawFullId()	0	0	[]	false	public	true	file:///private/tmp/projects/jadx/jadx-core/src/main/java/jadx/core/dex/info/FieldInfo.java
733	jadx.core.dex.info.FieldInfo	isRenamed()	0	0	[]	false	public	false	file:///private/tmp/projects/jadx/jadx-core/src/main/java/jadx/core/dex/info/FieldInfo.java
734	jadx.core.dex.info.FieldInfo	equalsNameAndType(jadx.core.dex.info.FieldInfo)	0	1	[false]	false	public	false	file:///private/tmp/projects/jadx/jadx-core/src/main/java/jadx/core/dex/info/FieldInfo.java
735	jadx.core.dex.info.FieldInfo	equals(java.lang.Object)	188	1	[false]	false	public	false	file:///private/tmp/projects/jadx/jadx-core/src/main/java/jadx/core/dex/info/FieldInfo.java
736	jadx.core.dex.info.FieldInfo	hashCode()	186	0	[]	false	public	false	file:///private/tmp/projects/jadx/jadx-core/src/main/java/jadx/core/dex/info/FieldInfo.java
737	jadx.core.dex.info.FieldInfo	toString()	83	0	[]	false	public	true	file:///private/tmp/projects/jadx/jadx-core/src/main/java/jadx/core/dex/info/FieldInfo.java
738	jadx.core.dex.nodes.InsnNode	InsnNode(jadx.core.dex.instructions.InsnType,int)	0	2	[false, false]	false	public	false	file:///private/tmp/projects/jadx/jadx-core/src/main/java/jadx/core/dex/nodes/InsnNode.java
739	jadx.core.dex.nodes.InsnNode	InsnNode(jadx.core.dex.instructions.InsnType,java.util.List<jadx.core.dex.instructions.args.InsnArg>)	0	2	[false, false]	false	public	false	file:///private/tmp/projects/jadx/jadx-core/src/main/java/jadx/core/dex/nodes/InsnNode.java
740	jadx.core.dex.nodes.InsnNode	wrapArg(jadx.core.dex.instructions.args.InsnArg)	0	1	[false]	false	public	true	file:///private/tmp/projects/jadx/jadx-core/src/main/java/jadx/core/dex/nodes/InsnNode.java
741	jadx.core.dex.nodes.InsnNode	setResult(@org.jetbrains.annotations.Nullable jadx.core.dex.instructions.args.RegisterArg)	0	1	[true]	false	public	false	file:///private/tmp/projects/jadx/jadx-core/src/main/java/jadx/core/dex/nodes/InsnNode.java
742	jadx.core.dex.nodes.InsnNode	addArg(jadx.core.dex.instructions.args.InsnArg)	0	1	[false]	false	public	false	file:///private/tmp/projects/jadx/jadx-core/src/main/java/jadx/core/dex/nodes/InsnNode.java
743	jadx.core.dex.nodes.InsnNode	setArg(int,jadx.core.dex.instructions.args.InsnArg)	0	2	[false, false]	false	public	false	file:///private/tmp/projects/jadx/jadx-core/src/main/java/jadx/core/dex/nodes/InsnNode.java
744	jadx.core.dex.nodes.InsnNode	attachArg(jadx.core.dex.instructions.args.InsnArg)	0	1	[false]	false	protected	false	file:///private/tmp/projects/jadx/jadx-core/src/main/java/jadx/core/dex/nodes/InsnNode.java
745	jadx.core.dex.nodes.InsnNode	getType()	0	0	[]	false	public	true	file:///private/tmp/projects/jadx/jadx-core/src/main/java/jadx/core/dex/nodes/InsnNode.java
746	jadx.core.dex.nodes.InsnNode	getResult()	0	0	[]	false	public	true	file:///private/tmp/projects/jadx/jadx-core/src/main/java/jadx/core/dex/nodes/InsnNode.java
747	jadx.core.dex.nodes.InsnNode	getArguments()	0	0	[]	false	public	true	file:///private/tmp/projects/jadx/jadx-core/src/main/java/jadx/core/dex/nodes/InsnNode.java
748	jadx.core.dex.nodes.InsnNode	getArgsCount()	0	0	[]	false	public	false	file:///private/tmp/projects/jadx/jadx-core/src/main/java/jadx/core/dex/nodes/InsnNode.java
749	jadx.core.dex.nodes.InsnNode	getArg(int)	0	1	[false]	false	public	true	file:///private/tmp/projects/jadx/jadx-core/src/main/java/jadx/core/dex/nodes/InsnNode.java
750	jadx.core.dex.nodes.InsnNode	containsArg(jadx.core.dex.instructions.args.InsnArg)	0	1	[false]	false	public	false	file:///private/tmp/projects/jadx/jadx-core/src/main/java/jadx/core/dex/nodes/InsnNode.java
751	jadx.core.dex.nodes.InsnNode	containsVar(jadx.core.dex.instructions.args.RegisterArg)	0	1	[false]	false	public	false	file:///private/tmp/projects/jadx/jadx-core/src/main/java/jadx/core/dex/nodes/InsnNode.java
752	jadx.core.dex.nodes.InsnNode	replaceArg(jadx.core.dex.instructions.args.InsnArg,jadx.core.dex.instructions.args.InsnArg)	0	2	[false, false]	false	public	false	file:///private/tmp/projects/jadx/jadx-core/src/main/java/jadx/core/dex/nodes/InsnNode.java
753	jadx.core.dex.nodes.InsnNode	removeArg(jadx.core.dex.instructions.args.InsnArg)	0	1	[false]	false	protected	false	file:///private/tmp/projects/jadx/jadx-core/src/main/java/jadx/core/dex/nodes/InsnNode.java
754	jadx.core.dex.nodes.InsnNode	removeArg(int)	0	1	[false]	false	public	true	file:///private/tmp/projects/jadx/jadx-core/src/main/java/jadx/core/dex/nodes/InsnNode.java
755	jadx.core.dex.nodes.InsnNode	getArgIndex(jadx.core.dex.instructions.args.InsnArg)	0	1	[false]	false	public	false	file:///private/tmp/projects/jadx/jadx-core/src/main/java/jadx/core/dex/nodes/InsnNode.java
756	jadx.core.dex.nodes.InsnNode	addReg(jadx.api.plugins.input.insns.InsnData,int,jadx.core.dex.instructions.args.ArgType)	0	3	[false, false, false]	false	protected	false	file:///private/tmp/projects/jadx/jadx-core/src/main/java/jadx/core/dex/nodes/InsnNode.java
757	jadx.core.dex.nodes.InsnNode	addReg(int,jadx.core.dex.instructions.args.ArgType)	0	2	[false, false]	false	protected	false	file:///private/tmp/projects/jadx/jadx-core/src/main/java/jadx/core/dex/nodes/InsnNode.java
758	jadx.core.dex.nodes.InsnNode	addLit(long,jadx.core.dex.instructions.args.ArgType)	0	2	[false, false]	false	protected	false	file:///private/tmp/projects/jadx/jadx-core/src/main/java/jadx/core/dex/nodes/InsnNode.java
759	jadx.core.dex.nodes.InsnNode	addLit(jadx.api.plugins.input.insns.InsnData,jadx.core.dex.instructions.args.ArgType)	0	2	[false, false]	false	protected	false	file:///private/tmp/projects/jadx/jadx-core/src/main/java/jadx/core/dex/nodes/InsnNode.java
760	jadx.core.dex.nodes.InsnNode	getOffset()	0	0	[]	false	public	false	file:///private/tmp/projects/jadx/jadx-core/src/main/java/jadx/core/dex/nodes/InsnNode.java
761	jadx.core.dex.nodes.InsnNode	setOffset(int)	0	1	[false]	false	public	false	file:///private/tmp/projects/jadx/jadx-core/src/main/java/jadx/core/dex/nodes/InsnNode.java
762	jadx.core.dex.nodes.InsnNode	getRegisterArgs(java.util.Collection<jadx.core.dex.instructions.args.RegisterArg>)	0	1	[false]	false	public	false	file:///private/tmp/projects/jadx/jadx-core/src/main/java/jadx/core/dex/nodes/InsnNode.java
763	jadx.core.dex.nodes.InsnNode	isConstInsn()	0	0	[]	false	public	false	file:///private/tmp/projects/jadx/jadx-core/src/main/java/jadx/core/dex/nodes/InsnNode.java
764	jadx.core.dex.nodes.InsnNode	canRemoveResult()	0	0	[]	false	public	false	file:///private/tmp/projects/jadx/jadx-core/src/main/java/jadx/core/dex/nodes/InsnNode.java
765	jadx.core.dex.nodes.InsnNode	canReorder()	0	0	[]	false	public	false	file:///private/tmp/projects/jadx/jadx-core/src/main/java/jadx/core/dex/nodes/InsnNode.java
766	jadx.core.dex.nodes.InsnNode	containsWrappedInsn()	0	0	[]	false	public	false	file:///private/tmp/projects/jadx/jadx-core/src/main/java/jadx/core/dex/nodes/InsnNode.java
767	jadx.core.dex.nodes.InsnNode	visitInsns(java.util.function.Consumer<jadx.core.dex.nodes.InsnNode>)	0	1	[false]	false	public	false	file:///private/tmp/projects/jadx/jadx-core/src/main/java/jadx/core/dex/nodes/InsnNode.java
768	jadx.core.dex.nodes.InsnNode	<R>visitInsns(java.util.function.Function<jadx.core.dex.nodes.InsnNode,R>)	0	1	[false]	true	public	true	file:///private/tmp/projects/jadx/jadx-core/src/main/java/jadx/core/dex/nodes/InsnNode.java
769	jadx.core.dex.nodes.InsnNode	visitArgs(java.util.function.Consumer<jadx.core.dex.instructions.args.InsnArg>)	0	1	[false]	false	public	false	file:///private/tmp/projects/jadx/jadx-core/src/main/java/jadx/core/dex/nodes/InsnNode.java
770	jadx.core.dex.nodes.InsnNode	<R>visitArgs(java.util.function.Function<jadx.core.dex.instructions.args.InsnArg,R>)	0	1	[false]	true	public	true	file:///private/tmp/projects/jadx/jadx-core/src/main/java/jadx/core/dex/nodes/InsnNode.java
771	jadx.core.dex.nodes.InsnNode	isSame(jadx.core.dex.nodes.InsnNode)	0	1	[false]	false	public	false	file:///private/tmp/projects/jadx/jadx-core/src/main/java/jadx/core/dex/nodes/InsnNode.java
772	jadx.core.dex.nodes.InsnNode	isDeepEquals(jadx.core.dex.nodes.InsnNode)	0	1	[false]	false	public	false	file:///private/tmp/projects/jadx/jadx-core/src/main/java/jadx/core/dex/nodes/InsnNode.java
773	jadx.core.dex.nodes.InsnNode	<T>copyCommonParams(T)	0	1	[false]	false	protected	true	file:///private/tmp/projects/jadx/jadx-core/src/main/java/jadx/core/dex/nodes/InsnNode.java
774	jadx.core.dex.nodes.InsnNode	copyAttributesFrom(jadx.core.dex.nodes.InsnNode)	0	1	[false]	false	public	false	file:///private/tmp/projects/jadx/jadx-core/src/main/java/jadx/core/dex/nodes/InsnNode.java
775	jadx.core.dex.nodes.InsnNode	copy()	0	0	[]	false	public	true	file:///private/tmp/projects/jadx/jadx-core/src/main/java/jadx/core/dex/nodes/InsnNode.java
776	jadx.core.dex.nodes.InsnNode	<T>copyWithoutResult()	0	0	[]	false	public	true	file:///private/tmp/projects/jadx/jadx-core/src/main/java/jadx/core/dex/nodes/InsnNode.java
777	jadx.core.dex.nodes.InsnNode	copyWithoutSsa()	0	0	[]	false	public	true	file:///private/tmp/projects/jadx/jadx-core/src/main/java/jadx/core/dex/nodes/InsnNode.java
778	jadx.core.dex.nodes.InsnNode	copy(jadx.core.dex.instructions.args.RegisterArg)	0	1	[false]	false	public	true	file:///private/tmp/projects/jadx/jadx-core/src/main/java/jadx/core/dex/nodes/InsnNode.java
779	jadx.core.dex.nodes.InsnNode	copyWithNewSsaVar(jadx.core.dex.nodes.MethodNode)	0	1	[false]	false	public	true	file:///private/tmp/projects/jadx/jadx-core/src/main/java/jadx/core/dex/nodes/InsnNode.java
780	jadx.core.dex.nodes.InsnNode	rebindArgs()	0	0	[]	false	public	false	file:///private/tmp/projects/jadx/jadx-core/src/main/java/jadx/core/dex/nodes/InsnNode.java
781	jadx.core.dex.nodes.InsnNode	canThrowException()	0	0	[]	false	public	false	file:///private/tmp/projects/jadx/jadx-core/src/main/java/jadx/core/dex/nodes/InsnNode.java
782	jadx.core.dex.nodes.InsnNode	inheritMetadata(jadx.core.dex.nodes.InsnNode)	0	1	[false]	false	public	false	file:///private/tmp/projects/jadx/jadx-core/src/main/java/jadx/core/dex/nodes/InsnNode.java
783	jadx.core.dex.nodes.InsnNode	hashCode()	186	0	[]	false	public	false	file:///private/tmp/projects/jadx/jadx-core/src/main/java/jadx/core/dex/nodes/InsnNode.java
784	jadx.core.dex.nodes.InsnNode	equals(java.lang.Object)	188	1	[false]	false	public	false	file:///private/tmp/projects/jadx/jadx-core/src/main/java/jadx/core/dex/nodes/InsnNode.java
785	jadx.core.dex.nodes.InsnNode	appendArgs(java.lang.StringBuilder)	0	1	[false]	false	protected	false	file:///private/tmp/projects/jadx/jadx-core/src/main/java/jadx/core/dex/nodes/InsnNode.java
786	jadx.core.dex.nodes.InsnNode	toString()	83	0	[]	false	public	true	file:///private/tmp/projects/jadx/jadx-core/src/main/java/jadx/core/dex/nodes/InsnNode.java
787	jadx.core.dex.instructions.args.RegisterArg	RegisterArg(int,jadx.core.dex.instructions.args.ArgType)	0	2	[false, false]	false	public	false	file:///private/tmp/projects/jadx/jadx-core/src/main/java/jadx/core/dex/instructions/args/RegisterArg.java
788	jadx.core.dex.instructions.args.RegisterArg	getRegNum()	0	0	[]	false	public	false	file:///private/tmp/projects/jadx/jadx-core/src/main/java/jadx/core/dex/instructions/args/RegisterArg.java
789	jadx.core.dex.instructions.args.RegisterArg	isRegister()	699	0	[]	false	public	false	file:///private/tmp/projects/jadx/jadx-core/src/main/java/jadx/core/dex/instructions/args/RegisterArg.java
790	jadx.core.dex.instructions.args.RegisterArg	getInitType()	0	0	[]	false	public	true	file:///private/tmp/projects/jadx/jadx-core/src/main/java/jadx/core/dex/instructions/args/RegisterArg.java
791	jadx.core.dex.instructions.args.RegisterArg	getType()	718	0	[]	false	public	true	file:///private/tmp/projects/jadx/jadx-core/src/main/java/jadx/core/dex/instructions/args/RegisterArg.java
792	jadx.core.dex.instructions.args.RegisterArg	setType(jadx.core.dex.instructions.args.ArgType)	679	1	[false]	false	public	false	file:///private/tmp/projects/jadx/jadx-core/src/main/java/jadx/core/dex/instructions/args/RegisterArg.java
793	jadx.core.dex.instructions.args.RegisterArg	forceSetInitType(jadx.core.dex.instructions.args.ArgType)	0	1	[false]	false	public	false	file:///private/tmp/projects/jadx/jadx-core/src/main/java/jadx/core/dex/instructions/args/RegisterArg.java
794	jadx.core.dex.instructions.args.RegisterArg	getImmutableType()	0	0	[]	true	public	true	file:///private/tmp/projects/jadx/jadx-core/src/main/java/jadx/core/dex/instructions/args/RegisterArg.java
795	jadx.core.dex.instructions.args.RegisterArg	isTypeImmutable()	719	0	[]	false	public	false	file:///private/tmp/projects/jadx/jadx-core/src/main/java/jadx/core/dex/instructions/args/RegisterArg.java
796	jadx.core.dex.instructions.args.RegisterArg	getSVar()	0	0	[]	false	public	true	file:///private/tmp/projects/jadx/jadx-core/src/main/java/jadx/core/dex/instructions/args/RegisterArg.java
797	jadx.core.dex.instructions.args.RegisterArg	setSVar(@org.jetbrains.annotations.NotNull jadx.core.dex.instructions.args.SSAVar)	0	1	[false]	false	package	false	file:///private/tmp/projects/jadx/jadx-core/src/main/java/jadx/core/dex/instructions/args/RegisterArg.java
798	jadx.core.dex.instructions.args.RegisterArg	resetSSAVar()	0	0	[]	false	public	false	file:///private/tmp/projects/jadx/jadx-core/src/main/java/jadx/core/dex/instructions/args/RegisterArg.java
799	jadx.core.dex.instructions.args.RegisterArg	getName()	800	0	[]	true	public	true	file:///private/tmp/projects/jadx/jadx-core/src/main/java/jadx/core/dex/instructions/args/RegisterArg.java
801	jadx.core.dex.instructions.args.RegisterArg	isSuper()	0	0	[]	false	private	false	file:///private/tmp/projects/jadx/jadx-core/src/main/java/jadx/core/dex/instructions/args/RegisterArg.java
802	jadx.core.dex.instructions.args.RegisterArg	setName(java.lang.String)	803	1	[false]	false	public	false	file:///private/tmp/projects/jadx/jadx-core/src/main/java/jadx/core/dex/instructions/args/RegisterArg.java
804	jadx.core.dex.instructions.args.RegisterArg	setNameIfUnknown(java.lang.String)	0	1	[false]	false	public	false	file:///private/tmp/projects/jadx/jadx-core/src/main/java/jadx/core/dex/instructions/args/RegisterArg.java
805	jadx.core.dex.instructions.args.RegisterArg	isNameEquals(jadx.core.dex.instructions.args.InsnArg)	0	1	[false]	false	public	false	file:///private/tmp/projects/jadx/jadx-core/src/main/java/jadx/core/dex/instructions/args/RegisterArg.java
806	jadx.core.dex.instructions.args.RegisterArg	duplicate()	686	0	[]	false	public	true	file:///private/tmp/projects/jadx/jadx-core/src/main/java/jadx/core/dex/instructions/args/RegisterArg.java
807	jadx.core.dex.instructions.args.RegisterArg	duplicate(jadx.core.dex.instructions.args.ArgType)	0	1	[false]	false	public	true	file:///private/tmp/projects/jadx/jadx-core/src/main/java/jadx/core/dex/instructions/args/RegisterArg.java
808	jadx.core.dex.instructions.args.RegisterArg	duplicateWithNewSSAVar(jadx.core.dex.nodes.MethodNode)	0	1	[false]	false	public	true	file:///private/tmp/projects/jadx/jadx-core/src/main/java/jadx/core/dex/instructions/args/RegisterArg.java
809	jadx.core.dex.instructions.args.RegisterArg	duplicate(int,@org.jetbrains.annotations.Nullable jadx.core.dex.instructions.args.SSAVar)	0	2	[false, true]	false	public	true	file:///private/tmp/projects/jadx/jadx-core/src/main/java/jadx/core/dex/instructions/args/RegisterArg.java
810	jadx.core.dex.instructions.args.RegisterArg	duplicate(int,jadx.core.dex.instructions.args.ArgType,@org.jetbrains.annotations.Nullable jadx.core.dex.instructions.args.SSAVar)	0	3	[false, false, true]	false	public	true	file:///private/tmp/projects/jadx/jadx-core/src/main/java/jadx/core/dex/instructions/args/RegisterArg.java
811	jadx.core.dex.instructions.args.RegisterArg	getAssignInsn()	0	0	[]	true	public	true	file:///private/tmp/projects/jadx/jadx-core/src/main/java/jadx/core/dex/instructions/args/RegisterArg.java
812	jadx.core.dex.instructions.args.RegisterArg	equalRegisterAndType(jadx.core.dex.instructions.args.RegisterArg)	0	1	[false]	false	public	false	file:///private/tmp/projects/jadx/jadx-core/src/main/java/jadx/core/dex/instructions/args/RegisterArg.java
813	jadx.core.dex.instructions.args.RegisterArg	sameRegAndSVar(jadx.core.dex.instructions.args.InsnArg)	0	1	[false]	false	public	false	file:///private/tmp/projects/jadx/jadx-core/src/main/java/jadx/core/dex/instructions/args/RegisterArg.java
814	jadx.core.dex.instructions.args.RegisterArg	sameReg(jadx.core.dex.instructions.args.InsnArg)	0	1	[false]	false	public	false	file:///private/tmp/projects/jadx/jadx-core/src/main/java/jadx/core/dex/instructions/args/RegisterArg.java
815	jadx.core.dex.instructions.args.RegisterArg	sameCodeVar(jadx.core.dex.instructions.args.RegisterArg)	0	1	[false]	false	public	false	file:///private/tmp/projects/jadx/jadx-core/src/main/java/jadx/core/dex/instructions/args/RegisterArg.java
816	jadx.core.dex.instructions.args.RegisterArg	isLinkedToOtherSsaVars()	0	0	[]	false	public	false	file:///private/tmp/projects/jadx/jadx-core/src/main/java/jadx/core/dex/instructions/args/RegisterArg.java
817	jadx.core.dex.instructions.args.RegisterArg	hashCode()	186	0	[]	false	public	false	file:///private/tmp/projects/jadx/jadx-core/src/main/java/jadx/core/dex/instructions/args/RegisterArg.java
818	jadx.core.dex.instructions.args.RegisterArg	equals(@org.jetbrains.annotations.Nullable java.lang.Object)	188	1	[true]	false	public	false	file:///private/tmp/projects/jadx/jadx-core/src/main/java/jadx/core/dex/instructions/args/RegisterArg.java
819	jadx.core.dex.instructions.args.RegisterArg	toString()	83	0	[]	false	public	true	file:///private/tmp/projects/jadx/jadx-core/src/main/java/jadx/core/dex/instructions/args/RegisterArg.java
800	jadx.core.dex.instructions.args.Named	getName()	0	0	[]	true	public	true	file:///private/tmp/projects/jadx/jadx-core/src/main/java/jadx/core/dex/instructions/args/Named.java
803	jadx.core.dex.instructions.args.Named	setName(java.lang.String)	0	1	[false]	false	public	false	file:///private/tmp/projects/jadx/jadx-core/src/main/java/jadx/core/dex/instructions/args/Named.java
820	jadx.core.dex.instructions.args.InsnWrapArg	InsnWrapArg(@org.jetbrains.annotations.NotNull jadx.core.dex.nodes.InsnNode)	0	1	[false]	false	package	false	file:///private/tmp/projects/jadx/jadx-core/src/main/java/jadx/core/dex/instructions/args/InsnWrapArg.java
821	jadx.core.dex.instructions.args.InsnWrapArg	getWrapInsn()	0	0	[]	false	public	true	file:///private/tmp/projects/jadx/jadx-core/src/main/java/jadx/core/dex/instructions/args/InsnWrapArg.java
822	jadx.core.dex.instructions.args.InsnWrapArg	setParentInsn(jadx.core.dex.nodes.InsnNode)	703	1	[true]	false	public	false	file:///private/tmp/projects/jadx/jadx-core/src/main/java/jadx/core/dex/instructions/args/InsnWrapArg.java
823	jadx.core.dex.instructions.args.InsnWrapArg	duplicate()	686	0	[]	false	public	true	file:///private/tmp/projects/jadx/jadx-core/src/main/java/jadx/core/dex/instructions/args/InsnWrapArg.java
824	jadx.core.dex.instructions.args.InsnWrapArg	isInsnWrap()	700	0	[]	false	public	false	file:///private/tmp/projects/jadx/jadx-core/src/main/java/jadx/core/dex/instructions/args/InsnWrapArg.java
825	jadx.core.dex.instructions.args.InsnWrapArg	hashCode()	186	0	[]	false	public	false	file:///private/tmp/projects/jadx/jadx-core/src/main/java/jadx/core/dex/instructions/args/InsnWrapArg.java
826	jadx.core.dex.instructions.args.InsnWrapArg	equals(java.lang.Object)	188	1	[false]	false	public	false	file:///private/tmp/projects/jadx/jadx-core/src/main/java/jadx/core/dex/instructions/args/InsnWrapArg.java
827	jadx.core.dex.instructions.args.InsnWrapArg	toString()	83	0	[]	false	public	true	file:///private/tmp/projects/jadx/jadx-core/src/main/java/jadx/core/dex/instructions/args/InsnWrapArg.java
828	jadx.core.dex.instructions.args.SSAVar	SSAVar(int,int,@org.jetbrains.annotations.NotNull jadx.core.dex.instructions.args.RegisterArg)	0	3	[false, false, false]	false	public	false	file:///private/tmp/projects/jadx/jadx-core/src/main/java/jadx/core/dex/instructions/args/SSAVar.java
829	jadx.core.dex.instructions.args.SSAVar	getRegNum()	0	0	[]	false	public	false	file:///private/tmp/projects/jadx/jadx-core/src/main/java/jadx/core/dex/instructions/args/SSAVar.java
830	jadx.core.dex.instructions.args.SSAVar	getVersion()	0	0	[]	false	public	false	file:///private/tmp/projects/jadx/jadx-core/src/main/java/jadx/core/dex/instructions/args/SSAVar.java
831	jadx.core.dex.instructions.args.SSAVar	getAssign()	0	0	[]	false	public	true	file:///private/tmp/projects/jadx/jadx-core/src/main/java/jadx/core/dex/instructions/args/SSAVar.java
832	jadx.core.dex.instructions.args.SSAVar	getAssignInsn()	0	0	[]	true	public	true	file:///private/tmp/projects/jadx/jadx-core/src/main/java/jadx/core/dex/instructions/args/SSAVar.java
833	jadx.core.dex.instructions.args.SSAVar	setAssign(@org.jetbrains.annotations.NotNull jadx.core.dex.instructions.args.RegisterArg)	0	1	[false]	false	public	false	file:///private/tmp/projects/jadx/jadx-core/src/main/java/jadx/core/dex/instructions/args/SSAVar.java
834	jadx.core.dex.instructions.args.SSAVar	getUseList()	0	0	[]	false	public	true	file:///private/tmp/projects/jadx/jadx-core/src/main/java/jadx/core/dex/instructions/args/SSAVar.java
835	jadx.core.dex.instructions.args.SSAVar	getUseCount()	0	0	[]	false	public	false	file:///private/tmp/projects/jadx/jadx-core/src/main/java/jadx/core/dex/instructions/args/SSAVar.java
836	jadx.core.dex.instructions.args.SSAVar	getImmutableType()	0	0	[]	true	public	true	file:///private/tmp/projects/jadx/jadx-core/src/main/java/jadx/core/dex/instructions/args/SSAVar.java
837	jadx.core.dex.instructions.args.SSAVar	isTypeImmutable()	0	0	[]	false	public	false	file:///private/tmp/projects/jadx/jadx-core/src/main/java/jadx/core/dex/instructions/args/SSAVar.java
838	jadx.core.dex.instructions.args.SSAVar	markAsImmutable(jadx.core.dex.instructions.args.ArgType)	0	1	[false]	false	public	false	file:///private/tmp/projects/jadx/jadx-core/src/main/java/jadx/core/dex/instructions/args/SSAVar.java
839	jadx.core.dex.instructions.args.SSAVar	setType(@org.jetbrains.annotations.Nullable jadx.core.dex.instructions.args.ArgType)	0	1	[true]	false	public	false	file:///private/tmp/projects/jadx/jadx-core/src/main/java/jadx/core/dex/instructions/args/SSAVar.java
840	jadx.core.dex.instructions.args.SSAVar	forceSetType(jadx.core.dex.instructions.args.ArgType)	0	1	[false]	false	public	false	file:///private/tmp/projects/jadx/jadx-core/src/main/java/jadx/core/dex/instructions/args/SSAVar.java
841	jadx.core.dex.instructions.args.SSAVar	updateType(@org.jetbrains.annotations.Nullable jadx.core.dex.instructions.args.ArgType)	0	1	[true]	false	private	false	file:///private/tmp/projects/jadx/jadx-core/src/main/java/jadx/core/dex/instructions/args/SSAVar.java
842	jadx.core.dex.instructions.args.SSAVar	use(jadx.core.dex.instructions.args.RegisterArg)	0	1	[false]	false	public	false	file:///private/tmp/projects/jadx/jadx-core/src/main/java/jadx/core/dex/instructions/args/SSAVar.java
843	jadx.core.dex.instructions.args.SSAVar	removeUse(jadx.core.dex.instructions.args.RegisterArg)	0	1	[false]	false	public	false	file:///private/tmp/projects/jadx/jadx-core/src/main/java/jadx/core/dex/instructions/args/SSAVar.java
844	jadx.core.dex.instructions.args.SSAVar	addUsedInPhi(jadx.core.dex.instructions.PhiInsn)	0	1	[false]	false	public	false	file:///private/tmp/projects/jadx/jadx-core/src/main/java/jadx/core/dex/instructions/args/SSAVar.java
845	jadx.core.dex.instructions.args.SSAVar	removeUsedInPhi(jadx.core.dex.instructions.PhiInsn)	0	1	[false]	false	public	false	file:///private/tmp/projects/jadx/jadx-core/src/main/java/jadx/core/dex/instructions/args/SSAVar.java
846	jadx.core.dex.instructions.args.SSAVar	updateUsedInPhiList()	0	0	[]	false	public	false	file:///private/tmp/projects/jadx/jadx-core/src/main/java/jadx/core/dex/instructions/args/SSAVar.java
847	jadx.core.dex.instructions.args.SSAVar	getOnlyOneUseInPhi()	0	0	[]	true	public	true	file:///private/tmp/projects/jadx/jadx-core/src/main/java/jadx/core/dex/instructions/args/SSAVar.java
848	jadx.core.dex.instructions.args.SSAVar	getUsedInPhi()	0	0	[]	false	public	true	file:///private/tmp/projects/jadx/jadx-core/src/main/java/jadx/core/dex/instructions/args/SSAVar.java
849	jadx.core.dex.instructions.args.SSAVar	getPhiList()	0	0	[]	false	public	true	file:///private/tmp/projects/jadx/jadx-core/src/main/java/jadx/core/dex/instructions/args/SSAVar.java
850	jadx.core.dex.instructions.args.SSAVar	isAssignInPhi()	0	0	[]	false	public	false	file:///private/tmp/projects/jadx/jadx-core/src/main/java/jadx/core/dex/instructions/args/SSAVar.java
851	jadx.core.dex.instructions.args.SSAVar	isUsedInPhi()	0	0	[]	false	public	false	file:///private/tmp/projects/jadx/jadx-core/src/main/java/jadx/core/dex/instructions/args/SSAVar.java
852	jadx.core.dex.instructions.args.SSAVar	setName(@org.jetbrains.annotations.Nullable java.lang.String)	0	1	[true]	false	public	false	file:///private/tmp/projects/jadx/jadx-core/src/main/java/jadx/core/dex/instructions/args/SSAVar.java
853	jadx.core.dex.instructions.args.SSAVar	getName()	0	0	[]	true	public	true	file:///private/tmp/projects/jadx/jadx-core/src/main/java/jadx/core/dex/instructions/args/SSAVar.java
854	jadx.core.dex.instructions.args.SSAVar	getTypeInfo()	0	0	[]	false	public	true	file:///private/tmp/projects/jadx/jadx-core/src/main/java/jadx/core/dex/instructions/args/SSAVar.java
855	jadx.core.dex.instructions.args.SSAVar	getCodeVar()	0	0	[]	false	public	true	file:///private/tmp/projects/jadx/jadx-core/src/main/java/jadx/core/dex/instructions/args/SSAVar.java
856	jadx.core.dex.instructions.args.SSAVar	setCodeVar(@org.jetbrains.annotations.NotNull jadx.core.dex.instructions.args.CodeVar)	0	1	[false]	false	public	false	file:///private/tmp/projects/jadx/jadx-core/src/main/java/jadx/core/dex/instructions/args/SSAVar.java
857	jadx.core.dex.instructions.args.SSAVar	resetTypeAndCodeVar()	0	0	[]	false	public	false	file:///private/tmp/projects/jadx/jadx-core/src/main/java/jadx/core/dex/instructions/args/SSAVar.java
858	jadx.core.dex.instructions.args.SSAVar	isCodeVarSet()	0	0	[]	false	public	false	file:///private/tmp/projects/jadx/jadx-core/src/main/java/jadx/core/dex/instructions/args/SSAVar.java
859	jadx.core.dex.instructions.args.SSAVar	equals(java.lang.Object)	188	1	[false]	false	public	false	file:///private/tmp/projects/jadx/jadx-core/src/main/java/jadx/core/dex/instructions/args/SSAVar.java
860	jadx.core.dex.instructions.args.SSAVar	hashCode()	186	0	[]	false	public	false	file:///private/tmp/projects/jadx/jadx-core/src/main/java/jadx/core/dex/instructions/args/SSAVar.java
861	jadx.core.dex.instructions.args.SSAVar	toShortString()	0	0	[]	false	public	true	file:///private/tmp/projects/jadx/jadx-core/src/main/java/jadx/core/dex/instructions/args/SSAVar.java
862	jadx.core.dex.instructions.args.SSAVar	toString()	83	0	[]	false	public	true	file:///private/tmp/projects/jadx/jadx-core/src/main/java/jadx/core/dex/instructions/args/SSAVar.java
863	jadx.core.dex.instructions.args.SSAVar	getDetailedVarInfo(jadx.core.dex.nodes.MethodNode)	0	1	[false]	false	public	true	file:///private/tmp/projects/jadx/jadx-core/src/main/java/jadx/core/dex/instructions/args/SSAVar.java
864	jadx.core.dex.instructions.PhiInsn	PhiInsn(int,int)	0	2	[false, false]	false	public	false	file:///private/tmp/projects/jadx/jadx-core/src/main/java/jadx/core/dex/instructions/PhiInsn.java
865	jadx.core.dex.instructions.PhiInsn	PhiInsn(int)	0	1	[false]	false	private	false	file:///private/tmp/projects/jadx/jadx-core/src/main/java/jadx/core/dex/instructions/PhiInsn.java
866	jadx.core.dex.instructions.PhiInsn	bindArg(jadx.core.dex.nodes.BlockNode)	0	1	[false]	false	public	true	file:///private/tmp/projects/jadx/jadx-core/src/main/java/jadx/core/dex/instructions/PhiInsn.java
867	jadx.core.dex.instructions.PhiInsn	bindArg(jadx.core.dex.instructions.args.RegisterArg,jadx.core.dex.nodes.BlockNode)	0	2	[false, false]	false	public	false	file:///private/tmp/projects/jadx/jadx-core/src/main/java/jadx/core/dex/instructions/PhiInsn.java
868	jadx.core.dex.instructions.PhiInsn	getBlockByArg(jadx.core.dex.instructions.args.RegisterArg)	0	1	[false]	true	public	true	file:///private/tmp/projects/jadx/jadx-core/src/main/java/jadx/core/dex/instructions/PhiInsn.java
869	jadx.core.dex.instructions.PhiInsn	getBlockByArgIndex(int)	0	1	[false]	false	public	true	file:///private/tmp/projects/jadx/jadx-core/src/main/java/jadx/core/dex/instructions/PhiInsn.java
870	jadx.core.dex.instructions.PhiInsn	getArg(int)	749	1	[false]	false	public	true	file:///private/tmp/projects/jadx/jadx-core/src/main/java/jadx/core/dex/instructions/PhiInsn.java
871	jadx.core.dex.instructions.PhiInsn	removeArg(jadx.core.dex.instructions.args.InsnArg)	753	1	[false]	false	public	false	file:///private/tmp/projects/jadx/jadx-core/src/main/java/jadx/core/dex/instructions/PhiInsn.java
872	jadx.core.dex.instructions.PhiInsn	removeArg(int)	754	1	[false]	false	public	true	file:///private/tmp/projects/jadx/jadx-core/src/main/java/jadx/core/dex/instructions/PhiInsn.java
873	jadx.core.dex.instructions.PhiInsn	getArgBySsaVar(jadx.core.dex.instructions.args.SSAVar)	0	1	[false]	true	public	true	file:///private/tmp/projects/jadx/jadx-core/src/main/java/jadx/core/dex/instructions/PhiInsn.java
874	jadx.core.dex.instructions.PhiInsn	replaceArg(@org.jetbrains.annotations.Nullable jadx.core.dex.instructions.args.InsnArg,jadx.core.dex.instructions.args.InsnArg)	752	2	[true, false]	false	public	false	file:///private/tmp/projects/jadx/jadx-core/src/main/java/jadx/core/dex/instructions/PhiInsn.java
875	jadx.core.dex.instructions.PhiInsn	addArg(jadx.core.dex.instructions.args.InsnArg)	742	1	[false]	false	public	false	file:///private/tmp/projects/jadx/jadx-core/src/main/java/jadx/core/dex/instructions/PhiInsn.java
876	jadx.core.dex.instructions.PhiInsn	setArg(int,jadx.core.dex.instructions.args.InsnArg)	743	2	[false, false]	false	public	false	file:///private/tmp/projects/jadx/jadx-core/src/main/java/jadx/core/dex/instructions/PhiInsn.java
877	jadx.core.dex.instructions.PhiInsn	copy()	775	0	[]	false	public	true	file:///private/tmp/projects/jadx/jadx-core/src/main/java/jadx/core/dex/instructions/PhiInsn.java
878	jadx.core.dex.instructions.PhiInsn	toString()	786	0	[]	false	public	true	file:///private/tmp/projects/jadx/jadx-core/src/main/java/jadx/core/dex/instructions/PhiInsn.java
879	jadx.core.dex.visitors.typeinference.TypeInfo	getType()	0	0	[]	false	public	true	file:///private/tmp/projects/jadx/jadx-core/src/main/java/jadx/core/dex/visitors/typeinference/TypeInfo.java
880	jadx.core.dex.visitors.typeinference.TypeInfo	setType(jadx.core.dex.instructions.args.ArgType)	0	1	[true]	false	public	false	file:///private/tmp/projects/jadx/jadx-core/src/main/java/jadx/core/dex/visitors/typeinference/TypeInfo.java
881	jadx.core.dex.visitors.typeinference.TypeInfo	getBounds()	0	0	[]	false	public	true	file:///private/tmp/projects/jadx/jadx-core/src/main/java/jadx/core/dex/visitors/typeinference/TypeInfo.java
882	jadx.core.dex.visitors.typeinference.TypeInfo	toString()	83	0	[]	false	public	true	file:///private/tmp/projects/jadx/jadx-core/src/main/java/jadx/core/dex/visitors/typeinference/TypeInfo.java
883	jadx.core.dex.instructions.args.CodeVar	fromMthArg(jadx.core.dex.instructions.args.RegisterArg,boolean)	0	2	[false, false]	false	public	true	file:///private/tmp/projects/jadx/jadx-core/src/main/java/jadx/core/dex/instructions/args/CodeVar.java
884	jadx.core.dex.instructions.args.CodeVar	getName()	0	0	[]	true	public	true	file:///private/tmp/projects/jadx/jadx-core/src/main/java/jadx/core/dex/instructions/args/CodeVar.java
885	jadx.core.dex.instructions.args.CodeVar	setName(java.lang.String)	0	1	[true]	false	public	false	file:///private/tmp/projects/jadx/jadx-core/src/main/java/jadx/core/dex/instructions/args/CodeVar.java
886	jadx.core.dex.instructions.args.CodeVar	getType()	0	0	[]	true	public	true	file:///private/tmp/projects/jadx/jadx-core/src/main/java/jadx/core/dex/instructions/args/CodeVar.java
887	jadx.core.dex.instructions.args.CodeVar	setType(jadx.core.dex.instructions.args.ArgType)	0	1	[true]	false	public	false	file:///private/tmp/projects/jadx/jadx-core/src/main/java/jadx/core/dex/instructions/args/CodeVar.java
888	jadx.core.dex.instructions.args.CodeVar	getSsaVars()	0	0	[]	false	public	true	file:///private/tmp/projects/jadx/jadx-core/src/main/java/jadx/core/dex/instructions/args/CodeVar.java
889	jadx.core.dex.instructions.args.CodeVar	addSsaVar(jadx.core.dex.instructions.args.SSAVar)	0	1	[false]	false	public	false	file:///private/tmp/projects/jadx/jadx-core/src/main/java/jadx/core/dex/instructions/args/CodeVar.java
890	jadx.core.dex.instructions.args.CodeVar	setSsaVars(java.util.List<jadx.core.dex.instructions.args.SSAVar>)	0	1	[false]	false	public	false	file:///private/tmp/projects/jadx/jadx-core/src/main/java/jadx/core/dex/instructions/args/CodeVar.java
891	jadx.core.dex.instructions.args.CodeVar	getAnySsaVar()	0	0	[]	false	public	true	file:///private/tmp/projects/jadx/jadx-core/src/main/java/jadx/core/dex/instructions/args/CodeVar.java
892	jadx.core.dex.instructions.args.CodeVar	isFinal()	0	0	[]	false	public	false	file:///private/tmp/projects/jadx/jadx-core/src/main/java/jadx/core/dex/instructions/args/CodeVar.java
893	jadx.core.dex.instructions.args.CodeVar	setFinal(boolean)	0	1	[false]	false	public	false	file:///private/tmp/projects/jadx/jadx-core/src/main/java/jadx/core/dex/instructions/args/CodeVar.java
894	jadx.core.dex.instructions.args.CodeVar	isThis()	0	0	[]	false	public	false	file:///private/tmp/projects/jadx/jadx-core/src/main/java/jadx/core/dex/instructions/args/CodeVar.java
895	jadx.core.dex.instructions.args.CodeVar	setThis(boolean)	0	1	[false]	false	public	false	file:///private/tmp/projects/jadx/jadx-core/src/main/java/jadx/core/dex/instructions/args/CodeVar.java
896	jadx.core.dex.instructions.args.CodeVar	isDeclared()	0	0	[]	false	public	false	file:///private/tmp/projects/jadx/jadx-core/src/main/java/jadx/core/dex/instructions/args/CodeVar.java
897	jadx.core.dex.instructions.args.CodeVar	setDeclared(boolean)	0	1	[false]	false	public	false	file:///private/tmp/projects/jadx/jadx-core/src/main/java/jadx/core/dex/instructions/args/CodeVar.java
898	jadx.core.dex.instructions.args.CodeVar	getCachedVarNode()	0	0	[]	true	public	true	file:///private/tmp/projects/jadx/jadx-core/src/main/java/jadx/core/dex/instructions/args/CodeVar.java
899	jadx.core.dex.instructions.args.CodeVar	setCachedVarNode(jadx.api.metadata.annotations.VarNode)	0	1	[false]	false	public	false	file:///private/tmp/projects/jadx/jadx-core/src/main/java/jadx/core/dex/instructions/args/CodeVar.java
900	jadx.core.dex.instructions.args.CodeVar	mergeFlagsFrom(jadx.core.dex.instructions.args.CodeVar)	0	1	[false]	false	public	false	file:///private/tmp/projects/jadx/jadx-core/src/main/java/jadx/core/dex/instructions/args/CodeVar.java
901	jadx.core.dex.instructions.args.CodeVar	toString()	83	0	[]	false	public	true	file:///private/tmp/projects/jadx/jadx-core/src/main/java/jadx/core/dex/instructions/args/CodeVar.java
902	jadx.api.metadata.annotations.VarNode	get(jadx.core.dex.nodes.MethodNode,jadx.core.dex.instructions.args.RegisterArg)	0	2	[false, false]	true	public	true	file:///private/tmp/projects/jadx/jadx-core/src/main/java/jadx/api/metadata/annotations/VarNode.java
903	jadx.api.metadata.annotations.VarNode	get(jadx.core.dex.nodes.MethodNode,jadx.core.dex.instructions.args.CodeVar)	0	2	[false, false]	true	public	true	file:///private/tmp/projects/jadx/jadx-core/src/main/java/jadx/api/metadata/annotations/VarNode.java
904	jadx.api.metadata.annotations.VarNode	get(jadx.core.dex.nodes.MethodNode,jadx.core.dex.instructions.args.SSAVar)	0	2	[false, false]	true	public	true	file:///private/tmp/projects/jadx/jadx-core/src/main/java/jadx/api/metadata/annotations/VarNode.java
905	jadx.api.metadata.annotations.VarNode	getRef(jadx.core.dex.nodes.MethodNode,jadx.core.dex.instructions.args.RegisterArg)	0	2	[false, false]	true	public	true	file:///private/tmp/projects/jadx/jadx-core/src/main/java/jadx/api/metadata/annotations/VarNode.java
906	jadx.api.metadata.annotations.VarNode	VarNode(jadx.core.dex.nodes.MethodNode,jadx.core.dex.instructions.args.SSAVar)	0	2	[false, false]	false	protected	false	file:///private/tmp/projects/jadx/jadx-core/src/main/java/jadx/api/metadata/annotations/VarNode.java
907	jadx.api.metadata.annotations.VarNode	VarNode(jadx.core.dex.nodes.MethodNode,int,int,jadx.core.dex.instructions.args.ArgType,java.lang.String)	0	5	[false, false, false, false, false]	false	public	false	file:///private/tmp/projects/jadx/jadx-core/src/main/java/jadx/api/metadata/annotations/VarNode.java
908	jadx.api.metadata.annotations.VarNode	getMth()	0	0	[]	false	public	true	file:///private/tmp/projects/jadx/jadx-core/src/main/java/jadx/api/metadata/annotations/VarNode.java
909	jadx.api.metadata.annotations.VarNode	getReg()	0	0	[]	false	public	false	file:///private/tmp/projects/jadx/jadx-core/src/main/java/jadx/api/metadata/annotations/VarNode.java
910	jadx.api.metadata.annotations.VarNode	getSsa()	0	0	[]	false	public	false	file:///private/tmp/projects/jadx/jadx-core/src/main/java/jadx/api/metadata/annotations/VarNode.java
911	jadx.api.metadata.annotations.VarNode	getType()	0	0	[]	false	public	true	file:///private/tmp/projects/jadx/jadx-core/src/main/java/jadx/api/metadata/annotations/VarNode.java
912	jadx.api.metadata.annotations.VarNode	getName()	0	0	[]	true	public	true	file:///private/tmp/projects/jadx/jadx-core/src/main/java/jadx/api/metadata/annotations/VarNode.java
913	jadx.api.metadata.annotations.VarNode	setName(java.lang.String)	0	1	[false]	false	public	false	file:///private/tmp/projects/jadx/jadx-core/src/main/java/jadx/api/metadata/annotations/VarNode.java
914	jadx.api.metadata.annotations.VarNode	getVarRef()	0	0	[]	false	public	true	file:///private/tmp/projects/jadx/jadx-core/src/main/java/jadx/api/metadata/annotations/VarNode.java
915	jadx.api.metadata.annotations.VarNode	getDefPosition()	253	0	[]	false	public	false	file:///private/tmp/projects/jadx/jadx-core/src/main/java/jadx/api/metadata/annotations/VarNode.java
916	jadx.api.metadata.annotations.VarNode	setDefPosition(int)	254	1	[false]	false	public	false	file:///private/tmp/projects/jadx/jadx-core/src/main/java/jadx/api/metadata/annotations/VarNode.java
917	jadx.api.metadata.annotations.VarNode	getAnnType()	184	0	[]	false	public	true	file:///private/tmp/projects/jadx/jadx-core/src/main/java/jadx/api/metadata/annotations/VarNode.java
918	jadx.api.metadata.annotations.VarNode	hashCode()	186	0	[]	false	public	false	file:///private/tmp/projects/jadx/jadx-core/src/main/java/jadx/api/metadata/annotations/VarNode.java
919	jadx.api.metadata.annotations.VarNode	equals(java.lang.Object)	188	1	[false]	false	public	false	file:///private/tmp/projects/jadx/jadx-core/src/main/java/jadx/api/metadata/annotations/VarNode.java
920	jadx.api.metadata.annotations.VarNode	toString()	83	0	[]	false	public	true	file:///private/tmp/projects/jadx/jadx-core/src/main/java/jadx/api/metadata/annotations/VarNode.java
921	jadx.api.metadata.annotations.VarRef	fromPos(int)	0	1	[false]	false	public	true	file:///private/tmp/projects/jadx/jadx-core/src/main/java/jadx/api/metadata/annotations/VarRef.java
922	jadx.api.metadata.annotations.VarRef	fromVarNode(jadx.api.metadata.annotations.VarNode)	0	1	[false]	false	public	true	file:///private/tmp/projects/jadx/jadx-core/src/main/java/jadx/api/metadata/annotations/VarRef.java
923	jadx.api.metadata.annotations.VarRef	getRefPos()	0	0	[]	false	public	false	file:///private/tmp/projects/jadx/jadx-core/src/main/java/jadx/api/metadata/annotations/VarRef.java
924	jadx.api.metadata.annotations.VarRef	getAnnType()	184	0	[]	false	public	true	file:///private/tmp/projects/jadx/jadx-core/src/main/java/jadx/api/metadata/annotations/VarRef.java
925	jadx.api.metadata.annotations.VarRef$FixedVarRef	FixedVarRef(int)	0	1	[false]	false	public	false	file:///private/tmp/projects/jadx/jadx-core/src/main/java/jadx/api/metadata/annotations/VarRef.java
926	jadx.api.metadata.annotations.VarRef$FixedVarRef	getRefPos()	923	0	[]	false	public	false	file:///private/tmp/projects/jadx/jadx-core/src/main/java/jadx/api/metadata/annotations/VarRef.java
927	jadx.api.metadata.annotations.VarRef$RelatedVarRef	RelatedVarRef(jadx.api.metadata.annotations.VarNode)	0	1	[false]	false	public	false	file:///private/tmp/projects/jadx/jadx-core/src/main/java/jadx/api/metadata/annotations/VarRef.java
928	jadx.api.metadata.annotations.VarRef$RelatedVarRef	getRefPos()	923	0	[]	false	public	false	file:///private/tmp/projects/jadx/jadx-core/src/main/java/jadx/api/metadata/annotations/VarRef.java
929	jadx.api.metadata.annotations.VarRef$RelatedVarRef	toString()	930	0	[]	false	public	true	file:///private/tmp/projects/jadx/jadx-core/src/main/java/jadx/api/metadata/annotations/VarRef.java
930	jadx.api.metadata.annotations.VarRef	toString()	83	0	[]	false	public	true	file:///private/tmp/projects/jadx/jadx-core/src/main/java/jadx/api/metadata/annotations/VarRef.java
931	jadx.core.dex.visitors.typeinference.ITypeBound	getBound()	0	0	[]	false	public	true	file:///private/tmp/projects/jadx/jadx-core/src/main/java/jadx/core/dex/visitors/typeinference/ITypeBound.java
932	jadx.core.dex.visitors.typeinference.ITypeBound	getType()	0	0	[]	false	public	true	file:///private/tmp/projects/jadx/jadx-core/src/main/java/jadx/core/dex/visitors/typeinference/ITypeBound.java
933	jadx.core.dex.visitors.typeinference.ITypeBound	getArg()	0	0	[]	true	public	true	file:///private/tmp/projects/jadx/jadx-core/src/main/java/jadx/core/dex/visitors/typeinference/ITypeBound.java
934	jadx.core.dex.nodes.BlockNode	BlockNode(int,int,int)	0	3	[false, false, false]	false	public	false	file:///private/tmp/projects/jadx/jadx-core/src/main/java/jadx/core/dex/nodes/BlockNode.java
935	jadx.core.dex.nodes.BlockNode	getCId()	0	0	[]	false	public	false	file:///private/tmp/projects/jadx/jadx-core/src/main/java/jadx/core/dex/nodes/BlockNode.java
936	jadx.core.dex.nodes.BlockNode	setId(int)	0	1	[false]	false	package	false	file:///private/tmp/projects/jadx/jadx-core/src/main/java/jadx/core/dex/nodes/BlockNode.java
937	jadx.core.dex.nodes.BlockNode	getId()	0	0	[]	false	public	false	file:///private/tmp/projects/jadx/jadx-core/src/main/java/jadx/core/dex/nodes/BlockNode.java
938	jadx.core.dex.nodes.BlockNode	getPredecessors()	0	0	[]	false	public	true	file:///private/tmp/projects/jadx/jadx-core/src/main/java/jadx/core/dex/nodes/BlockNode.java
939	jadx.core.dex.nodes.BlockNode	getSuccessors()	0	0	[]	false	public	true	file:///private/tmp/projects/jadx/jadx-core/src/main/java/jadx/core/dex/nodes/BlockNode.java
940	jadx.core.dex.nodes.BlockNode	getCleanSuccessors()	0	0	[]	false	public	true	file:///private/tmp/projects/jadx/jadx-core/src/main/java/jadx/core/dex/nodes/BlockNode.java
941	jadx.core.dex.nodes.BlockNode	updateCleanSuccessors()	0	0	[]	false	public	false	file:///private/tmp/projects/jadx/jadx-core/src/main/java/jadx/core/dex/nodes/BlockNode.java
942	jadx.core.dex.nodes.BlockNode	lock()	0	0	[]	false	public	false	file:///private/tmp/projects/jadx/jadx-core/src/main/java/jadx/core/dex/nodes/BlockNode.java
943	jadx.core.dex.nodes.BlockNode	cleanSuccessors(jadx.core.dex.nodes.BlockNode)	0	1	[false]	false	private	true	file:///private/tmp/projects/jadx/jadx-core/src/main/java/jadx/core/dex/nodes/BlockNode.java
944	jadx.core.dex.nodes.BlockNode	getInstructions()	945	0	[]	false	public	true	file:///private/tmp/projects/jadx/jadx-core/src/main/java/jadx/core/dex/nodes/BlockNode.java
946	jadx.core.dex.nodes.BlockNode	getStartOffset()	0	0	[]	false	public	false	file:///private/tmp/projects/jadx/jadx-core/src/main/java/jadx/core/dex/nodes/BlockNode.java
947	jadx.core.dex.nodes.BlockNode	isDominator(jadx.core.dex.nodes.BlockNode)	0	1	[true]	false	public	false	file:///private/tmp/projects/jadx/jadx-core/src/main/java/jadx/core/dex/nodes/BlockNode.java
948	jadx.core.dex.nodes.BlockNode	getDoms()	0	0	[]	false	public	true	file:///private/tmp/projects/jadx/jadx-core/src/main/java/jadx/core/dex/nodes/BlockNode.java
949	jadx.core.dex.nodes.BlockNode	setDoms(java.util.BitSet)	0	1	[true]	false	public	false	file:///private/tmp/projects/jadx/jadx-core/src/main/java/jadx/core/dex/nodes/BlockNode.java
950	jadx.core.dex.nodes.BlockNode	getDomFrontier()	0	0	[]	false	public	true	file:///private/tmp/projects/jadx/jadx-core/src/main/java/jadx/core/dex/nodes/BlockNode.java
951	jadx.core.dex.nodes.BlockNode	setDomFrontier(java.util.BitSet)	0	1	[true]	false	public	false	file:///private/tmp/projects/jadx/jadx-core/src/main/java/jadx/core/dex/nodes/BlockNode.java
952	jadx.core.dex.nodes.BlockNode	getIDom()	0	0	[]	false	public	true	file:///private/tmp/projects/jadx/jadx-core/src/main/java/jadx/core/dex/nodes/BlockNode.java
953	jadx.core.dex.nodes.BlockNode	setIDom(jadx.core.dex.nodes.BlockNode)	0	1	[true]	false	public	false	file:///private/tmp/projects/jadx/jadx-core/src/main/java/jadx/core/dex/nodes/BlockNode.java
954	jadx.core.dex.nodes.BlockNode	getDominatesOn()	0	0	[]	false	public	true	file:///private/tmp/projects/jadx/jadx-core/src/main/java/jadx/core/dex/nodes/BlockNode.java
955	jadx.core.dex.nodes.BlockNode	addDominatesOn(jadx.core.dex.nodes.BlockNode)	0	1	[false]	false	public	false	file:///private/tmp/projects/jadx/jadx-core/src/main/java/jadx/core/dex/nodes/BlockNode.java
956	jadx.core.dex.nodes.BlockNode	isSynthetic()	0	0	[]	false	public	false	file:///private/tmp/projects/jadx/jadx-core/src/main/java/jadx/core/dex/nodes/BlockNode.java
957	jadx.core.dex.nodes.BlockNode	isReturnBlock()	0	0	[]	false	public	false	file:///private/tmp/projects/jadx/jadx-core/src/main/java/jadx/core/dex/nodes/BlockNode.java
958	jadx.core.dex.nodes.BlockNode	isEmpty()	0	0	[]	false	public	false	file:///private/tmp/projects/jadx/jadx-core/src/main/java/jadx/core/dex/nodes/BlockNode.java
959	jadx.core.dex.nodes.BlockNode	hashCode()	186	0	[]	false	public	false	file:///private/tmp/projects/jadx/jadx-core/src/main/java/jadx/core/dex/nodes/BlockNode.java
960	jadx.core.dex.nodes.BlockNode	equals(java.lang.Object)	188	1	[true]	false	public	false	file:///private/tmp/projects/jadx/jadx-core/src/main/java/jadx/core/dex/nodes/BlockNode.java
961	jadx.core.dex.nodes.BlockNode	compareTo(@org.jetbrains.annotations.NotNull jadx.core.dex.nodes.BlockNode)	190	1	[false]	false	public	false	file:///private/tmp/projects/jadx/jadx-core/src/main/java/jadx/core/dex/nodes/BlockNode.java
962	jadx.core.dex.nodes.BlockNode	baseString()	963	0	[]	false	public	true	file:///private/tmp/projects/jadx/jadx-core/src/main/java/jadx/core/dex/nodes/BlockNode.java
964	jadx.core.dex.nodes.BlockNode	toString()	83	0	[]	false	public	true	file:///private/tmp/projects/jadx/jadx-core/src/main/java/jadx/core/dex/nodes/BlockNode.java
945	jadx.core.dex.nodes.IBlock	getInstructions()	0	0	[]	false	public	true	file:///private/tmp/projects/jadx/jadx-core/src/main/java/jadx/core/dex/nodes/IBlock.java
965	jadx.core.dex.nodes.IBlock	generate(jadx.core.codegen.RegionGen,jadx.api.ICodeWriter)	966	2	[false, false]	false	public	false	file:///private/tmp/projects/jadx/jadx-core/src/main/java/jadx/core/dex/nodes/IBlock.java
963	jadx.core.dex.nodes.IContainer	baseString()	0	0	[]	false	public	true	file:///private/tmp/projects/jadx/jadx-core/src/main/java/jadx/core/dex/nodes/IContainer.java
966	jadx.core.dex.nodes.IContainer	generate(jadx.core.codegen.RegionGen,jadx.api.ICodeWriter)	0	2	[false, false]	false	public	false	file:///private/tmp/projects/jadx/jadx-core/src/main/java/jadx/core/dex/nodes/IContainer.java
967	jadx.core.dex.regions.SwitchRegion	SwitchRegion(jadx.core.dex.nodes.IRegion,jadx.core.dex.nodes.BlockNode)	0	2	[false, false]	false	public	false	file:///private/tmp/projects/jadx/jadx-core/src/main/java/jadx/core/dex/regions/SwitchRegion.java
968	jadx.core.dex.regions.SwitchRegion$CaseInfo	CaseInfo(java.util.List<java.lang.Object>,jadx.core.dex.nodes.IContainer)	0	2	[false, false]	false	public	false	file:///private/tmp/projects/jadx/jadx-core/src/main/java/jadx/core/dex/regions/SwitchRegion.java
969	jadx.core.dex.regions.SwitchRegion$CaseInfo	getKeys()	0	0	[]	false	public	true	file:///private/tmp/projects/jadx/jadx-core/src/main/java/jadx/core/dex/regions/SwitchRegion.java
970	jadx.core.dex.regions.SwitchRegion$CaseInfo	getContainer()	0	0	[]	false	public	true	file:///private/tmp/projects/jadx/jadx-core/src/main/java/jadx/core/dex/regions/SwitchRegion.java
971	jadx.core.dex.regions.SwitchRegion	getHeader()	0	0	[]	false	public	true	file:///private/tmp/projects/jadx/jadx-core/src/main/java/jadx/core/dex/regions/SwitchRegion.java
972	jadx.core.dex.regions.SwitchRegion	addCase(java.util.List<java.lang.Object>,jadx.core.dex.nodes.IContainer)	0	2	[false, false]	false	public	false	file:///private/tmp/projects/jadx/jadx-core/src/main/java/jadx/core/dex/regions/SwitchRegion.java
973	jadx.core.dex.regions.SwitchRegion	getCases()	0	0	[]	false	public	true	file:///private/tmp/projects/jadx/jadx-core/src/main/java/jadx/core/dex/regions/SwitchRegion.java
974	jadx.core.dex.regions.SwitchRegion	getCaseContainers()	0	0	[]	false	public	true	file:///private/tmp/projects/jadx/jadx-core/src/main/java/jadx/core/dex/regions/SwitchRegion.java
975	jadx.core.dex.regions.SwitchRegion	getSubBlocks()	976	0	[]	false	public	true	file:///private/tmp/projects/jadx/jadx-core/src/main/java/jadx/core/dex/regions/SwitchRegion.java
977	jadx.core.dex.regions.SwitchRegion	getBranches()	978	0	[]	false	public	true	file:///private/tmp/projects/jadx/jadx-core/src/main/java/jadx/core/dex/regions/SwitchRegion.java
979	jadx.core.dex.regions.SwitchRegion	generate(jadx.core.codegen.RegionGen,jadx.api.ICodeWriter)	966	2	[false, false]	false	public	false	file:///private/tmp/projects/jadx/jadx-core/src/main/java/jadx/core/dex/regions/SwitchRegion.java
980	jadx.core.dex.regions.SwitchRegion	baseString()	963	0	[]	false	public	true	file:///private/tmp/projects/jadx/jadx-core/src/main/java/jadx/core/dex/regions/SwitchRegion.java
981	jadx.core.dex.regions.SwitchRegion	toString()	83	0	[]	false	public	true	file:///private/tmp/projects/jadx/jadx-core/src/main/java/jadx/core/dex/regions/SwitchRegion.java
982	jadx.core.codegen.RegionGen	RegionGen(jadx.core.codegen.MethodGen)	0	1	[false]	false	public	false	file:///private/tmp/projects/jadx/jadx-core/src/main/java/jadx/core/codegen/RegionGen.java
983	jadx.core.codegen.RegionGen	makeRegion(jadx.api.ICodeWriter,jadx.core.dex.nodes.IContainer)	0	2	[false, true]	false	public	false	file:///private/tmp/projects/jadx/jadx-core/src/main/java/jadx/core/codegen/RegionGen.java
984	jadx.core.codegen.RegionGen	declareVars(jadx.api.ICodeWriter,jadx.core.dex.nodes.IContainer)	0	2	[false, true]	false	private	false	file:///private/tmp/projects/jadx/jadx-core/src/main/java/jadx/core/codegen/RegionGen.java
985	jadx.core.codegen.RegionGen	makeRegionIndent(jadx.api.ICodeWriter,jadx.core.dex.nodes.IContainer)	0	2	[false, true]	false	private	false	file:///private/tmp/projects/jadx/jadx-core/src/main/java/jadx/core/codegen/RegionGen.java
986	jadx.core.codegen.RegionGen	makeSimpleBlock(jadx.core.dex.nodes.IBlock,jadx.api.ICodeWriter)	0	2	[false, false]	false	public	false	file:///private/tmp/projects/jadx/jadx-core/src/main/java/jadx/core/codegen/RegionGen.java
987	jadx.core.codegen.RegionGen	makeIf(jadx.core.dex.regions.conditions.IfRegion,jadx.api.ICodeWriter,boolean)	0	3	[false, false, false]	false	public	false	file:///private/tmp/projects/jadx/jadx-core/src/main/java/jadx/core/codegen/RegionGen.java
988	jadx.core.codegen.RegionGen	connectElseIf(jadx.api.ICodeWriter,jadx.core.dex.nodes.IContainer)	0	2	[false, true]	false	private	false	file:///private/tmp/projects/jadx/jadx-core/src/main/java/jadx/core/codegen/RegionGen.java
989	jadx.core.codegen.RegionGen	makeLoop(jadx.core.dex.regions.loops.LoopRegion,jadx.api.ICodeWriter)	0	2	[false, false]	false	public	false	file:///private/tmp/projects/jadx/jadx-core/src/main/java/jadx/core/codegen/RegionGen.java
990	jadx.core.codegen.RegionGen	makeSynchronizedRegion(jadx.core.dex.regions.SynchronizedRegion,jadx.api.ICodeWriter)	0	2	[false, false]	false	public	false	file:///private/tmp/projects/jadx/jadx-core/src/main/java/jadx/core/codegen/RegionGen.java
991	jadx.core.codegen.RegionGen	makeSwitch(jadx.core.dex.regions.SwitchRegion,jadx.api.ICodeWriter)	0	2	[false, false]	false	public	false	file:///private/tmp/projects/jadx/jadx-core/src/main/java/jadx/core/codegen/RegionGen.java
992	jadx.core.codegen.RegionGen	addCaseKey(jadx.api.ICodeWriter,jadx.core.dex.instructions.args.InsnArg,java.lang.Object)	0	3	[false, false, false]	false	private	false	file:///private/tmp/projects/jadx/jadx-core/src/main/java/jadx/core/codegen/RegionGen.java
993	jadx.core.codegen.RegionGen	makeTryCatch(jadx.core.dex.regions.TryCatchRegion,jadx.api.ICodeWriter)	0	2	[false, false]	false	public	false	file:///private/tmp/projects/jadx/jadx-core/src/main/java/jadx/core/codegen/RegionGen.java
994	jadx.core.codegen.RegionGen	makeCatchBlock(jadx.api.ICodeWriter,jadx.core.dex.trycatch.ExceptionHandler)	0	2	[false, false]	false	private	false	file:///private/tmp/projects/jadx/jadx-core/src/main/java/jadx/core/codegen/RegionGen.java
995	jadx.core.utils.android.AndroidResourcesUtils	AndroidResourcesUtils()	0	0	[]	false	private	false	file:///private/tmp/projects/jadx/jadx-core/src/main/java/jadx/core/utils/android/AndroidResourcesUtils.java
996	jadx.core.utils.android.AndroidResourcesUtils	searchAppResClass(jadx.core.dex.nodes.RootNode,jadx.core.xmlgen.ResourceStorage)	0	2	[false, false]	false	public	true	file:///private/tmp/projects/jadx/jadx-core/src/main/java/jadx/core/utils/android/AndroidResourcesUtils.java
997	jadx.core.utils.android.AndroidResourcesUtils	handleAppResField(jadx.api.ICodeWriter,jadx.core.codegen.ClassGen,jadx.core.dex.info.ClassInfo)	0	3	[false, false, false]	false	public	false	file:///private/tmp/projects/jadx/jadx-core/src/main/java/jadx/core/utils/android/AndroidResourcesUtils.java
998	jadx.core.utils.android.AndroidResourcesUtils	handleResourceFieldValue(jadx.core.dex.nodes.ClassNode,jadx.api.ICodeWriter,long,jadx.core.dex.instructions.args.ArgType)	0	4	[false, false, false, false]	false	public	false	file:///private/tmp/projects/jadx/jadx-core/src/main/java/jadx/core/utils/android/AndroidResourcesUtils.java
999	jadx.core.utils.android.AndroidResourcesUtils	isResourceClass(jadx.core.dex.nodes.ClassNode)	0	1	[false]	false	public	false	file:///private/tmp/projects/jadx/jadx-core/src/main/java/jadx/core/utils/android/AndroidResourcesUtils.java
1000	jadx.core.utils.android.AndroidResourcesUtils$ResClsInfo	ResClsInfo(jadx.core.dex.nodes.ClassNode)	0	1	[false]	false	private	false	file:///private/tmp/projects/jadx/jadx-core/src/main/java/jadx/core/utils/android/AndroidResourcesUtils.java
1001	jadx.core.utils.android.AndroidResourcesUtils$ResClsInfo	getTypeCls()	0	0	[]	false	public	true	file:///private/tmp/projects/jadx/jadx-core/src/main/java/jadx/core/utils/android/AndroidResourcesUtils.java
1002	jadx.core.utils.android.AndroidResourcesUtils$ResClsInfo	getFieldsMap()	0	0	[]	false	public	true	file:///private/tmp/projects/jadx/jadx-core/src/main/java/jadx/core/utils/android/AndroidResourcesUtils.java
1003	jadx.core.utils.android.AndroidResourcesUtils	addResourceFields(jadx.core.dex.nodes.ClassNode,jadx.core.xmlgen.ResourceStorage,boolean)	0	3	[false, false, false]	false	private	false	file:///private/tmp/projects/jadx/jadx-core/src/main/java/jadx/core/utils/android/AndroidResourcesUtils.java
1004	jadx.core.utils.android.AndroidResourcesUtils	getClassForResType(jadx.core.dex.nodes.ClassNode,boolean,java.lang.String)	0	3	[false, false, false]	false	private	true	file:///private/tmp/projects/jadx/jadx-core/src/main/java/jadx/core/utils/android/AndroidResourcesUtils.java
1005	jadx.core.utils.android.AndroidResourcesUtils	fillResFieldsMap(jadx.core.dex.nodes.ClassNode)	0	1	[false]	false	private	true	file:///private/tmp/projects/jadx/jadx-core/src/main/java/jadx/core/utils/android/AndroidResourcesUtils.java
1006	jadx.core.codegen.InsnGen	InsnGen(jadx.core.codegen.MethodGen,boolean)	0	2	[false, false]	false	public	false	file:///private/tmp/projects/jadx/jadx-core/src/main/java/jadx/core/codegen/InsnGen.java
1007	jadx.core.codegen.InsnGen	isFallback()	0	0	[]	false	private	false	file:///private/tmp/projects/jadx/jadx-core/src/main/java/jadx/core/codegen/InsnGen.java
1008	jadx.core.codegen.InsnGen	addArgDot(jadx.api.ICodeWriter,jadx.core.dex.instructions.args.InsnArg)	0	2	[false, false]	false	public	false	file:///private/tmp/projects/jadx/jadx-core/src/main/java/jadx/core/codegen/InsnGen.java
1009	jadx.core.codegen.InsnGen	addArg(jadx.api.ICodeWriter,jadx.core.dex.instructions.args.InsnArg)	0	2	[false, false]	false	public	false	file:///private/tmp/projects/jadx/jadx-core/src/main/java/jadx/core/codegen/InsnGen.java
1010	jadx.core.codegen.InsnGen	addArg(jadx.api.ICodeWriter,jadx.core.dex.instructions.args.InsnArg,boolean)	0	3	[false, false, false]	false	public	false	file:///private/tmp/projects/jadx/jadx-core/src/main/java/jadx/core/codegen/InsnGen.java
1011	jadx.core.codegen.InsnGen	addArg(jadx.api.ICodeWriter,jadx.core.dex.instructions.args.InsnArg,java.util.Set<jadx.core.codegen.InsnGen.Flags>)	0	3	[false, false, false]	false	public	false	file:///private/tmp/projects/jadx/jadx-core/src/main/java/jadx/core/codegen/InsnGen.java
1012	jadx.core.codegen.InsnGen	addLiteralArg(jadx.api.ICodeWriter,jadx.core.dex.instructions.args.LiteralArg,java.util.Set<jadx.core.codegen.InsnGen.Flags>)	0	3	[false, false, false]	false	private	false	file:///private/tmp/projects/jadx/jadx-core/src/main/java/jadx/core/codegen/InsnGen.java
1013	jadx.core.codegen.InsnGen	addWrappedArg(jadx.api.ICodeWriter,jadx.core.dex.instructions.args.InsnWrapArg,java.util.Set<jadx.core.codegen.InsnGen.Flags>)	0	3	[false, false, false]	false	private	false	file:///private/tmp/projects/jadx/jadx-core/src/main/java/jadx/core/codegen/InsnGen.java
1014	jadx.core.codegen.InsnGen	assignVar(jadx.api.ICodeWriter,jadx.core.dex.nodes.InsnNode)	0	2	[false, false]	false	public	false	file:///private/tmp/projects/jadx/jadx-core/src/main/java/jadx/core/codegen/InsnGen.java
1015	jadx.core.codegen.InsnGen	declareVar(jadx.api.ICodeWriter,jadx.core.dex.instructions.args.RegisterArg)	0	2	[false, false]	false	public	false	file:///private/tmp/projects/jadx/jadx-core/src/main/java/jadx/core/codegen/InsnGen.java
1016	jadx.core.codegen.InsnGen	declareVar(jadx.api.ICodeWriter,jadx.core.dex.instructions.args.CodeVar)	0	2	[false, false]	false	public	false	file:///private/tmp/projects/jadx/jadx-core/src/main/java/jadx/core/codegen/InsnGen.java
1017	jadx.core.codegen.InsnGen	defVar(jadx.api.ICodeWriter,jadx.core.dex.instructions.args.CodeVar)	0	2	[false, false]	false	private	false	file:///private/tmp/projects/jadx/jadx-core/src/main/java/jadx/core/codegen/InsnGen.java
1018	jadx.core.codegen.InsnGen	lit(jadx.core.dex.instructions.args.LiteralArg)	0	1	[false]	false	private	true	file:///private/tmp/projects/jadx/jadx-core/src/main/java/jadx/core/codegen/InsnGen.java
1019	jadx.core.codegen.InsnGen	instanceField(jadx.api.ICodeWriter,jadx.core.dex.info.FieldInfo,jadx.core.dex.instructions.args.InsnArg)	0	3	[false, false, false]	false	private	false	file:///private/tmp/projects/jadx/jadx-core/src/main/java/jadx/core/codegen/InsnGen.java
1020	jadx.core.codegen.InsnGen	makeStaticFieldAccess(jadx.api.ICodeWriter,jadx.core.dex.info.FieldInfo,jadx.core.codegen.ClassGen)	0	3	[false, false, false]	false	public	false	file:///private/tmp/projects/jadx/jadx-core/src/main/java/jadx/core/codegen/InsnGen.java
1021	jadx.core.codegen.InsnGen	staticField(jadx.api.ICodeWriter,jadx.core.dex.info.FieldInfo)	0	2	[false, false]	false	protected	false	file:///private/tmp/projects/jadx/jadx-core/src/main/java/jadx/core/codegen/InsnGen.java
1022	jadx.core.codegen.InsnGen	useClass(jadx.api.ICodeWriter,jadx.core.dex.instructions.args.ArgType)	0	2	[false, false]	false	public	false	file:///private/tmp/projects/jadx/jadx-core/src/main/java/jadx/core/codegen/InsnGen.java
1023	jadx.core.codegen.InsnGen	useClass(jadx.api.ICodeWriter,jadx.core.dex.info.ClassInfo)	0	2	[false, false]	false	public	false	file:///private/tmp/projects/jadx/jadx-core/src/main/java/jadx/core/codegen/InsnGen.java
1024	jadx.core.codegen.InsnGen	useType(jadx.api.ICodeWriter,@org.jetbrains.annotations.Nullable jadx.core.dex.instructions.args.ArgType)	0	2	[false, true]	false	protected	false	file:///private/tmp/projects/jadx/jadx-core/src/main/java/jadx/core/codegen/InsnGen.java
1025	jadx.core.codegen.InsnGen	makeInsn(jadx.core.dex.nodes.InsnNode,jadx.api.ICodeWriter)	0	2	[false, false]	false	public	false	file:///private/tmp/projects/jadx/jadx-core/src/main/java/jadx/core/codegen/InsnGen.java
1026	jadx.core.codegen.InsnGen	makeInsn(jadx.core.dex.nodes.InsnNode,jadx.api.ICodeWriter,@org.jetbrains.annotations.Nullable jadx.core.codegen.InsnGen.Flags)	0	3	[false, false, true]	false	protected	false	file:///private/tmp/projects/jadx/jadx-core/src/main/java/jadx/core/codegen/InsnGen.java
1027	jadx.core.codegen.InsnGen	makeInsnBody(jadx.api.ICodeWriter,jadx.core.dex.nodes.InsnNode,java.util.Set<jadx.core.codegen.InsnGen.Flags>)	0	3	[false, false, false]	false	private	false	file:///private/tmp/projects/jadx/jadx-core/src/main/java/jadx/core/codegen/InsnGen.java
1028	jadx.core.codegen.InsnGen	fillArray(jadx.api.ICodeWriter,jadx.core.dex.instructions.FillArrayInsn)	0	2	[false, false]	false	private	false	file:///private/tmp/projects/jadx/jadx-core/src/main/java/jadx/core/codegen/InsnGen.java
1029	jadx.core.codegen.InsnGen	oneArgInsn(jadx.api.ICodeWriter,jadx.core.dex.nodes.InsnNode,java.util.Set<jadx.core.codegen.InsnGen.Flags>,char)	0	4	[false, false, false, false]	false	private	false	file:///private/tmp/projects/jadx/jadx-core/src/main/java/jadx/core/codegen/InsnGen.java
1030	jadx.core.codegen.InsnGen	fallbackOnlyInsn(jadx.core.dex.nodes.InsnNode)	0	1	[false]	false	private	false	file:///private/tmp/projects/jadx/jadx-core/src/main/java/jadx/core/codegen/InsnGen.java
1031	jadx.core.codegen.InsnGen	filledNewArray(jadx.core.dex.instructions.FilledNewArrayNode,jadx.api.ICodeWriter)	0	2	[false, false]	false	private	false	file:///private/tmp/projects/jadx/jadx-core/src/main/java/jadx/core/codegen/InsnGen.java
1032	jadx.core.codegen.InsnGen	makeConstructor(jadx.core.dex.instructions.mods.ConstructorInsn,jadx.api.ICodeWriter)	0	2	[false, false]	false	private	false	file:///private/tmp/projects/jadx/jadx-core/src/main/java/jadx/core/codegen/InsnGen.java
1033	jadx.core.codegen.InsnGen	inlineAnonymousConstructor(jadx.api.ICodeWriter,jadx.core.dex.nodes.ClassNode,jadx.core.dex.instructions.mods.ConstructorInsn)	0	3	[false, false, false]	false	private	false	file:///private/tmp/projects/jadx/jadx-core/src/main/java/jadx/core/codegen/InsnGen.java
1034	jadx.core.codegen.InsnGen	makeInvoke(jadx.core.dex.instructions.InvokeNode,jadx.api.ICodeWriter)	0	2	[false, false]	false	private	false	file:///private/tmp/projects/jadx/jadx-core/src/main/java/jadx/core/codegen/InsnGen.java
1035	jadx.core.codegen.InsnGen	needInvokeArg(jadx.core.dex.instructions.args.InsnArg)	0	1	[false]	false	private	false	file:///private/tmp/projects/jadx/jadx-core/src/main/java/jadx/core/codegen/InsnGen.java
1036	jadx.core.codegen.InsnGen	makeInvokeLambda(jadx.api.ICodeWriter,jadx.core.dex.instructions.InvokeCustomNode)	0	2	[false, false]	false	private	false	file:///private/tmp/projects/jadx/jadx-core/src/main/java/jadx/core/codegen/InsnGen.java
1037	jadx.core.codegen.InsnGen	makeRefLambda(jadx.api.ICodeWriter,jadx.core.dex.instructions.InvokeCustomNode)	0	2	[false, false]	false	private	false	file:///private/tmp/projects/jadx/jadx-core/src/main/java/jadx/core/codegen/InsnGen.java
1038	jadx.core.codegen.InsnGen	makeSimpleLambda(jadx.api.ICodeWriter,jadx.core.dex.instructions.InvokeCustomNode)	0	2	[false, false]	false	private	false	file:///private/tmp/projects/jadx/jadx-core/src/main/java/jadx/core/codegen/InsnGen.java
1039	jadx.core.codegen.InsnGen	makeInlinedLambdaMethod(jadx.api.ICodeWriter,jadx.core.dex.instructions.InvokeCustomNode,jadx.core.dex.nodes.MethodNode)	0	3	[false, false, false]	false	private	false	file:///private/tmp/projects/jadx/jadx-core/src/main/java/jadx/core/codegen/InsnGen.java
1040	jadx.core.codegen.InsnGen	callSuper(jadx.api.ICodeWriter,jadx.core.dex.info.MethodInfo)	0	2	[false, false]	false	private	false	file:///private/tmp/projects/jadx/jadx-core/src/main/java/jadx/core/codegen/InsnGen.java
1041	jadx.core.codegen.InsnGen	getClassForSuperCall(jadx.core.dex.info.MethodInfo)	0	1	[false]	true	private	true	file:///private/tmp/projects/jadx/jadx-core/src/main/java/jadx/core/codegen/InsnGen.java
1042	jadx.core.codegen.InsnGen	generateMethodArguments(jadx.api.ICodeWriter,jadx.core.dex.instructions.BaseInvokeNode,int,@org.jetbrains.annotations.Nullable jadx.core.dex.nodes.MethodNode)	0	4	[false, false, false, true]	false	package	false	file:///private/tmp/projects/jadx/jadx-core/src/main/java/jadx/core/codegen/InsnGen.java
1043	jadx.core.codegen.InsnGen	processVarArg(jadx.api.ICodeWriter,jadx.core.dex.instructions.BaseInvokeNode,jadx.core.dex.instructions.args.InsnArg)	0	3	[false, false, false]	false	private	false	file:///private/tmp/projects/jadx/jadx-core/src/main/java/jadx/core/codegen/InsnGen.java
1044	jadx.core.codegen.InsnGen	makeTernary(jadx.core.dex.instructions.mods.TernaryInsn,jadx.api.ICodeWriter,java.util.Set<jadx.core.codegen.InsnGen.Flags>)	0	3	[false, false, false]	false	private	false	file:///private/tmp/projects/jadx/jadx-core/src/main/java/jadx/core/codegen/InsnGen.java
1045	jadx.core.codegen.InsnGen	makeArith(jadx.core.dex.instructions.ArithNode,jadx.api.ICodeWriter,java.util.Set<jadx.core.codegen.InsnGen.Flags>)	0	3	[false, false, false]	false	private	false	file:///private/tmp/projects/jadx/jadx-core/src/main/java/jadx/core/codegen/InsnGen.java
1046	jadx.core.codegen.InsnGen	makeArithOneArg(jadx.core.dex.instructions.ArithNode,jadx.api.ICodeWriter)	0	2	[false, false]	false	private	false	file:///private/tmp/projects/jadx/jadx-core/src/main/java/jadx/core/codegen/InsnGen.java
1047	jadx.core.dex.regions.AbstractRegion	AbstractRegion(jadx.core.dex.nodes.IRegion)	0	1	[true]	false	public	false	file:///private/tmp/projects/jadx/jadx-core/src/main/java/jadx/core/dex/regions/AbstractRegion.java
1048	jadx.core.dex.regions.AbstractRegion	getParent()	1049	0	[]	false	public	true	file:///private/tmp/projects/jadx/jadx-core/src/main/java/jadx/core/dex/regions/AbstractRegion.java
1050	jadx.core.dex.regions.AbstractRegion	setParent(jadx.core.dex.nodes.IRegion)	1051	1	[false]	false	public	false	file:///private/tmp/projects/jadx/jadx-core/src/main/java/jadx/core/dex/regions/AbstractRegion.java
1052	jadx.core.dex.regions.AbstractRegion	replaceSubBlock(jadx.core.dex.nodes.IContainer,jadx.core.dex.nodes.IContainer)	1053	2	[false, false]	false	public	false	file:///private/tmp/projects/jadx/jadx-core/src/main/java/jadx/core/dex/regions/AbstractRegion.java
1054	jadx.core.dex.regions.AbstractRegion	updateParent(jadx.core.dex.nodes.IContainer,jadx.core.dex.nodes.IRegion)	0	2	[false, false]	false	public	false	file:///private/tmp/projects/jadx/jadx-core/src/main/java/jadx/core/dex/regions/AbstractRegion.java
1049	jadx.core.dex.nodes.IRegion	getParent()	0	0	[]	false	public	true	file:///private/tmp/projects/jadx/jadx-core/src/main/java/jadx/core/dex/nodes/IRegion.java
1051	jadx.core.dex.nodes.IRegion	setParent(jadx.core.dex.nodes.IRegion)	0	1	[false]	false	public	false	file:///private/tmp/projects/jadx/jadx-core/src/main/java/jadx/core/dex/nodes/IRegion.java
976	jadx.core.dex.nodes.IRegion	getSubBlocks()	0	0	[]	false	public	true	file:///private/tmp/projects/jadx/jadx-core/src/main/java/jadx/core/dex/nodes/IRegion.java
1053	jadx.core.dex.nodes.IRegion	replaceSubBlock(jadx.core.dex.nodes.IContainer,jadx.core.dex.nodes.IContainer)	0	2	[false, false]	false	public	false	file:///private/tmp/projects/jadx/jadx-core/src/main/java/jadx/core/dex/nodes/IRegion.java
978	jadx.core.dex.nodes.IBranchRegion	getBranches()	0	0	[]	false	public	true	file:///private/tmp/projects/jadx/jadx-core/src/main/java/jadx/core/dex/nodes/IBranchRegion.java
1055	jadx.api.ICodeWriter	isMetadataSupported()	0	0	[]	false	public	false	file:///private/tmp/projects/jadx/jadx-core/src/main/java/jadx/api/ICodeWriter.java
1056	jadx.api.ICodeWriter	startLine()	0	0	[]	false	public	true	file:///private/tmp/projects/jadx/jadx-core/src/main/java/jadx/api/ICodeWriter.java
1057	jadx.api.ICodeWriter	startLine(char)	0	1	[false]	false	public	true	file:///private/tmp/projects/jadx/jadx-core/src/main/java/jadx/api/ICodeWriter.java
1058	jadx.api.ICodeWriter	startLine(java.lang.String)	0	1	[false]	false	public	true	file:///private/tmp/projects/jadx/jadx-core/src/main/java/jadx/api/ICodeWriter.java
1059	jadx.api.ICodeWriter	startLineWithNum(int)	0	1	[false]	false	public	true	file:///private/tmp/projects/jadx/jadx-core/src/main/java/jadx/api/ICodeWriter.java
1060	jadx.api.ICodeWriter	addMultiLine(java.lang.String)	0	1	[false]	false	public	true	file:///private/tmp/projects/jadx/jadx-core/src/main/java/jadx/api/ICodeWriter.java
1061	jadx.api.ICodeWriter	add(java.lang.String)	0	1	[false]	false	public	true	file:///private/tmp/projects/jadx/jadx-core/src/main/java/jadx/api/ICodeWriter.java
1062	jadx.api.ICodeWriter	add(char)	0	1	[false]	false	public	true	file:///private/tmp/projects/jadx/jadx-core/src/main/java/jadx/api/ICodeWriter.java
1063	jadx.api.ICodeWriter	add(jadx.api.ICodeWriter)	0	1	[false]	false	public	true	file:///private/tmp/projects/jadx/jadx-core/src/main/java/jadx/api/ICodeWriter.java
1064	jadx.api.ICodeWriter	newLine()	0	0	[]	false	public	true	file:///private/tmp/projects/jadx/jadx-core/src/main/java/jadx/api/ICodeWriter.java
1065	jadx.api.ICodeWriter	addIndent()	0	0	[]	false	public	true	file:///private/tmp/projects/jadx/jadx-core/src/main/java/jadx/api/ICodeWriter.java
1066	jadx.api.ICodeWriter	incIndent()	0	0	[]	false	public	false	file:///private/tmp/projects/jadx/jadx-core/src/main/java/jadx/api/ICodeWriter.java
1067	jadx.api.ICodeWriter	decIndent()	0	0	[]	false	public	false	file:///private/tmp/projects/jadx/jadx-core/src/main/java/jadx/api/ICodeWriter.java
1068	jadx.api.ICodeWriter	getIndent()	0	0	[]	false	public	false	file:///private/tmp/projects/jadx/jadx-core/src/main/java/jadx/api/ICodeWriter.java
1069	jadx.api.ICodeWriter	setIndent(int)	0	1	[false]	false	public	false	file:///private/tmp/projects/jadx/jadx-core/src/main/java/jadx/api/ICodeWriter.java
1070	jadx.api.ICodeWriter	getLine()	0	0	[]	false	public	false	file:///private/tmp/projects/jadx/jadx-core/src/main/java/jadx/api/ICodeWriter.java
1071	jadx.api.ICodeWriter	getLineStartPos()	0	0	[]	false	public	false	file:///private/tmp/projects/jadx/jadx-core/src/main/java/jadx/api/ICodeWriter.java
1072	jadx.api.ICodeWriter	attachDefinition(jadx.api.metadata.ICodeNodeRef)	0	1	[false]	false	public	false	file:///private/tmp/projects/jadx/jadx-core/src/main/java/jadx/api/ICodeWriter.java
1073	jadx.api.ICodeWriter	attachAnnotation(jadx.api.metadata.ICodeAnnotation)	0	1	[false]	false	public	false	file:///private/tmp/projects/jadx/jadx-core/src/main/java/jadx/api/ICodeWriter.java
1074	jadx.api.ICodeWriter	attachLineAnnotation(jadx.api.metadata.ICodeAnnotation)	0	1	[false]	false	public	false	file:///private/tmp/projects/jadx/jadx-core/src/main/java/jadx/api/ICodeWriter.java
1075	jadx.api.ICodeWriter	attachSourceLine(int)	0	1	[false]	false	public	false	file:///private/tmp/projects/jadx/jadx-core/src/main/java/jadx/api/ICodeWriter.java
1076	jadx.api.ICodeWriter	finish()	0	0	[]	false	public	true	file:///private/tmp/projects/jadx/jadx-core/src/main/java/jadx/api/ICodeWriter.java
1077	jadx.api.ICodeWriter	getCodeStr()	0	0	[]	false	public	true	file:///private/tmp/projects/jadx/jadx-core/src/main/java/jadx/api/ICodeWriter.java
1078	jadx.api.ICodeWriter	getLength()	0	0	[]	false	public	false	file:///private/tmp/projects/jadx/jadx-core/src/main/java/jadx/api/ICodeWriter.java
1079	jadx.api.ICodeWriter	getRawBuf()	0	0	[]	false	public	true	file:///private/tmp/projects/jadx/jadx-core/src/main/java/jadx/api/ICodeWriter.java
1080	jadx.api.ICodeWriter	getRawAnnotations()	0	0	[]	false	public	true	file:///private/tmp/projects/jadx/jadx-core/src/main/java/jadx/api/ICodeWriter.java
1081	jadx.core.utils.exceptions.CodegenException	CodegenException(java.lang.String)	0	1	[false]	false	public	false	file:///private/tmp/projects/jadx/jadx-core/src/main/java/jadx/core/utils/exceptions/CodegenException.java
1082	jadx.core.utils.exceptions.CodegenException	CodegenException(java.lang.String,java.lang.Throwable)	0	2	[false, false]	false	public	false	file:///private/tmp/projects/jadx/jadx-core/src/main/java/jadx/core/utils/exceptions/CodegenException.java
1083	jadx.core.utils.exceptions.CodegenException	CodegenException(jadx.core.dex.nodes.ClassNode,java.lang.String)	0	2	[false, false]	false	public	false	file:///private/tmp/projects/jadx/jadx-core/src/main/java/jadx/core/utils/exceptions/CodegenException.java
1084	jadx.core.utils.exceptions.CodegenException	CodegenException(jadx.core.dex.nodes.ClassNode,java.lang.String,java.lang.Throwable)	0	3	[false, false, false]	false	public	false	file:///private/tmp/projects/jadx/jadx-core/src/main/java/jadx/core/utils/exceptions/CodegenException.java
1085	jadx.core.utils.exceptions.CodegenException	CodegenException(jadx.core.dex.nodes.MethodNode,java.lang.String)	0	2	[false, false]	false	public	false	file:///private/tmp/projects/jadx/jadx-core/src/main/java/jadx/core/utils/exceptions/CodegenException.java
1086	jadx.core.utils.exceptions.CodegenException	CodegenException(jadx.core.dex.nodes.MethodNode,java.lang.String,java.lang.Throwable)	0	3	[false, false, false]	false	public	false	file:///private/tmp/projects/jadx/jadx-core/src/main/java/jadx/core/utils/exceptions/CodegenException.java
1087	jadx.core.utils.exceptions.JadxException	JadxException(java.lang.String)	0	1	[false]	false	public	false	file:///private/tmp/projects/jadx/jadx-core/src/main/java/jadx/core/utils/exceptions/JadxException.java
1088	jadx.core.utils.exceptions.JadxException	JadxException(java.lang.String,java.lang.Throwable)	0	2	[false, false]	false	public	false	file:///private/tmp/projects/jadx/jadx-core/src/main/java/jadx/core/utils/exceptions/JadxException.java
1089	jadx.core.utils.exceptions.JadxException	JadxException(jadx.core.dex.nodes.ClassNode,java.lang.String,java.lang.Throwable)	0	3	[false, false, true]	false	public	false	file:///private/tmp/projects/jadx/jadx-core/src/main/java/jadx/core/utils/exceptions/JadxException.java
1090	jadx.core.utils.exceptions.JadxException	JadxException(jadx.core.dex.nodes.MethodNode,java.lang.String,java.lang.Throwable)	0	3	[false, false, true]	false	public	false	file:///private/tmp/projects/jadx/jadx-core/src/main/java/jadx/core/utils/exceptions/JadxException.java
1091	jadx.core.codegen.MethodGen	MethodGen(jadx.core.codegen.ClassGen,@org.jetbrains.annotations.Nullable jadx.core.dex.nodes.MethodNode)	0	2	[false, true]	false	public	false	file:///private/tmp/projects/jadx/jadx-core/src/main/java/jadx/core/codegen/MethodGen.java
1092	jadx.core.codegen.MethodGen	getClassGen()	0	0	[]	false	public	true	file:///private/tmp/projects/jadx/jadx-core/src/main/java/jadx/core/codegen/MethodGen.java
1093	jadx.core.codegen.MethodGen	getNameGen()	0	0	[]	false	public	true	file:///private/tmp/projects/jadx/jadx-core/src/main/java/jadx/core/codegen/MethodGen.java
1094	jadx.core.codegen.MethodGen	getMethodNode()	0	0	[]	false	public	true	file:///private/tmp/projects/jadx/jadx-core/src/main/java/jadx/core/codegen/MethodGen.java
1095	jadx.core.codegen.MethodGen	addDefinition(jadx.api.ICodeWriter)	0	1	[false]	false	public	false	file:///private/tmp/projects/jadx/jadx-core/src/main/java/jadx/core/codegen/MethodGen.java
1096	jadx.core.codegen.MethodGen	getMethodForDefinition()	0	0	[]	false	private	true	file:///private/tmp/projects/jadx/jadx-core/src/main/java/jadx/core/codegen/MethodGen.java
1097	jadx.core.codegen.MethodGen	addOverrideAnnotation(jadx.api.ICodeWriter,jadx.core.dex.nodes.MethodNode)	0	2	[false, false]	false	private	false	file:///private/tmp/projects/jadx/jadx-core/src/main/java/jadx/core/codegen/MethodGen.java
1098	jadx.core.codegen.MethodGen	addMethodArguments(jadx.api.ICodeWriter,java.util.List<jadx.core.dex.instructions.args.RegisterArg>)	0	2	[false, false]	false	private	false	file:///private/tmp/projects/jadx/jadx-core/src/main/java/jadx/core/codegen/MethodGen.java
1099	jadx.core.codegen.MethodGen	addInstructions(jadx.api.ICodeWriter)	0	1	[false]	false	public	false	file:///private/tmp/projects/jadx/jadx-core/src/main/java/jadx/core/codegen/MethodGen.java
1100	jadx.core.codegen.MethodGen	addRegionInsns(jadx.api.ICodeWriter)	0	1	[false]	false	public	false	file:///private/tmp/projects/jadx/jadx-core/src/main/java/jadx/core/codegen/MethodGen.java
1101	jadx.core.codegen.MethodGen	addSimpleMethodCode(jadx.api.ICodeWriter)	0	1	[false]	false	private	false	file:///private/tmp/projects/jadx/jadx-core/src/main/java/jadx/core/codegen/MethodGen.java
1102	jadx.core.codegen.MethodGen	generateSimpleCode(jadx.api.ICodeWriter)	0	1	[false]	false	private	false	file:///private/tmp/projects/jadx/jadx-core/src/main/java/jadx/core/codegen/MethodGen.java
1103	jadx.core.codegen.MethodGen	dumpInstructions(jadx.api.ICodeWriter)	0	1	[false]	false	public	false	file:///private/tmp/projects/jadx/jadx-core/src/main/java/jadx/core/codegen/MethodGen.java
1104	jadx.core.codegen.MethodGen	addFallbackMethodCode(jadx.api.ICodeWriter,jadx.core.codegen.MethodGen.FallbackOption)	0	2	[false, false]	false	public	false	file:///private/tmp/projects/jadx/jadx-core/src/main/java/jadx/core/codegen/MethodGen.java
1105	jadx.core.codegen.MethodGen	addFallbackInsns(jadx.api.ICodeWriter,jadx.core.dex.nodes.MethodNode,jadx.core.dex.nodes.InsnNode[],jadx.core.codegen.MethodGen.FallbackOption)	0	4	[false, false, false, false]	false	public	false	file:///private/tmp/projects/jadx/jadx-core/src/main/java/jadx/core/codegen/MethodGen.java
1106	jadx.core.codegen.MethodGen	dumpInsn(jadx.api.ICodeWriter,jadx.core.codegen.InsnGen,jadx.core.codegen.MethodGen.FallbackOption,int,@org.jetbrains.annotations.Nullable jadx.core.dex.nodes.InsnNode,jadx.core.dex.nodes.InsnNode)	0	6	[false, false, false, false, true, false]	false	private	false	file:///private/tmp/projects/jadx/jadx-core/src/main/java/jadx/core/codegen/MethodGen.java
1107	jadx.core.codegen.MethodGen	addCatchComment(jadx.api.ICodeWriter,jadx.core.dex.nodes.InsnNode,boolean)	0	3	[false, false, false]	false	private	false	file:///private/tmp/projects/jadx/jadx-core/src/main/java/jadx/core/codegen/MethodGen.java
1108	jadx.core.codegen.MethodGen	isCommentEscapeNeeded(jadx.core.dex.nodes.InsnNode,jadx.core.codegen.MethodGen.FallbackOption)	0	2	[false, false]	false	private	false	file:///private/tmp/projects/jadx/jadx-core/src/main/java/jadx/core/codegen/MethodGen.java
1109	jadx.core.codegen.MethodGen	needLabel(jadx.core.dex.nodes.InsnNode,@org.jetbrains.annotations.Nullable jadx.core.dex.nodes.InsnNode)	0	2	[false, true]	false	private	false	file:///private/tmp/projects/jadx/jadx-core/src/main/java/jadx/core/codegen/MethodGen.java
1110	jadx.core.codegen.MethodGen	getFallbackMethodGen(jadx.core.dex.nodes.MethodNode)	0	1	[false]	false	public	true	file:///private/tmp/projects/jadx/jadx-core/src/main/java/jadx/core/codegen/MethodGen.java
1111	jadx.core.codegen.MethodGen	getLabelName(@org.jetbrains.annotations.Nullable jadx.core.dex.nodes.BlockNode)	0	1	[true]	false	public	true	file:///private/tmp/projects/jadx/jadx-core/src/main/java/jadx/core/codegen/MethodGen.java
1112	jadx.core.codegen.MethodGen	getLabelName(jadx.core.dex.instructions.IfNode)	0	1	[false]	false	public	true	file:///private/tmp/projects/jadx/jadx-core/src/main/java/jadx/core/codegen/MethodGen.java
1113	jadx.core.codegen.MethodGen	getLabelName(int)	0	1	[false]	false	public	true	file:///private/tmp/projects/jadx/jadx-core/src/main/java/jadx/core/codegen/MethodGen.java
1114	jadx.core.dex.regions.conditions.IfRegion	IfRegion(jadx.core.dex.nodes.IRegion)	0	1	[false]	false	public	false	file:///private/tmp/projects/jadx/jadx-core/src/main/java/jadx/core/dex/regions/conditions/IfRegion.java
1115	jadx.core.dex.regions.conditions.IfRegion	getThenRegion()	0	0	[]	true	public	true	file:///private/tmp/projects/jadx/jadx-core/src/main/java/jadx/core/dex/regions/conditions/IfRegion.java
1116	jadx.core.dex.regions.conditions.IfRegion	setThenRegion(jadx.core.dex.nodes.IContainer)	0	1	[false]	false	public	false	file:///private/tmp/projects/jadx/jadx-core/src/main/java/jadx/core/dex/regions/conditions/IfRegion.java
1117	jadx.core.dex.regions.conditions.IfRegion	getElseRegion()	0	0	[]	true	public	true	file:///private/tmp/projects/jadx/jadx-core/src/main/java/jadx/core/dex/regions/conditions/IfRegion.java
1118	jadx.core.dex.regions.conditions.IfRegion	setElseRegion(jadx.core.dex.nodes.IContainer)	0	1	[true]	false	public	false	file:///private/tmp/projects/jadx/jadx-core/src/main/java/jadx/core/dex/regions/conditions/IfRegion.java
1119	jadx.core.dex.regions.conditions.IfRegion	invert()	0	0	[]	false	public	false	file:///private/tmp/projects/jadx/jadx-core/src/main/java/jadx/core/dex/regions/conditions/IfRegion.java
1120	jadx.core.dex.regions.conditions.IfRegion	getSourceLine()	0	0	[]	false	public	false	file:///private/tmp/projects/jadx/jadx-core/src/main/java/jadx/core/dex/regions/conditions/IfRegion.java
1121	jadx.core.dex.regions.conditions.IfRegion	getSubBlocks()	976	0	[]	false	public	true	file:///private/tmp/projects/jadx/jadx-core/src/main/java/jadx/core/dex/regions/conditions/IfRegion.java
1122	jadx.core.dex.regions.conditions.IfRegion	getBranches()	978	0	[]	false	public	true	file:///private/tmp/projects/jadx/jadx-core/src/main/java/jadx/core/dex/regions/conditions/IfRegion.java
1123	jadx.core.dex.regions.conditions.IfRegion	replaceSubBlock(jadx.core.dex.nodes.IContainer,jadx.core.dex.nodes.IContainer)	1052	2	[false, false]	false	public	false	file:///private/tmp/projects/jadx/jadx-core/src/main/java/jadx/core/dex/regions/conditions/IfRegion.java
1124	jadx.core.dex.regions.conditions.IfRegion	generate(jadx.core.codegen.RegionGen,jadx.api.ICodeWriter)	966	2	[false, false]	false	public	false	file:///private/tmp/projects/jadx/jadx-core/src/main/java/jadx/core/dex/regions/conditions/IfRegion.java
1125	jadx.core.dex.regions.conditions.IfRegion	baseString()	963	0	[]	false	public	true	file:///private/tmp/projects/jadx/jadx-core/src/main/java/jadx/core/dex/regions/conditions/IfRegion.java
1126	jadx.core.dex.regions.conditions.IfRegion	toString()	83	0	[]	false	public	true	file:///private/tmp/projects/jadx/jadx-core/src/main/java/jadx/core/dex/regions/conditions/IfRegion.java
1127	jadx.core.dex.regions.conditions.ConditionRegion	ConditionRegion(jadx.core.dex.nodes.IRegion)	0	1	[false]	false	public	false	file:///private/tmp/projects/jadx/jadx-core/src/main/java/jadx/core/dex/regions/conditions/ConditionRegion.java
1128	jadx.core.dex.regions.conditions.ConditionRegion	getCondition()	1129	0	[]	true	public	true	file:///private/tmp/projects/jadx/jadx-core/src/main/java/jadx/core/dex/regions/conditions/ConditionRegion.java
1130	jadx.core.dex.regions.conditions.ConditionRegion	getConditionBlocks()	1131	0	[]	false	public	true	file:///private/tmp/projects/jadx/jadx-core/src/main/java/jadx/core/dex/regions/conditions/ConditionRegion.java
1132	jadx.core.dex.regions.conditions.ConditionRegion	invertCondition()	1133	0	[]	false	public	false	file:///private/tmp/projects/jadx/jadx-core/src/main/java/jadx/core/dex/regions/conditions/ConditionRegion.java
1134	jadx.core.dex.regions.conditions.ConditionRegion	simplifyCondition()	1135	0	[]	false	public	false	file:///private/tmp/projects/jadx/jadx-core/src/main/java/jadx/core/dex/regions/conditions/ConditionRegion.java
1136	jadx.core.dex.regions.conditions.ConditionRegion	getConditionSourceLine()	1137	0	[]	false	public	false	file:///private/tmp/projects/jadx/jadx-core/src/main/java/jadx/core/dex/regions/conditions/ConditionRegion.java
1138	jadx.core.dex.regions.conditions.ConditionRegion	updateCondition(jadx.core.dex.regions.conditions.IfInfo)	0	1	[false]	false	public	false	file:///private/tmp/projects/jadx/jadx-core/src/main/java/jadx/core/dex/regions/conditions/ConditionRegion.java
1139	jadx.core.dex.regions.conditions.ConditionRegion	updateCondition(jadx.core.dex.regions.conditions.IfCondition,java.util.List<jadx.core.dex.nodes.BlockNode>)	0	2	[false, false]	false	public	false	file:///private/tmp/projects/jadx/jadx-core/src/main/java/jadx/core/dex/regions/conditions/ConditionRegion.java
1140	jadx.core.dex.regions.conditions.ConditionRegion	updateCondition(jadx.core.dex.nodes.BlockNode)	0	1	[false]	false	public	false	file:///private/tmp/projects/jadx/jadx-core/src/main/java/jadx/core/dex/regions/conditions/ConditionRegion.java
1129	jadx.core.dex.nodes.IConditionRegion	getCondition()	0	0	[]	true	public	true	file:///private/tmp/projects/jadx/jadx-core/src/main/java/jadx/core/dex/nodes/IConditionRegion.java
1131	jadx.core.dex.nodes.IConditionRegion	getConditionBlocks()	0	0	[]	false	public	true	file:///private/tmp/projects/jadx/jadx-core/src/main/java/jadx/core/dex/nodes/IConditionRegion.java
1133	jadx.core.dex.nodes.IConditionRegion	invertCondition()	0	0	[]	false	public	false	file:///private/tmp/projects/jadx/jadx-core/src/main/java/jadx/core/dex/nodes/IConditionRegion.java
1135	jadx.core.dex.nodes.IConditionRegion	simplifyCondition()	0	0	[]	false	public	false	file:///private/tmp/projects/jadx/jadx-core/src/main/java/jadx/core/dex/nodes/IConditionRegion.java
1137	jadx.core.dex.nodes.IConditionRegion	getConditionSourceLine()	0	0	[]	false	public	false	file:///private/tmp/projects/jadx/jadx-core/src/main/java/jadx/core/dex/nodes/IConditionRegion.java
1141	jadx.core.dex.regions.loops.LoopRegion	LoopRegion(jadx.core.dex.nodes.IRegion,jadx.core.dex.attributes.nodes.LoopInfo,@org.jetbrains.annotations.Nullable jadx.core.dex.nodes.BlockNode,boolean)	0	4	[false, false, true, false]	false	public	false	file:///private/tmp/projects/jadx/jadx-core/src/main/java/jadx/core/dex/regions/loops/LoopRegion.java
1142	jadx.core.dex.regions.loops.LoopRegion	getInfo()	0	0	[]	false	public	true	file:///private/tmp/projects/jadx/jadx-core/src/main/java/jadx/core/dex/regions/loops/LoopRegion.java
1143	jadx.core.dex.regions.loops.LoopRegion	getHeader()	0	0	[]	true	public	true	file:///private/tmp/projects/jadx/jadx-core/src/main/java/jadx/core/dex/regions/loops/LoopRegion.java
1144	jadx.core.dex.regions.loops.LoopRegion	isEndless()	0	0	[]	false	public	false	file:///private/tmp/projects/jadx/jadx-core/src/main/java/jadx/core/dex/regions/loops/LoopRegion.java
1145	jadx.core.dex.regions.loops.LoopRegion	getBody()	0	0	[]	false	public	true	file:///private/tmp/projects/jadx/jadx-core/src/main/java/jadx/core/dex/regions/loops/LoopRegion.java
1146	jadx.core.dex.regions.loops.LoopRegion	setBody(jadx.core.dex.nodes.IRegion)	0	1	[false]	false	public	false	file:///private/tmp/projects/jadx/jadx-core/src/main/java/jadx/core/dex/regions/loops/LoopRegion.java
1147	jadx.core.dex.regions.loops.LoopRegion	isConditionAtEnd()	0	0	[]	false	public	false	file:///private/tmp/projects/jadx/jadx-core/src/main/java/jadx/core/dex/regions/loops/LoopRegion.java
1148	jadx.core.dex.regions.loops.LoopRegion	setPreCondition(jadx.core.dex.nodes.BlockNode)	0	1	[false]	false	public	false	file:///private/tmp/projects/jadx/jadx-core/src/main/java/jadx/core/dex/regions/loops/LoopRegion.java
1149	jadx.core.dex.regions.loops.LoopRegion	checkPreCondition()	0	0	[]	false	public	false	file:///private/tmp/projects/jadx/jadx-core/src/main/java/jadx/core/dex/regions/loops/LoopRegion.java
1150	jadx.core.dex.regions.loops.LoopRegion	mergePreCondition()	0	0	[]	false	public	false	file:///private/tmp/projects/jadx/jadx-core/src/main/java/jadx/core/dex/regions/loops/LoopRegion.java
1151	jadx.core.dex.regions.loops.LoopRegion	getSourceLine()	0	0	[]	false	public	false	file:///private/tmp/projects/jadx/jadx-core/src/main/java/jadx/core/dex/regions/loops/LoopRegion.java
1152	jadx.core.dex.regions.loops.LoopRegion	getType()	0	0	[]	true	public	true	file:///private/tmp/projects/jadx/jadx-core/src/main/java/jadx/core/dex/regions/loops/LoopRegion.java
1153	jadx.core.dex.regions.loops.LoopRegion	setType(jadx.core.dex.regions.loops.LoopType)	0	1	[false]	false	public	false	file:///private/tmp/projects/jadx/jadx-core/src/main/java/jadx/core/dex/regions/loops/LoopRegion.java
1154	jadx.core.dex.regions.loops.LoopRegion	getSubBlocks()	976	0	[]	false	public	true	file:///private/tmp/projects/jadx/jadx-core/src/main/java/jadx/core/dex/regions/loops/LoopRegion.java
1155	jadx.core.dex.regions.loops.LoopRegion	replaceSubBlock(jadx.core.dex.nodes.IContainer,jadx.core.dex.nodes.IContainer)	1052	2	[false, false]	false	public	false	file:///private/tmp/projects/jadx/jadx-core/src/main/java/jadx/core/dex/regions/loops/LoopRegion.java
1156	jadx.core.dex.regions.loops.LoopRegion	generate(jadx.core.codegen.RegionGen,jadx.api.ICodeWriter)	966	2	[false, false]	false	public	false	file:///private/tmp/projects/jadx/jadx-core/src/main/java/jadx/core/dex/regions/loops/LoopRegion.java
1157	jadx.core.dex.regions.loops.LoopRegion	baseString()	963	0	[]	false	public	true	file:///private/tmp/projects/jadx/jadx-core/src/main/java/jadx/core/dex/regions/loops/LoopRegion.java
1158	jadx.core.dex.regions.loops.LoopRegion	toString()	83	0	[]	false	public	true	file:///private/tmp/projects/jadx/jadx-core/src/main/java/jadx/core/dex/regions/loops/LoopRegion.java
1159	jadx.core.dex.regions.SynchronizedRegion	SynchronizedRegion(jadx.core.dex.nodes.IRegion,jadx.core.dex.nodes.InsnNode)	0	2	[false, false]	false	public	false	file:///private/tmp/projects/jadx/jadx-core/src/main/java/jadx/core/dex/regions/SynchronizedRegion.java
1160	jadx.core.dex.regions.SynchronizedRegion	getEnterInsn()	0	0	[]	false	public	true	file:///private/tmp/projects/jadx/jadx-core/src/main/java/jadx/core/dex/regions/SynchronizedRegion.java
1161	jadx.core.dex.regions.SynchronizedRegion	getExitInsns()	0	0	[]	false	public	true	file:///private/tmp/projects/jadx/jadx-core/src/main/java/jadx/core/dex/regions/SynchronizedRegion.java
1162	jadx.core.dex.regions.SynchronizedRegion	getRegion()	0	0	[]	false	public	true	file:///private/tmp/projects/jadx/jadx-core/src/main/java/jadx/core/dex/regions/SynchronizedRegion.java
1163	jadx.core.dex.regions.SynchronizedRegion	getSubBlocks()	976	0	[]	false	public	true	file:///private/tmp/projects/jadx/jadx-core/src/main/java/jadx/core/dex/regions/SynchronizedRegion.java
1164	jadx.core.dex.regions.SynchronizedRegion	generate(jadx.core.codegen.RegionGen,jadx.api.ICodeWriter)	966	2	[false, false]	false	public	false	file:///private/tmp/projects/jadx/jadx-core/src/main/java/jadx/core/dex/regions/SynchronizedRegion.java
1165	jadx.core.dex.regions.SynchronizedRegion	baseString()	963	0	[]	false	public	true	file:///private/tmp/projects/jadx/jadx-core/src/main/java/jadx/core/dex/regions/SynchronizedRegion.java
1166	jadx.core.dex.regions.SynchronizedRegion	toString()	83	0	[]	false	public	true	file:///private/tmp/projects/jadx/jadx-core/src/main/java/jadx/core/dex/regions/SynchronizedRegion.java
1167	jadx.core.dex.regions.TryCatchRegion	TryCatchRegion(jadx.core.dex.nodes.IRegion,jadx.core.dex.nodes.IContainer)	0	2	[false, false]	false	public	false	file:///private/tmp/projects/jadx/jadx-core/src/main/java/jadx/core/dex/regions/TryCatchRegion.java
1168	jadx.core.dex.regions.TryCatchRegion	setTryCatchBlock(jadx.core.dex.trycatch.TryCatchBlockAttr)	0	1	[false]	false	public	false	file:///private/tmp/projects/jadx/jadx-core/src/main/java/jadx/core/dex/regions/TryCatchRegion.java
1169	jadx.core.dex.regions.TryCatchRegion	getTryRegion()	0	0	[]	false	public	true	file:///private/tmp/projects/jadx/jadx-core/src/main/java/jadx/core/dex/regions/TryCatchRegion.java
1170	jadx.core.dex.regions.TryCatchRegion	getCatchRegions()	0	0	[]	false	public	true	file:///private/tmp/projects/jadx/jadx-core/src/main/java/jadx/core/dex/regions/TryCatchRegion.java
1171	jadx.core.dex.regions.TryCatchRegion	getTryCatchBlock()	0	0	[]	false	public	true	file:///private/tmp/projects/jadx/jadx-core/src/main/java/jadx/core/dex/regions/TryCatchRegion.java
1172	jadx.core.dex.regions.TryCatchRegion	getFinallyRegion()	0	0	[]	true	public	true	file:///private/tmp/projects/jadx/jadx-core/src/main/java/jadx/core/dex/regions/TryCatchRegion.java
1173	jadx.core.dex.regions.TryCatchRegion	setFinallyRegion(jadx.core.dex.nodes.IContainer)	0	1	[false]	false	public	false	file:///private/tmp/projects/jadx/jadx-core/src/main/java/jadx/core/dex/regions/TryCatchRegion.java
1174	jadx.core.dex.regions.TryCatchRegion	getSubBlocks()	976	0	[]	false	public	true	file:///private/tmp/projects/jadx/jadx-core/src/main/java/jadx/core/dex/regions/TryCatchRegion.java
1175	jadx.core.dex.regions.TryCatchRegion	getBranches()	978	0	[]	false	public	true	file:///private/tmp/projects/jadx/jadx-core/src/main/java/jadx/core/dex/regions/TryCatchRegion.java
1176	jadx.core.dex.regions.TryCatchRegion	generate(jadx.core.codegen.RegionGen,jadx.api.ICodeWriter)	966	2	[false, false]	false	public	false	file:///private/tmp/projects/jadx/jadx-core/src/main/java/jadx/core/dex/regions/TryCatchRegion.java
1177	jadx.core.dex.regions.TryCatchRegion	baseString()	963	0	[]	false	public	true	file:///private/tmp/projects/jadx/jadx-core/src/main/java/jadx/core/dex/regions/TryCatchRegion.java
1178	jadx.core.dex.regions.TryCatchRegion	toString()	83	0	[]	false	public	true	file:///private/tmp/projects/jadx/jadx-core/src/main/java/jadx/core/dex/regions/TryCatchRegion.java
1179	jadx.core.dex.trycatch.ExceptionHandler	build(jadx.core.dex.nodes.MethodNode,int,@org.jetbrains.annotations.Nullable jadx.core.dex.info.ClassInfo)	0	3	[false, false, true]	false	public	true	file:///private/tmp/projects/jadx/jadx-core/src/main/java/jadx/core/dex/trycatch/ExceptionHandler.java
1180	jadx.core.dex.trycatch.ExceptionHandler	ExceptionHandler(int)	0	1	[false]	false	private	false	file:///private/tmp/projects/jadx/jadx-core/src/main/java/jadx/core/dex/trycatch/ExceptionHandler.java
1181	jadx.core.dex.trycatch.ExceptionHandler	addCatchType(jadx.core.dex.nodes.MethodNode,@org.jetbrains.annotations.Nullable jadx.core.dex.info.ClassInfo)	0	2	[false, true]	false	public	false	file:///private/tmp/projects/jadx/jadx-core/src/main/java/jadx/core/dex/trycatch/ExceptionHandler.java
1182	jadx.core.dex.trycatch.ExceptionHandler	addCatchTypes(jadx.core.dex.nodes.MethodNode,java.util.Collection<jadx.core.dex.info.ClassInfo>)	0	2	[false, false]	false	public	false	file:///private/tmp/projects/jadx/jadx-core/src/main/java/jadx/core/dex/trycatch/ExceptionHandler.java
1183	jadx.core.dex.trycatch.ExceptionHandler	getCatchTypes()	0	0	[]	false	public	true	file:///private/tmp/projects/jadx/jadx-core/src/main/java/jadx/core/dex/trycatch/ExceptionHandler.java
1184	jadx.core.dex.trycatch.ExceptionHandler	getArgType()	0	0	[]	false	public	true	file:///private/tmp/projects/jadx/jadx-core/src/main/java/jadx/core/dex/trycatch/ExceptionHandler.java
1185	jadx.core.dex.trycatch.ExceptionHandler	isCatchAll()	0	0	[]	false	public	false	file:///private/tmp/projects/jadx/jadx-core/src/main/java/jadx/core/dex/trycatch/ExceptionHandler.java
1186	jadx.core.dex.trycatch.ExceptionHandler	getHandlerOffset()	0	0	[]	false	public	false	file:///private/tmp/projects/jadx/jadx-core/src/main/java/jadx/core/dex/trycatch/ExceptionHandler.java
1187	jadx.core.dex.trycatch.ExceptionHandler	getHandlerBlock()	0	0	[]	false	public	true	file:///private/tmp/projects/jadx/jadx-core/src/main/java/jadx/core/dex/trycatch/ExceptionHandler.java
1188	jadx.core.dex.trycatch.ExceptionHandler	setHandlerBlock(jadx.core.dex.nodes.BlockNode)	0	1	[false]	false	public	false	file:///private/tmp/projects/jadx/jadx-core/src/main/java/jadx/core/dex/trycatch/ExceptionHandler.java
1189	jadx.core.dex.trycatch.ExceptionHandler	getBlocks()	0	0	[]	false	public	true	file:///private/tmp/projects/jadx/jadx-core/src/main/java/jadx/core/dex/trycatch/ExceptionHandler.java
1190	jadx.core.dex.trycatch.ExceptionHandler	addBlock(jadx.core.dex.nodes.BlockNode)	0	1	[false]	false	public	false	file:///private/tmp/projects/jadx/jadx-core/src/main/java/jadx/core/dex/trycatch/ExceptionHandler.java
1191	jadx.core.dex.trycatch.ExceptionHandler	getHandlerRegion()	0	0	[]	false	public	true	file:///private/tmp/projects/jadx/jadx-core/src/main/java/jadx/core/dex/trycatch/ExceptionHandler.java
1192	jadx.core.dex.trycatch.ExceptionHandler	setHandlerRegion(jadx.core.dex.nodes.IContainer)	0	1	[false]	false	public	false	file:///private/tmp/projects/jadx/jadx-core/src/main/java/jadx/core/dex/trycatch/ExceptionHandler.java
1193	jadx.core.dex.trycatch.ExceptionHandler	getArg()	0	0	[]	true	public	true	file:///private/tmp/projects/jadx/jadx-core/src/main/java/jadx/core/dex/trycatch/ExceptionHandler.java
1194	jadx.core.dex.trycatch.ExceptionHandler	setArg(jadx.core.dex.instructions.args.InsnArg)	0	1	[false]	false	public	false	file:///private/tmp/projects/jadx/jadx-core/src/main/java/jadx/core/dex/trycatch/ExceptionHandler.java
1195	jadx.core.dex.trycatch.ExceptionHandler	setTryBlock(jadx.core.dex.trycatch.TryCatchBlockAttr)	0	1	[false]	false	public	false	file:///private/tmp/projects/jadx/jadx-core/src/main/java/jadx/core/dex/trycatch/ExceptionHandler.java
1196	jadx.core.dex.trycatch.ExceptionHandler	getTryBlock()	0	0	[]	false	public	true	file:///private/tmp/projects/jadx/jadx-core/src/main/java/jadx/core/dex/trycatch/ExceptionHandler.java
1197	jadx.core.dex.trycatch.ExceptionHandler	isFinally()	0	0	[]	false	public	false	file:///private/tmp/projects/jadx/jadx-core/src/main/java/jadx/core/dex/trycatch/ExceptionHandler.java
1198	jadx.core.dex.trycatch.ExceptionHandler	setFinally(boolean)	0	1	[false]	false	public	false	file:///private/tmp/projects/jadx/jadx-core/src/main/java/jadx/core/dex/trycatch/ExceptionHandler.java
1199	jadx.core.dex.trycatch.ExceptionHandler	isRemoved()	0	0	[]	false	public	false	file:///private/tmp/projects/jadx/jadx-core/src/main/java/jadx/core/dex/trycatch/ExceptionHandler.java
1200	jadx.core.dex.trycatch.ExceptionHandler	markForRemove()	0	0	[]	false	public	false	file:///private/tmp/projects/jadx/jadx-core/src/main/java/jadx/core/dex/trycatch/ExceptionHandler.java
1201	jadx.core.dex.trycatch.ExceptionHandler	equals(java.lang.Object)	188	1	[false]	false	public	false	file:///private/tmp/projects/jadx/jadx-core/src/main/java/jadx/core/dex/trycatch/ExceptionHandler.java
1202	jadx.core.dex.trycatch.ExceptionHandler	hashCode()	186	0	[]	false	public	false	file:///private/tmp/projects/jadx/jadx-core/src/main/java/jadx/core/dex/trycatch/ExceptionHandler.java
1203	jadx.core.dex.trycatch.ExceptionHandler	catchTypeStr()	0	0	[]	false	public	true	file:///private/tmp/projects/jadx/jadx-core/src/main/java/jadx/core/dex/trycatch/ExceptionHandler.java
1204	jadx.core.dex.trycatch.ExceptionHandler	toString()	83	0	[]	false	public	true	file:///private/tmp/projects/jadx/jadx-core/src/main/java/jadx/core/dex/trycatch/ExceptionHandler.java
1205	jadx.core.dex.trycatch.TryCatchBlockAttr	TryCatchBlockAttr(int,java.util.List<jadx.core.dex.trycatch.ExceptionHandler>,java.util.List<jadx.core.dex.nodes.BlockNode>)	0	3	[false, false, false]	false	public	false	file:///private/tmp/projects/jadx/jadx-core/src/main/java/jadx/core/dex/trycatch/TryCatchBlockAttr.java
1206	jadx.core.dex.trycatch.TryCatchBlockAttr	isAllHandler()	0	0	[]	false	public	false	file:///private/tmp/projects/jadx/jadx-core/src/main/java/jadx/core/dex/trycatch/TryCatchBlockAttr.java
1207	jadx.core.dex.trycatch.TryCatchBlockAttr	isThrowOnly()	0	0	[]	false	public	false	file:///private/tmp/projects/jadx/jadx-core/src/main/java/jadx/core/dex/trycatch/TryCatchBlockAttr.java
1208	jadx.core.dex.trycatch.TryCatchBlockAttr	getId()	0	0	[]	false	public	false	file:///private/tmp/projects/jadx/jadx-core/src/main/java/jadx/core/dex/trycatch/TryCatchBlockAttr.java
1209	jadx.core.dex.trycatch.TryCatchBlockAttr	getHandlers()	0	0	[]	false	public	true	file:///private/tmp/projects/jadx/jadx-core/src/main/java/jadx/core/dex/trycatch/TryCatchBlockAttr.java
1210	jadx.core.dex.trycatch.TryCatchBlockAttr	getHandlersCount()	0	0	[]	false	public	false	file:///private/tmp/projects/jadx/jadx-core/src/main/java/jadx/core/dex/trycatch/TryCatchBlockAttr.java
1211	jadx.core.dex.trycatch.TryCatchBlockAttr	getBlocks()	0	0	[]	false	public	true	file:///private/tmp/projects/jadx/jadx-core/src/main/java/jadx/core/dex/trycatch/TryCatchBlockAttr.java
1212	jadx.core.dex.trycatch.TryCatchBlockAttr	setBlocks(java.util.List<jadx.core.dex.nodes.BlockNode>)	0	1	[false]	false	public	false	file:///private/tmp/projects/jadx/jadx-core/src/main/java/jadx/core/dex/trycatch/TryCatchBlockAttr.java
1213	jadx.core.dex.trycatch.TryCatchBlockAttr	clear()	0	0	[]	false	public	false	file:///private/tmp/projects/jadx/jadx-core/src/main/java/jadx/core/dex/trycatch/TryCatchBlockAttr.java
1214	jadx.core.dex.trycatch.TryCatchBlockAttr	removeBlock(jadx.core.dex.nodes.BlockNode)	0	1	[false]	false	public	false	file:///private/tmp/projects/jadx/jadx-core/src/main/java/jadx/core/dex/trycatch/TryCatchBlockAttr.java
1215	jadx.core.dex.trycatch.TryCatchBlockAttr	removeHandler(jadx.core.dex.trycatch.ExceptionHandler)	0	1	[false]	false	public	false	file:///private/tmp/projects/jadx/jadx-core/src/main/java/jadx/core/dex/trycatch/TryCatchBlockAttr.java
1216	jadx.core.dex.trycatch.TryCatchBlockAttr	getInnerTryBlocks()	0	0	[]	false	public	true	file:///private/tmp/projects/jadx/jadx-core/src/main/java/jadx/core/dex/trycatch/TryCatchBlockAttr.java
1217	jadx.core.dex.trycatch.TryCatchBlockAttr	addInnerTryBlock(jadx.core.dex.trycatch.TryCatchBlockAttr)	0	1	[false]	false	public	false	file:///private/tmp/projects/jadx/jadx-core/src/main/java/jadx/core/dex/trycatch/TryCatchBlockAttr.java
1218	jadx.core.dex.trycatch.TryCatchBlockAttr	getOuterTryBlock()	0	0	[]	true	public	true	file:///private/tmp/projects/jadx/jadx-core/src/main/java/jadx/core/dex/trycatch/TryCatchBlockAttr.java
1219	jadx.core.dex.trycatch.TryCatchBlockAttr	setOuterTryBlock(jadx.core.dex.trycatch.TryCatchBlockAttr)	0	1	[false]	false	public	false	file:///private/tmp/projects/jadx/jadx-core/src/main/java/jadx/core/dex/trycatch/TryCatchBlockAttr.java
1220	jadx.core.dex.trycatch.TryCatchBlockAttr	getTopSplitter()	0	0	[]	true	public	true	file:///private/tmp/projects/jadx/jadx-core/src/main/java/jadx/core/dex/trycatch/TryCatchBlockAttr.java
1221	jadx.core.dex.trycatch.TryCatchBlockAttr	setTopSplitter(jadx.core.dex.nodes.BlockNode)	0	1	[false]	false	public	false	file:///private/tmp/projects/jadx/jadx-core/src/main/java/jadx/core/dex/trycatch/TryCatchBlockAttr.java
1222	jadx.core.dex.trycatch.TryCatchBlockAttr	isMerged()	0	0	[]	false	public	false	file:///private/tmp/projects/jadx/jadx-core/src/main/java/jadx/core/dex/trycatch/TryCatchBlockAttr.java
1223	jadx.core.dex.trycatch.TryCatchBlockAttr	setMerged(boolean)	0	1	[false]	false	public	false	file:///private/tmp/projects/jadx/jadx-core/src/main/java/jadx/core/dex/trycatch/TryCatchBlockAttr.java
1224	jadx.core.dex.trycatch.TryCatchBlockAttr	id()	0	0	[]	false	public	false	file:///private/tmp/projects/jadx/jadx-core/src/main/java/jadx/core/dex/trycatch/TryCatchBlockAttr.java
1225	jadx.core.dex.trycatch.TryCatchBlockAttr	getAttrType()	614	0	[]	false	public	true	file:///private/tmp/projects/jadx/jadx-core/src/main/java/jadx/core/dex/trycatch/TryCatchBlockAttr.java
1226	jadx.core.dex.trycatch.TryCatchBlockAttr	hashCode()	186	0	[]	false	public	false	file:///private/tmp/projects/jadx/jadx-core/src/main/java/jadx/core/dex/trycatch/TryCatchBlockAttr.java
1227	jadx.core.dex.trycatch.TryCatchBlockAttr	equals(java.lang.Object)	188	1	[false]	false	public	false	file:///private/tmp/projects/jadx/jadx-core/src/main/java/jadx/core/dex/trycatch/TryCatchBlockAttr.java
1228	jadx.core.dex.trycatch.TryCatchBlockAttr	toString()	83	0	[]	false	public	true	file:///private/tmp/projects/jadx/jadx-core/src/main/java/jadx/core/dex/trycatch/TryCatchBlockAttr.java
1229	jadx.core.dex.regions.Region	Region(jadx.core.dex.nodes.IRegion)	0	1	[true]	false	public	false	file:///private/tmp/projects/jadx/jadx-core/src/main/java/jadx/core/dex/regions/Region.java
1230	jadx.core.dex.regions.Region	getSubBlocks()	976	0	[]	false	public	true	file:///private/tmp/projects/jadx/jadx-core/src/main/java/jadx/core/dex/regions/Region.java
1231	jadx.core.dex.regions.Region	add(jadx.core.dex.nodes.IContainer)	0	1	[false]	false	public	false	file:///private/tmp/projects/jadx/jadx-core/src/main/java/jadx/core/dex/regions/Region.java
1232	jadx.core.dex.regions.Region	generate(jadx.core.codegen.RegionGen,jadx.api.ICodeWriter)	966	2	[false, false]	false	public	false	file:///private/tmp/projects/jadx/jadx-core/src/main/java/jadx/core/dex/regions/Region.java
1233	jadx.core.dex.regions.Region	replaceSubBlock(jadx.core.dex.nodes.IContainer,jadx.core.dex.nodes.IContainer)	1052	2	[false, false]	false	public	false	file:///private/tmp/projects/jadx/jadx-core/src/main/java/jadx/core/dex/regions/Region.java
1234	jadx.core.dex.regions.Region	baseString()	963	0	[]	false	public	true	file:///private/tmp/projects/jadx/jadx-core/src/main/java/jadx/core/dex/regions/Region.java
1235	jadx.core.dex.regions.Region	toString()	83	0	[]	false	public	true	file:///private/tmp/projects/jadx/jadx-core/src/main/java/jadx/core/dex/regions/Region.java
1236	jadx.core.dex.attributes.nodes.LoopInfo	LoopInfo(jadx.core.dex.nodes.BlockNode,jadx.core.dex.nodes.BlockNode,java.util.Set<jadx.core.dex.nodes.BlockNode>)	0	3	[false, false, false]	false	public	false	file:///private/tmp/projects/jadx/jadx-core/src/main/java/jadx/core/dex/attributes/nodes/LoopInfo.java
1237	jadx.core.dex.attributes.nodes.LoopInfo	getStart()	0	0	[]	false	public	true	file:///private/tmp/projects/jadx/jadx-core/src/main/java/jadx/core/dex/attributes/nodes/LoopInfo.java
1238	jadx.core.dex.attributes.nodes.LoopInfo	getEnd()	0	0	[]	false	public	true	file:///private/tmp/projects/jadx/jadx-core/src/main/java/jadx/core/dex/attributes/nodes/LoopInfo.java
1239	jadx.core.dex.attributes.nodes.LoopInfo	getLoopBlocks()	0	0	[]	false	public	true	file:///private/tmp/projects/jadx/jadx-core/src/main/java/jadx/core/dex/attributes/nodes/LoopInfo.java
1240	jadx.core.dex.attributes.nodes.LoopInfo	getExitNodes()	0	0	[]	false	public	true	file:///private/tmp/projects/jadx/jadx-core/src/main/java/jadx/core/dex/attributes/nodes/LoopInfo.java
1241	jadx.core.dex.attributes.nodes.LoopInfo	getExitEdges()	0	0	[]	false	public	true	file:///private/tmp/projects/jadx/jadx-core/src/main/java/jadx/core/dex/attributes/nodes/LoopInfo.java
1242	jadx.core.dex.attributes.nodes.LoopInfo	getPreHeader()	0	0	[]	false	public	true	file:///private/tmp/projects/jadx/jadx-core/src/main/java/jadx/core/dex/attributes/nodes/LoopInfo.java
1243	jadx.core.dex.attributes.nodes.LoopInfo	getId()	0	0	[]	false	public	false	file:///private/tmp/projects/jadx/jadx-core/src/main/java/jadx/core/dex/attributes/nodes/LoopInfo.java
1244	jadx.core.dex.attributes.nodes.LoopInfo	setId(int)	0	1	[false]	false	public	false	file:///private/tmp/projects/jadx/jadx-core/src/main/java/jadx/core/dex/attributes/nodes/LoopInfo.java
1245	jadx.core.dex.attributes.nodes.LoopInfo	getParentLoop()	0	0	[]	true	public	true	file:///private/tmp/projects/jadx/jadx-core/src/main/java/jadx/core/dex/attributes/nodes/LoopInfo.java
1246	jadx.core.dex.attributes.nodes.LoopInfo	setParentLoop(jadx.core.dex.attributes.nodes.LoopInfo)	0	1	[false]	false	public	false	file:///private/tmp/projects/jadx/jadx-core/src/main/java/jadx/core/dex/attributes/nodes/LoopInfo.java
1247	jadx.core.dex.attributes.nodes.LoopInfo	hasParent(jadx.core.dex.attributes.nodes.LoopInfo)	0	1	[false]	false	public	false	file:///private/tmp/projects/jadx/jadx-core/src/main/java/jadx/core/dex/attributes/nodes/LoopInfo.java
1248	jadx.core.dex.attributes.nodes.LoopInfo	toString()	83	0	[]	false	public	true	file:///private/tmp/projects/jadx/jadx-core/src/main/java/jadx/core/dex/attributes/nodes/LoopInfo.java
1249	jadx.core.dex.nodes.Edge	Edge(jadx.core.dex.nodes.BlockNode,jadx.core.dex.nodes.BlockNode)	0	2	[false, false]	false	public	false	file:///private/tmp/projects/jadx/jadx-core/src/main/java/jadx/core/dex/nodes/Edge.java
1250	jadx.core.dex.nodes.Edge	getSource()	0	0	[]	false	public	true	file:///private/tmp/projects/jadx/jadx-core/src/main/java/jadx/core/dex/nodes/Edge.java
1251	jadx.core.dex.nodes.Edge	getTarget()	0	0	[]	false	public	true	file:///private/tmp/projects/jadx/jadx-core/src/main/java/jadx/core/dex/nodes/Edge.java
1252	jadx.core.dex.nodes.Edge	equals(java.lang.Object)	188	1	[false]	false	public	false	file:///private/tmp/projects/jadx/jadx-core/src/main/java/jadx/core/dex/nodes/Edge.java
1253	jadx.core.dex.nodes.Edge	hashCode()	186	0	[]	false	public	false	file:///private/tmp/projects/jadx/jadx-core/src/main/java/jadx/core/dex/nodes/Edge.java
1254	jadx.core.dex.nodes.Edge	toString()	83	0	[]	false	public	true	file:///private/tmp/projects/jadx/jadx-core/src/main/java/jadx/core/dex/nodes/Edge.java
1255	jadx.core.dex.regions.conditions.IfCondition	IfCondition(jadx.core.dex.regions.conditions.Compare)	0	1	[false]	false	private	false	file:///private/tmp/projects/jadx/jadx-core/src/main/java/jadx/core/dex/regions/conditions/IfCondition.java
1256	jadx.core.dex.regions.conditions.IfCondition	IfCondition(jadx.core.dex.regions.conditions.IfCondition.Mode,java.util.List<jadx.core.dex.regions.conditions.IfCondition>)	0	2	[false, false]	false	private	false	file:///private/tmp/projects/jadx/jadx-core/src/main/java/jadx/core/dex/regions/conditions/IfCondition.java
1257	jadx.core.dex.regions.conditions.IfCondition	IfCondition(jadx.core.dex.regions.conditions.IfCondition)	0	1	[false]	false	private	false	file:///private/tmp/projects/jadx/jadx-core/src/main/java/jadx/core/dex/regions/conditions/IfCondition.java
1258	jadx.core.dex.regions.conditions.IfCondition	fromIfBlock(jadx.core.dex.nodes.BlockNode)	0	1	[false]	true	public	true	file:///private/tmp/projects/jadx/jadx-core/src/main/java/jadx/core/dex/regions/conditions/IfCondition.java
1259	jadx.core.dex.regions.conditions.IfCondition	fromIfNode(jadx.core.dex.instructions.IfNode)	0	1	[false]	false	public	true	file:///private/tmp/projects/jadx/jadx-core/src/main/java/jadx/core/dex/regions/conditions/IfCondition.java
1260	jadx.core.dex.regions.conditions.IfCondition	ternary(jadx.core.dex.regions.conditions.IfCondition,jadx.core.dex.regions.conditions.IfCondition,jadx.core.dex.regions.conditions.IfCondition)	0	3	[false, false, false]	false	public	true	file:///private/tmp/projects/jadx/jadx-core/src/main/java/jadx/core/dex/regions/conditions/IfCondition.java
1261	jadx.core.dex.regions.conditions.IfCondition	merge(jadx.core.dex.regions.conditions.IfCondition.Mode,jadx.core.dex.regions.conditions.IfCondition,jadx.core.dex.regions.conditions.IfCondition)	0	3	[false, false, false]	false	public	true	file:///private/tmp/projects/jadx/jadx-core/src/main/java/jadx/core/dex/regions/conditions/IfCondition.java
1262	jadx.core.dex.regions.conditions.IfCondition	getMode()	0	0	[]	false	public	true	file:///private/tmp/projects/jadx/jadx-core/src/main/java/jadx/core/dex/regions/conditions/IfCondition.java
1263	jadx.core.dex.regions.conditions.IfCondition	getArgs()	0	0	[]	false	public	true	file:///private/tmp/projects/jadx/jadx-core/src/main/java/jadx/core/dex/regions/conditions/IfCondition.java
1264	jadx.core.dex.regions.conditions.IfCondition	first()	0	0	[]	false	public	true	file:///private/tmp/projects/jadx/jadx-core/src/main/java/jadx/core/dex/regions/conditions/IfCondition.java
1265	jadx.core.dex.regions.conditions.IfCondition	second()	0	0	[]	false	public	true	file:///private/tmp/projects/jadx/jadx-core/src/main/java/jadx/core/dex/regions/conditions/IfCondition.java
1266	jadx.core.dex.regions.conditions.IfCondition	third()	0	0	[]	false	public	true	file:///private/tmp/projects/jadx/jadx-core/src/main/java/jadx/core/dex/regions/conditions/IfCondition.java
1267	jadx.core.dex.regions.conditions.IfCondition	addArg(jadx.core.dex.regions.conditions.IfCondition)	0	1	[false]	false	public	false	file:///private/tmp/projects/jadx/jadx-core/src/main/java/jadx/core/dex/regions/conditions/IfCondition.java
1268	jadx.core.dex.regions.conditions.IfCondition	isCompare()	0	0	[]	false	public	false	file:///private/tmp/projects/jadx/jadx-core/src/main/java/jadx/core/dex/regions/conditions/IfCondition.java
1269	jadx.core.dex.regions.conditions.IfCondition	getCompare()	0	0	[]	false	public	true	file:///private/tmp/projects/jadx/jadx-core/src/main/java/jadx/core/dex/regions/conditions/IfCondition.java
1270	jadx.core.dex.regions.conditions.IfCondition	invert(@org.jetbrains.annotations.Nullable jadx.core.dex.regions.conditions.IfCondition)	0	1	[true]	false	public	true	file:///private/tmp/projects/jadx/jadx-core/src/main/java/jadx/core/dex/regions/conditions/IfCondition.java
1271	jadx.core.dex.regions.conditions.IfCondition	not(jadx.core.dex.regions.conditions.IfCondition)	0	1	[false]	false	public	true	file:///private/tmp/projects/jadx/jadx-core/src/main/java/jadx/core/dex/regions/conditions/IfCondition.java
1272	jadx.core.dex.regions.conditions.IfCondition	simplify(jadx.core.dex.regions.conditions.IfCondition)	0	1	[false]	false	public	true	file:///private/tmp/projects/jadx/jadx-core/src/main/java/jadx/core/dex/regions/conditions/IfCondition.java
1273	jadx.core.dex.regions.conditions.IfCondition	simplifyCmpOp(jadx.core.dex.regions.conditions.Compare)	0	1	[false]	true	private	true	file:///private/tmp/projects/jadx/jadx-core/src/main/java/jadx/core/dex/regions/conditions/IfCondition.java
1274	jadx.core.dex.regions.conditions.IfCondition	getRegisterArgs()	0	0	[]	false	public	true	file:///private/tmp/projects/jadx/jadx-core/src/main/java/jadx/core/dex/regions/conditions/IfCondition.java
1275	jadx.core.dex.regions.conditions.IfCondition	visitInsns(java.util.function.Consumer<jadx.core.dex.nodes.InsnNode>)	0	1	[false]	false	public	false	file:///private/tmp/projects/jadx/jadx-core/src/main/java/jadx/core/dex/regions/conditions/IfCondition.java
1276	jadx.core.dex.regions.conditions.IfCondition	collectInsns()	0	0	[]	false	public	true	file:///private/tmp/projects/jadx/jadx-core/src/main/java/jadx/core/dex/regions/conditions/IfCondition.java
1277	jadx.core.dex.regions.conditions.IfCondition	getSourceLine()	0	0	[]	false	public	false	file:///private/tmp/projects/jadx/jadx-core/src/main/java/jadx/core/dex/regions/conditions/IfCondition.java
1278	jadx.core.dex.regions.conditions.IfCondition	getFirstInsn()	0	0	[]	true	public	true	file:///private/tmp/projects/jadx/jadx-core/src/main/java/jadx/core/dex/regions/conditions/IfCondition.java
1279	jadx.core.dex.regions.conditions.IfCondition	toString()	83	0	[]	false	public	true	file:///private/tmp/projects/jadx/jadx-core/src/main/java/jadx/core/dex/regions/conditions/IfCondition.java
1280	jadx.core.dex.regions.conditions.IfCondition	equals(java.lang.Object)	188	1	[false]	false	public	false	file:///private/tmp/projects/jadx/jadx-core/src/main/java/jadx/core/dex/regions/conditions/IfCondition.java
1281	jadx.core.dex.regions.conditions.IfCondition	hashCode()	186	0	[]	false	public	false	file:///private/tmp/projects/jadx/jadx-core/src/main/java/jadx/core/dex/regions/conditions/IfCondition.java
1282	jadx.core.dex.regions.conditions.IfInfo	IfInfo(jadx.core.dex.nodes.MethodNode,jadx.core.dex.regions.conditions.IfCondition,jadx.core.dex.nodes.BlockNode,jadx.core.dex.nodes.BlockNode)	0	4	[false, false, true, true]	false	public	false	file:///private/tmp/projects/jadx/jadx-core/src/main/java/jadx/core/dex/regions/conditions/IfInfo.java
1283	jadx.core.dex.regions.conditions.IfInfo	IfInfo(jadx.core.dex.regions.conditions.IfInfo,jadx.core.dex.nodes.BlockNode,jadx.core.dex.nodes.BlockNode)	0	3	[false, true, true]	false	public	false	file:///private/tmp/projects/jadx/jadx-core/src/main/java/jadx/core/dex/regions/conditions/IfInfo.java
1284	jadx.core.dex.regions.conditions.IfInfo	IfInfo(jadx.core.dex.nodes.MethodNode,jadx.core.dex.regions.conditions.IfCondition,jadx.core.dex.nodes.BlockNode,jadx.core.dex.nodes.BlockNode,java.util.List<jadx.core.dex.nodes.BlockNode>,java.util.Set<jadx.core.dex.nodes.BlockNode>,java.util.List<jadx.core.dex.nodes.InsnNode>)	0	7	[false, false, true, true, false, false, false]	false	private	false	file:///private/tmp/projects/jadx/jadx-core/src/main/java/jadx/core/dex/regions/conditions/IfInfo.java
1285	jadx.core.dex.regions.conditions.IfInfo	invert(jadx.core.dex.regions.conditions.IfInfo)	0	1	[false]	false	public	true	file:///private/tmp/projects/jadx/jadx-core/src/main/java/jadx/core/dex/regions/conditions/IfInfo.java
1286	jadx.core.dex.regions.conditions.IfInfo	merge(jadx.core.dex.regions.conditions.IfInfo...)	0	1	[false]	false	public	false	file:///private/tmp/projects/jadx/jadx-core/src/main/java/jadx/core/dex/regions/conditions/IfInfo.java
1287	jadx.core.dex.regions.conditions.IfInfo	getFirstIfBlock()	0	0	[]	false	public	true	file:///private/tmp/projects/jadx/jadx-core/src/main/java/jadx/core/dex/regions/conditions/IfInfo.java
1288	jadx.core.dex.regions.conditions.IfInfo	getMth()	0	0	[]	false	public	true	file:///private/tmp/projects/jadx/jadx-core/src/main/java/jadx/core/dex/regions/conditions/IfInfo.java
1289	jadx.core.dex.regions.conditions.IfInfo	getCondition()	0	0	[]	false	public	true	file:///private/tmp/projects/jadx/jadx-core/src/main/java/jadx/core/dex/regions/conditions/IfInfo.java
1290	jadx.core.dex.regions.conditions.IfInfo	getMergedBlocks()	0	0	[]	false	public	true	file:///private/tmp/projects/jadx/jadx-core/src/main/java/jadx/core/dex/regions/conditions/IfInfo.java
1291	jadx.core.dex.regions.conditions.IfInfo	getSkipBlocks()	0	0	[]	false	public	true	file:///private/tmp/projects/jadx/jadx-core/src/main/java/jadx/core/dex/regions/conditions/IfInfo.java
1292	jadx.core.dex.regions.conditions.IfInfo	getThenBlock()	0	0	[]	true	public	true	file:///private/tmp/projects/jadx/jadx-core/src/main/java/jadx/core/dex/regions/conditions/IfInfo.java
1293	jadx.core.dex.regions.conditions.IfInfo	getElseBlock()	0	0	[]	false	public	true	file:///private/tmp/projects/jadx/jadx-core/src/main/java/jadx/core/dex/regions/conditions/IfInfo.java
1294	jadx.core.dex.regions.conditions.IfInfo	getOutBlock()	0	0	[]	true	public	true	file:///private/tmp/projects/jadx/jadx-core/src/main/java/jadx/core/dex/regions/conditions/IfInfo.java
1295	jadx.core.dex.regions.conditions.IfInfo	setOutBlock(jadx.core.dex.nodes.BlockNode)	0	1	[true]	false	public	false	file:///private/tmp/projects/jadx/jadx-core/src/main/java/jadx/core/dex/regions/conditions/IfInfo.java
1296	jadx.core.dex.regions.conditions.IfInfo	getForceInlineInsns()	0	0	[]	false	public	true	file:///private/tmp/projects/jadx/jadx-core/src/main/java/jadx/core/dex/regions/conditions/IfInfo.java
1297	jadx.core.dex.regions.conditions.IfInfo	resetForceInlineInsns()	0	0	[]	false	public	false	file:///private/tmp/projects/jadx/jadx-core/src/main/java/jadx/core/dex/regions/conditions/IfInfo.java
1298	jadx.core.dex.regions.conditions.IfInfo	addInsnsForForcedInline(java.util.List<jadx.core.dex.nodes.InsnNode>)	0	1	[false]	false	public	false	file:///private/tmp/projects/jadx/jadx-core/src/main/java/jadx/core/dex/regions/conditions/IfInfo.java
1299	jadx.core.dex.regions.conditions.IfInfo	toString()	83	0	[]	false	public	true	file:///private/tmp/projects/jadx/jadx-core/src/main/java/jadx/core/dex/regions/conditions/IfInfo.java
1300	jadx.core.dex.regions.conditions.Compare	Compare(jadx.core.dex.instructions.IfNode)	0	1	[false]	false	public	false	file:///private/tmp/projects/jadx/jadx-core/src/main/java/jadx/core/dex/regions/conditions/Compare.java
1301	jadx.core.dex.regions.conditions.Compare	getOp()	0	0	[]	false	public	true	file:///private/tmp/projects/jadx/jadx-core/src/main/java/jadx/core/dex/regions/conditions/Compare.java
1302	jadx.core.dex.regions.conditions.Compare	getA()	0	0	[]	false	public	true	file:///private/tmp/projects/jadx/jadx-core/src/main/java/jadx/core/dex/regions/conditions/Compare.java
1303	jadx.core.dex.regions.conditions.Compare	getB()	0	0	[]	false	public	true	file:///private/tmp/projects/jadx/jadx-core/src/main/java/jadx/core/dex/regions/conditions/Compare.java
1304	jadx.core.dex.regions.conditions.Compare	getInsn()	0	0	[]	false	public	true	file:///private/tmp/projects/jadx/jadx-core/src/main/java/jadx/core/dex/regions/conditions/Compare.java
1305	jadx.core.dex.regions.conditions.Compare	invert()	0	0	[]	false	public	true	file:///private/tmp/projects/jadx/jadx-core/src/main/java/jadx/core/dex/regions/conditions/Compare.java
1306	jadx.core.dex.regions.conditions.Compare	normalize()	0	0	[]	false	public	false	file:///private/tmp/projects/jadx/jadx-core/src/main/java/jadx/core/dex/regions/conditions/Compare.java
1307	jadx.core.dex.regions.conditions.Compare	toString()	83	0	[]	false	public	true	file:///private/tmp/projects/jadx/jadx-core/src/main/java/jadx/core/dex/regions/conditions/Compare.java
1308	jadx.core.utils.BlockUtils	BlockUtils()	0	0	[]	false	private	false	file:///private/tmp/projects/jadx/jadx-core/src/main/java/jadx/core/utils/BlockUtils.java
1309	jadx.core.utils.BlockUtils	getBlockByOffset(int,java.lang.Iterable<jadx.core.dex.nodes.BlockNode>)	0	2	[false, false]	false	public	true	file:///private/tmp/projects/jadx/jadx-core/src/main/java/jadx/core/utils/BlockUtils.java
1310	jadx.core.utils.BlockUtils	selectOther(jadx.core.dex.nodes.BlockNode,java.util.List<jadx.core.dex.nodes.BlockNode>)	0	2	[false, false]	false	public	true	file:///private/tmp/projects/jadx/jadx-core/src/main/java/jadx/core/utils/BlockUtils.java
1311	jadx.core.utils.BlockUtils	selectOtherSafe(jadx.core.dex.nodes.BlockNode,java.util.List<jadx.core.dex.nodes.BlockNode>)	0	2	[false, false]	true	public	true	file:///private/tmp/projects/jadx/jadx-core/src/main/java/jadx/core/utils/BlockUtils.java
1312	jadx.core.utils.BlockUtils	isExceptionHandlerPath(jadx.core.dex.nodes.BlockNode)	0	1	[false]	false	public	false	file:///private/tmp/projects/jadx/jadx-core/src/main/java/jadx/core/utils/BlockUtils.java
1313	jadx.core.utils.BlockUtils	cleanBlockList(java.util.List<jadx.core.dex.nodes.BlockNode>)	0	1	[false]	false	private	true	file:///private/tmp/projects/jadx/jadx-core/src/main/java/jadx/core/utils/BlockUtils.java
1314	jadx.core.utils.BlockUtils	cleanBitSet(jadx.core.dex.nodes.MethodNode,java.util.BitSet)	0	2	[false, false]	false	public	false	file:///private/tmp/projects/jadx/jadx-core/src/main/java/jadx/core/utils/BlockUtils.java
1315	jadx.core.utils.BlockUtils	isBackEdge(jadx.core.dex.nodes.BlockNode,@org.jetbrains.annotations.Nullable jadx.core.dex.nodes.BlockNode)	0	2	[false, true]	false	public	false	file:///private/tmp/projects/jadx/jadx-core/src/main/java/jadx/core/utils/BlockUtils.java
1316	jadx.core.utils.BlockUtils	isFollowBackEdge(@org.jetbrains.annotations.Nullable jadx.core.dex.nodes.BlockNode)	0	1	[true]	false	public	false	file:///private/tmp/projects/jadx/jadx-core/src/main/java/jadx/core/utils/BlockUtils.java
1317	jadx.core.utils.BlockUtils	blockContains(jadx.core.dex.nodes.BlockNode,@org.jetbrains.annotations.Nullable jadx.core.dex.nodes.InsnNode)	0	2	[false, true]	false	public	false	file:///private/tmp/projects/jadx/jadx-core/src/main/java/jadx/core/utils/BlockUtils.java
1318	jadx.core.utils.BlockUtils	checkFirstInsn(jadx.core.dex.nodes.IBlock,java.util.function.Predicate<jadx.core.dex.nodes.InsnNode>)	0	2	[false, false]	false	public	false	file:///private/tmp/projects/jadx/jadx-core/src/main/java/jadx/core/utils/BlockUtils.java
1319	jadx.core.utils.BlockUtils	checkLastInsnType(jadx.core.dex.nodes.IBlock,jadx.core.dex.instructions.InsnType)	0	2	[false, false]	false	public	false	file:///private/tmp/projects/jadx/jadx-core/src/main/java/jadx/core/utils/BlockUtils.java
1320	jadx.core.utils.BlockUtils	getLastInsnWithType(jadx.core.dex.nodes.IBlock,jadx.core.dex.instructions.InsnType)	0	2	[false, false]	true	public	true	file:///private/tmp/projects/jadx/jadx-core/src/main/java/jadx/core/utils/BlockUtils.java
1321	jadx.core.utils.BlockUtils	getFirstSourceLine(jadx.core.dex.nodes.IBlock)	0	1	[false]	false	public	false	file:///private/tmp/projects/jadx/jadx-core/src/main/java/jadx/core/utils/BlockUtils.java
1322	jadx.core.utils.BlockUtils	getFirstInsn(@org.jetbrains.annotations.Nullable jadx.core.dex.nodes.IBlock)	0	1	[true]	true	public	true	file:///private/tmp/projects/jadx/jadx-core/src/main/java/jadx/core/utils/BlockUtils.java
1323	jadx.core.utils.BlockUtils	getLastInsn(@org.jetbrains.annotations.Nullable jadx.core.dex.nodes.IBlock)	0	1	[true]	true	public	true	file:///private/tmp/projects/jadx/jadx-core/src/main/java/jadx/core/utils/BlockUtils.java
1324	jadx.core.utils.BlockUtils	isExitBlock(jadx.core.dex.nodes.MethodNode,@org.jetbrains.annotations.Nullable jadx.core.dex.nodes.BlockNode)	0	2	[false, true]	false	public	false	file:///private/tmp/projects/jadx/jadx-core/src/main/java/jadx/core/utils/BlockUtils.java
1325	jadx.core.utils.BlockUtils	isExitBlock(@org.jetbrains.annotations.Nullable jadx.core.dex.nodes.BlockNode)	0	1	[true]	false	public	false	file:///private/tmp/projects/jadx/jadx-core/src/main/java/jadx/core/utils/BlockUtils.java
1326	jadx.core.utils.BlockUtils	containsExitInsn(jadx.core.dex.nodes.IBlock)	0	1	[false]	false	public	false	file:///private/tmp/projects/jadx/jadx-core/src/main/java/jadx/core/utils/BlockUtils.java
1327	jadx.core.utils.BlockUtils	getBlockByInsn(jadx.core.dex.nodes.MethodNode,@org.jetbrains.annotations.Nullable jadx.core.dex.nodes.InsnNode)	0	2	[false, true]	true	public	true	file:///private/tmp/projects/jadx/jadx-core/src/main/java/jadx/core/utils/BlockUtils.java
1328	jadx.core.utils.BlockUtils	searchBlockWithPhi(jadx.core.dex.nodes.MethodNode,jadx.core.dex.instructions.PhiInsn)	0	2	[false, false]	true	public	true	file:///private/tmp/projects/jadx/jadx-core/src/main/java/jadx/core/utils/BlockUtils.java
1329	jadx.core.utils.BlockUtils	getBlockByWrappedInsn(jadx.core.dex.nodes.MethodNode,jadx.core.dex.nodes.InsnNode)	0	2	[false, false]	true	private	true	file:///private/tmp/projects/jadx/jadx-core/src/main/java/jadx/core/utils/BlockUtils.java
1330	jadx.core.utils.BlockUtils	searchInsnParent(jadx.core.dex.nodes.MethodNode,jadx.core.dex.nodes.InsnNode)	0	2	[false, false]	true	public	true	file:///private/tmp/projects/jadx/jadx-core/src/main/java/jadx/core/utils/BlockUtils.java
1331	jadx.core.utils.BlockUtils	searchWrappedInsnParent(jadx.core.dex.nodes.MethodNode,jadx.core.dex.nodes.InsnNode)	0	2	[false, false]	true	public	true	file:///private/tmp/projects/jadx/jadx-core/src/main/java/jadx/core/utils/BlockUtils.java
1332	jadx.core.utils.BlockUtils	foundWrappedInsn(jadx.core.dex.nodes.InsnNode,jadx.core.dex.nodes.InsnNode)	0	2	[false, false]	true	private	true	file:///private/tmp/projects/jadx/jadx-core/src/main/java/jadx/core/utils/BlockUtils.java
1333	jadx.core.utils.BlockUtils	foundWrappedInsnInCondition(jadx.core.dex.regions.conditions.IfCondition,jadx.core.dex.nodes.InsnNode)	0	2	[false, false]	true	private	true	file:///private/tmp/projects/jadx/jadx-core/src/main/java/jadx/core/utils/BlockUtils.java
1334	jadx.core.utils.BlockUtils	newBlocksBitSet(jadx.core.dex.nodes.MethodNode)	0	1	[false]	false	public	true	file:///private/tmp/projects/jadx/jadx-core/src/main/java/jadx/core/utils/BlockUtils.java
1335	jadx.core.utils.BlockUtils	copyBlocksBitSet(jadx.core.dex.nodes.MethodNode,@org.jetbrains.annotations.Nullable java.util.BitSet)	0	2	[false, true]	false	public	true	file:///private/tmp/projects/jadx/jadx-core/src/main/java/jadx/core/utils/BlockUtils.java
1336	jadx.core.utils.BlockUtils	blocksToBitSet(jadx.core.dex.nodes.MethodNode,java.util.Collection<jadx.core.dex.nodes.BlockNode>)	0	2	[false, false]	false	public	true	file:///private/tmp/projects/jadx/jadx-core/src/main/java/jadx/core/utils/BlockUtils.java
1337	jadx.core.utils.BlockUtils	bitSetToOneBlock(jadx.core.dex.nodes.MethodNode,java.util.BitSet)	0	2	[false, false]	true	public	true	file:///private/tmp/projects/jadx/jadx-core/src/main/java/jadx/core/utils/BlockUtils.java
1338	jadx.core.utils.BlockUtils	bitSetToBlocks(jadx.core.dex.nodes.MethodNode,java.util.BitSet)	0	2	[false, false]	false	public	true	file:///private/tmp/projects/jadx/jadx-core/src/main/java/jadx/core/utils/BlockUtils.java
1339	jadx.core.utils.BlockUtils	forEachBlockFromBitSet(jadx.core.dex.nodes.MethodNode,java.util.BitSet,java.util.function.Consumer<jadx.core.dex.nodes.BlockNode>)	0	3	[false, false, false]	false	public	false	file:///private/tmp/projects/jadx/jadx-core/src/main/java/jadx/core/utils/BlockUtils.java
1340	jadx.core.utils.BlockUtils	getNextBlock(@org.jetbrains.annotations.Nullable jadx.core.dex.nodes.BlockNode)	0	1	[true]	true	public	true	file:///private/tmp/projects/jadx/jadx-core/src/main/java/jadx/core/utils/BlockUtils.java
1341	jadx.core.utils.BlockUtils	getNextBlockToPath(jadx.core.dex.nodes.BlockNode,jadx.core.dex.nodes.BlockNode)	0	2	[false, false]	true	public	true	file:///private/tmp/projects/jadx/jadx-core/src/main/java/jadx/core/utils/BlockUtils.java
1342	jadx.core.utils.BlockUtils	visitBlocksOnPath(jadx.core.dex.nodes.MethodNode,@org.jetbrains.annotations.Nullable jadx.core.dex.nodes.BlockNode,jadx.core.dex.nodes.BlockNode,java.util.function.Consumer<jadx.core.dex.nodes.BlockNode>)	0	4	[false, true, false, false]	false	public	false	file:///private/tmp/projects/jadx/jadx-core/src/main/java/jadx/core/utils/BlockUtils.java
1343	jadx.core.utils.BlockUtils	dfsVisit(jadx.core.dex.nodes.MethodNode,java.util.function.Consumer<jadx.core.dex.nodes.BlockNode>)	0	2	[false, false]	false	public	false	file:///private/tmp/projects/jadx/jadx-core/src/main/java/jadx/core/utils/BlockUtils.java
1344	jadx.core.utils.BlockUtils	collectPredecessors(jadx.core.dex.nodes.MethodNode,jadx.core.dex.nodes.BlockNode,java.util.Collection<jadx.core.dex.nodes.BlockNode>)	0	3	[false, false, false]	false	public	true	file:///private/tmp/projects/jadx/jadx-core/src/main/java/jadx/core/utils/BlockUtils.java
1345	jadx.core.utils.BlockUtils	traversePredecessors(jadx.core.dex.nodes.BlockNode,java.util.BitSet,java.util.function.Consumer<jadx.core.dex.nodes.BlockNode>)	0	3	[false, false, false]	false	private	false	file:///private/tmp/projects/jadx/jadx-core/src/main/java/jadx/core/utils/BlockUtils.java
1346	jadx.core.utils.BlockUtils	getAllPathsBlocks(jadx.core.dex.nodes.BlockNode,jadx.core.dex.nodes.BlockNode)	0	2	[false, false]	false	public	true	file:///private/tmp/projects/jadx/jadx-core/src/main/java/jadx/core/utils/BlockUtils.java
1347	jadx.core.utils.BlockUtils	addPredecessors(java.util.Set<jadx.core.dex.nodes.BlockNode>,jadx.core.dex.nodes.BlockNode,jadx.core.dex.nodes.BlockNode)	0	3	[false, false, false]	false	private	false	file:///private/tmp/projects/jadx/jadx-core/src/main/java/jadx/core/utils/BlockUtils.java
1348	jadx.core.utils.BlockUtils	traverseSuccessorsUntil(jadx.core.dex.nodes.BlockNode,jadx.core.dex.nodes.BlockNode,java.util.BitSet,boolean)	0	4	[false, false, false, false]	false	private	false	file:///private/tmp/projects/jadx/jadx-core/src/main/java/jadx/core/utils/BlockUtils.java
1349	jadx.core.utils.BlockUtils	atLeastOnePathExists(java.util.Collection<jadx.core.dex.nodes.BlockNode>,jadx.core.dex.nodes.BlockNode)	0	2	[false, false]	false	public	false	file:///private/tmp/projects/jadx/jadx-core/src/main/java/jadx/core/utils/BlockUtils.java
1350	jadx.core.utils.BlockUtils	isAllPathExists(java.util.Collection<jadx.core.dex.nodes.BlockNode>,jadx.core.dex.nodes.BlockNode)	0	2	[false, false]	false	public	false	file:///private/tmp/projects/jadx/jadx-core/src/main/java/jadx/core/utils/BlockUtils.java
1351	jadx.core.utils.BlockUtils	isPathExists(@org.jetbrains.annotations.Nullable jadx.core.dex.nodes.BlockNode,@org.jetbrains.annotations.Nullable jadx.core.dex.nodes.BlockNode)	0	2	[true, true]	false	public	false	file:///private/tmp/projects/jadx/jadx-core/src/main/java/jadx/core/utils/BlockUtils.java
1352	jadx.core.utils.BlockUtils	isAnyPathExists(jadx.core.dex.nodes.BlockNode,jadx.core.dex.nodes.BlockNode)	0	2	[false, false]	false	public	false	file:///private/tmp/projects/jadx/jadx-core/src/main/java/jadx/core/utils/BlockUtils.java
1353	jadx.core.utils.BlockUtils	getTopBlock(java.util.List<jadx.core.dex.nodes.BlockNode>)	0	1	[false]	true	public	true	file:///private/tmp/projects/jadx/jadx-core/src/main/java/jadx/core/utils/BlockUtils.java
1354	jadx.core.utils.BlockUtils	getBottomBlock(java.util.List<jadx.core.dex.nodes.BlockNode>)	0	1	[false]	true	public	true	file:///private/tmp/projects/jadx/jadx-core/src/main/java/jadx/core/utils/BlockUtils.java
1355	jadx.core.utils.BlockUtils	isOnlyOnePathExists(jadx.core.dex.nodes.BlockNode,jadx.core.dex.nodes.BlockNode)	0	2	[false, false]	false	public	false	file:///private/tmp/projects/jadx/jadx-core/src/main/java/jadx/core/utils/BlockUtils.java
1356	jadx.core.utils.BlockUtils	traverseWhileDominates(jadx.core.dex.nodes.BlockNode,jadx.core.dex.nodes.BlockNode)	0	2	[false, false]	true	public	true	file:///private/tmp/projects/jadx/jadx-core/src/main/java/jadx/core/utils/BlockUtils.java
1357	jadx.core.utils.BlockUtils	getCommonDominator(jadx.core.dex.nodes.MethodNode,java.util.List<jadx.core.dex.nodes.BlockNode>)	0	2	[false, false]	true	public	true	file:///private/tmp/projects/jadx/jadx-core/src/main/java/jadx/core/utils/BlockUtils.java
1358	jadx.core.utils.BlockUtils	getPathCross(jadx.core.dex.nodes.MethodNode,java.util.Collection<jadx.core.dex.nodes.BlockNode>)	0	2	[false, false]	true	public	true	file:///private/tmp/projects/jadx/jadx-core/src/main/java/jadx/core/utils/BlockUtils.java
1359	jadx.core.utils.BlockUtils	mergeExcHandlerDomFrontier(jadx.core.dex.nodes.MethodNode,jadx.core.dex.trycatch.ExceptionHandler,java.util.BitSet)	0	3	[false, false, false]	false	private	false	file:///private/tmp/projects/jadx/jadx-core/src/main/java/jadx/core/utils/BlockUtils.java
1360	jadx.core.utils.BlockUtils	getPathCross(jadx.core.dex.nodes.MethodNode,@org.jetbrains.annotations.Nullable jadx.core.dex.nodes.BlockNode,@org.jetbrains.annotations.Nullable jadx.core.dex.nodes.BlockNode)	0	3	[false, true, true]	true	public	true	file:///private/tmp/projects/jadx/jadx-core/src/main/java/jadx/core/utils/BlockUtils.java
1361	jadx.core.utils.BlockUtils	collectBlocksDominatedBy(jadx.core.dex.nodes.MethodNode,jadx.core.dex.nodes.BlockNode,jadx.core.dex.nodes.BlockNode)	0	3	[false, false, false]	false	public	true	file:///private/tmp/projects/jadx/jadx-core/src/main/java/jadx/core/utils/BlockUtils.java
1362	jadx.core.utils.BlockUtils	collectBlocksDominatedByWithExcHandlers(jadx.core.dex.nodes.MethodNode,jadx.core.dex.nodes.BlockNode,jadx.core.dex.nodes.BlockNode)	0	3	[false, false, false]	false	public	true	file:///private/tmp/projects/jadx/jadx-core/src/main/java/jadx/core/utils/BlockUtils.java
1363	jadx.core.utils.BlockUtils	collectWhileDominates(jadx.core.dex.nodes.BlockNode,jadx.core.dex.nodes.BlockNode,java.util.Collection<jadx.core.dex.nodes.BlockNode>,java.util.BitSet,boolean)	0	5	[false, false, false, false, false]	false	private	false	file:///private/tmp/projects/jadx/jadx-core/src/main/java/jadx/core/utils/BlockUtils.java
1364	jadx.core.utils.BlockUtils	visitSinglePath(jadx.core.dex.nodes.BlockNode,java.util.function.Consumer<jadx.core.dex.nodes.BlockNode>)	0	2	[false, false]	false	public	false	file:///private/tmp/projects/jadx/jadx-core/src/main/java/jadx/core/utils/BlockUtils.java
1365	jadx.core.utils.BlockUtils	getNextSinglePathBlock(jadx.core.dex.nodes.BlockNode)	0	1	[false]	true	public	true	file:///private/tmp/projects/jadx/jadx-core/src/main/java/jadx/core/utils/BlockUtils.java
1366	jadx.core.utils.BlockUtils	buildSimplePath(jadx.core.dex.nodes.BlockNode)	0	1	[false]	false	public	true	file:///private/tmp/projects/jadx/jadx-core/src/main/java/jadx/core/utils/BlockUtils.java
1367	jadx.core.utils.BlockUtils	skipPredSyntheticPaths(jadx.core.dex.nodes.BlockNode)	0	1	[false]	false	public	false	file:///private/tmp/projects/jadx/jadx-core/src/main/java/jadx/core/utils/BlockUtils.java
1368	jadx.core.utils.BlockUtils	followEmptyPath(@org.jetbrains.annotations.Nullable jadx.core.dex.nodes.BlockNode)	0	1	[true]	true	public	true	file:///private/tmp/projects/jadx/jadx-core/src/main/java/jadx/core/utils/BlockUtils.java
1369	jadx.core.utils.BlockUtils	visitBlocksOnEmptyPath(@org.jetbrains.annotations.Nullable jadx.core.dex.nodes.BlockNode,java.util.function.Consumer<jadx.core.dex.nodes.BlockNode>)	0	2	[true, false]	false	public	false	file:///private/tmp/projects/jadx/jadx-core/src/main/java/jadx/core/utils/BlockUtils.java
1370	jadx.core.utils.BlockUtils	getNextBlockOnEmptyPath(@org.jetbrains.annotations.Nullable jadx.core.dex.nodes.BlockNode)	0	1	[true]	true	private	true	file:///private/tmp/projects/jadx/jadx-core/src/main/java/jadx/core/utils/BlockUtils.java
1371	jadx.core.utils.BlockUtils	isEmptySimplePath(jadx.core.dex.nodes.BlockNode,jadx.core.dex.nodes.BlockNode)	0	2	[false, false]	false	public	false	file:///private/tmp/projects/jadx/jadx-core/src/main/java/jadx/core/utils/BlockUtils.java
1372	jadx.core.utils.BlockUtils	skipSyntheticPredecessor(jadx.core.dex.nodes.BlockNode)	0	1	[false]	false	public	true	file:///private/tmp/projects/jadx/jadx-core/src/main/java/jadx/core/utils/BlockUtils.java
1373	jadx.core.utils.BlockUtils	isAllBlocksEmpty(java.util.List<jadx.core.dex.nodes.BlockNode>)	0	1	[false]	false	public	false	file:///private/tmp/projects/jadx/jadx-core/src/main/java/jadx/core/utils/BlockUtils.java
1374	jadx.core.utils.BlockUtils	collectAllInsns(java.util.List<jadx.core.dex.nodes.BlockNode>)	0	1	[false]	false	public	true	file:///private/tmp/projects/jadx/jadx-core/src/main/java/jadx/core/utils/BlockUtils.java
1375	jadx.core.utils.BlockUtils	collectInsnsWithLimit(java.util.List<jadx.core.dex.nodes.BlockNode>,int)	0	2	[false, false]	false	public	true	file:///private/tmp/projects/jadx/jadx-core/src/main/java/jadx/core/utils/BlockUtils.java
1376	jadx.core.utils.BlockUtils	getOnlyOneInsnFromMth(jadx.core.dex.nodes.MethodNode)	0	1	[false]	true	public	true	file:///private/tmp/projects/jadx/jadx-core/src/main/java/jadx/core/utils/BlockUtils.java
1377	jadx.core.utils.BlockUtils	isFirstInsn(jadx.core.dex.nodes.MethodNode,jadx.core.dex.nodes.InsnNode)	0	2	[false, false]	false	public	false	file:///private/tmp/projects/jadx/jadx-core/src/main/java/jadx/core/utils/BlockUtils.java
1378	jadx.core.utils.BlockUtils	replaceInsn(jadx.core.dex.nodes.MethodNode,jadx.core.dex.nodes.BlockNode,int,jadx.core.dex.nodes.InsnNode)	0	4	[false, false, false, false]	false	public	false	file:///private/tmp/projects/jadx/jadx-core/src/main/java/jadx/core/utils/BlockUtils.java
1379	jadx.core.utils.BlockUtils	replaceInsn(jadx.core.dex.nodes.MethodNode,jadx.core.dex.nodes.BlockNode,jadx.core.dex.nodes.InsnNode,jadx.core.dex.nodes.InsnNode)	0	4	[false, false, false, false]	false	public	false	file:///private/tmp/projects/jadx/jadx-core/src/main/java/jadx/core/utils/BlockUtils.java
1380	jadx.core.utils.BlockUtils	insertBeforeInsn(jadx.core.dex.nodes.BlockNode,jadx.core.dex.nodes.InsnNode,jadx.core.dex.nodes.InsnNode)	0	3	[false, false, false]	false	public	false	file:///private/tmp/projects/jadx/jadx-core/src/main/java/jadx/core/utils/BlockUtils.java
1381	jadx.core.utils.BlockUtils	insertAfterInsn(jadx.core.dex.nodes.BlockNode,jadx.core.dex.nodes.InsnNode,jadx.core.dex.nodes.InsnNode)	0	3	[false, false, false]	false	public	false	file:///private/tmp/projects/jadx/jadx-core/src/main/java/jadx/core/utils/BlockUtils.java
1382	jadx.core.utils.BlockUtils	getInsnIndexInBlock(jadx.core.dex.nodes.BlockNode,jadx.core.dex.nodes.InsnNode)	0	2	[false, false]	false	public	false	file:///private/tmp/projects/jadx/jadx-core/src/main/java/jadx/core/utils/BlockUtils.java
1383	jadx.core.utils.BlockUtils	replaceInsn(jadx.core.dex.nodes.MethodNode,jadx.core.dex.nodes.InsnNode,jadx.core.dex.nodes.InsnNode)	0	3	[false, false, false]	false	public	false	file:///private/tmp/projects/jadx/jadx-core/src/main/java/jadx/core/utils/BlockUtils.java
1384	jadx.core.utils.BlockUtils	calcPostDominance(jadx.core.dex.nodes.MethodNode)	0	1	[false]	false	public	true	file:///private/tmp/projects/jadx/jadx-core/src/main/java/jadx/core/utils/BlockUtils.java
1385	jadx.core.utils.BlockUtils	calcPartialPostDominance(jadx.core.dex.nodes.MethodNode,java.util.Collection<jadx.core.dex.nodes.BlockNode>,jadx.core.dex.nodes.BlockNode)	0	3	[false, false, false]	false	public	true	file:///private/tmp/projects/jadx/jadx-core/src/main/java/jadx/core/utils/BlockUtils.java
1386	jadx.core.utils.BlockUtils	calcImmediatePostDominator(jadx.core.dex.nodes.MethodNode,jadx.core.dex.nodes.BlockNode)	0	2	[false, false]	true	public	true	file:///private/tmp/projects/jadx/jadx-core/src/main/java/jadx/core/utils/BlockUtils.java
1387	jadx.core.utils.BlockUtils	calcPartialImmediatePostDominator(jadx.core.dex.nodes.MethodNode,jadx.core.dex.nodes.BlockNode,java.util.Collection<jadx.core.dex.nodes.BlockNode>,jadx.core.dex.nodes.BlockNode)	0	4	[false, false, false, false]	true	public	true	file:///private/tmp/projects/jadx/jadx-core/src/main/java/jadx/core/utils/BlockUtils.java
1388	jadx.core.utils.BlockUtils	calcImmediatePostDominator(jadx.core.dex.nodes.MethodNode,jadx.core.dex.nodes.BlockNode,java.util.Map<jadx.core.dex.nodes.BlockNode,java.util.BitSet>)	0	3	[false, false, false]	true	public	true	file:///private/tmp/projects/jadx/jadx-core/src/main/java/jadx/core/utils/BlockUtils.java
1389	jadx.core.utils.BlockUtils	getTopSplitterForHandler(jadx.core.dex.nodes.BlockNode)	0	1	[false]	false	public	true	file:///private/tmp/projects/jadx/jadx-core/src/main/java/jadx/core/utils/BlockUtils.java
1390	jadx.core.utils.BlockUtils	getBlockWithFlag(java.util.List<jadx.core.dex.nodes.BlockNode>,jadx.core.dex.attributes.AFlag)	0	2	[false, false]	true	public	true	file:///private/tmp/projects/jadx/jadx-core/src/main/java/jadx/core/utils/BlockUtils.java
1391	jadx.core.dex.instructions.IfNode	IfNode(jadx.api.plugins.input.insns.InsnData,jadx.core.dex.instructions.IfOp)	0	2	[false, false]	false	public	false	file:///private/tmp/projects/jadx/jadx-core/src/main/java/jadx/core/dex/instructions/IfNode.java
1392	jadx.core.dex.instructions.IfNode	IfNode(jadx.core.dex.instructions.IfOp,int,jadx.core.dex.instructions.args.InsnArg,jadx.core.dex.instructions.args.InsnArg)	0	4	[false, false, false, false]	false	public	false	file:///private/tmp/projects/jadx/jadx-core/src/main/java/jadx/core/dex/instructions/IfNode.java
1393	jadx.core.dex.instructions.IfNode	IfNode(jadx.core.dex.instructions.IfOp,int)	0	2	[false, false]	false	private	false	file:///private/tmp/projects/jadx/jadx-core/src/main/java/jadx/core/dex/instructions/IfNode.java
1394	jadx.core.dex.instructions.IfNode	narrowTypeByOp(jadx.core.dex.instructions.IfOp)	0	1	[false]	false	private	true	file:///private/tmp/projects/jadx/jadx-core/src/main/java/jadx/core/dex/instructions/IfNode.java
1395	jadx.core.dex.instructions.IfNode	getOp()	0	0	[]	false	public	true	file:///private/tmp/projects/jadx/jadx-core/src/main/java/jadx/core/dex/instructions/IfNode.java
1396	jadx.core.dex.instructions.IfNode	invertCondition()	0	0	[]	false	public	false	file:///private/tmp/projects/jadx/jadx-core/src/main/java/jadx/core/dex/instructions/IfNode.java
1397	jadx.core.dex.instructions.IfNode	normalize()	0	0	[]	false	public	false	file:///private/tmp/projects/jadx/jadx-core/src/main/java/jadx/core/dex/instructions/IfNode.java
1398	jadx.core.dex.instructions.IfNode	changeCondition(jadx.core.dex.instructions.IfOp,jadx.core.dex.instructions.args.InsnArg,jadx.core.dex.instructions.args.InsnArg)	0	3	[false, false, false]	false	public	false	file:///private/tmp/projects/jadx/jadx-core/src/main/java/jadx/core/dex/instructions/IfNode.java
1399	jadx.core.dex.instructions.IfNode	initBlocks(jadx.core.dex.nodes.BlockNode)	1400	1	[false]	false	public	false	file:///private/tmp/projects/jadx/jadx-core/src/main/java/jadx/core/dex/instructions/IfNode.java
1401	jadx.core.dex.instructions.IfNode	replaceTargetBlock(jadx.core.dex.nodes.BlockNode,jadx.core.dex.nodes.BlockNode)	1402	2	[false, false]	false	public	false	file:///private/tmp/projects/jadx/jadx-core/src/main/java/jadx/core/dex/instructions/IfNode.java
1403	jadx.core.dex.instructions.IfNode	getThenBlock()	0	0	[]	false	public	true	file:///private/tmp/projects/jadx/jadx-core/src/main/java/jadx/core/dex/instructions/IfNode.java
1404	jadx.core.dex.instructions.IfNode	getElseBlock()	0	0	[]	false	public	true	file:///private/tmp/projects/jadx/jadx-core/src/main/java/jadx/core/dex/instructions/IfNode.java
1405	jadx.core.dex.instructions.IfNode	getTarget()	1406	0	[]	false	public	false	file:///private/tmp/projects/jadx/jadx-core/src/main/java/jadx/core/dex/instructions/IfNode.java
1407	jadx.core.dex.instructions.IfNode	isSame(jadx.core.dex.nodes.InsnNode)	771	1	[false]	false	public	false	file:///private/tmp/projects/jadx/jadx-core/src/main/java/jadx/core/dex/instructions/IfNode.java
1408	jadx.core.dex.instructions.IfNode	copy()	1409	0	[]	false	public	true	file:///private/tmp/projects/jadx/jadx-core/src/main/java/jadx/core/dex/instructions/IfNode.java
1410	jadx.core.dex.instructions.IfNode	toString()	1411	0	[]	false	public	true	file:///private/tmp/projects/jadx/jadx-core/src/main/java/jadx/core/dex/instructions/IfNode.java
1412	jadx.core.dex.instructions.GotoNode	GotoNode(int)	0	1	[false]	false	public	false	file:///private/tmp/projects/jadx/jadx-core/src/main/java/jadx/core/dex/instructions/GotoNode.java
1413	jadx.core.dex.instructions.GotoNode	GotoNode(jadx.core.dex.instructions.InsnType,int,int)	0	3	[false, false, false]	false	protected	false	file:///private/tmp/projects/jadx/jadx-core/src/main/java/jadx/core/dex/instructions/GotoNode.java
1406	jadx.core.dex.instructions.GotoNode	getTarget()	0	0	[]	false	public	false	file:///private/tmp/projects/jadx/jadx-core/src/main/java/jadx/core/dex/instructions/GotoNode.java
1409	jadx.core.dex.instructions.GotoNode	copy()	775	0	[]	false	public	true	file:///private/tmp/projects/jadx/jadx-core/src/main/java/jadx/core/dex/instructions/GotoNode.java
1411	jadx.core.dex.instructions.GotoNode	toString()	786	0	[]	false	public	true	file:///private/tmp/projects/jadx/jadx-core/src/main/java/jadx/core/dex/instructions/GotoNode.java
1414	jadx.core.dex.instructions.TargetInsnNode	TargetInsnNode(jadx.core.dex.instructions.InsnType,int)	0	2	[false, false]	false	public	false	file:///private/tmp/projects/jadx/jadx-core/src/main/java/jadx/core/dex/instructions/TargetInsnNode.java
1400	jadx.core.dex.instructions.TargetInsnNode	initBlocks(jadx.core.dex.nodes.BlockNode)	0	1	[false]	false	public	false	file:///private/tmp/projects/jadx/jadx-core/src/main/java/jadx/core/dex/instructions/TargetInsnNode.java
1402	jadx.core.dex.instructions.TargetInsnNode	replaceTargetBlock(jadx.core.dex.nodes.BlockNode,jadx.core.dex.nodes.BlockNode)	0	2	[false, false]	false	public	false	file:///private/tmp/projects/jadx/jadx-core/src/main/java/jadx/core/dex/instructions/TargetInsnNode.java
1415	jadx.core.dex.instructions.IfOp	IfOp(java.lang.String)	0	1	[false]	false	private	false	file:///private/tmp/projects/jadx/jadx-core/src/main/java/jadx/core/dex/instructions/IfOp.java
1416	jadx.core.dex.instructions.IfOp	getSymbol()	0	0	[]	false	public	true	file:///private/tmp/projects/jadx/jadx-core/src/main/java/jadx/core/dex/instructions/IfOp.java
1417	jadx.core.dex.instructions.IfOp	invert()	0	0	[]	false	public	true	file:///private/tmp/projects/jadx/jadx-core/src/main/java/jadx/core/dex/instructions/IfOp.java
1418	jadx.core.dex.attributes.nodes.EnumClassAttr$EnumField	EnumField(jadx.core.dex.nodes.FieldNode,jadx.core.dex.instructions.mods.ConstructorInsn)	0	2	[false, false]	false	public	false	file:///private/tmp/projects/jadx/jadx-core/src/main/java/jadx/core/dex/attributes/nodes/EnumClassAttr.java
1419	jadx.core.dex.attributes.nodes.EnumClassAttr$EnumField	getField()	0	0	[]	false	public	true	file:///private/tmp/projects/jadx/jadx-core/src/main/java/jadx/core/dex/attributes/nodes/EnumClassAttr.java
1420	jadx.core.dex.attributes.nodes.EnumClassAttr$EnumField	getConstrInsn()	0	0	[]	false	public	true	file:///private/tmp/projects/jadx/jadx-core/src/main/java/jadx/core/dex/attributes/nodes/EnumClassAttr.java
1421	jadx.core.dex.attributes.nodes.EnumClassAttr$EnumField	getCls()	0	0	[]	true	public	true	file:///private/tmp/projects/jadx/jadx-core/src/main/java/jadx/core/dex/attributes/nodes/EnumClassAttr.java
1422	jadx.core.dex.attributes.nodes.EnumClassAttr$EnumField	setCls(jadx.core.dex.nodes.ClassNode)	0	1	[false]	false	public	false	file:///private/tmp/projects/jadx/jadx-core/src/main/java/jadx/core/dex/attributes/nodes/EnumClassAttr.java
1423	jadx.core.dex.attributes.nodes.EnumClassAttr$EnumField	toString()	83	0	[]	false	public	true	file:///private/tmp/projects/jadx/jadx-core/src/main/java/jadx/core/dex/attributes/nodes/EnumClassAttr.java
1424	jadx.core.dex.attributes.nodes.EnumClassAttr	EnumClassAttr(java.util.List<jadx.core.dex.attributes.nodes.EnumClassAttr.EnumField>)	0	1	[false]	false	public	false	file:///private/tmp/projects/jadx/jadx-core/src/main/java/jadx/core/dex/attributes/nodes/EnumClassAttr.java
1425	jadx.core.dex.attributes.nodes.EnumClassAttr	getFields()	0	0	[]	false	public	true	file:///private/tmp/projects/jadx/jadx-core/src/main/java/jadx/core/dex/attributes/nodes/EnumClassAttr.java
1426	jadx.core.dex.attributes.nodes.EnumClassAttr	getStaticMethod()	0	0	[]	true	public	true	file:///private/tmp/projects/jadx/jadx-core/src/main/java/jadx/core/dex/attributes/nodes/EnumClassAttr.java
1427	jadx.core.dex.attributes.nodes.EnumClassAttr	setStaticMethod(jadx.core.dex.nodes.MethodNode)	0	1	[false]	false	public	false	file:///private/tmp/projects/jadx/jadx-core/src/main/java/jadx/core/dex/attributes/nodes/EnumClassAttr.java
1428	jadx.core.dex.attributes.nodes.EnumClassAttr	getAttrType()	614	0	[]	false	public	true	file:///private/tmp/projects/jadx/jadx-core/src/main/java/jadx/core/dex/attributes/nodes/EnumClassAttr.java
1429	jadx.core.dex.attributes.nodes.EnumClassAttr	toString()	83	0	[]	false	public	true	file:///private/tmp/projects/jadx/jadx-core/src/main/java/jadx/core/dex/attributes/nodes/EnumClassAttr.java
1430	jadx.core.codegen.ClassGen	ClassGen(jadx.core.dex.nodes.ClassNode,jadx.api.JadxArgs)	0	2	[false, false]	false	public	false	file:///private/tmp/projects/jadx/jadx-core/src/main/java/jadx/core/codegen/ClassGen.java
1431	jadx.core.codegen.ClassGen	ClassGen(jadx.core.dex.nodes.ClassNode,jadx.core.codegen.ClassGen)	0	2	[false, false]	false	public	false	file:///private/tmp/projects/jadx/jadx-core/src/main/java/jadx/core/codegen/ClassGen.java
1432	jadx.core.codegen.ClassGen	ClassGen(jadx.core.dex.nodes.ClassNode,@org.jetbrains.annotations.Nullable jadx.core.codegen.ClassGen,boolean,boolean,boolean)	0	5	[false, true, false, false, false]	false	public	false	file:///private/tmp/projects/jadx/jadx-core/src/main/java/jadx/core/codegen/ClassGen.java
1433	jadx.core.codegen.ClassGen	getClassNode()	0	0	[]	false	public	true	file:///private/tmp/projects/jadx/jadx-core/src/main/java/jadx/core/codegen/ClassGen.java
1434	jadx.core.codegen.ClassGen	makeClass()	0	0	[]	false	public	true	file:///private/tmp/projects/jadx/jadx-core/src/main/java/jadx/core/codegen/ClassGen.java
1435	jadx.core.codegen.ClassGen	addClassCode(jadx.api.ICodeWriter)	0	1	[false]	false	public	false	file:///private/tmp/projects/jadx/jadx-core/src/main/java/jadx/core/codegen/ClassGen.java
1436	jadx.core.codegen.ClassGen	addClassDeclaration(jadx.api.ICodeWriter)	0	1	[false]	false	public	false	file:///private/tmp/projects/jadx/jadx-core/src/main/java/jadx/core/codegen/ClassGen.java
1437	jadx.core.codegen.ClassGen	addGenericTypeParameters(jadx.api.ICodeWriter,java.util.List<jadx.core.dex.instructions.args.ArgType>,boolean)	0	3	[false, false, false]	false	public	false	file:///private/tmp/projects/jadx/jadx-core/src/main/java/jadx/core/codegen/ClassGen.java
1438	jadx.core.codegen.ClassGen	addClassBody(jadx.api.ICodeWriter)	0	1	[false]	false	public	false	file:///private/tmp/projects/jadx/jadx-core/src/main/java/jadx/core/codegen/ClassGen.java
1439	jadx.core.codegen.ClassGen	addClassBody(jadx.api.ICodeWriter,boolean)	0	2	[false, false]	false	public	false	file:///private/tmp/projects/jadx/jadx-core/src/main/java/jadx/core/codegen/ClassGen.java
1440	jadx.core.codegen.ClassGen	addInnerClsAndMethods(jadx.api.ICodeWriter)	0	1	[false]	false	private	false	file:///private/tmp/projects/jadx/jadx-core/src/main/java/jadx/core/codegen/ClassGen.java
1441	jadx.core.codegen.ClassGen	addInnerClass(jadx.api.ICodeWriter,jadx.core.dex.nodes.ClassNode)	0	2	[false, false]	false	private	false	file:///private/tmp/projects/jadx/jadx-core/src/main/java/jadx/core/codegen/ClassGen.java
1442	jadx.core.codegen.ClassGen	isInnerClassesPresents()	0	0	[]	false	private	false	file:///private/tmp/projects/jadx/jadx-core/src/main/java/jadx/core/codegen/ClassGen.java
1443	jadx.core.codegen.ClassGen	addMethod(jadx.api.ICodeWriter,jadx.core.dex.nodes.MethodNode)	0	2	[false, false]	false	private	false	file:///private/tmp/projects/jadx/jadx-core/src/main/java/jadx/core/codegen/ClassGen.java
1444	jadx.core.codegen.ClassGen	skipMethod(jadx.core.dex.nodes.MethodNode)	0	1	[false]	false	private	false	file:///private/tmp/projects/jadx/jadx-core/src/main/java/jadx/core/codegen/ClassGen.java
1445	jadx.core.codegen.ClassGen	isMethodsPresents()	0	0	[]	false	private	false	file:///private/tmp/projects/jadx/jadx-core/src/main/java/jadx/core/codegen/ClassGen.java
1446	jadx.core.codegen.ClassGen	addMethodCode(jadx.api.ICodeWriter,jadx.core.dex.nodes.MethodNode)	0	2	[false, false]	false	public	false	file:///private/tmp/projects/jadx/jadx-core/src/main/java/jadx/core/codegen/ClassGen.java
1447	jadx.core.codegen.ClassGen	addFields(jadx.api.ICodeWriter)	0	1	[false]	false	private	false	file:///private/tmp/projects/jadx/jadx-core/src/main/java/jadx/core/codegen/ClassGen.java
1448	jadx.core.codegen.ClassGen	addField(jadx.api.ICodeWriter,jadx.core.dex.nodes.FieldNode)	0	2	[false, false]	false	public	false	file:///private/tmp/projects/jadx/jadx-core/src/main/java/jadx/core/codegen/ClassGen.java
1449	jadx.core.codegen.ClassGen	isFieldsPresents()	0	0	[]	false	private	false	file:///private/tmp/projects/jadx/jadx-core/src/main/java/jadx/core/codegen/ClassGen.java
1450	jadx.core.codegen.ClassGen	addEnumFields(jadx.api.ICodeWriter)	0	1	[false]	false	private	false	file:///private/tmp/projects/jadx/jadx-core/src/main/java/jadx/core/codegen/ClassGen.java
1451	jadx.core.codegen.ClassGen	getEnumCtrSkipArgsCount(@org.jetbrains.annotations.Nullable jadx.core.dex.nodes.MethodNode)	0	1	[true]	false	private	false	file:///private/tmp/projects/jadx/jadx-core/src/main/java/jadx/core/codegen/ClassGen.java
1452	jadx.core.codegen.ClassGen	makeInsnGen(@org.jetbrains.annotations.Nullable jadx.core.dex.nodes.MethodNode)	0	1	[true]	false	private	true	file:///private/tmp/projects/jadx/jadx-core/src/main/java/jadx/core/codegen/ClassGen.java
1453	jadx.core.codegen.ClassGen	addInsnBody(jadx.core.codegen.InsnGen,jadx.api.ICodeWriter,jadx.core.dex.nodes.InsnNode)	0	3	[false, false, false]	false	private	false	file:///private/tmp/projects/jadx/jadx-core/src/main/java/jadx/core/codegen/ClassGen.java
1454	jadx.core.codegen.ClassGen	useType(jadx.api.ICodeWriter,@org.jetbrains.annotations.Nullable jadx.core.dex.instructions.args.ArgType)	0	2	[false, true]	false	public	false	file:///private/tmp/projects/jadx/jadx-core/src/main/java/jadx/core/codegen/ClassGen.java
1455	jadx.core.codegen.ClassGen	useClass(jadx.api.ICodeWriter,java.lang.String)	0	2	[false, false]	false	public	false	file:///private/tmp/projects/jadx/jadx-core/src/main/java/jadx/core/codegen/ClassGen.java
1456	jadx.core.codegen.ClassGen	useClass(jadx.api.ICodeWriter,jadx.core.dex.instructions.args.ArgType)	0	2	[false, false]	false	public	false	file:///private/tmp/projects/jadx/jadx-core/src/main/java/jadx/core/codegen/ClassGen.java
1457	jadx.core.codegen.ClassGen	addInnerType(jadx.api.ICodeWriter,jadx.core.dex.instructions.args.ArgType)	0	2	[false, false]	false	private	false	file:///private/tmp/projects/jadx/jadx-core/src/main/java/jadx/core/codegen/ClassGen.java
1458	jadx.core.codegen.ClassGen	useClassWithShortName(jadx.api.ICodeWriter,jadx.core.dex.instructions.args.ArgType,jadx.core.dex.instructions.args.ArgType)	0	3	[false, false, false]	false	private	false	file:///private/tmp/projects/jadx/jadx-core/src/main/java/jadx/core/codegen/ClassGen.java
1459	jadx.core.codegen.ClassGen	addGenerics(jadx.api.ICodeWriter,jadx.core.dex.instructions.args.ArgType)	0	2	[false, false]	false	private	false	file:///private/tmp/projects/jadx/jadx-core/src/main/java/jadx/core/codegen/ClassGen.java
1460	jadx.core.codegen.ClassGen	useClass(jadx.api.ICodeWriter,jadx.core.dex.info.ClassInfo)	0	2	[false, false]	false	public	false	file:///private/tmp/projects/jadx/jadx-core/src/main/java/jadx/core/codegen/ClassGen.java
1461	jadx.core.codegen.ClassGen	useClass(jadx.api.ICodeWriter,jadx.core.dex.nodes.ClassNode)	0	2	[false, false]	false	public	false	file:///private/tmp/projects/jadx/jadx-core/src/main/java/jadx/core/codegen/ClassGen.java
1462	jadx.core.codegen.ClassGen	addClsName(jadx.api.ICodeWriter,jadx.core.dex.info.ClassInfo)	0	2	[false, false]	false	public	false	file:///private/tmp/projects/jadx/jadx-core/src/main/java/jadx/core/codegen/ClassGen.java
1463	jadx.core.codegen.ClassGen	useClassInternal(jadx.core.dex.info.ClassInfo,@org.jetbrains.annotations.Nullable jadx.core.dex.info.ClassInfo)	0	2	[false, true]	false	private	true	file:///private/tmp/projects/jadx/jadx-core/src/main/java/jadx/core/codegen/ClassGen.java
1464	jadx.core.codegen.ClassGen	expandInnerClassName(jadx.core.dex.info.ClassInfo,jadx.core.dex.info.ClassInfo)	0	2	[false, false]	false	private	true	file:///private/tmp/projects/jadx/jadx-core/src/main/java/jadx/core/codegen/ClassGen.java
1465	jadx.core.codegen.ClassGen	addImport(jadx.core.dex.info.ClassInfo)	0	1	[false]	false	private	false	file:///private/tmp/projects/jadx/jadx-core/src/main/java/jadx/core/codegen/ClassGen.java
1466	jadx.core.codegen.ClassGen	getImports()	0	0	[]	false	public	true	file:///private/tmp/projects/jadx/jadx-core/src/main/java/jadx/core/codegen/ClassGen.java
1467	jadx.core.codegen.ClassGen	isBothClassesInOneTopClass(jadx.core.dex.info.ClassInfo,jadx.core.dex.info.ClassInfo)	0	2	[false, false]	false	private	false	file:///private/tmp/projects/jadx/jadx-core/src/main/java/jadx/core/codegen/ClassGen.java
1468	jadx.core.codegen.ClassGen	isClassInnerFor(@org.jetbrains.annotations.Nullable jadx.core.dex.info.ClassInfo,jadx.core.dex.info.ClassInfo)	0	2	[true, false]	false	private	false	file:///private/tmp/projects/jadx/jadx-core/src/main/java/jadx/core/codegen/ClassGen.java
1469	jadx.core.codegen.ClassGen	checkInnerCollision(jadx.core.dex.nodes.RootNode,@org.jetbrains.annotations.Nullable jadx.core.dex.info.ClassInfo,jadx.core.dex.info.ClassInfo)	0	3	[false, true, false]	false	private	false	file:///private/tmp/projects/jadx/jadx-core/src/main/java/jadx/core/codegen/ClassGen.java
1470	jadx.core.codegen.ClassGen	checkInPackageCollision(jadx.core.dex.nodes.RootNode,jadx.core.dex.info.ClassInfo,jadx.core.dex.info.ClassInfo)	0	3	[false, false, false]	false	private	false	file:///private/tmp/projects/jadx/jadx-core/src/main/java/jadx/core/codegen/ClassGen.java
1471	jadx.core.codegen.ClassGen	insertRenameInfo(jadx.api.ICodeWriter,jadx.core.dex.nodes.ClassNode)	0	2	[false, false]	false	private	false	file:///private/tmp/projects/jadx/jadx-core/src/main/java/jadx/core/codegen/ClassGen.java
1472	jadx.core.codegen.ClassGen	addClassUsageInfo(jadx.api.ICodeWriter,jadx.core.dex.nodes.ClassNode)	0	2	[false, false]	false	private	false	file:///private/tmp/projects/jadx/jadx-core/src/main/java/jadx/core/codegen/ClassGen.java
1473	jadx.core.codegen.ClassGen	addMthUsageInfo(jadx.api.ICodeWriter,jadx.core.dex.nodes.MethodNode)	0	2	[false, false]	false	package	false	file:///private/tmp/projects/jadx/jadx-core/src/main/java/jadx/core/codegen/ClassGen.java
1474	jadx.core.codegen.ClassGen	addFieldUsageInfo(jadx.api.ICodeWriter,jadx.core.dex.nodes.FieldNode)	0	2	[false, false]	false	private	false	file:///private/tmp/projects/jadx/jadx-core/src/main/java/jadx/core/codegen/ClassGen.java
1475	jadx.core.codegen.ClassGen	getParentGen()	0	0	[]	false	public	true	file:///private/tmp/projects/jadx/jadx-core/src/main/java/jadx/core/codegen/ClassGen.java
1476	jadx.core.codegen.ClassGen	getAnnotationGen()	0	0	[]	false	public	true	file:///private/tmp/projects/jadx/jadx-core/src/main/java/jadx/core/codegen/ClassGen.java
1477	jadx.core.codegen.ClassGen	isFallbackMode()	0	0	[]	false	public	false	file:///private/tmp/projects/jadx/jadx-core/src/main/java/jadx/core/codegen/ClassGen.java
1478	jadx.core.codegen.ClassGen	isBodyGenStarted()	0	0	[]	false	public	false	file:///private/tmp/projects/jadx/jadx-core/src/main/java/jadx/core/codegen/ClassGen.java
1479	jadx.core.codegen.ClassGen	setBodyGenStarted(boolean)	0	1	[false]	false	public	false	file:///private/tmp/projects/jadx/jadx-core/src/main/java/jadx/core/codegen/ClassGen.java
1480	jadx.core.codegen.ClassGen	getOuterNameGen()	0	0	[]	true	public	true	file:///private/tmp/projects/jadx/jadx-core/src/main/java/jadx/core/codegen/ClassGen.java
1481	jadx.core.codegen.ClassGen	setOuterNameGen(@org.jetbrains.annotations.NotNull jadx.core.codegen.NameGen)	0	1	[false]	false	public	false	file:///private/tmp/projects/jadx/jadx-core/src/main/java/jadx/core/codegen/ClassGen.java
1482	jadx.core.codegen.AnnotationGen	AnnotationGen(jadx.core.dex.nodes.ClassNode,jadx.core.codegen.ClassGen)	0	2	[false, false]	false	public	false	file:///private/tmp/projects/jadx/jadx-core/src/main/java/jadx/core/codegen/AnnotationGen.java
1483	jadx.core.codegen.AnnotationGen	addForClass(jadx.api.ICodeWriter)	0	1	[false]	false	public	false	file:///private/tmp/projects/jadx/jadx-core/src/main/java/jadx/core/codegen/AnnotationGen.java
1484	jadx.core.codegen.AnnotationGen	addForMethod(jadx.api.ICodeWriter,jadx.core.dex.nodes.MethodNode)	0	2	[false, false]	false	public	false	file:///private/tmp/projects/jadx/jadx-core/src/main/java/jadx/core/codegen/AnnotationGen.java
1485	jadx.core.codegen.AnnotationGen	addForField(jadx.api.ICodeWriter,jadx.core.dex.nodes.FieldNode)	0	2	[false, false]	false	public	false	file:///private/tmp/projects/jadx/jadx-core/src/main/java/jadx/core/codegen/AnnotationGen.java
1486	jadx.core.codegen.AnnotationGen	addForParameter(jadx.api.ICodeWriter,jadx.api.plugins.input.data.attributes.types.AnnotationMethodParamsAttr,int)	0	3	[false, false, false]	false	public	false	file:///private/tmp/projects/jadx/jadx-core/src/main/java/jadx/core/codegen/AnnotationGen.java
1487	jadx.core.codegen.AnnotationGen	add(jadx.core.dex.attributes.IAttributeNode,jadx.api.ICodeWriter)	0	2	[false, false]	false	private	false	file:///private/tmp/projects/jadx/jadx-core/src/main/java/jadx/core/codegen/AnnotationGen.java
1488	jadx.core.codegen.AnnotationGen	formatAnnotation(jadx.api.ICodeWriter,jadx.api.plugins.input.data.annotations.IAnnotation)	0	2	[false, false]	false	private	false	file:///private/tmp/projects/jadx/jadx-core/src/main/java/jadx/core/codegen/AnnotationGen.java
1489	jadx.core.codegen.AnnotationGen	getParamName(@org.jetbrains.annotations.Nullable jadx.core.dex.nodes.ClassNode,java.lang.String)	0	2	[true, false]	false	private	true	file:///private/tmp/projects/jadx/jadx-core/src/main/java/jadx/core/codegen/AnnotationGen.java
1490	jadx.core.codegen.AnnotationGen	addThrows(jadx.core.dex.nodes.MethodNode,jadx.api.ICodeWriter)	0	2	[false, false]	false	public	false	file:///private/tmp/projects/jadx/jadx-core/src/main/java/jadx/core/codegen/AnnotationGen.java
1491	jadx.core.codegen.AnnotationGen	getAnnotationDefaultValue(jadx.core.dex.nodes.MethodNode)	0	1	[false]	true	public	true	file:///private/tmp/projects/jadx/jadx-core/src/main/java/jadx/core/codegen/AnnotationGen.java
1492	jadx.core.codegen.AnnotationGen	encodeValue(jadx.core.dex.nodes.RootNode,jadx.api.ICodeWriter,jadx.api.plugins.input.data.annotations.EncodedValue)	0	3	[false, false, false]	false	public	false	file:///private/tmp/projects/jadx/jadx-core/src/main/java/jadx/core/codegen/AnnotationGen.java
1493	jadx.core.codegen.AnnotationGen	getStringUtils()	0	0	[]	false	private	true	file:///private/tmp/projects/jadx/jadx-core/src/main/java/jadx/core/codegen/AnnotationGen.java
1494	jadx.core.codegen.NameGen	NameGen(jadx.core.dex.nodes.MethodNode,jadx.core.codegen.ClassGen)	0	2	[true, false]	false	public	false	file:///private/tmp/projects/jadx/jadx-core/src/main/java/jadx/core/codegen/NameGen.java
1495	jadx.core.codegen.NameGen	inheritUsedNames(jadx.core.codegen.NameGen)	0	1	[false]	false	public	false	file:///private/tmp/projects/jadx/jadx-core/src/main/java/jadx/core/codegen/NameGen.java
1496	jadx.core.codegen.NameGen	addNamesUsedInClass()	0	0	[]	false	private	false	file:///private/tmp/projects/jadx/jadx-core/src/main/java/jadx/core/codegen/NameGen.java
1497	jadx.core.codegen.NameGen	assignArg(jadx.core.dex.instructions.args.CodeVar)	0	1	[false]	false	public	true	file:///private/tmp/projects/jadx/jadx-core/src/main/java/jadx/core/codegen/NameGen.java
1498	jadx.core.codegen.NameGen	assignNamedArg(jadx.core.dex.instructions.args.NamedArg)	0	1	[false]	false	public	true	file:///private/tmp/projects/jadx/jadx-core/src/main/java/jadx/core/codegen/NameGen.java
1499	jadx.core.codegen.NameGen	useArg(jadx.core.dex.instructions.args.RegisterArg)	0	1	[false]	false	public	true	file:///private/tmp/projects/jadx/jadx-core/src/main/java/jadx/core/codegen/NameGen.java
1500	jadx.core.codegen.NameGen	getLoopLabel(jadx.core.dex.attributes.nodes.LoopLabelAttr)	0	1	[false]	false	public	true	file:///private/tmp/projects/jadx/jadx-core/src/main/java/jadx/core/codegen/NameGen.java
1501	jadx.core.codegen.NameGen	getUniqueVarName(java.lang.String)	0	1	[false]	false	private	true	file:///private/tmp/projects/jadx/jadx-core/src/main/java/jadx/core/codegen/NameGen.java
1502	jadx.core.codegen.NameGen	makeArgName(jadx.core.dex.instructions.args.CodeVar)	0	1	[false]	false	private	true	file:///private/tmp/projects/jadx/jadx-core/src/main/java/jadx/core/codegen/NameGen.java
1503	jadx.core.codegen.NameGen	getFallbackName(jadx.core.dex.instructions.args.CodeVar)	0	1	[false]	false	private	true	file:///private/tmp/projects/jadx/jadx-core/src/main/java/jadx/core/codegen/NameGen.java
1504	jadx.core.codegen.NameGen	getFallbackName(jadx.core.dex.instructions.args.RegisterArg)	0	1	[false]	false	private	true	file:///private/tmp/projects/jadx/jadx-core/src/main/java/jadx/core/codegen/NameGen.java
1505	jadx.core.codegen.NameGen	guessName(jadx.core.dex.instructions.args.CodeVar)	0	1	[false]	false	private	true	file:///private/tmp/projects/jadx/jadx-core/src/main/java/jadx/core/codegen/NameGen.java
1506	jadx.core.codegen.NameGen	makeNameForType(jadx.core.dex.instructions.args.ArgType)	0	1	[true]	false	private	true	file:///private/tmp/projects/jadx/jadx-core/src/main/java/jadx/core/codegen/NameGen.java
1507	jadx.core.codegen.NameGen	makeNameForObject(jadx.core.dex.instructions.args.ArgType)	0	1	[false]	false	private	true	file:///private/tmp/projects/jadx/jadx-core/src/main/java/jadx/core/codegen/NameGen.java
1508	jadx.core.codegen.NameGen	makeNameForCheckedClass(jadx.core.dex.info.ClassInfo)	0	1	[false]	false	private	true	file:///private/tmp/projects/jadx/jadx-core/src/main/java/jadx/core/codegen/NameGen.java
1509	jadx.core.codegen.NameGen	makeNameForClass(jadx.core.dex.info.ClassInfo)	0	1	[false]	false	private	true	file:///private/tmp/projects/jadx/jadx-core/src/main/java/jadx/core/codegen/NameGen.java
1510	jadx.core.codegen.NameGen	fromName(java.lang.String)	0	1	[false]	true	private	true	file:///private/tmp/projects/jadx/jadx-core/src/main/java/jadx/core/codegen/NameGen.java
1511	jadx.core.codegen.NameGen	getAliasForObject(java.lang.String)	0	1	[false]	true	private	true	file:///private/tmp/projects/jadx/jadx-core/src/main/java/jadx/core/codegen/NameGen.java
1512	jadx.core.codegen.NameGen	makeNameFromInsn(jadx.core.dex.nodes.InsnNode)	0	1	[false]	true	private	true	file:///private/tmp/projects/jadx/jadx-core/src/main/java/jadx/core/codegen/NameGen.java
1513	jadx.core.codegen.NameGen	makeNameFromInvoke(jadx.core.dex.info.MethodInfo)	0	1	[false]	true	private	true	file:///private/tmp/projects/jadx/jadx-core/src/main/java/jadx/core/codegen/NameGen.java
1514	jadx.core.dex.instructions.args.NamedArg	NamedArg(@org.jetbrains.annotations.NotNull java.lang.String,@org.jetbrains.annotations.NotNull jadx.core.dex.instructions.args.ArgType)	0	2	[false, false]	false	public	false	file:///private/tmp/projects/jadx/jadx-core/src/main/java/jadx/core/dex/instructions/args/NamedArg.java
1515	jadx.core.dex.instructions.args.NamedArg	getName()	800	0	[]	false	public	true	file:///private/tmp/projects/jadx/jadx-core/src/main/java/jadx/core/dex/instructions/args/NamedArg.java
1516	jadx.core.dex.instructions.args.NamedArg	isNamed()	701	0	[]	false	public	false	file:///private/tmp/projects/jadx/jadx-core/src/main/java/jadx/core/dex/instructions/args/NamedArg.java
1517	jadx.core.dex.instructions.args.NamedArg	setName(@org.jetbrains.annotations.NotNull java.lang.String)	803	1	[false]	false	public	false	file:///private/tmp/projects/jadx/jadx-core/src/main/java/jadx/core/dex/instructions/args/NamedArg.java
1518	jadx.core.dex.instructions.args.NamedArg	duplicate()	686	0	[]	false	public	true	file:///private/tmp/projects/jadx/jadx-core/src/main/java/jadx/core/dex/instructions/args/NamedArg.java
1519	jadx.core.dex.instructions.args.NamedArg	hashCode()	186	0	[]	false	public	false	file:///private/tmp/projects/jadx/jadx-core/src/main/java/jadx/core/dex/instructions/args/NamedArg.java
1520	jadx.core.dex.instructions.args.NamedArg	equals(java.lang.Object)	188	1	[false]	false	public	false	file:///private/tmp/projects/jadx/jadx-core/src/main/java/jadx/core/dex/instructions/args/NamedArg.java
1521	jadx.core.dex.instructions.args.NamedArg	toString()	83	0	[]	false	public	true	file:///private/tmp/projects/jadx/jadx-core/src/main/java/jadx/core/dex/instructions/args/NamedArg.java
1522	jadx.core.dex.attributes.nodes.LoopLabelAttr	LoopLabelAttr(jadx.core.dex.attributes.nodes.LoopInfo)	0	1	[false]	false	public	false	file:///private/tmp/projects/jadx/jadx-core/src/main/java/jadx/core/dex/attributes/nodes/LoopLabelAttr.java
1523	jadx.core.dex.attributes.nodes.LoopLabelAttr	getLoop()	0	0	[]	false	public	true	file:///private/tmp/projects/jadx/jadx-core/src/main/java/jadx/core/dex/attributes/nodes/LoopLabelAttr.java
1524	jadx.core.dex.attributes.nodes.LoopLabelAttr	getAttrType()	614	0	[]	false	public	true	file:///private/tmp/projects/jadx/jadx-core/src/main/java/jadx/core/dex/attributes/nodes/LoopLabelAttr.java
1525	jadx.core.dex.attributes.nodes.LoopLabelAttr	toString()	83	0	[]	false	public	true	file:///private/tmp/projects/jadx/jadx-core/src/main/java/jadx/core/dex/attributes/nodes/LoopLabelAttr.java
1526	jadx.core.dex.attributes.AttrList	AttrList(jadx.api.plugins.input.data.attributes.IJadxAttrType<jadx.core.dex.attributes.AttrList<T>>)	0	1	[false]	false	public	false	file:///private/tmp/projects/jadx/jadx-core/src/main/java/jadx/core/dex/attributes/AttrList.java
1527	jadx.core.dex.attributes.AttrList	getList()	0	0	[]	false	public	true	file:///private/tmp/projects/jadx/jadx-core/src/main/java/jadx/core/dex/attributes/AttrList.java
1528	jadx.core.dex.attributes.AttrList	getAttrType()	614	0	[]	false	public	true	file:///private/tmp/projects/jadx/jadx-core/src/main/java/jadx/core/dex/attributes/AttrList.java
1529	jadx.core.dex.attributes.AttrList	toString()	83	0	[]	false	public	true	file:///private/tmp/projects/jadx/jadx-core/src/main/java/jadx/core/dex/attributes/AttrList.java
1530	jadx.core.dex.attributes.nodes.RenameReasonAttr	forNode(jadx.core.dex.attributes.AttrNode)	0	1	[false]	false	public	true	file:///private/tmp/projects/jadx/jadx-core/src/main/java/jadx/core/dex/attributes/nodes/RenameReasonAttr.java
1531	jadx.core.dex.attributes.nodes.RenameReasonAttr	RenameReasonAttr()	0	0	[]	false	public	false	file:///private/tmp/projects/jadx/jadx-core/src/main/java/jadx/core/dex/attributes/nodes/RenameReasonAttr.java
1532	jadx.core.dex.attributes.nodes.RenameReasonAttr	RenameReasonAttr(java.lang.String)	0	1	[false]	false	public	false	file:///private/tmp/projects/jadx/jadx-core/src/main/java/jadx/core/dex/attributes/nodes/RenameReasonAttr.java
1533	jadx.core.dex.attributes.nodes.RenameReasonAttr	RenameReasonAttr(jadx.core.dex.attributes.AttrNode)	0	1	[false]	false	public	false	file:///private/tmp/projects/jadx/jadx-core/src/main/java/jadx/core/dex/attributes/nodes/RenameReasonAttr.java
1534	jadx.core.dex.attributes.nodes.RenameReasonAttr	RenameReasonAttr(jadx.core.dex.attributes.AttrNode,boolean,boolean)	0	3	[false, false, false]	false	public	false	file:///private/tmp/projects/jadx/jadx-core/src/main/java/jadx/core/dex/attributes/nodes/RenameReasonAttr.java
1535	jadx.core.dex.attributes.nodes.RenameReasonAttr	notValid()	0	0	[]	false	public	true	file:///private/tmp/projects/jadx/jadx-core/src/main/java/jadx/core/dex/attributes/nodes/RenameReasonAttr.java
1536	jadx.core.dex.attributes.nodes.RenameReasonAttr	notPrintable()	0	0	[]	false	public	true	file:///private/tmp/projects/jadx/jadx-core/src/main/java/jadx/core/dex/attributes/nodes/RenameReasonAttr.java
1537	jadx.core.dex.attributes.nodes.RenameReasonAttr	append(java.lang.String)	0	1	[false]	false	public	true	file:///private/tmp/projects/jadx/jadx-core/src/main/java/jadx/core/dex/attributes/nodes/RenameReasonAttr.java
1538	jadx.core.dex.attributes.nodes.RenameReasonAttr	getDescription()	0	0	[]	false	public	true	file:///private/tmp/projects/jadx/jadx-core/src/main/java/jadx/core/dex/attributes/nodes/RenameReasonAttr.java
1539	jadx.core.dex.attributes.nodes.RenameReasonAttr	getAttrType()	614	0	[]	false	public	true	file:///private/tmp/projects/jadx/jadx-core/src/main/java/jadx/core/dex/attributes/nodes/RenameReasonAttr.java
1540	jadx.core.dex.attributes.nodes.RenameReasonAttr	toString()	83	0	[]	false	public	true	file:///private/tmp/projects/jadx/jadx-core/src/main/java/jadx/core/dex/attributes/nodes/RenameReasonAttr.java
1541	jadx.core.dex.attributes.nodes.JadxError	JadxError(java.lang.String,java.lang.Throwable)	0	2	[false, true]	false	public	false	file:///private/tmp/projects/jadx/jadx-core/src/main/java/jadx/core/dex/attributes/nodes/JadxError.java
1542	jadx.core.dex.attributes.nodes.JadxError	getError()	0	0	[]	false	public	true	file:///private/tmp/projects/jadx/jadx-core/src/main/java/jadx/core/dex/attributes/nodes/JadxError.java
1543	jadx.core.dex.attributes.nodes.JadxError	getCause()	0	0	[]	true	public	true	file:///private/tmp/projects/jadx/jadx-core/src/main/java/jadx/core/dex/attributes/nodes/JadxError.java
1544	jadx.core.dex.attributes.nodes.JadxError	compareTo(@org.jetbrains.annotations.NotNull jadx.core.dex.attributes.nodes.JadxError)	190	1	[false]	false	public	false	file:///private/tmp/projects/jadx/jadx-core/src/main/java/jadx/core/dex/attributes/nodes/JadxError.java
1545	jadx.core.dex.attributes.nodes.JadxError	equals(java.lang.Object)	188	1	[false]	false	public	false	file:///private/tmp/projects/jadx/jadx-core/src/main/java/jadx/core/dex/attributes/nodes/JadxError.java
1546	jadx.core.dex.attributes.nodes.JadxError	hashCode()	186	0	[]	false	public	false	file:///private/tmp/projects/jadx/jadx-core/src/main/java/jadx/core/dex/attributes/nodes/JadxError.java
1547	jadx.core.dex.attributes.nodes.JadxError	toString()	83	0	[]	false	public	true	file:///private/tmp/projects/jadx/jadx-core/src/main/java/jadx/core/dex/attributes/nodes/JadxError.java
1548	jadx.core.dex.attributes.nodes.JadxCommentsAttr	add(jadx.api.CommentsLevel,java.lang.String)	0	2	[false, false]	false	public	false	file:///private/tmp/projects/jadx/jadx-core/src/main/java/jadx/core/dex/attributes/nodes/JadxCommentsAttr.java
1549	jadx.core.dex.attributes.nodes.JadxCommentsAttr	formatAndFilter(jadx.api.CommentsLevel)	0	1	[false]	false	public	true	file:///private/tmp/projects/jadx/jadx-core/src/main/java/jadx/core/dex/attributes/nodes/JadxCommentsAttr.java
1550	jadx.core.dex.attributes.nodes.JadxCommentsAttr	getComments()	0	0	[]	false	public	true	file:///private/tmp/projects/jadx/jadx-core/src/main/java/jadx/core/dex/attributes/nodes/JadxCommentsAttr.java
1551	jadx.core.dex.attributes.nodes.JadxCommentsAttr	getAttrType()	614	0	[]	false	public	true	file:///private/tmp/projects/jadx/jadx-core/src/main/java/jadx/core/dex/attributes/nodes/JadxCommentsAttr.java
1552	jadx.core.dex.attributes.nodes.JadxCommentsAttr	toString()	83	0	[]	false	public	true	file:///private/tmp/projects/jadx/jadx-core/src/main/java/jadx/core/dex/attributes/nodes/JadxCommentsAttr.java
1553	jadx.core.dex.attributes.nodes.EnumMapAttr$KeyValueMap	get(java.lang.Object)	0	1	[false]	true	public	true	file:///private/tmp/projects/jadx/jadx-core/src/main/java/jadx/core/dex/attributes/nodes/EnumMapAttr.java
1554	jadx.core.dex.attributes.nodes.EnumMapAttr$KeyValueMap	put(java.lang.Object,java.lang.Object)	0	2	[false, false]	false	package	false	file:///private/tmp/projects/jadx/jadx-core/src/main/java/jadx/core/dex/attributes/nodes/EnumMapAttr.java
1555	jadx.core.dex.attributes.nodes.EnumMapAttr	getMap(jadx.core.dex.nodes.FieldNode)	0	1	[false]	true	public	true	file:///private/tmp/projects/jadx/jadx-core/src/main/java/jadx/core/dex/attributes/nodes/EnumMapAttr.java
1556	jadx.core.dex.attributes.nodes.EnumMapAttr	add(jadx.core.dex.nodes.FieldNode,java.lang.Object,java.lang.Object)	0	3	[false, false, false]	false	public	false	file:///private/tmp/projects/jadx/jadx-core/src/main/java/jadx/core/dex/attributes/nodes/EnumMapAttr.java
1557	jadx.core.dex.attributes.nodes.EnumMapAttr	isEmpty()	0	0	[]	false	public	false	file:///private/tmp/projects/jadx/jadx-core/src/main/java/jadx/core/dex/attributes/nodes/EnumMapAttr.java
1558	jadx.core.dex.attributes.nodes.EnumMapAttr	getAttrType()	614	0	[]	false	public	true	file:///private/tmp/projects/jadx/jadx-core/src/main/java/jadx/core/dex/attributes/nodes/EnumMapAttr.java
1559	jadx.core.dex.attributes.nodes.EnumMapAttr	toString()	83	0	[]	false	public	true	file:///private/tmp/projects/jadx/jadx-core/src/main/java/jadx/core/dex/attributes/nodes/EnumMapAttr.java
1560	jadx.core.dex.attributes.nodes.ClassTypeVarsAttr	ClassTypeVarsAttr(java.util.List<jadx.core.dex.instructions.args.ArgType>,java.util.Map<java.lang.String,java.util.Map<jadx.core.dex.instructions.args.ArgType,jadx.core.dex.instructions.args.ArgType>>)	0	2	[false, false]	false	public	false	file:///private/tmp/projects/jadx/jadx-core/src/main/java/jadx/core/dex/attributes/nodes/ClassTypeVarsAttr.java
1561	jadx.core.dex.attributes.nodes.ClassTypeVarsAttr	getTypeVars()	0	0	[]	false	public	true	file:///private/tmp/projects/jadx/jadx-core/src/main/java/jadx/core/dex/attributes/nodes/ClassTypeVarsAttr.java
1562	jadx.core.dex.attributes.nodes.ClassTypeVarsAttr	getTypeVarsMapFor(jadx.core.dex.instructions.args.ArgType)	0	1	[false]	false	public	true	file:///private/tmp/projects/jadx/jadx-core/src/main/java/jadx/core/dex/attributes/nodes/ClassTypeVarsAttr.java
1563	jadx.core.dex.attributes.nodes.ClassTypeVarsAttr	getAttrType()	614	0	[]	false	public	true	file:///private/tmp/projects/jadx/jadx-core/src/main/java/jadx/core/dex/attributes/nodes/ClassTypeVarsAttr.java
1564	jadx.core.dex.attributes.nodes.ClassTypeVarsAttr	toString()	83	0	[]	false	public	true	file:///private/tmp/projects/jadx/jadx-core/src/main/java/jadx/core/dex/attributes/nodes/ClassTypeVarsAttr.java
1565	jadx.core.dex.attributes.nodes.AnonymousClassAttr	AnonymousClassAttr(jadx.core.dex.nodes.ClassNode,jadx.core.dex.instructions.args.ArgType)	0	2	[false, false]	false	public	false	file:///private/tmp/projects/jadx/jadx-core/src/main/java/jadx/core/dex/attributes/nodes/AnonymousClassAttr.java
1566	jadx.core.dex.attributes.nodes.AnonymousClassAttr	getOuterCls()	0	0	[]	false	public	true	file:///private/tmp/projects/jadx/jadx-core/src/main/java/jadx/core/dex/attributes/nodes/AnonymousClassAttr.java
1567	jadx.core.dex.attributes.nodes.AnonymousClassAttr	getBaseType()	0	0	[]	false	public	true	file:///private/tmp/projects/jadx/jadx-core/src/main/java/jadx/core/dex/attributes/nodes/AnonymousClassAttr.java
1568	jadx.core.dex.attributes.nodes.AnonymousClassAttr	getAttrType()	614	0	[]	false	public	true	file:///private/tmp/projects/jadx/jadx-core/src/main/java/jadx/core/dex/attributes/nodes/AnonymousClassAttr.java
1569	jadx.core.dex.attributes.nodes.AnonymousClassAttr	toString()	83	0	[]	false	public	true	file:///private/tmp/projects/jadx/jadx-core/src/main/java/jadx/core/dex/attributes/nodes/AnonymousClassAttr.java
1570	jadx.core.dex.attributes.nodes.InlinedAttr	InlinedAttr(jadx.core.dex.nodes.ClassNode)	0	1	[false]	false	public	false	file:///private/tmp/projects/jadx/jadx-core/src/main/java/jadx/core/dex/attributes/nodes/InlinedAttr.java
1571	jadx.core.dex.attributes.nodes.InlinedAttr	getInlineCls()	0	0	[]	false	public	true	file:///private/tmp/projects/jadx/jadx-core/src/main/java/jadx/core/dex/attributes/nodes/InlinedAttr.java
1572	jadx.core.dex.attributes.nodes.InlinedAttr	getAttrType()	614	0	[]	false	public	true	file:///private/tmp/projects/jadx/jadx-core/src/main/java/jadx/core/dex/attributes/nodes/InlinedAttr.java
1573	jadx.core.dex.attributes.nodes.InlinedAttr	toString()	83	0	[]	false	public	true	file:///private/tmp/projects/jadx/jadx-core/src/main/java/jadx/core/dex/attributes/nodes/InlinedAttr.java
1574	jadx.core.dex.attributes.FieldInitInsnAttr	FieldInitInsnAttr(jadx.core.dex.nodes.MethodNode,jadx.core.dex.nodes.InsnNode)	0	2	[false, false]	false	public	false	file:///private/tmp/projects/jadx/jadx-core/src/main/java/jadx/core/dex/attributes/FieldInitInsnAttr.java
1575	jadx.core.dex.attributes.FieldInitInsnAttr	getInsn()	0	0	[]	false	public	true	file:///private/tmp/projects/jadx/jadx-core/src/main/java/jadx/core/dex/attributes/FieldInitInsnAttr.java
1576	jadx.core.dex.attributes.FieldInitInsnAttr	getInsnMth()	0	0	[]	false	public	true	file:///private/tmp/projects/jadx/jadx-core/src/main/java/jadx/core/dex/attributes/FieldInitInsnAttr.java
1577	jadx.core.dex.attributes.FieldInitInsnAttr	getAttrType()	614	0	[]	false	public	true	file:///private/tmp/projects/jadx/jadx-core/src/main/java/jadx/core/dex/attributes/FieldInitInsnAttr.java
1578	jadx.core.dex.attributes.FieldInitInsnAttr	toString()	83	0	[]	false	public	true	file:///private/tmp/projects/jadx/jadx-core/src/main/java/jadx/core/dex/attributes/FieldInitInsnAttr.java
1579	jadx.core.dex.attributes.nodes.FieldReplaceAttr	FieldReplaceAttr(jadx.core.dex.info.ClassInfo)	0	1	[false]	false	public	false	file:///private/tmp/projects/jadx/jadx-core/src/main/java/jadx/core/dex/attributes/nodes/FieldReplaceAttr.java
1580	jadx.core.dex.attributes.nodes.FieldReplaceAttr	FieldReplaceAttr(jadx.core.dex.instructions.args.InsnArg)	0	1	[false]	false	public	false	file:///private/tmp/projects/jadx/jadx-core/src/main/java/jadx/core/dex/attributes/nodes/FieldReplaceAttr.java
1581	jadx.core.dex.attributes.nodes.FieldReplaceAttr	getReplaceType()	0	0	[]	false	public	true	file:///private/tmp/projects/jadx/jadx-core/src/main/java/jadx/core/dex/attributes/nodes/FieldReplaceAttr.java
1582	jadx.core.dex.attributes.nodes.FieldReplaceAttr	getClsRef()	0	0	[]	false	public	true	file:///private/tmp/projects/jadx/jadx-core/src/main/java/jadx/core/dex/attributes/nodes/FieldReplaceAttr.java
1583	jadx.core.dex.attributes.nodes.FieldReplaceAttr	getVarRef()	0	0	[]	false	public	true	file:///private/tmp/projects/jadx/jadx-core/src/main/java/jadx/core/dex/attributes/nodes/FieldReplaceAttr.java
1584	jadx.core.dex.attributes.nodes.FieldReplaceAttr	getAttrType()	614	0	[]	false	public	true	file:///private/tmp/projects/jadx/jadx-core/src/main/java/jadx/core/dex/attributes/nodes/FieldReplaceAttr.java
1585	jadx.core.dex.attributes.nodes.FieldReplaceAttr	toString()	83	0	[]	false	public	true	file:///private/tmp/projects/jadx/jadx-core/src/main/java/jadx/core/dex/attributes/nodes/FieldReplaceAttr.java
1586	jadx.core.dex.attributes.nodes.LocalVarsDebugInfoAttr	LocalVarsDebugInfoAttr(java.util.List<jadx.api.plugins.input.data.ILocalVar>)	0	1	[false]	false	public	false	file:///private/tmp/projects/jadx/jadx-core/src/main/java/jadx/core/dex/attributes/nodes/LocalVarsDebugInfoAttr.java
1587	jadx.core.dex.attributes.nodes.LocalVarsDebugInfoAttr	getLocalVars()	0	0	[]	false	public	true	file:///private/tmp/projects/jadx/jadx-core/src/main/java/jadx/core/dex/attributes/nodes/LocalVarsDebugInfoAttr.java
1588	jadx.core.dex.attributes.nodes.LocalVarsDebugInfoAttr	getAttrType()	614	0	[]	false	public	true	file:///private/tmp/projects/jadx/jadx-core/src/main/java/jadx/core/dex/attributes/nodes/LocalVarsDebugInfoAttr.java
1589	jadx.core.dex.attributes.nodes.LocalVarsDebugInfoAttr	toString()	83	0	[]	false	public	true	file:///private/tmp/projects/jadx/jadx-core/src/main/java/jadx/core/dex/attributes/nodes/LocalVarsDebugInfoAttr.java
1590	jadx.core.dex.attributes.nodes.MethodInlineAttr	markForInline(jadx.core.dex.nodes.MethodNode,jadx.core.dex.nodes.InsnNode)	0	2	[false, false]	false	public	true	file:///private/tmp/projects/jadx/jadx-core/src/main/java/jadx/core/dex/attributes/nodes/MethodInlineAttr.java
1591	jadx.core.dex.attributes.nodes.MethodInlineAttr	inlineNotNeeded(jadx.core.dex.nodes.MethodNode)	0	1	[false]	false	public	true	file:///private/tmp/projects/jadx/jadx-core/src/main/java/jadx/core/dex/attributes/nodes/MethodInlineAttr.java
1592	jadx.core.dex.attributes.nodes.MethodInlineAttr	MethodInlineAttr(jadx.core.dex.nodes.InsnNode,int[])	0	2	[true, true]	false	private	false	file:///private/tmp/projects/jadx/jadx-core/src/main/java/jadx/core/dex/attributes/nodes/MethodInlineAttr.java
1593	jadx.core.dex.attributes.nodes.MethodInlineAttr	notNeeded()	0	0	[]	false	public	false	file:///private/tmp/projects/jadx/jadx-core/src/main/java/jadx/core/dex/attributes/nodes/MethodInlineAttr.java
1594	jadx.core.dex.attributes.nodes.MethodInlineAttr	getInsn()	0	0	[]	true	public	true	file:///private/tmp/projects/jadx/jadx-core/src/main/java/jadx/core/dex/attributes/nodes/MethodInlineAttr.java
1595	jadx.core.dex.attributes.nodes.MethodInlineAttr	getArgsRegNums()	0	0	[]	true	public	true	file:///private/tmp/projects/jadx/jadx-core/src/main/java/jadx/core/dex/attributes/nodes/MethodInlineAttr.java
1596	jadx.core.dex.attributes.nodes.MethodInlineAttr	getAttrType()	614	0	[]	false	public	true	file:///private/tmp/projects/jadx/jadx-core/src/main/java/jadx/core/dex/attributes/nodes/MethodInlineAttr.java
1597	jadx.core.dex.attributes.nodes.MethodInlineAttr	toString()	83	0	[]	false	public	true	file:///private/tmp/projects/jadx/jadx-core/src/main/java/jadx/core/dex/attributes/nodes/MethodInlineAttr.java
1598	jadx.core.dex.attributes.nodes.MethodReplaceAttr	MethodReplaceAttr(jadx.core.dex.nodes.MethodNode)	0	1	[false]	false	public	false	file:///private/tmp/projects/jadx/jadx-core/src/main/java/jadx/core/dex/attributes/nodes/MethodReplaceAttr.java
1599	jadx.core.dex.attributes.nodes.MethodReplaceAttr	getReplaceMth()	0	0	[]	false	public	true	file:///private/tmp/projects/jadx/jadx-core/src/main/java/jadx/core/dex/attributes/nodes/MethodReplaceAttr.java
1600	jadx.core.dex.attributes.nodes.MethodReplaceAttr	getAttrType()	614	0	[]	false	public	true	file:///private/tmp/projects/jadx/jadx-core/src/main/java/jadx/core/dex/attributes/nodes/MethodReplaceAttr.java
1601	jadx.core.dex.attributes.nodes.MethodReplaceAttr	toString()	83	0	[]	false	public	true	file:///private/tmp/projects/jadx/jadx-core/src/main/java/jadx/core/dex/attributes/nodes/MethodReplaceAttr.java
1602	jadx.core.dex.attributes.nodes.MethodBridgeAttr	MethodBridgeAttr(jadx.core.dex.nodes.MethodNode)	0	1	[false]	false	public	false	file:///private/tmp/projects/jadx/jadx-core/src/main/java/jadx/core/dex/attributes/nodes/MethodBridgeAttr.java
1603	jadx.core.dex.attributes.nodes.MethodBridgeAttr	getBridgeMth()	0	0	[]	false	public	true	file:///private/tmp/projects/jadx/jadx-core/src/main/java/jadx/core/dex/attributes/nodes/MethodBridgeAttr.java
1604	jadx.core.dex.attributes.nodes.MethodBridgeAttr	getAttrType()	614	0	[]	false	public	true	file:///private/tmp/projects/jadx/jadx-core/src/main/java/jadx/core/dex/attributes/nodes/MethodBridgeAttr.java
1605	jadx.core.dex.attributes.nodes.MethodBridgeAttr	toString()	83	0	[]	false	public	true	file:///private/tmp/projects/jadx/jadx-core/src/main/java/jadx/core/dex/attributes/nodes/MethodBridgeAttr.java
1606	jadx.core.dex.attributes.nodes.SkipMethodArgsAttr	skipArg(jadx.core.dex.nodes.MethodNode,jadx.core.dex.instructions.args.RegisterArg)	0	2	[false, false]	false	public	false	file:///private/tmp/projects/jadx/jadx-core/src/main/java/jadx/core/dex/attributes/nodes/SkipMethodArgsAttr.java
1607	jadx.core.dex.attributes.nodes.SkipMethodArgsAttr	skipArg(jadx.core.dex.nodes.MethodNode,int)	0	2	[false, false]	false	public	false	file:///private/tmp/projects/jadx/jadx-core/src/main/java/jadx/core/dex/attributes/nodes/SkipMethodArgsAttr.java
1608	jadx.core.dex.attributes.nodes.SkipMethodArgsAttr	isSkip(@org.jetbrains.annotations.Nullable jadx.core.dex.nodes.MethodNode,int)	0	2	[true, false]	false	public	false	file:///private/tmp/projects/jadx/jadx-core/src/main/java/jadx/core/dex/attributes/nodes/SkipMethodArgsAttr.java
1609	jadx.core.dex.attributes.nodes.SkipMethodArgsAttr	SkipMethodArgsAttr(jadx.core.dex.nodes.MethodNode)	0	1	[false]	false	private	false	file:///private/tmp/projects/jadx/jadx-core/src/main/java/jadx/core/dex/attributes/nodes/SkipMethodArgsAttr.java
1610	jadx.core.dex.attributes.nodes.SkipMethodArgsAttr	skip(int)	0	1	[false]	false	public	false	file:///private/tmp/projects/jadx/jadx-core/src/main/java/jadx/core/dex/attributes/nodes/SkipMethodArgsAttr.java
1611	jadx.core.dex.attributes.nodes.SkipMethodArgsAttr	isSkip(int)	0	1	[false]	false	public	false	file:///private/tmp/projects/jadx/jadx-core/src/main/java/jadx/core/dex/attributes/nodes/SkipMethodArgsAttr.java
1612	jadx.core.dex.attributes.nodes.SkipMethodArgsAttr	getSkipCount()	0	0	[]	false	public	false	file:///private/tmp/projects/jadx/jadx-core/src/main/java/jadx/core/dex/attributes/nodes/SkipMethodArgsAttr.java
1613	jadx.core.dex.attributes.nodes.SkipMethodArgsAttr	getAttrType()	614	0	[]	false	public	true	file:///private/tmp/projects/jadx/jadx-core/src/main/java/jadx/core/dex/attributes/nodes/SkipMethodArgsAttr.java
1614	jadx.core.dex.attributes.nodes.SkipMethodArgsAttr	toString()	83	0	[]	false	public	true	file:///private/tmp/projects/jadx/jadx-core/src/main/java/jadx/core/dex/attributes/nodes/SkipMethodArgsAttr.java
1615	jadx.core.dex.attributes.nodes.MethodOverrideAttr	MethodOverrideAttr(java.util.List<jadx.core.dex.nodes.IMethodDetails>,java.util.SortedSet<jadx.core.dex.nodes.MethodNode>,java.util.Set<jadx.core.dex.nodes.IMethodDetails>)	0	3	[false, false, false]	false	public	false	file:///private/tmp/projects/jadx/jadx-core/src/main/java/jadx/core/dex/attributes/nodes/MethodOverrideAttr.java
1616	jadx.core.dex.attributes.nodes.MethodOverrideAttr	getOverrideList()	0	0	[]	false	public	true	file:///private/tmp/projects/jadx/jadx-core/src/main/java/jadx/core/dex/attributes/nodes/MethodOverrideAttr.java
1617	jadx.core.dex.attributes.nodes.MethodOverrideAttr	getRelatedMthNodes()	0	0	[]	false	public	true	file:///private/tmp/projects/jadx/jadx-core/src/main/java/jadx/core/dex/attributes/nodes/MethodOverrideAttr.java
1618	jadx.core.dex.attributes.nodes.MethodOverrideAttr	getBaseMethods()	0	0	[]	false	public	true	file:///private/tmp/projects/jadx/jadx-core/src/main/java/jadx/core/dex/attributes/nodes/MethodOverrideAttr.java
1619	jadx.core.dex.attributes.nodes.MethodOverrideAttr	setRelatedMthNodes(java.util.SortedSet<jadx.core.dex.nodes.MethodNode>)	0	1	[false]	false	public	false	file:///private/tmp/projects/jadx/jadx-core/src/main/java/jadx/core/dex/attributes/nodes/MethodOverrideAttr.java
1620	jadx.core.dex.attributes.nodes.MethodOverrideAttr	getAttrType()	614	0	[]	false	public	true	file:///private/tmp/projects/jadx/jadx-core/src/main/java/jadx/core/dex/attributes/nodes/MethodOverrideAttr.java
1621	jadx.core.dex.attributes.nodes.MethodOverrideAttr	toString()	83	0	[]	false	public	true	file:///private/tmp/projects/jadx/jadx-core/src/main/java/jadx/core/dex/attributes/nodes/MethodOverrideAttr.java
1622	jadx.core.dex.attributes.nodes.MethodTypeVarsAttr	build(java.util.Set<jadx.core.dex.instructions.args.ArgType>)	0	1	[false]	false	public	true	file:///private/tmp/projects/jadx/jadx-core/src/main/java/jadx/core/dex/attributes/nodes/MethodTypeVarsAttr.java
1623	jadx.core.dex.attributes.nodes.MethodTypeVarsAttr	MethodTypeVarsAttr(java.util.Set<jadx.core.dex.instructions.args.ArgType>)	0	1	[false]	false	private	false	file:///private/tmp/projects/jadx/jadx-core/src/main/java/jadx/core/dex/attributes/nodes/MethodTypeVarsAttr.java
1624	jadx.core.dex.attributes.nodes.MethodTypeVarsAttr	getTypeVars()	0	0	[]	false	public	true	file:///private/tmp/projects/jadx/jadx-core/src/main/java/jadx/core/dex/attributes/nodes/MethodTypeVarsAttr.java
1625	jadx.core.dex.attributes.nodes.MethodTypeVarsAttr	getAttrType()	614	0	[]	false	public	true	file:///private/tmp/projects/jadx/jadx-core/src/main/java/jadx/core/dex/attributes/nodes/MethodTypeVarsAttr.java
1626	jadx.core.dex.attributes.nodes.MethodTypeVarsAttr	toString()	83	0	[]	false	public	true	file:///private/tmp/projects/jadx/jadx-core/src/main/java/jadx/core/dex/attributes/nodes/MethodTypeVarsAttr.java
1627	jadx.core.dex.attributes.nodes.DeclareVariablesAttr	getVars()	0	0	[]	false	public	true	file:///private/tmp/projects/jadx/jadx-core/src/main/java/jadx/core/dex/attributes/nodes/DeclareVariablesAttr.java
1628	jadx.core.dex.attributes.nodes.DeclareVariablesAttr	addVar(jadx.core.dex.instructions.args.CodeVar)	0	1	[false]	false	public	false	file:///private/tmp/projects/jadx/jadx-core/src/main/java/jadx/core/dex/attributes/nodes/DeclareVariablesAttr.java
1629	jadx.core.dex.attributes.nodes.DeclareVariablesAttr	getAttrType()	614	0	[]	false	public	true	file:///private/tmp/projects/jadx/jadx-core/src/main/java/jadx/core/dex/attributes/nodes/DeclareVariablesAttr.java
1630	jadx.core.dex.attributes.nodes.DeclareVariablesAttr	toString()	83	0	[]	false	public	true	file:///private/tmp/projects/jadx/jadx-core/src/main/java/jadx/core/dex/attributes/nodes/DeclareVariablesAttr.java
1631	jadx.core.dex.attributes.nodes.PhiListAttr	getAttrType()	614	0	[]	false	public	true	file:///private/tmp/projects/jadx/jadx-core/src/main/java/jadx/core/dex/attributes/nodes/PhiListAttr.java
1632	jadx.core.dex.attributes.nodes.PhiListAttr	getList()	0	0	[]	false	public	true	file:///private/tmp/projects/jadx/jadx-core/src/main/java/jadx/core/dex/attributes/nodes/PhiListAttr.java
1633	jadx.core.dex.attributes.nodes.PhiListAttr	toString()	83	0	[]	false	public	true	file:///private/tmp/projects/jadx/jadx-core/src/main/java/jadx/core/dex/attributes/nodes/PhiListAttr.java
1634	jadx.core.dex.attributes.nodes.ForceReturnAttr	ForceReturnAttr(jadx.core.dex.nodes.InsnNode)	0	1	[false]	false	public	false	file:///private/tmp/projects/jadx/jadx-core/src/main/java/jadx/core/dex/attributes/nodes/ForceReturnAttr.java
1635	jadx.core.dex.attributes.nodes.ForceReturnAttr	getReturnInsn()	0	0	[]	false	public	true	file:///private/tmp/projects/jadx/jadx-core/src/main/java/jadx/core/dex/attributes/nodes/ForceReturnAttr.java
1636	jadx.core.dex.attributes.nodes.ForceReturnAttr	getAttrType()	614	0	[]	false	public	true	file:///private/tmp/projects/jadx/jadx-core/src/main/java/jadx/core/dex/attributes/nodes/ForceReturnAttr.java
1637	jadx.core.dex.attributes.nodes.ForceReturnAttr	toString()	83	0	[]	false	public	true	file:///private/tmp/projects/jadx/jadx-core/src/main/java/jadx/core/dex/attributes/nodes/ForceReturnAttr.java
1638	jadx.core.dex.attributes.nodes.EdgeInsnAttr	addEdgeInsn(jadx.core.dex.nodes.Edge,jadx.core.dex.nodes.InsnNode)	0	2	[true, false]	false	public	false	file:///private/tmp/projects/jadx/jadx-core/src/main/java/jadx/core/dex/attributes/nodes/EdgeInsnAttr.java
1639	jadx.core.dex.attributes.nodes.EdgeInsnAttr	addEdgeInsn(jadx.core.dex.nodes.BlockNode,jadx.core.dex.nodes.BlockNode,jadx.core.dex.nodes.InsnNode)	0	3	[false, false, false]	false	public	false	file:///private/tmp/projects/jadx/jadx-core/src/main/java/jadx/core/dex/attributes/nodes/EdgeInsnAttr.java
1640	jadx.core.dex.attributes.nodes.EdgeInsnAttr	EdgeInsnAttr(jadx.core.dex.nodes.BlockNode,jadx.core.dex.nodes.BlockNode,jadx.core.dex.nodes.InsnNode)	0	3	[false, false, false]	false	private	false	file:///private/tmp/projects/jadx/jadx-core/src/main/java/jadx/core/dex/attributes/nodes/EdgeInsnAttr.java
1641	jadx.core.dex.attributes.nodes.EdgeInsnAttr	getAttrType()	614	0	[]	false	public	true	file:///private/tmp/projects/jadx/jadx-core/src/main/java/jadx/core/dex/attributes/nodes/EdgeInsnAttr.java
1642	jadx.core.dex.attributes.nodes.EdgeInsnAttr	getStart()	0	0	[]	false	public	true	file:///private/tmp/projects/jadx/jadx-core/src/main/java/jadx/core/dex/attributes/nodes/EdgeInsnAttr.java
1643	jadx.core.dex.attributes.nodes.EdgeInsnAttr	getEnd()	0	0	[]	false	public	true	file:///private/tmp/projects/jadx/jadx-core/src/main/java/jadx/core/dex/attributes/nodes/EdgeInsnAttr.java
1644	jadx.core.dex.attributes.nodes.EdgeInsnAttr	getInsn()	0	0	[]	false	public	true	file:///private/tmp/projects/jadx/jadx-core/src/main/java/jadx/core/dex/attributes/nodes/EdgeInsnAttr.java
1645	jadx.core.dex.attributes.nodes.EdgeInsnAttr	equals(java.lang.Object)	188	1	[false]	false	public	false	file:///private/tmp/projects/jadx/jadx-core/src/main/java/jadx/core/dex/attributes/nodes/EdgeInsnAttr.java
1646	jadx.core.dex.attributes.nodes.EdgeInsnAttr	hashCode()	186	0	[]	false	public	false	file:///private/tmp/projects/jadx/jadx-core/src/main/java/jadx/core/dex/attributes/nodes/EdgeInsnAttr.java
1647	jadx.core.dex.attributes.nodes.EdgeInsnAttr	toString()	83	0	[]	false	public	true	file:///private/tmp/projects/jadx/jadx-core/src/main/java/jadx/core/dex/attributes/nodes/EdgeInsnAttr.java
1648	jadx.core.dex.attributes.nodes.SpecialEdgeAttr	SpecialEdgeAttr(jadx.core.dex.attributes.nodes.SpecialEdgeAttr.SpecialEdgeType,jadx.core.dex.nodes.BlockNode,jadx.core.dex.nodes.BlockNode)	0	3	[false, false, false]	false	public	false	file:///private/tmp/projects/jadx/jadx-core/src/main/java/jadx/core/dex/attributes/nodes/SpecialEdgeAttr.java
1649	jadx.core.dex.attributes.nodes.SpecialEdgeAttr	getType()	0	0	[]	false	public	true	file:///private/tmp/projects/jadx/jadx-core/src/main/java/jadx/core/dex/attributes/nodes/SpecialEdgeAttr.java
1650	jadx.core.dex.attributes.nodes.SpecialEdgeAttr	getStart()	0	0	[]	false	public	true	file:///private/tmp/projects/jadx/jadx-core/src/main/java/jadx/core/dex/attributes/nodes/SpecialEdgeAttr.java
1651	jadx.core.dex.attributes.nodes.SpecialEdgeAttr	getEnd()	0	0	[]	false	public	true	file:///private/tmp/projects/jadx/jadx-core/src/main/java/jadx/core/dex/attributes/nodes/SpecialEdgeAttr.java
1652	jadx.core.dex.attributes.nodes.SpecialEdgeAttr	getAttrType()	614	0	[]	false	public	true	file:///private/tmp/projects/jadx/jadx-core/src/main/java/jadx/core/dex/attributes/nodes/SpecialEdgeAttr.java
1653	jadx.core.dex.attributes.nodes.SpecialEdgeAttr	toString()	83	0	[]	false	public	true	file:///private/tmp/projects/jadx/jadx-core/src/main/java/jadx/core/dex/attributes/nodes/SpecialEdgeAttr.java
1654	jadx.core.dex.attributes.nodes.TmpEdgeAttr	TmpEdgeAttr(jadx.core.dex.nodes.BlockNode)	0	1	[false]	false	public	false	file:///private/tmp/projects/jadx/jadx-core/src/main/java/jadx/core/dex/attributes/nodes/TmpEdgeAttr.java
1655	jadx.core.dex.attributes.nodes.TmpEdgeAttr	getBlock()	0	0	[]	false	public	true	file:///private/tmp/projects/jadx/jadx-core/src/main/java/jadx/core/dex/attributes/nodes/TmpEdgeAttr.java
1656	jadx.core.dex.attributes.nodes.TmpEdgeAttr	getAttrType()	614	0	[]	false	public	true	file:///private/tmp/projects/jadx/jadx-core/src/main/java/jadx/core/dex/attributes/nodes/TmpEdgeAttr.java
1657	jadx.core.dex.attributes.nodes.TmpEdgeAttr	toString()	83	0	[]	false	public	true	file:///private/tmp/projects/jadx/jadx-core/src/main/java/jadx/core/dex/attributes/nodes/TmpEdgeAttr.java
1658	jadx.core.dex.trycatch.ExcHandlerAttr	ExcHandlerAttr(jadx.core.dex.trycatch.ExceptionHandler)	0	1	[false]	false	public	false	file:///private/tmp/projects/jadx/jadx-core/src/main/java/jadx/core/dex/trycatch/ExcHandlerAttr.java
1659	jadx.core.dex.trycatch.ExcHandlerAttr	getAttrType()	614	0	[]	false	public	true	file:///private/tmp/projects/jadx/jadx-core/src/main/java/jadx/core/dex/trycatch/ExcHandlerAttr.java
1660	jadx.core.dex.trycatch.ExcHandlerAttr	getTryBlock()	0	0	[]	false	public	true	file:///private/tmp/projects/jadx/jadx-core/src/main/java/jadx/core/dex/trycatch/ExcHandlerAttr.java
1661	jadx.core.dex.trycatch.ExcHandlerAttr	getHandler()	0	0	[]	false	public	true	file:///private/tmp/projects/jadx/jadx-core/src/main/java/jadx/core/dex/trycatch/ExcHandlerAttr.java
1662	jadx.core.dex.trycatch.ExcHandlerAttr	toString()	83	0	[]	false	public	true	file:///private/tmp/projects/jadx/jadx-core/src/main/java/jadx/core/dex/trycatch/ExcHandlerAttr.java
1663	jadx.core.dex.trycatch.CatchAttr	build(java.util.List<jadx.core.dex.trycatch.ExceptionHandler>)	0	1	[false]	false	public	true	file:///private/tmp/projects/jadx/jadx-core/src/main/java/jadx/core/dex/trycatch/CatchAttr.java
1664	jadx.core.dex.trycatch.CatchAttr	CatchAttr(java.util.List<jadx.core.dex.trycatch.ExceptionHandler>)	0	1	[false]	false	private	false	file:///private/tmp/projects/jadx/jadx-core/src/main/java/jadx/core/dex/trycatch/CatchAttr.java
1665	jadx.core.dex.trycatch.CatchAttr	getHandlers()	0	0	[]	false	public	true	file:///private/tmp/projects/jadx/jadx-core/src/main/java/jadx/core/dex/trycatch/CatchAttr.java
1666	jadx.core.dex.trycatch.CatchAttr	getAttrType()	614	0	[]	false	public	true	file:///private/tmp/projects/jadx/jadx-core/src/main/java/jadx/core/dex/trycatch/CatchAttr.java
1667	jadx.core.dex.trycatch.CatchAttr	equals(java.lang.Object)	188	1	[false]	false	public	false	file:///private/tmp/projects/jadx/jadx-core/src/main/java/jadx/core/dex/trycatch/CatchAttr.java
1668	jadx.core.dex.trycatch.CatchAttr	hashCode()	186	0	[]	false	public	false	file:///private/tmp/projects/jadx/jadx-core/src/main/java/jadx/core/dex/trycatch/CatchAttr.java
1669	jadx.core.dex.trycatch.CatchAttr	toString()	83	0	[]	false	public	true	file:///private/tmp/projects/jadx/jadx-core/src/main/java/jadx/core/dex/trycatch/CatchAttr.java
1670	jadx.core.dex.attributes.nodes.JumpInfo	JumpInfo(int,int)	0	2	[false, false]	false	public	false	file:///private/tmp/projects/jadx/jadx-core/src/main/java/jadx/core/dex/attributes/nodes/JumpInfo.java
1671	jadx.core.dex.attributes.nodes.JumpInfo	getSrc()	0	0	[]	false	public	false	file:///private/tmp/projects/jadx/jadx-core/src/main/java/jadx/core/dex/attributes/nodes/JumpInfo.java
1672	jadx.core.dex.attributes.nodes.JumpInfo	getDest()	0	0	[]	false	public	false	file:///private/tmp/projects/jadx/jadx-core/src/main/java/jadx/core/dex/attributes/nodes/JumpInfo.java
1673	jadx.core.dex.attributes.nodes.JumpInfo	hashCode()	186	0	[]	false	public	false	file:///private/tmp/projects/jadx/jadx-core/src/main/java/jadx/core/dex/attributes/nodes/JumpInfo.java
1674	jadx.core.dex.attributes.nodes.JumpInfo	equals(java.lang.Object)	188	1	[false]	false	public	false	file:///private/tmp/projects/jadx/jadx-core/src/main/java/jadx/core/dex/attributes/nodes/JumpInfo.java
1675	jadx.core.dex.attributes.nodes.JumpInfo	toString()	83	0	[]	false	public	true	file:///private/tmp/projects/jadx/jadx-core/src/main/java/jadx/core/dex/attributes/nodes/JumpInfo.java
1676	jadx.core.dex.attributes.nodes.GenericInfoAttr	GenericInfoAttr(java.util.List<jadx.core.dex.instructions.args.ArgType>)	0	1	[false]	false	public	false	file:///private/tmp/projects/jadx/jadx-core/src/main/java/jadx/core/dex/attributes/nodes/GenericInfoAttr.java
1677	jadx.core.dex.attributes.nodes.GenericInfoAttr	getGenericTypes()	0	0	[]	false	public	true	file:///private/tmp/projects/jadx/jadx-core/src/main/java/jadx/core/dex/attributes/nodes/GenericInfoAttr.java
1678	jadx.core.dex.attributes.nodes.GenericInfoAttr	isExplicit()	0	0	[]	false	public	false	file:///private/tmp/projects/jadx/jadx-core/src/main/java/jadx/core/dex/attributes/nodes/GenericInfoAttr.java
1679	jadx.core.dex.attributes.nodes.GenericInfoAttr	setExplicit(boolean)	0	1	[false]	false	public	false	file:///private/tmp/projects/jadx/jadx-core/src/main/java/jadx/core/dex/attributes/nodes/GenericInfoAttr.java
1680	jadx.core.dex.attributes.nodes.GenericInfoAttr	getAttrType()	614	0	[]	false	public	true	file:///private/tmp/projects/jadx/jadx-core/src/main/java/jadx/core/dex/attributes/nodes/GenericInfoAttr.java
1681	jadx.core.dex.attributes.nodes.GenericInfoAttr	toString()	83	0	[]	false	public	true	file:///private/tmp/projects/jadx/jadx-core/src/main/java/jadx/core/dex/attributes/nodes/GenericInfoAttr.java
1682	jadx.core.dex.attributes.nodes.RegDebugInfoAttr	RegDebugInfoAttr(jadx.core.dex.instructions.args.ArgType,java.lang.String)	0	2	[false, false]	false	public	false	file:///private/tmp/projects/jadx/jadx-core/src/main/java/jadx/core/dex/attributes/nodes/RegDebugInfoAttr.java
1683	jadx.core.dex.attributes.nodes.RegDebugInfoAttr	getName()	0	0	[]	false	public	true	file:///private/tmp/projects/jadx/jadx-core/src/main/java/jadx/core/dex/attributes/nodes/RegDebugInfoAttr.java
1684	jadx.core.dex.attributes.nodes.RegDebugInfoAttr	getRegType()	0	0	[]	false	public	true	file:///private/tmp/projects/jadx/jadx-core/src/main/java/jadx/core/dex/attributes/nodes/RegDebugInfoAttr.java
1685	jadx.core.dex.attributes.nodes.RegDebugInfoAttr	getAttrType()	614	0	[]	false	public	true	file:///private/tmp/projects/jadx/jadx-core/src/main/java/jadx/core/dex/attributes/nodes/RegDebugInfoAttr.java
1686	jadx.core.dex.attributes.nodes.RegDebugInfoAttr	equals(java.lang.Object)	188	1	[false]	false	public	false	file:///private/tmp/projects/jadx/jadx-core/src/main/java/jadx/core/dex/attributes/nodes/RegDebugInfoAttr.java
1687	jadx.core.dex.attributes.nodes.RegDebugInfoAttr	hashCode()	186	0	[]	false	public	false	file:///private/tmp/projects/jadx/jadx-core/src/main/java/jadx/core/dex/attributes/nodes/RegDebugInfoAttr.java
1688	jadx.core.dex.attributes.nodes.RegDebugInfoAttr	toString()	83	0	[]	false	public	true	file:///private/tmp/projects/jadx/jadx-core/src/main/java/jadx/core/dex/attributes/nodes/RegDebugInfoAttr.java
1689	jadx.api.CommentsLevel	filter(jadx.api.CommentsLevel)	0	1	[false]	false	public	false	file:///private/tmp/projects/jadx/jadx-core/src/main/java/jadx/api/CommentsLevel.java
1690	jadx.core.utils.StringUtils	getInstance()	0	0	[]	false	public	true	file:///private/tmp/projects/jadx/jadx-core/src/main/java/jadx/core/utils/StringUtils.java
1691	jadx.core.utils.StringUtils	StringUtils(jadx.api.JadxArgs)	0	1	[false]	false	public	false	file:///private/tmp/projects/jadx/jadx-core/src/main/java/jadx/core/utils/StringUtils.java
1692	jadx.core.utils.StringUtils	visitCodePoints(java.lang.String,java.util.function.IntConsumer)	0	2	[false, false]	false	public	false	file:///private/tmp/projects/jadx/jadx-core/src/main/java/jadx/core/utils/StringUtils.java
1693	jadx.core.utils.StringUtils	unescapeString(java.lang.String)	0	1	[false]	false	public	true	file:///private/tmp/projects/jadx/jadx-core/src/main/java/jadx/core/utils/StringUtils.java
1694	jadx.core.utils.StringUtils	processCodePoint(int,java.lang.StringBuilder)	0	2	[false, false]	false	private	false	file:///private/tmp/projects/jadx/jadx-core/src/main/java/jadx/core/utils/StringUtils.java
1695	jadx.core.utils.StringUtils	isEscapeNeededForCodePoint(int)	0	1	[false]	false	private	false	file:///private/tmp/projects/jadx/jadx-core/src/main/java/jadx/core/utils/StringUtils.java
1696	jadx.core.utils.StringUtils	unescapeChar(char,boolean)	0	2	[false, false]	false	public	true	file:///private/tmp/projects/jadx/jadx-core/src/main/java/jadx/core/utils/StringUtils.java
1697	jadx.core.utils.StringUtils	unescapeChar(char)	0	1	[false]	false	public	true	file:///private/tmp/projects/jadx/jadx-core/src/main/java/jadx/core/utils/StringUtils.java
1698	jadx.core.utils.StringUtils	getSpecialStringForCodePoint(int)	0	1	[false]	true	private	true	file:///private/tmp/projects/jadx/jadx-core/src/main/java/jadx/core/utils/StringUtils.java
1699	jadx.core.utils.StringUtils	escape(java.lang.String)	0	1	[false]	false	public	true	file:///private/tmp/projects/jadx/jadx-core/src/main/java/jadx/core/utils/StringUtils.java
1700	jadx.core.utils.StringUtils	escapeXML(java.lang.String)	0	1	[false]	false	public	true	file:///private/tmp/projects/jadx/jadx-core/src/main/java/jadx/core/utils/StringUtils.java
1701	jadx.core.utils.StringUtils	escapeResValue(java.lang.String)	0	1	[false]	false	public	true	file:///private/tmp/projects/jadx/jadx-core/src/main/java/jadx/core/utils/StringUtils.java
1702	jadx.core.utils.StringUtils	escapeResStrValue(java.lang.String)	0	1	[false]	false	public	true	file:///private/tmp/projects/jadx/jadx-core/src/main/java/jadx/core/utils/StringUtils.java
1703	jadx.core.utils.StringUtils	escapeXmlChar(char)	0	1	[false]	true	private	true	file:///private/tmp/projects/jadx/jadx-core/src/main/java/jadx/core/utils/StringUtils.java
1704	jadx.core.utils.StringUtils	escapeWhiteSpaceChar(char)	0	1	[false]	true	private	true	file:///private/tmp/projects/jadx/jadx-core/src/main/java/jadx/core/utils/StringUtils.java
1705	jadx.core.utils.StringUtils	commonEscapeAndAppend(java.lang.StringBuilder,char)	0	2	[false, false]	false	private	false	file:///private/tmp/projects/jadx/jadx-core/src/main/java/jadx/core/utils/StringUtils.java
1706	jadx.core.utils.StringUtils	notEmpty(@org.jetbrains.annotations.Nullable java.lang.String)	0	1	[true]	false	public	false	file:///private/tmp/projects/jadx/jadx-core/src/main/java/jadx/core/utils/StringUtils.java
1707	jadx.core.utils.StringUtils	isEmpty(java.lang.String)	0	1	[false]	false	public	false	file:///private/tmp/projects/jadx/jadx-core/src/main/java/jadx/core/utils/StringUtils.java
1708	jadx.core.utils.StringUtils	notBlank(java.lang.String)	0	1	[false]	false	public	false	file:///private/tmp/projects/jadx/jadx-core/src/main/java/jadx/core/utils/StringUtils.java
1709	jadx.core.utils.StringUtils	countMatches(java.lang.String,java.lang.String)	0	2	[false, false]	false	public	false	file:///private/tmp/projects/jadx/jadx-core/src/main/java/jadx/core/utils/StringUtils.java
1710	jadx.core.utils.StringUtils	countLinesByPos(java.lang.String,int,int)	0	3	[false, false, false]	false	public	false	file:///private/tmp/projects/jadx/jadx-core/src/main/java/jadx/core/utils/StringUtils.java
1711	jadx.core.utils.StringUtils	getLine(java.lang.String,int,int)	0	3	[false, false, false]	false	public	true	file:///private/tmp/projects/jadx/jadx-core/src/main/java/jadx/core/utils/StringUtils.java
1712	jadx.core.utils.StringUtils	isWhite(char)	0	1	[false]	false	public	false	file:///private/tmp/projects/jadx/jadx-core/src/main/java/jadx/core/utils/StringUtils.java
1713	jadx.core.utils.StringUtils	isWordSeparator(char)	0	1	[false]	false	public	false	file:///private/tmp/projects/jadx/jadx-core/src/main/java/jadx/core/utils/StringUtils.java
1714	jadx.core.utils.StringUtils	getDateText()	0	0	[]	false	public	true	file:///private/tmp/projects/jadx/jadx-core/src/main/java/jadx/core/utils/StringUtils.java
1715	jadx.api.JadxArgs	JadxArgs()	0	0	[]	false	public	false	file:///private/tmp/projects/jadx/jadx-core/src/main/java/jadx/api/JadxArgs.java
1716	jadx.api.JadxArgs	setRootDir(java.io.File)	0	1	[false]	false	public	false	file:///private/tmp/projects/jadx/jadx-core/src/main/java/jadx/api/JadxArgs.java
1717	jadx.api.JadxArgs	close()	0	0	[]	false	public	false	file:///private/tmp/projects/jadx/jadx-core/src/main/java/jadx/api/JadxArgs.java
1718	jadx.api.JadxArgs	getInputFiles()	0	0	[]	false	public	true	file:///private/tmp/projects/jadx/jadx-core/src/main/java/jadx/api/JadxArgs.java
1719	jadx.api.JadxArgs	setInputFile(java.io.File)	0	1	[false]	false	public	false	file:///private/tmp/projects/jadx/jadx-core/src/main/java/jadx/api/JadxArgs.java
1720	jadx.api.JadxArgs	setInputFiles(java.util.List<java.io.File>)	0	1	[false]	false	public	false	file:///private/tmp/projects/jadx/jadx-core/src/main/java/jadx/api/JadxArgs.java
1721	jadx.api.JadxArgs	getOutDir()	0	0	[]	false	public	true	file:///private/tmp/projects/jadx/jadx-core/src/main/java/jadx/api/JadxArgs.java
1722	jadx.api.JadxArgs	setOutDir(java.io.File)	0	1	[false]	false	public	false	file:///private/tmp/projects/jadx/jadx-core/src/main/java/jadx/api/JadxArgs.java
1723	jadx.api.JadxArgs	getOutDirSrc()	0	0	[]	false	public	true	file:///private/tmp/projects/jadx/jadx-core/src/main/java/jadx/api/JadxArgs.java
1724	jadx.api.JadxArgs	setOutDirSrc(java.io.File)	0	1	[false]	false	public	false	file:///private/tmp/projects/jadx/jadx-core/src/main/java/jadx/api/JadxArgs.java
1725	jadx.api.JadxArgs	getOutDirRes()	0	0	[]	false	public	true	file:///private/tmp/projects/jadx/jadx-core/src/main/java/jadx/api/JadxArgs.java
1726	jadx.api.JadxArgs	setOutDirRes(java.io.File)	0	1	[false]	false	public	false	file:///private/tmp/projects/jadx/jadx-core/src/main/java/jadx/api/JadxArgs.java
1727	jadx.api.JadxArgs	getThreadsCount()	0	0	[]	false	public	false	file:///private/tmp/projects/jadx/jadx-core/src/main/java/jadx/api/JadxArgs.java
1728	jadx.api.JadxArgs	setThreadsCount(int)	0	1	[false]	false	public	false	file:///private/tmp/projects/jadx/jadx-core/src/main/java/jadx/api/JadxArgs.java
1729	jadx.api.JadxArgs	isCfgOutput()	0	0	[]	false	public	false	file:///private/tmp/projects/jadx/jadx-core/src/main/java/jadx/api/JadxArgs.java
1730	jadx.api.JadxArgs	setCfgOutput(boolean)	0	1	[false]	false	public	false	file:///private/tmp/projects/jadx/jadx-core/src/main/java/jadx/api/JadxArgs.java
1731	jadx.api.JadxArgs	isRawCFGOutput()	0	0	[]	false	public	false	file:///private/tmp/projects/jadx/jadx-core/src/main/java/jadx/api/JadxArgs.java
1732	jadx.api.JadxArgs	setRawCFGOutput(boolean)	0	1	[false]	false	public	false	file:///private/tmp/projects/jadx/jadx-core/src/main/java/jadx/api/JadxArgs.java
1733	jadx.api.JadxArgs	isFallbackMode()	0	0	[]	false	public	false	file:///private/tmp/projects/jadx/jadx-core/src/main/java/jadx/api/JadxArgs.java
1734	jadx.api.JadxArgs	setFallbackMode(boolean)	0	1	[false]	false	public	false	file:///private/tmp/projects/jadx/jadx-core/src/main/java/jadx/api/JadxArgs.java
1735	jadx.api.JadxArgs	isShowInconsistentCode()	0	0	[]	false	public	false	file:///private/tmp/projects/jadx/jadx-core/src/main/java/jadx/api/JadxArgs.java
1736	jadx.api.JadxArgs	setShowInconsistentCode(boolean)	0	1	[false]	false	public	false	file:///private/tmp/projects/jadx/jadx-core/src/main/java/jadx/api/JadxArgs.java
1737	jadx.api.JadxArgs	isUseImports()	0	0	[]	false	public	false	file:///private/tmp/projects/jadx/jadx-core/src/main/java/jadx/api/JadxArgs.java
1738	jadx.api.JadxArgs	setUseImports(boolean)	0	1	[false]	false	public	false	file:///private/tmp/projects/jadx/jadx-core/src/main/java/jadx/api/JadxArgs.java
1739	jadx.api.JadxArgs	isDebugInfo()	0	0	[]	false	public	false	file:///private/tmp/projects/jadx/jadx-core/src/main/java/jadx/api/JadxArgs.java
1740	jadx.api.JadxArgs	setDebugInfo(boolean)	0	1	[false]	false	public	false	file:///private/tmp/projects/jadx/jadx-core/src/main/java/jadx/api/JadxArgs.java
1741	jadx.api.JadxArgs	isInsertDebugLines()	0	0	[]	false	public	false	file:///private/tmp/projects/jadx/jadx-core/src/main/java/jadx/api/JadxArgs.java
1742	jadx.api.JadxArgs	setInsertDebugLines(boolean)	0	1	[false]	false	public	false	file:///private/tmp/projects/jadx/jadx-core/src/main/java/jadx/api/JadxArgs.java
1743	jadx.api.JadxArgs	isInlineAnonymousClasses()	0	0	[]	false	public	false	file:///private/tmp/projects/jadx/jadx-core/src/main/java/jadx/api/JadxArgs.java
1744	jadx.api.JadxArgs	setInlineAnonymousClasses(boolean)	0	1	[false]	false	public	false	file:///private/tmp/projects/jadx/jadx-core/src/main/java/jadx/api/JadxArgs.java
1745	jadx.api.JadxArgs	isInlineMethods()	0	0	[]	false	public	false	file:///private/tmp/projects/jadx/jadx-core/src/main/java/jadx/api/JadxArgs.java
1746	jadx.api.JadxArgs	setInlineMethods(boolean)	0	1	[false]	false	public	false	file:///private/tmp/projects/jadx/jadx-core/src/main/java/jadx/api/JadxArgs.java
1747	jadx.api.JadxArgs	isExtractFinally()	0	0	[]	false	public	false	file:///private/tmp/projects/jadx/jadx-core/src/main/java/jadx/api/JadxArgs.java
1748	jadx.api.JadxArgs	setExtractFinally(boolean)	0	1	[false]	false	public	false	file:///private/tmp/projects/jadx/jadx-core/src/main/java/jadx/api/JadxArgs.java
1749	jadx.api.JadxArgs	isSkipResources()	0	0	[]	false	public	false	file:///private/tmp/projects/jadx/jadx-core/src/main/java/jadx/api/JadxArgs.java
1750	jadx.api.JadxArgs	setSkipResources(boolean)	0	1	[false]	false	public	false	file:///private/tmp/projects/jadx/jadx-core/src/main/java/jadx/api/JadxArgs.java
1751	jadx.api.JadxArgs	isSkipSources()	0	0	[]	false	public	false	file:///private/tmp/projects/jadx/jadx-core/src/main/java/jadx/api/JadxArgs.java
1752	jadx.api.JadxArgs	setSkipSources(boolean)	0	1	[false]	false	public	false	file:///private/tmp/projects/jadx/jadx-core/src/main/java/jadx/api/JadxArgs.java
1753	jadx.api.JadxArgs	setIncludeDependencies(boolean)	0	1	[false]	false	public	false	file:///private/tmp/projects/jadx/jadx-core/src/main/java/jadx/api/JadxArgs.java
1754	jadx.api.JadxArgs	isIncludeDependencies()	0	0	[]	false	public	false	file:///private/tmp/projects/jadx/jadx-core/src/main/java/jadx/api/JadxArgs.java
1755	jadx.api.JadxArgs	getClassFilter()	0	0	[]	false	public	true	file:///private/tmp/projects/jadx/jadx-core/src/main/java/jadx/api/JadxArgs.java
1756	jadx.api.JadxArgs	setClassFilter(java.util.function.Predicate<java.lang.String>)	0	1	[false]	false	public	false	file:///private/tmp/projects/jadx/jadx-core/src/main/java/jadx/api/JadxArgs.java
1757	jadx.api.JadxArgs	isDeobfuscationOn()	0	0	[]	false	public	false	file:///private/tmp/projects/jadx/jadx-core/src/main/java/jadx/api/JadxArgs.java
1758	jadx.api.JadxArgs	setDeobfuscationOn(boolean)	0	1	[false]	false	public	false	file:///private/tmp/projects/jadx/jadx-core/src/main/java/jadx/api/JadxArgs.java
1759	jadx.api.JadxArgs	isDeobfuscationForceSave()	0	0	[]	false	public	false	file:///private/tmp/projects/jadx/jadx-core/src/main/java/jadx/api/JadxArgs.java
1760	jadx.api.JadxArgs	setDeobfuscationForceSave(boolean)	0	1	[false]	false	public	false	file:///private/tmp/projects/jadx/jadx-core/src/main/java/jadx/api/JadxArgs.java
1761	jadx.api.JadxArgs	getDeobfuscationMapFileMode()	0	0	[]	false	public	true	file:///private/tmp/projects/jadx/jadx-core/src/main/java/jadx/api/JadxArgs.java
1762	jadx.api.JadxArgs	setDeobfuscationMapFileMode(jadx.api.args.DeobfuscationMapFileMode)	0	1	[false]	false	public	false	file:///private/tmp/projects/jadx/jadx-core/src/main/java/jadx/api/JadxArgs.java
1763	jadx.api.JadxArgs	isUseSourceNameAsClassAlias()	0	0	[]	false	public	false	file:///private/tmp/projects/jadx/jadx-core/src/main/java/jadx/api/JadxArgs.java
1764	jadx.api.JadxArgs	setUseSourceNameAsClassAlias(boolean)	0	1	[false]	false	public	false	file:///private/tmp/projects/jadx/jadx-core/src/main/java/jadx/api/JadxArgs.java
1765	jadx.api.JadxArgs	isParseKotlinMetadata()	0	0	[]	false	public	false	file:///private/tmp/projects/jadx/jadx-core/src/main/java/jadx/api/JadxArgs.java
1766	jadx.api.JadxArgs	setParseKotlinMetadata(boolean)	0	1	[false]	false	public	false	file:///private/tmp/projects/jadx/jadx-core/src/main/java/jadx/api/JadxArgs.java
1767	jadx.api.JadxArgs	getDeobfuscationMinLength()	0	0	[]	false	public	false	file:///private/tmp/projects/jadx/jadx-core/src/main/java/jadx/api/JadxArgs.java
1768	jadx.api.JadxArgs	setDeobfuscationMinLength(int)	0	1	[false]	false	public	false	file:///private/tmp/projects/jadx/jadx-core/src/main/java/jadx/api/JadxArgs.java
1769	jadx.api.JadxArgs	getDeobfuscationMaxLength()	0	0	[]	false	public	false	file:///private/tmp/projects/jadx/jadx-core/src/main/java/jadx/api/JadxArgs.java
1770	jadx.api.JadxArgs	setDeobfuscationMaxLength(int)	0	1	[false]	false	public	false	file:///private/tmp/projects/jadx/jadx-core/src/main/java/jadx/api/JadxArgs.java
1771	jadx.api.JadxArgs	getDeobfuscationMapFile()	0	0	[]	false	public	true	file:///private/tmp/projects/jadx/jadx-core/src/main/java/jadx/api/JadxArgs.java
1772	jadx.api.JadxArgs	setDeobfuscationMapFile(java.io.File)	0	1	[false]	false	public	false	file:///private/tmp/projects/jadx/jadx-core/src/main/java/jadx/api/JadxArgs.java
1773	jadx.api.JadxArgs	getResourceNameSource()	0	0	[]	false	public	true	file:///private/tmp/projects/jadx/jadx-core/src/main/java/jadx/api/JadxArgs.java
1774	jadx.api.JadxArgs	setResourceNameSource(jadx.api.args.ResourceNameSource)	0	1	[false]	false	public	false	file:///private/tmp/projects/jadx/jadx-core/src/main/java/jadx/api/JadxArgs.java
1775	jadx.api.JadxArgs	isEscapeUnicode()	0	0	[]	false	public	false	file:///private/tmp/projects/jadx/jadx-core/src/main/java/jadx/api/JadxArgs.java
1776	jadx.api.JadxArgs	setEscapeUnicode(boolean)	0	1	[false]	false	public	false	file:///private/tmp/projects/jadx/jadx-core/src/main/java/jadx/api/JadxArgs.java
1777	jadx.api.JadxArgs	isReplaceConsts()	0	0	[]	false	public	false	file:///private/tmp/projects/jadx/jadx-core/src/main/java/jadx/api/JadxArgs.java
1778	jadx.api.JadxArgs	setReplaceConsts(boolean)	0	1	[false]	false	public	false	file:///private/tmp/projects/jadx/jadx-core/src/main/java/jadx/api/JadxArgs.java
1779	jadx.api.JadxArgs	isRespectBytecodeAccModifiers()	0	0	[]	false	public	false	file:///private/tmp/projects/jadx/jadx-core/src/main/java/jadx/api/JadxArgs.java
1780	jadx.api.JadxArgs	setRespectBytecodeAccModifiers(boolean)	0	1	[false]	false	public	false	file:///private/tmp/projects/jadx/jadx-core/src/main/java/jadx/api/JadxArgs.java
1781	jadx.api.JadxArgs	isExportAsGradleProject()	0	0	[]	false	public	false	file:///private/tmp/projects/jadx/jadx-core/src/main/java/jadx/api/JadxArgs.java
1782	jadx.api.JadxArgs	setExportAsGradleProject(boolean)	0	1	[false]	false	public	false	file:///private/tmp/projects/jadx/jadx-core/src/main/java/jadx/api/JadxArgs.java
1783	jadx.api.JadxArgs	isFsCaseSensitive()	0	0	[]	false	public	false	file:///private/tmp/projects/jadx/jadx-core/src/main/java/jadx/api/JadxArgs.java
1784	jadx.api.JadxArgs	setFsCaseSensitive(boolean)	0	1	[false]	false	public	false	file:///private/tmp/projects/jadx/jadx-core/src/main/java/jadx/api/JadxArgs.java
1785	jadx.api.JadxArgs	isRenameCaseSensitive()	0	0	[]	false	public	false	file:///private/tmp/projects/jadx/jadx-core/src/main/java/jadx/api/JadxArgs.java
1786	jadx.api.JadxArgs	setRenameCaseSensitive(boolean)	0	1	[false]	false	public	false	file:///private/tmp/projects/jadx/jadx-core/src/main/java/jadx/api/JadxArgs.java
1787	jadx.api.JadxArgs	isRenameValid()	0	0	[]	false	public	false	file:///private/tmp/projects/jadx/jadx-core/src/main/java/jadx/api/JadxArgs.java
1788	jadx.api.JadxArgs	setRenameValid(boolean)	0	1	[false]	false	public	false	file:///private/tmp/projects/jadx/jadx-core/src/main/java/jadx/api/JadxArgs.java
1789	jadx.api.JadxArgs	isRenamePrintable()	0	0	[]	false	public	false	file:///private/tmp/projects/jadx/jadx-core/src/main/java/jadx/api/JadxArgs.java
1790	jadx.api.JadxArgs	setRenamePrintable(boolean)	0	1	[false]	false	public	false	file:///private/tmp/projects/jadx/jadx-core/src/main/java/jadx/api/JadxArgs.java
1791	jadx.api.JadxArgs	updateRenameFlag(boolean,jadx.api.JadxArgs.RenameEnum)	0	2	[false, false]	false	private	false	file:///private/tmp/projects/jadx/jadx-core/src/main/java/jadx/api/JadxArgs.java
1792	jadx.api.JadxArgs	setRenameFlags(java.util.Set<jadx.api.JadxArgs.RenameEnum>)	0	1	[false]	false	public	false	file:///private/tmp/projects/jadx/jadx-core/src/main/java/jadx/api/JadxArgs.java
1793	jadx.api.JadxArgs	getRenameFlags()	0	0	[]	false	public	true	file:///private/tmp/projects/jadx/jadx-core/src/main/java/jadx/api/JadxArgs.java
1794	jadx.api.JadxArgs	getOutputFormat()	0	0	[]	false	public	true	file:///private/tmp/projects/jadx/jadx-core/src/main/java/jadx/api/JadxArgs.java
1795	jadx.api.JadxArgs	isJsonOutput()	0	0	[]	false	public	false	file:///private/tmp/projects/jadx/jadx-core/src/main/java/jadx/api/JadxArgs.java
1796	jadx.api.JadxArgs	setOutputFormat(jadx.api.JadxArgs.OutputFormatEnum)	0	1	[false]	false	public	false	file:///private/tmp/projects/jadx/jadx-core/src/main/java/jadx/api/JadxArgs.java
1797	jadx.api.JadxArgs	getDecompilationMode()	0	0	[]	false	public	true	file:///private/tmp/projects/jadx/jadx-core/src/main/java/jadx/api/JadxArgs.java
1798	jadx.api.JadxArgs	setDecompilationMode(jadx.api.DecompilationMode)	0	1	[false]	false	public	false	file:///private/tmp/projects/jadx/jadx-core/src/main/java/jadx/api/JadxArgs.java
1799	jadx.api.JadxArgs	getCodeCache()	0	0	[]	false	public	true	file:///private/tmp/projects/jadx/jadx-core/src/main/java/jadx/api/JadxArgs.java
1800	jadx.api.JadxArgs	setCodeCache(jadx.api.ICodeCache)	0	1	[false]	false	public	false	file:///private/tmp/projects/jadx/jadx-core/src/main/java/jadx/api/JadxArgs.java
1801	jadx.api.JadxArgs	getCodeWriterProvider()	0	0	[]	false	public	true	file:///private/tmp/projects/jadx/jadx-core/src/main/java/jadx/api/JadxArgs.java
1802	jadx.api.JadxArgs	setCodeWriterProvider(java.util.function.Function<jadx.api.JadxArgs,jadx.api.ICodeWriter>)	0	1	[false]	false	public	false	file:///private/tmp/projects/jadx/jadx-core/src/main/java/jadx/api/JadxArgs.java
1803	jadx.api.JadxArgs	getCodeData()	0	0	[]	false	public	true	file:///private/tmp/projects/jadx/jadx-core/src/main/java/jadx/api/JadxArgs.java
1804	jadx.api.JadxArgs	setCodeData(jadx.api.data.ICodeData)	0	1	[false]	false	public	false	file:///private/tmp/projects/jadx/jadx-core/src/main/java/jadx/api/JadxArgs.java
1805	jadx.api.JadxArgs	getCommentsLevel()	0	0	[]	false	public	true	file:///private/tmp/projects/jadx/jadx-core/src/main/java/jadx/api/JadxArgs.java
1806	jadx.api.JadxArgs	setCommentsLevel(jadx.api.CommentsLevel)	0	1	[false]	false	public	false	file:///private/tmp/projects/jadx/jadx-core/src/main/java/jadx/api/JadxArgs.java
1807	jadx.api.JadxArgs	isUseDxInput()	0	0	[]	false	public	false	file:///private/tmp/projects/jadx/jadx-core/src/main/java/jadx/api/JadxArgs.java
1808	jadx.api.JadxArgs	setUseDxInput(boolean)	0	1	[false]	false	public	false	file:///private/tmp/projects/jadx/jadx-core/src/main/java/jadx/api/JadxArgs.java
1809	jadx.api.JadxArgs	getUseKotlinMethodsForVarNames()	0	0	[]	false	public	true	file:///private/tmp/projects/jadx/jadx-core/src/main/java/jadx/api/JadxArgs.java
1810	jadx.api.JadxArgs	setUseKotlinMethodsForVarNames(jadx.api.JadxArgs.UseKotlinMethodsForVarNames)	0	1	[false]	false	public	false	file:///private/tmp/projects/jadx/jadx-core/src/main/java/jadx/api/JadxArgs.java
1811	jadx.api.JadxArgs	isSkipFilesSave()	0	0	[]	false	public	false	file:///private/tmp/projects/jadx/jadx-core/src/main/java/jadx/api/JadxArgs.java
1812	jadx.api.JadxArgs	setSkipFilesSave(boolean)	0	1	[false]	false	public	false	file:///private/tmp/projects/jadx/jadx-core/src/main/java/jadx/api/JadxArgs.java
1813	jadx.api.JadxArgs	getPluginOptions()	0	0	[]	false	public	true	file:///private/tmp/projects/jadx/jadx-core/src/main/java/jadx/api/JadxArgs.java
1814	jadx.api.JadxArgs	setPluginOptions(java.util.Map<java.lang.String,java.lang.String>)	0	1	[false]	false	public	false	file:///private/tmp/projects/jadx/jadx-core/src/main/java/jadx/api/JadxArgs.java
1815	jadx.api.JadxArgs	makeCodeArgsHash()	0	0	[]	false	public	true	file:///private/tmp/projects/jadx/jadx-core/src/main/java/jadx/api/JadxArgs.java
1816	jadx.api.JadxArgs	toString()	83	0	[]	false	public	true	file:///private/tmp/projects/jadx/jadx-core/src/main/java/jadx/api/JadxArgs.java
1817	jadx.api.ICodeCache	add(java.lang.String,jadx.api.ICodeInfo)	0	2	[false, false]	false	public	false	file:///private/tmp/projects/jadx/jadx-core/src/main/java/jadx/api/ICodeCache.java
1818	jadx.api.ICodeCache	remove(java.lang.String)	0	1	[false]	false	public	false	file:///private/tmp/projects/jadx/jadx-core/src/main/java/jadx/api/ICodeCache.java
1819	jadx.api.ICodeCache	get(java.lang.String)	0	1	[false]	false	public	true	file:///private/tmp/projects/jadx/jadx-core/src/main/java/jadx/api/ICodeCache.java
1820	jadx.api.ICodeCache	getCode(java.lang.String)	0	1	[false]	true	public	true	file:///private/tmp/projects/jadx/jadx-core/src/main/java/jadx/api/ICodeCache.java
1821	jadx.api.ICodeCache	contains(java.lang.String)	0	1	[false]	false	public	false	file:///private/tmp/projects/jadx/jadx-core/src/main/java/jadx/api/ICodeCache.java
1822	jadx.api.args.DeobfuscationMapFileMode	shouldRead()	0	0	[]	false	public	false	file:///private/tmp/projects/jadx/jadx-core/src/main/java/jadx/api/args/DeobfuscationMapFileMode.java
1823	jadx.api.args.DeobfuscationMapFileMode	shouldWrite()	0	0	[]	false	public	false	file:///private/tmp/projects/jadx/jadx-core/src/main/java/jadx/api/args/DeobfuscationMapFileMode.java
1824	jadx.api.data.ICodeData	getComments()	0	0	[]	false	public	true	file:///private/tmp/projects/jadx/jadx-core/src/main/java/jadx/api/data/ICodeData.java
1825	jadx.api.data.ICodeData	getRenames()	0	0	[]	false	public	true	file:///private/tmp/projects/jadx/jadx-core/src/main/java/jadx/api/data/ICodeData.java
1826	jadx.api.data.ICodeComment	getNodeRef()	0	0	[]	false	public	true	file:///private/tmp/projects/jadx/jadx-core/src/main/java/jadx/api/data/ICodeComment.java
1827	jadx.api.data.ICodeComment	getCodeRef()	0	0	[]	true	public	true	file:///private/tmp/projects/jadx/jadx-core/src/main/java/jadx/api/data/ICodeComment.java
1828	jadx.api.data.ICodeComment	getComment()	0	0	[]	false	public	true	file:///private/tmp/projects/jadx/jadx-core/src/main/java/jadx/api/data/ICodeComment.java
1829	jadx.api.data.ICodeRename	getNodeRef()	0	0	[]	false	public	true	file:///private/tmp/projects/jadx/jadx-core/src/main/java/jadx/api/data/ICodeRename.java
1830	jadx.api.data.ICodeRename	getCodeRef()	0	0	[]	true	public	true	file:///private/tmp/projects/jadx/jadx-core/src/main/java/jadx/api/data/ICodeRename.java
1831	jadx.api.data.ICodeRename	getNewName()	0	0	[]	false	public	true	file:///private/tmp/projects/jadx/jadx-core/src/main/java/jadx/api/data/ICodeRename.java
1832	jadx.api.data.IJavaNodeRef	getType()	0	0	[]	false	public	true	file:///private/tmp/projects/jadx/jadx-core/src/main/java/jadx/api/data/IJavaNodeRef.java
1833	jadx.api.data.IJavaNodeRef	getDeclaringClass()	0	0	[]	false	public	true	file:///private/tmp/projects/jadx/jadx-core/src/main/java/jadx/api/data/IJavaNodeRef.java
1834	jadx.api.data.IJavaNodeRef	getShortId()	0	0	[]	false	public	true	file:///private/tmp/projects/jadx/jadx-core/src/main/java/jadx/api/data/IJavaNodeRef.java
1835	jadx.api.data.IJavaCodeRef	getAttachType()	0	0	[]	false	public	true	file:///private/tmp/projects/jadx/jadx-core/src/main/java/jadx/api/data/IJavaCodeRef.java
1836	jadx.api.data.IJavaCodeRef	getIndex()	0	0	[]	false	public	false	file:///private/tmp/projects/jadx/jadx-core/src/main/java/jadx/api/data/IJavaCodeRef.java
1837	jadx.api.data.IJavaCodeRef	compareTo(@org.jetbrains.annotations.NotNull jadx.api.data.IJavaCodeRef)	190	1	[false]	false	public	false	file:///private/tmp/projects/jadx/jadx-core/src/main/java/jadx/api/data/IJavaCodeRef.java
1838	jadx.core.dex.instructions.mods.ConstructorInsn	ConstructorInsn(jadx.core.dex.nodes.MethodNode,jadx.core.dex.instructions.InvokeNode)	0	2	[false, false]	false	public	false	file:///private/tmp/projects/jadx/jadx-core/src/main/java/jadx/core/dex/instructions/mods/ConstructorInsn.java
1839	jadx.core.dex.instructions.mods.ConstructorInsn	getCallType(jadx.core.dex.nodes.MethodNode,jadx.core.dex.info.ClassInfo,jadx.core.dex.instructions.args.InsnArg)	0	3	[false, false, false]	false	private	true	file:///private/tmp/projects/jadx/jadx-core/src/main/java/jadx/core/dex/instructions/mods/ConstructorInsn.java
1840	jadx.core.dex.instructions.mods.ConstructorInsn	ConstructorInsn(jadx.core.dex.info.MethodInfo,jadx.core.dex.instructions.mods.ConstructorInsn.CallType)	0	2	[false, false]	false	public	false	file:///private/tmp/projects/jadx/jadx-core/src/main/java/jadx/core/dex/instructions/mods/ConstructorInsn.java
1841	jadx.core.dex.instructions.mods.ConstructorInsn	getCallMth()	1842	0	[]	false	public	true	file:///private/tmp/projects/jadx/jadx-core/src/main/java/jadx/core/dex/instructions/mods/ConstructorInsn.java
1843	jadx.core.dex.instructions.mods.ConstructorInsn	getInstanceArg()	1844	0	[]	true	public	true	file:///private/tmp/projects/jadx/jadx-core/src/main/java/jadx/core/dex/instructions/mods/ConstructorInsn.java
1845	jadx.core.dex.instructions.mods.ConstructorInsn	getClassType()	0	0	[]	false	public	true	file:///private/tmp/projects/jadx/jadx-core/src/main/java/jadx/core/dex/instructions/mods/ConstructorInsn.java
1846	jadx.core.dex.instructions.mods.ConstructorInsn	getCallType()	0	0	[]	false	public	true	file:///private/tmp/projects/jadx/jadx-core/src/main/java/jadx/core/dex/instructions/mods/ConstructorInsn.java
1847	jadx.core.dex.instructions.mods.ConstructorInsn	isNewInstance()	0	0	[]	false	public	false	file:///private/tmp/projects/jadx/jadx-core/src/main/java/jadx/core/dex/instructions/mods/ConstructorInsn.java
1848	jadx.core.dex.instructions.mods.ConstructorInsn	isSuper()	0	0	[]	false	public	false	file:///private/tmp/projects/jadx/jadx-core/src/main/java/jadx/core/dex/instructions/mods/ConstructorInsn.java
1849	jadx.core.dex.instructions.mods.ConstructorInsn	isThis()	0	0	[]	false	public	false	file:///private/tmp/projects/jadx/jadx-core/src/main/java/jadx/core/dex/instructions/mods/ConstructorInsn.java
1850	jadx.core.dex.instructions.mods.ConstructorInsn	isSelf()	0	0	[]	false	public	false	file:///private/tmp/projects/jadx/jadx-core/src/main/java/jadx/core/dex/instructions/mods/ConstructorInsn.java
1851	jadx.core.dex.instructions.mods.ConstructorInsn	isStaticCall()	1852	0	[]	false	public	false	file:///private/tmp/projects/jadx/jadx-core/src/main/java/jadx/core/dex/instructions/mods/ConstructorInsn.java
1853	jadx.core.dex.instructions.mods.ConstructorInsn	getFirstArgOffset()	1854	0	[]	false	public	false	file:///private/tmp/projects/jadx/jadx-core/src/main/java/jadx/core/dex/instructions/mods/ConstructorInsn.java
1855	jadx.core.dex.instructions.mods.ConstructorInsn	isSame(jadx.core.dex.nodes.InsnNode)	771	1	[false]	false	public	false	file:///private/tmp/projects/jadx/jadx-core/src/main/java/jadx/core/dex/instructions/mods/ConstructorInsn.java
1856	jadx.core.dex.instructions.mods.ConstructorInsn	copy()	775	0	[]	false	public	true	file:///private/tmp/projects/jadx/jadx-core/src/main/java/jadx/core/dex/instructions/mods/ConstructorInsn.java
1857	jadx.core.dex.instructions.mods.ConstructorInsn	toString()	786	0	[]	false	public	true	file:///private/tmp/projects/jadx/jadx-core/src/main/java/jadx/core/dex/instructions/mods/ConstructorInsn.java
1858	jadx.core.dex.instructions.BaseInvokeNode	BaseInvokeNode(jadx.core.dex.instructions.InsnType,int)	0	2	[false, false]	false	public	false	file:///private/tmp/projects/jadx/jadx-core/src/main/java/jadx/core/dex/instructions/BaseInvokeNode.java
1842	jadx.core.dex.instructions.BaseInvokeNode	getCallMth()	0	0	[]	false	public	true	file:///private/tmp/projects/jadx/jadx-core/src/main/java/jadx/core/dex/instructions/BaseInvokeNode.java
1844	jadx.core.dex.instructions.BaseInvokeNode	getInstanceArg()	0	0	[]	true	public	true	file:///private/tmp/projects/jadx/jadx-core/src/main/java/jadx/core/dex/instructions/BaseInvokeNode.java
1852	jadx.core.dex.instructions.BaseInvokeNode	isStaticCall()	0	0	[]	false	public	false	file:///private/tmp/projects/jadx/jadx-core/src/main/java/jadx/core/dex/instructions/BaseInvokeNode.java
1854	jadx.core.dex.instructions.BaseInvokeNode	getFirstArgOffset()	0	0	[]	false	public	false	file:///private/tmp/projects/jadx/jadx-core/src/main/java/jadx/core/dex/instructions/BaseInvokeNode.java
1859	jadx.core.dex.instructions.InvokeNode	InvokeNode(jadx.core.dex.info.MethodInfo,jadx.api.plugins.input.insns.InsnData,jadx.core.dex.instructions.InvokeType,boolean)	0	4	[false, false, false, false]	false	public	false	file:///private/tmp/projects/jadx/jadx-core/src/main/java/jadx/core/dex/instructions/InvokeNode.java
1860	jadx.core.dex.instructions.InvokeNode	InvokeNode(jadx.core.dex.info.MethodInfo,jadx.api.plugins.input.insns.InsnData,jadx.core.dex.instructions.InvokeType,boolean,boolean)	0	5	[false, false, false, false, false]	false	public	false	file:///private/tmp/projects/jadx/jadx-core/src/main/java/jadx/core/dex/instructions/InvokeNode.java
1861	jadx.core.dex.instructions.InvokeNode	InvokeNode(@org.jetbrains.annotations.Nullable jadx.core.dex.info.MethodInfo,jadx.core.dex.instructions.InvokeType,int)	0	3	[true, false, false]	false	public	false	file:///private/tmp/projects/jadx/jadx-core/src/main/java/jadx/core/dex/instructions/InvokeNode.java
1862	jadx.core.dex.instructions.InvokeNode	getInvokeType()	0	0	[]	false	public	true	file:///private/tmp/projects/jadx/jadx-core/src/main/java/jadx/core/dex/instructions/InvokeNode.java
1863	jadx.core.dex.instructions.InvokeNode	getCallMth()	1842	0	[]	false	public	true	file:///private/tmp/projects/jadx/jadx-core/src/main/java/jadx/core/dex/instructions/InvokeNode.java
1864	jadx.core.dex.instructions.InvokeNode	getInstanceArg()	1844	0	[]	true	public	true	file:///private/tmp/projects/jadx/jadx-core/src/main/java/jadx/core/dex/instructions/InvokeNode.java
1865	jadx.core.dex.instructions.InvokeNode	isStaticCall()	1852	0	[]	false	public	false	file:///private/tmp/projects/jadx/jadx-core/src/main/java/jadx/core/dex/instructions/InvokeNode.java
1866	jadx.core.dex.instructions.InvokeNode	getFirstArgOffset()	1854	0	[]	false	public	false	file:///private/tmp/projects/jadx/jadx-core/src/main/java/jadx/core/dex/instructions/InvokeNode.java
1867	jadx.core.dex.instructions.InvokeNode	copy()	775	0	[]	false	public	true	file:///private/tmp/projects/jadx/jadx-core/src/main/java/jadx/core/dex/instructions/InvokeNode.java
1868	jadx.core.dex.instructions.InvokeNode	isSame(jadx.core.dex.nodes.InsnNode)	771	1	[false]	false	public	false	file:///private/tmp/projects/jadx/jadx-core/src/main/java/jadx/core/dex/instructions/InvokeNode.java
1869	jadx.core.dex.instructions.InvokeNode	toString()	786	0	[]	false	public	true	file:///private/tmp/projects/jadx/jadx-core/src/main/java/jadx/core/dex/instructions/InvokeNode.java
1870	jadx.core.dex.instructions.FillArrayInsn	FillArrayInsn(jadx.core.dex.instructions.args.InsnArg,int)	0	2	[false, false]	false	public	false	file:///private/tmp/projects/jadx/jadx-core/src/main/java/jadx/core/dex/instructions/FillArrayInsn.java
1871	jadx.core.dex.instructions.FillArrayInsn	getTarget()	0	0	[]	false	public	false	file:///private/tmp/projects/jadx/jadx-core/src/main/java/jadx/core/dex/instructions/FillArrayInsn.java
1872	jadx.core.dex.instructions.FillArrayInsn	setArrayData(jadx.core.dex.instructions.FillArrayData)	0	1	[false]	false	public	false	file:///private/tmp/projects/jadx/jadx-core/src/main/java/jadx/core/dex/instructions/FillArrayInsn.java
1873	jadx.core.dex.instructions.FillArrayInsn	isSame(jadx.core.dex.nodes.InsnNode)	771	1	[false]	false	public	false	file:///private/tmp/projects/jadx/jadx-core/src/main/java/jadx/core/dex/instructions/FillArrayInsn.java
1874	jadx.core.dex.instructions.FillArrayInsn	copy()	775	0	[]	false	public	true	file:///private/tmp/projects/jadx/jadx-core/src/main/java/jadx/core/dex/instructions/FillArrayInsn.java
1875	jadx.core.dex.instructions.FillArrayInsn	toString()	786	0	[]	false	public	true	file:///private/tmp/projects/jadx/jadx-core/src/main/java/jadx/core/dex/instructions/FillArrayInsn.java
1876	jadx.core.dex.instructions.FillArrayInsn	getSize()	0	0	[]	false	public	false	file:///private/tmp/projects/jadx/jadx-core/src/main/java/jadx/core/dex/instructions/FillArrayInsn.java
1877	jadx.core.dex.instructions.FillArrayInsn	getElementType()	0	0	[]	false	public	true	file:///private/tmp/projects/jadx/jadx-core/src/main/java/jadx/core/dex/instructions/FillArrayInsn.java
1878	jadx.core.dex.instructions.FillArrayInsn	getLiteralArgs(jadx.core.dex.instructions.args.ArgType)	0	1	[true]	false	public	true	file:///private/tmp/projects/jadx/jadx-core/src/main/java/jadx/core/dex/instructions/FillArrayInsn.java
1879	jadx.core.dex.instructions.FillArrayInsn	dataToString()	0	0	[]	false	public	true	file:///private/tmp/projects/jadx/jadx-core/src/main/java/jadx/core/dex/instructions/FillArrayInsn.java
1880	jadx.core.dex.instructions.FilledNewArrayNode	FilledNewArrayNode(@org.jetbrains.annotations.NotNull jadx.core.dex.instructions.args.ArgType,int)	0	2	[false, false]	false	public	false	file:///private/tmp/projects/jadx/jadx-core/src/main/java/jadx/core/dex/instructions/FilledNewArrayNode.java
1881	jadx.core.dex.instructions.FilledNewArrayNode	getElemType()	0	0	[]	false	public	true	file:///private/tmp/projects/jadx/jadx-core/src/main/java/jadx/core/dex/instructions/FilledNewArrayNode.java
1882	jadx.core.dex.instructions.FilledNewArrayNode	getArrayType()	0	0	[]	false	public	true	file:///private/tmp/projects/jadx/jadx-core/src/main/java/jadx/core/dex/instructions/FilledNewArrayNode.java
1883	jadx.core.dex.instructions.FilledNewArrayNode	isSame(jadx.core.dex.nodes.InsnNode)	771	1	[false]	false	public	false	file:///private/tmp/projects/jadx/jadx-core/src/main/java/jadx/core/dex/instructions/FilledNewArrayNode.java
1884	jadx.core.dex.instructions.FilledNewArrayNode	copy()	775	0	[]	false	public	true	file:///private/tmp/projects/jadx/jadx-core/src/main/java/jadx/core/dex/instructions/FilledNewArrayNode.java
1885	jadx.core.dex.instructions.FilledNewArrayNode	toString()	786	0	[]	false	public	true	file:///private/tmp/projects/jadx/jadx-core/src/main/java/jadx/core/dex/instructions/FilledNewArrayNode.java
1886	jadx.core.dex.instructions.InvokeCustomNode	InvokeCustomNode(jadx.core.dex.info.MethodInfo,jadx.api.plugins.input.insns.InsnData,boolean,boolean)	0	4	[false, false, false, false]	false	public	false	file:///private/tmp/projects/jadx/jadx-core/src/main/java/jadx/core/dex/instructions/InvokeCustomNode.java
1887	jadx.core.dex.instructions.InvokeCustomNode	InvokeCustomNode(jadx.core.dex.info.MethodInfo,jadx.core.dex.instructions.InvokeType,int)	0	3	[false, false, false]	false	private	false	file:///private/tmp/projects/jadx/jadx-core/src/main/java/jadx/core/dex/instructions/InvokeCustomNode.java
1888	jadx.core.dex.instructions.InvokeCustomNode	copy()	1867	0	[]	false	public	true	file:///private/tmp/projects/jadx/jadx-core/src/main/java/jadx/core/dex/instructions/InvokeCustomNode.java
1889	jadx.core.dex.instructions.InvokeCustomNode	isSame(jadx.core.dex.nodes.InsnNode)	1868	1	[false]	false	public	false	file:///private/tmp/projects/jadx/jadx-core/src/main/java/jadx/core/dex/instructions/InvokeCustomNode.java
1890	jadx.core.dex.instructions.InvokeCustomNode	getImplMthInfo()	0	0	[]	false	public	true	file:///private/tmp/projects/jadx/jadx-core/src/main/java/jadx/core/dex/instructions/InvokeCustomNode.java
1891	jadx.core.dex.instructions.InvokeCustomNode	setImplMthInfo(jadx.core.dex.info.MethodInfo)	0	1	[false]	false	public	false	file:///private/tmp/projects/jadx/jadx-core/src/main/java/jadx/core/dex/instructions/InvokeCustomNode.java
1892	jadx.core.dex.instructions.InvokeCustomNode	getHandleType()	0	0	[]	true	public	true	file:///private/tmp/projects/jadx/jadx-core/src/main/java/jadx/core/dex/instructions/InvokeCustomNode.java
1893	jadx.core.dex.instructions.InvokeCustomNode	setHandleType(@org.jetbrains.annotations.Nullable jadx.api.plugins.input.data.MethodHandleType)	0	1	[true]	false	public	false	file:///private/tmp/projects/jadx/jadx-core/src/main/java/jadx/core/dex/instructions/InvokeCustomNode.java
1894	jadx.core.dex.instructions.InvokeCustomNode	getCallInsn()	0	0	[]	false	public	true	file:///private/tmp/projects/jadx/jadx-core/src/main/java/jadx/core/dex/instructions/InvokeCustomNode.java
1895	jadx.core.dex.instructions.InvokeCustomNode	setCallInsn(jadx.core.dex.nodes.InsnNode)	0	1	[false]	false	public	false	file:///private/tmp/projects/jadx/jadx-core/src/main/java/jadx/core/dex/instructions/InvokeCustomNode.java
1896	jadx.core.dex.instructions.InvokeCustomNode	isInlineInsn()	0	0	[]	false	public	false	file:///private/tmp/projects/jadx/jadx-core/src/main/java/jadx/core/dex/instructions/InvokeCustomNode.java
1897	jadx.core.dex.instructions.InvokeCustomNode	setInlineInsn(boolean)	0	1	[false]	false	public	false	file:///private/tmp/projects/jadx/jadx-core/src/main/java/jadx/core/dex/instructions/InvokeCustomNode.java
1898	jadx.core.dex.instructions.InvokeCustomNode	isUseRef()	0	0	[]	false	public	false	file:///private/tmp/projects/jadx/jadx-core/src/main/java/jadx/core/dex/instructions/InvokeCustomNode.java
1899	jadx.core.dex.instructions.InvokeCustomNode	setUseRef(boolean)	0	1	[false]	false	public	false	file:///private/tmp/projects/jadx/jadx-core/src/main/java/jadx/core/dex/instructions/InvokeCustomNode.java
1900	jadx.core.dex.instructions.InvokeCustomNode	getInvokeCall()	0	0	[]	true	public	true	file:///private/tmp/projects/jadx/jadx-core/src/main/java/jadx/core/dex/instructions/InvokeCustomNode.java
1901	jadx.core.dex.instructions.InvokeCustomNode	getInstanceArg()	1864	0	[]	true	public	true	file:///private/tmp/projects/jadx/jadx-core/src/main/java/jadx/core/dex/instructions/InvokeCustomNode.java
1902	jadx.core.dex.instructions.InvokeCustomNode	isStaticCall()	1865	0	[]	false	public	false	file:///private/tmp/projects/jadx/jadx-core/src/main/java/jadx/core/dex/instructions/InvokeCustomNode.java
1903	jadx.core.dex.instructions.InvokeCustomNode	getFirstArgOffset()	1866	0	[]	false	public	false	file:///private/tmp/projects/jadx/jadx-core/src/main/java/jadx/core/dex/instructions/InvokeCustomNode.java
1904	jadx.core.dex.instructions.InvokeCustomNode	toString()	1869	0	[]	false	public	true	file:///private/tmp/projects/jadx/jadx-core/src/main/java/jadx/core/dex/instructions/InvokeCustomNode.java
1905	jadx.core.dex.instructions.mods.TernaryInsn	TernaryInsn(jadx.core.dex.regions.conditions.IfCondition,jadx.core.dex.instructions.args.RegisterArg,jadx.core.dex.instructions.args.InsnArg,jadx.core.dex.instructions.args.InsnArg)	0	4	[true, true, false, false]	false	public	false	file:///private/tmp/projects/jadx/jadx-core/src/main/java/jadx/core/dex/instructions/mods/TernaryInsn.java
1906	jadx.core.dex.instructions.mods.TernaryInsn	TernaryInsn()	0	0	[]	false	private	false	file:///private/tmp/projects/jadx/jadx-core/src/main/java/jadx/core/dex/instructions/mods/TernaryInsn.java
1907	jadx.core.dex.instructions.mods.TernaryInsn	getCondition()	0	0	[]	false	public	true	file:///private/tmp/projects/jadx/jadx-core/src/main/java/jadx/core/dex/instructions/mods/TernaryInsn.java
1908	jadx.core.dex.instructions.mods.TernaryInsn	simplifyCondition()	0	0	[]	false	public	false	file:///private/tmp/projects/jadx/jadx-core/src/main/java/jadx/core/dex/instructions/mods/TernaryInsn.java
1909	jadx.core.dex.instructions.mods.TernaryInsn	invert()	0	0	[]	false	private	false	file:///private/tmp/projects/jadx/jadx-core/src/main/java/jadx/core/dex/instructions/mods/TernaryInsn.java
1910	jadx.core.dex.instructions.mods.TernaryInsn	getRegisterArgs(java.util.Collection<jadx.core.dex.instructions.args.RegisterArg>)	762	1	[false]	false	public	false	file:///private/tmp/projects/jadx/jadx-core/src/main/java/jadx/core/dex/instructions/mods/TernaryInsn.java
1911	jadx.core.dex.instructions.mods.TernaryInsn	visitInsns(java.util.function.Consumer<jadx.core.dex.nodes.InsnNode>)	767	1	[false]	false	public	false	file:///private/tmp/projects/jadx/jadx-core/src/main/java/jadx/core/dex/instructions/mods/TernaryInsn.java
1912	jadx.core.dex.instructions.mods.TernaryInsn	isSame(jadx.core.dex.nodes.InsnNode)	771	1	[false]	false	public	false	file:///private/tmp/projects/jadx/jadx-core/src/main/java/jadx/core/dex/instructions/mods/TernaryInsn.java
1913	jadx.core.dex.instructions.mods.TernaryInsn	copy()	775	0	[]	false	public	true	file:///private/tmp/projects/jadx/jadx-core/src/main/java/jadx/core/dex/instructions/mods/TernaryInsn.java
1914	jadx.core.dex.instructions.mods.TernaryInsn	rebindArgs()	780	0	[]	false	public	false	file:///private/tmp/projects/jadx/jadx-core/src/main/java/jadx/core/dex/instructions/mods/TernaryInsn.java
1915	jadx.core.dex.instructions.mods.TernaryInsn	toString()	786	0	[]	false	public	true	file:///private/tmp/projects/jadx/jadx-core/src/main/java/jadx/core/dex/instructions/mods/TernaryInsn.java
1916	jadx.core.dex.instructions.ArithNode	build(jadx.api.plugins.input.insns.InsnData,jadx.core.dex.instructions.ArithOp,jadx.core.dex.instructions.args.ArgType)	0	3	[false, false, false]	false	public	true	file:///private/tmp/projects/jadx/jadx-core/src/main/java/jadx/core/dex/instructions/ArithNode.java
1917	jadx.core.dex.instructions.ArithNode	buildLit(jadx.api.plugins.input.insns.InsnData,jadx.core.dex.instructions.ArithOp,jadx.core.dex.instructions.args.ArgType)	0	3	[false, false, false]	false	public	true	file:///private/tmp/projects/jadx/jadx-core/src/main/java/jadx/core/dex/instructions/ArithNode.java
1918	jadx.core.dex.instructions.ArithNode	fixResultType(jadx.core.dex.instructions.ArithOp,jadx.core.dex.instructions.args.ArgType)	0	2	[false, false]	false	private	true	file:///private/tmp/projects/jadx/jadx-core/src/main/java/jadx/core/dex/instructions/ArithNode.java
1919	jadx.core.dex.instructions.ArithNode	fixArgType(jadx.core.dex.instructions.ArithOp,jadx.core.dex.instructions.args.ArgType)	0	2	[false, false]	false	private	true	file:///private/tmp/projects/jadx/jadx-core/src/main/java/jadx/core/dex/instructions/ArithNode.java
1920	jadx.core.dex.instructions.ArithNode	ArithNode(jadx.core.dex.instructions.ArithOp,@org.jetbrains.annotations.Nullable jadx.core.dex.instructions.args.RegisterArg,jadx.core.dex.instructions.args.InsnArg,jadx.core.dex.instructions.args.InsnArg)	0	4	[false, true, false, false]	false	public	false	file:///private/tmp/projects/jadx/jadx-core/src/main/java/jadx/core/dex/instructions/ArithNode.java
1921	jadx.core.dex.instructions.ArithNode	oneArgOp(jadx.core.dex.instructions.ArithOp,jadx.core.dex.instructions.args.InsnArg,jadx.core.dex.instructions.args.InsnArg)	0	3	[false, false, false]	false	public	true	file:///private/tmp/projects/jadx/jadx-core/src/main/java/jadx/core/dex/instructions/ArithNode.java
1922	jadx.core.dex.instructions.ArithNode	getOp()	0	0	[]	false	public	true	file:///private/tmp/projects/jadx/jadx-core/src/main/java/jadx/core/dex/instructions/ArithNode.java
1923	jadx.core.dex.instructions.ArithNode	isSame(jadx.core.dex.nodes.InsnNode)	771	1	[false]	false	public	false	file:///private/tmp/projects/jadx/jadx-core/src/main/java/jadx/core/dex/instructions/ArithNode.java
1924	jadx.core.dex.instructions.ArithNode	isSameLiteral(jadx.core.dex.instructions.ArithNode)	0	1	[false]	false	private	false	file:///private/tmp/projects/jadx/jadx-core/src/main/java/jadx/core/dex/instructions/ArithNode.java
1925	jadx.core.dex.instructions.ArithNode	copy()	775	0	[]	false	public	true	file:///private/tmp/projects/jadx/jadx-core/src/main/java/jadx/core/dex/instructions/ArithNode.java
1926	jadx.core.dex.instructions.ArithNode	toString()	786	0	[]	false	public	true	file:///private/tmp/projects/jadx/jadx-core/src/main/java/jadx/core/dex/instructions/ArithNode.java
1927	jadx.core.dex.instructions.ArithOp	ArithOp(java.lang.String)	0	1	[false]	false	private	false	file:///private/tmp/projects/jadx/jadx-core/src/main/java/jadx/core/dex/instructions/ArithOp.java
1928	jadx.core.dex.instructions.ArithOp	getSymbol()	0	0	[]	false	public	true	file:///private/tmp/projects/jadx/jadx-core/src/main/java/jadx/core/dex/instructions/ArithOp.java
1929	jadx.core.dex.instructions.ArithOp	isBitOp()	0	0	[]	false	public	false	file:///private/tmp/projects/jadx/jadx-core/src/main/java/jadx/core/dex/instructions/ArithOp.java
1930	jadx.core.dex.instructions.FillArrayData	FillArrayData(jadx.api.plugins.input.insns.custom.IArrayPayload)	0	1	[false]	false	public	false	file:///private/tmp/projects/jadx/jadx-core/src/main/java/jadx/core/dex/instructions/FillArrayData.java
1931	jadx.core.dex.instructions.FillArrayData	FillArrayData(java.lang.Object,int,int)	0	3	[false, false, false]	false	private	false	file:///private/tmp/projects/jadx/jadx-core/src/main/java/jadx/core/dex/instructions/FillArrayData.java
1932	jadx.core.dex.instructions.FillArrayData	getElementType(int)	0	1	[false]	false	private	true	file:///private/tmp/projects/jadx/jadx-core/src/main/java/jadx/core/dex/instructions/FillArrayData.java
1933	jadx.core.dex.instructions.FillArrayData	getData()	0	0	[]	false	public	true	file:///private/tmp/projects/jadx/jadx-core/src/main/java/jadx/core/dex/instructions/FillArrayData.java
1934	jadx.core.dex.instructions.FillArrayData	getSize()	0	0	[]	false	public	false	file:///private/tmp/projects/jadx/jadx-core/src/main/java/jadx/core/dex/instructions/FillArrayData.java
1935	jadx.core.dex.instructions.FillArrayData	getElementType()	0	0	[]	false	public	true	file:///private/tmp/projects/jadx/jadx-core/src/main/java/jadx/core/dex/instructions/FillArrayData.java
1936	jadx.core.dex.instructions.FillArrayData	getLiteralArgs(jadx.core.dex.instructions.args.ArgType)	0	1	[true]	false	public	true	file:///private/tmp/projects/jadx/jadx-core/src/main/java/jadx/core/dex/instructions/FillArrayData.java
1937	jadx.core.dex.instructions.FillArrayData	isSame(jadx.core.dex.nodes.InsnNode)	771	1	[false]	false	public	false	file:///private/tmp/projects/jadx/jadx-core/src/main/java/jadx/core/dex/instructions/FillArrayData.java
1938	jadx.core.dex.instructions.FillArrayData	copy()	775	0	[]	false	public	true	file:///private/tmp/projects/jadx/jadx-core/src/main/java/jadx/core/dex/instructions/FillArrayData.java
1939	jadx.core.dex.instructions.FillArrayData	dataToString()	0	0	[]	false	public	true	file:///private/tmp/projects/jadx/jadx-core/src/main/java/jadx/core/dex/instructions/FillArrayData.java
1940	jadx.core.dex.instructions.FillArrayData	toString()	786	0	[]	false	public	true	file:///private/tmp/projects/jadx/jadx-core/src/main/java/jadx/core/dex/instructions/FillArrayData.java
1941	jadx.core.xmlgen.ResourceStorage	add(jadx.core.xmlgen.entry.ResourceEntry)	0	1	[false]	false	public	false	file:///private/tmp/projects/jadx/jadx-core/src/main/java/jadx/core/xmlgen/ResourceStorage.java
1942	jadx.core.xmlgen.ResourceStorage	replace(jadx.core.xmlgen.entry.ResourceEntry,jadx.core.xmlgen.entry.ResourceEntry)	0	2	[false, false]	false	public	false	file:///private/tmp/projects/jadx/jadx-core/src/main/java/jadx/core/xmlgen/ResourceStorage.java
1943	jadx.core.xmlgen.ResourceStorage	addRename(jadx.core.xmlgen.entry.ResourceEntry)	0	1	[false]	false	public	false	file:///private/tmp/projects/jadx/jadx-core/src/main/java/jadx/core/xmlgen/ResourceStorage.java
1944	jadx.core.xmlgen.ResourceStorage	addRename(int,java.lang.String)	0	2	[false, false]	false	public	false	file:///private/tmp/projects/jadx/jadx-core/src/main/java/jadx/core/xmlgen/ResourceStorage.java
1945	jadx.core.xmlgen.ResourceStorage	getRename(int)	0	1	[false]	true	public	true	file:///private/tmp/projects/jadx/jadx-core/src/main/java/jadx/core/xmlgen/ResourceStorage.java
1946	jadx.core.xmlgen.ResourceStorage	searchEntryWithSameName(jadx.core.xmlgen.entry.ResourceEntry)	0	1	[false]	true	public	true	file:///private/tmp/projects/jadx/jadx-core/src/main/java/jadx/core/xmlgen/ResourceStorage.java
1947	jadx.core.xmlgen.ResourceStorage	finish()	0	0	[]	false	public	false	file:///private/tmp/projects/jadx/jadx-core/src/main/java/jadx/core/xmlgen/ResourceStorage.java
1948	jadx.core.xmlgen.ResourceStorage	getResources()	0	0	[]	false	public	true	file:///private/tmp/projects/jadx/jadx-core/src/main/java/jadx/core/xmlgen/ResourceStorage.java
1949	jadx.core.xmlgen.ResourceStorage	getAppPackage()	0	0	[]	true	public	true	file:///private/tmp/projects/jadx/jadx-core/src/main/java/jadx/core/xmlgen/ResourceStorage.java
1950	jadx.core.xmlgen.ResourceStorage	setAppPackage(java.lang.String)	0	1	[false]	false	public	false	file:///private/tmp/projects/jadx/jadx-core/src/main/java/jadx/core/xmlgen/ResourceStorage.java
1951	jadx.core.xmlgen.ResourceStorage	getResourcesNames()	0	0	[]	false	public	true	file:///private/tmp/projects/jadx/jadx-core/src/main/java/jadx/core/xmlgen/ResourceStorage.java
1952	jadx.core.xmlgen.entry.ResourceEntry	ResourceEntry(int,java.lang.String,java.lang.String,java.lang.String,java.lang.String)	0	5	[false, false, false, false, false]	false	public	false	file:///private/tmp/projects/jadx/jadx-core/src/main/java/jadx/core/xmlgen/entry/ResourceEntry.java
1953	jadx.core.xmlgen.entry.ResourceEntry	copy(java.lang.String)	0	1	[false]	false	public	true	file:///private/tmp/projects/jadx/jadx-core/src/main/java/jadx/core/xmlgen/entry/ResourceEntry.java
1954	jadx.core.xmlgen.entry.ResourceEntry	copyWithId()	0	0	[]	false	public	true	file:///private/tmp/projects/jadx/jadx-core/src/main/java/jadx/core/xmlgen/entry/ResourceEntry.java
1955	jadx.core.xmlgen.entry.ResourceEntry	getId()	0	0	[]	false	public	false	file:///private/tmp/projects/jadx/jadx-core/src/main/java/jadx/core/xmlgen/entry/ResourceEntry.java
1956	jadx.core.xmlgen.entry.ResourceEntry	getPkgName()	0	0	[]	false	public	true	file:///private/tmp/projects/jadx/jadx-core/src/main/java/jadx/core/xmlgen/entry/ResourceEntry.java
1957	jadx.core.xmlgen.entry.ResourceEntry	getTypeName()	0	0	[]	false	public	true	file:///private/tmp/projects/jadx/jadx-core/src/main/java/jadx/core/xmlgen/entry/ResourceEntry.java
1958	jadx.core.xmlgen.entry.ResourceEntry	getKeyName()	0	0	[]	false	public	true	file:///private/tmp/projects/jadx/jadx-core/src/main/java/jadx/core/xmlgen/entry/ResourceEntry.java
1959	jadx.core.xmlgen.entry.ResourceEntry	getConfig()	0	0	[]	false	public	true	file:///private/tmp/projects/jadx/jadx-core/src/main/java/jadx/core/xmlgen/entry/ResourceEntry.java
1960	jadx.core.xmlgen.entry.ResourceEntry	setParentRef(int)	0	1	[false]	false	public	false	file:///private/tmp/projects/jadx/jadx-core/src/main/java/jadx/core/xmlgen/entry/ResourceEntry.java
1961	jadx.core.xmlgen.entry.ResourceEntry	getParentRef()	0	0	[]	false	public	false	file:///private/tmp/projects/jadx/jadx-core/src/main/java/jadx/core/xmlgen/entry/ResourceEntry.java
1962	jadx.core.xmlgen.entry.ResourceEntry	getProtoValue()	0	0	[]	true	public	true	file:///private/tmp/projects/jadx/jadx-core/src/main/java/jadx/core/xmlgen/entry/ResourceEntry.java
1963	jadx.core.xmlgen.entry.ResourceEntry	setProtoValue(jadx.core.xmlgen.entry.ProtoValue)	0	1	[false]	false	public	false	file:///private/tmp/projects/jadx/jadx-core/src/main/java/jadx/core/xmlgen/entry/ResourceEntry.java
1964	jadx.core.xmlgen.entry.ResourceEntry	getSimpleValue()	0	0	[]	true	public	true	file:///private/tmp/projects/jadx/jadx-core/src/main/java/jadx/core/xmlgen/entry/ResourceEntry.java
1965	jadx.core.xmlgen.entry.ResourceEntry	setSimpleValue(jadx.core.xmlgen.entry.RawValue)	0	1	[false]	false	public	false	file:///private/tmp/projects/jadx/jadx-core/src/main/java/jadx/core/xmlgen/entry/ResourceEntry.java
1966	jadx.core.xmlgen.entry.ResourceEntry	setNamedValues(java.util.List<jadx.core.xmlgen.entry.RawNamedValue>)	0	1	[false]	false	public	false	file:///private/tmp/projects/jadx/jadx-core/src/main/java/jadx/core/xmlgen/entry/ResourceEntry.java
1967	jadx.core.xmlgen.entry.ResourceEntry	getNamedValues()	0	0	[]	false	public	true	file:///private/tmp/projects/jadx/jadx-core/src/main/java/jadx/core/xmlgen/entry/ResourceEntry.java
1968	jadx.core.xmlgen.entry.ResourceEntry	toString()	83	0	[]	false	public	true	file:///private/tmp/projects/jadx/jadx-core/src/main/java/jadx/core/xmlgen/entry/ResourceEntry.java
1969	jadx.core.xmlgen.entry.ProtoValue	ProtoValue(java.lang.String)	0	1	[true]	false	public	false	file:///private/tmp/projects/jadx/jadx-core/src/main/java/jadx/core/xmlgen/entry/ProtoValue.java
1970	jadx.core.xmlgen.entry.ProtoValue	ProtoValue()	0	0	[]	false	public	false	file:///private/tmp/projects/jadx/jadx-core/src/main/java/jadx/core/xmlgen/entry/ProtoValue.java
1971	jadx.core.xmlgen.entry.ProtoValue	getType()	0	0	[]	false	public	false	file:///private/tmp/projects/jadx/jadx-core/src/main/java/jadx/core/xmlgen/entry/ProtoValue.java
1972	jadx.core.xmlgen.entry.ProtoValue	setType(int)	0	1	[false]	false	public	true	file:///private/tmp/projects/jadx/jadx-core/src/main/java/jadx/core/xmlgen/entry/ProtoValue.java
1973	jadx.core.xmlgen.entry.ProtoValue	getValue()	0	0	[]	true	public	true	file:///private/tmp/projects/jadx/jadx-core/src/main/java/jadx/core/xmlgen/entry/ProtoValue.java
1974	jadx.core.xmlgen.entry.ProtoValue	getParent()	0	0	[]	true	public	true	file:///private/tmp/projects/jadx/jadx-core/src/main/java/jadx/core/xmlgen/entry/ProtoValue.java
1975	jadx.core.xmlgen.entry.ProtoValue	setParent(java.lang.String)	0	1	[true]	false	public	true	file:///private/tmp/projects/jadx/jadx-core/src/main/java/jadx/core/xmlgen/entry/ProtoValue.java
1976	jadx.core.xmlgen.entry.ProtoValue	setName(java.lang.String)	0	1	[false]	false	public	true	file:///private/tmp/projects/jadx/jadx-core/src/main/java/jadx/core/xmlgen/entry/ProtoValue.java
1977	jadx.core.xmlgen.entry.ProtoValue	getName()	0	0	[]	true	public	true	file:///private/tmp/projects/jadx/jadx-core/src/main/java/jadx/core/xmlgen/entry/ProtoValue.java
1978	jadx.core.xmlgen.entry.ProtoValue	setNamedValues(java.util.List<jadx.core.xmlgen.entry.ProtoValue>)	0	1	[false]	false	public	true	file:///private/tmp/projects/jadx/jadx-core/src/main/java/jadx/core/xmlgen/entry/ProtoValue.java
1979	jadx.core.xmlgen.entry.ProtoValue	getNamedValues()	0	0	[]	false	public	true	file:///private/tmp/projects/jadx/jadx-core/src/main/java/jadx/core/xmlgen/entry/ProtoValue.java
1980	jadx.core.xmlgen.entry.RawValue	RawValue(int,int)	0	2	[false, false]	false	public	false	file:///private/tmp/projects/jadx/jadx-core/src/main/java/jadx/core/xmlgen/entry/RawValue.java
1981	jadx.core.xmlgen.entry.RawValue	getDataType()	0	0	[]	false	public	false	file:///private/tmp/projects/jadx/jadx-core/src/main/java/jadx/core/xmlgen/entry/RawValue.java
1982	jadx.core.xmlgen.entry.RawValue	getData()	0	0	[]	false	public	false	file:///private/tmp/projects/jadx/jadx-core/src/main/java/jadx/core/xmlgen/entry/RawValue.java
1983	jadx.core.xmlgen.entry.RawValue	toString()	83	0	[]	false	public	true	file:///private/tmp/projects/jadx/jadx-core/src/main/java/jadx/core/xmlgen/entry/RawValue.java
1984	jadx.core.xmlgen.entry.RawNamedValue	RawNamedValue(int,jadx.core.xmlgen.entry.RawValue)	0	2	[false, false]	false	public	false	file:///private/tmp/projects/jadx/jadx-core/src/main/java/jadx/core/xmlgen/entry/RawNamedValue.java
1985	jadx.core.xmlgen.entry.RawNamedValue	getNameRef()	0	0	[]	false	public	false	file:///private/tmp/projects/jadx/jadx-core/src/main/java/jadx/core/xmlgen/entry/RawNamedValue.java
1986	jadx.core.xmlgen.entry.RawNamedValue	getRawValue()	0	0	[]	false	public	true	file:///private/tmp/projects/jadx/jadx-core/src/main/java/jadx/core/xmlgen/entry/RawNamedValue.java
1987	jadx.core.xmlgen.entry.RawNamedValue	toString()	83	0	[]	false	public	true	file:///private/tmp/projects/jadx/jadx-core/src/main/java/jadx/core/xmlgen/entry/RawNamedValue.java
1988	jadx.api.metadata.ICodeMetadata	getAt(int)	0	1	[false]	true	public	true	file:///private/tmp/projects/jadx/jadx-core/src/main/java/jadx/api/metadata/ICodeMetadata.java
1989	jadx.api.metadata.ICodeMetadata	getClosestUp(int)	0	1	[false]	true	public	true	file:///private/tmp/projects/jadx/jadx-core/src/main/java/jadx/api/metadata/ICodeMetadata.java
1990	jadx.api.metadata.ICodeMetadata	searchUp(int,jadx.api.metadata.ICodeAnnotation.AnnType)	0	2	[false, false]	true	public	true	file:///private/tmp/projects/jadx/jadx-core/src/main/java/jadx/api/metadata/ICodeMetadata.java
1991	jadx.api.metadata.ICodeMetadata	searchUp(int,int,jadx.api.metadata.ICodeAnnotation.AnnType)	0	3	[false, false, false]	true	public	true	file:///private/tmp/projects/jadx/jadx-core/src/main/java/jadx/api/metadata/ICodeMetadata.java
1992	jadx.api.metadata.ICodeMetadata	<T>searchUp(int,java.util.function.BiFunction<java.lang.Integer,jadx.api.metadata.ICodeAnnotation,T>)	0	2	[false, false]	true	public	true	file:///private/tmp/projects/jadx/jadx-core/src/main/java/jadx/api/metadata/ICodeMetadata.java
1993	jadx.api.metadata.ICodeMetadata	<T>searchDown(int,java.util.function.BiFunction<java.lang.Integer,jadx.api.metadata.ICodeAnnotation,T>)	0	2	[false, false]	true	public	true	file:///private/tmp/projects/jadx/jadx-core/src/main/java/jadx/api/metadata/ICodeMetadata.java
1994	jadx.api.metadata.ICodeMetadata	getNodeAt(int)	0	1	[false]	true	public	true	file:///private/tmp/projects/jadx/jadx-core/src/main/java/jadx/api/metadata/ICodeMetadata.java
1995	jadx.api.metadata.ICodeMetadata	getNodeBelow(int)	0	1	[false]	true	public	true	file:///private/tmp/projects/jadx/jadx-core/src/main/java/jadx/api/metadata/ICodeMetadata.java
1996	jadx.api.metadata.ICodeMetadata	getAsMap()	0	0	[]	false	public	true	file:///private/tmp/projects/jadx/jadx-core/src/main/java/jadx/api/metadata/ICodeMetadata.java
1997	jadx.api.metadata.ICodeMetadata	getLineMapping()	0	0	[]	false	public	true	file:///private/tmp/projects/jadx/jadx-core/src/main/java/jadx/api/metadata/ICodeMetadata.java
1998	jadx.core.utils.exceptions.DecodeException	DecodeException(java.lang.String)	0	1	[false]	false	public	false	file:///private/tmp/projects/jadx/jadx-core/src/main/java/jadx/core/utils/exceptions/DecodeException.java
1999	jadx.core.utils.exceptions.DecodeException	DecodeException(java.lang.String,java.lang.Throwable)	0	2	[false, false]	false	public	false	file:///private/tmp/projects/jadx/jadx-core/src/main/java/jadx/core/utils/exceptions/DecodeException.java
2000	jadx.core.utils.exceptions.DecodeException	DecodeException(jadx.core.dex.nodes.MethodNode,java.lang.String)	0	2	[false, false]	false	public	false	file:///private/tmp/projects/jadx/jadx-core/src/main/java/jadx/core/utils/exceptions/DecodeException.java
2001	jadx.core.utils.exceptions.DecodeException	DecodeException(jadx.core.dex.nodes.MethodNode,java.lang.String,java.lang.Throwable)	0	3	[false, false, false]	false	public	false	file:///private/tmp/projects/jadx/jadx-core/src/main/java/jadx/core/utils/exceptions/DecodeException.java
2002	jadx.core.dex.instructions.args.PrimitiveType	PrimitiveType(java.lang.String,java.lang.String)	0	2	[false, false]	false	private	false	file:///private/tmp/projects/jadx/jadx-core/src/main/java/jadx/core/dex/instructions/args/PrimitiveType.java
2003	jadx.core.dex.instructions.args.PrimitiveType	getShortName()	0	0	[]	false	public	true	file:///private/tmp/projects/jadx/jadx-core/src/main/java/jadx/core/dex/instructions/args/PrimitiveType.java
2004	jadx.core.dex.instructions.args.PrimitiveType	getLongName()	0	0	[]	false	public	true	file:///private/tmp/projects/jadx/jadx-core/src/main/java/jadx/core/dex/instructions/args/PrimitiveType.java
2005	jadx.core.dex.instructions.args.PrimitiveType	toString()	2006	0	[]	false	public	true	file:///private/tmp/projects/jadx/jadx-core/src/main/java/jadx/core/dex/instructions/args/PrimitiveType.java
2007	jadx.core.dex.instructions.args.PrimitiveType	isObjectOrArray()	0	0	[]	false	public	false	file:///private/tmp/projects/jadx/jadx-core/src/main/java/jadx/core/dex/instructions/args/PrimitiveType.java
2008	jadx.core.dex.info.ClassAliasInfo	ClassAliasInfo(@org.jetbrains.annotations.Nullable java.lang.String,java.lang.String)	0	2	[true, false]	false	package	false	file:///private/tmp/projects/jadx/jadx-core/src/main/java/jadx/core/dex/info/ClassAliasInfo.java
2009	jadx.core.dex.info.ClassAliasInfo	getPkg()	0	0	[]	true	public	true	file:///private/tmp/projects/jadx/jadx-core/src/main/java/jadx/core/dex/info/ClassAliasInfo.java
2010	jadx.core.dex.info.ClassAliasInfo	getShortName()	0	0	[]	false	public	true	file:///private/tmp/projects/jadx/jadx-core/src/main/java/jadx/core/dex/info/ClassAliasInfo.java
2011	jadx.core.dex.info.ClassAliasInfo	getFullName()	0	0	[]	true	public	true	file:///private/tmp/projects/jadx/jadx-core/src/main/java/jadx/core/dex/info/ClassAliasInfo.java
2012	jadx.core.dex.info.ClassAliasInfo	setFullName(@org.jetbrains.annotations.Nullable java.lang.String)	0	1	[true]	false	public	false	file:///private/tmp/projects/jadx/jadx-core/src/main/java/jadx/core/dex/info/ClassAliasInfo.java
2013	jadx.core.dex.info.ClassAliasInfo	toString()	83	0	[]	false	public	true	file:///private/tmp/projects/jadx/jadx-core/src/main/java/jadx/core/dex/info/ClassAliasInfo.java
2014	jadx.core.dex.visitors.IDexTreeVisitor	init(jadx.core.dex.nodes.RootNode)	0	1	[false]	false	public	false	file:///private/tmp/projects/jadx/jadx-core/src/main/java/jadx/core/dex/visitors/IDexTreeVisitor.java
2015	jadx.core.dex.visitors.IDexTreeVisitor	visit(jadx.core.dex.nodes.ClassNode)	0	1	[false]	false	public	false	file:///private/tmp/projects/jadx/jadx-core/src/main/java/jadx/core/dex/visitors/IDexTreeVisitor.java
2016	jadx.core.dex.visitors.IDexTreeVisitor	visit(jadx.core.dex.nodes.MethodNode)	0	1	[false]	false	public	false	file:///private/tmp/projects/jadx/jadx-core/src/main/java/jadx/core/dex/visitors/IDexTreeVisitor.java
2017	jadx.core.dex.nodes.ICodeDataUpdateListener	updated(jadx.api.data.ICodeData)	0	1	[false]	false	public	false	file:///private/tmp/projects/jadx/jadx-core/src/main/java/jadx/core/dex/nodes/ICodeDataUpdateListener.java
2018	jadx.core.ProcessClass	ProcessClass(jadx.api.JadxArgs)	0	1	[false]	false	public	false	file:///private/tmp/projects/jadx/jadx-core/src/main/java/jadx/core/ProcessClass.java
2019	jadx.core.ProcessClass	process(jadx.core.dex.nodes.ClassNode,boolean)	0	2	[false, false]	true	private	true	file:///private/tmp/projects/jadx/jadx-core/src/main/java/jadx/core/ProcessClass.java
2020	jadx.core.ProcessClass	generateCode(jadx.core.dex.nodes.ClassNode)	0	1	[false]	false	public	true	file:///private/tmp/projects/jadx/jadx-core/src/main/java/jadx/core/ProcessClass.java
2021	jadx.core.ProcessClass	initPasses(jadx.core.dex.nodes.RootNode)	0	1	[false]	false	public	false	file:///private/tmp/projects/jadx/jadx-core/src/main/java/jadx/core/ProcessClass.java
2022	jadx.core.ProcessClass	getPasses()	0	0	[]	false	public	true	file:///private/tmp/projects/jadx/jadx-core/src/main/java/jadx/core/ProcessClass.java
2023	jadx.core.utils.ErrorsCounter	<N>error(N,java.lang.String,java.lang.Throwable)	0	3	[false, false, false]	false	public	true	file:///private/tmp/projects/jadx/jadx-core/src/main/java/jadx/core/utils/ErrorsCounter.java
2024	jadx.core.utils.ErrorsCounter	<N>warning(N,java.lang.String)	0	2	[false, false]	false	public	false	file:///private/tmp/projects/jadx/jadx-core/src/main/java/jadx/core/utils/ErrorsCounter.java
2025	jadx.core.utils.ErrorsCounter	formatMsg(jadx.core.dex.nodes.IDexNode,java.lang.String)	0	2	[false, false]	false	public	true	file:///private/tmp/projects/jadx/jadx-core/src/main/java/jadx/core/utils/ErrorsCounter.java
2026	jadx.core.utils.ErrorsCounter	<N>addError(N,java.lang.String,@org.jetbrains.annotations.Nullable java.lang.Throwable)	0	3	[false, false, true]	false	private	true	file:///private/tmp/projects/jadx/jadx-core/src/main/java/jadx/core/utils/ErrorsCounter.java
2027	jadx.core.utils.ErrorsCounter	<N>addWarning(N,java.lang.String)	0	2	[false, false]	false	private	false	file:///private/tmp/projects/jadx/jadx-core/src/main/java/jadx/core/utils/ErrorsCounter.java
2028	jadx.core.utils.ErrorsCounter	printReport()	0	0	[]	false	public	false	file:///private/tmp/projects/jadx/jadx-core/src/main/java/jadx/core/utils/ErrorsCounter.java
2029	jadx.core.utils.ErrorsCounter	getErrorCount()	0	0	[]	false	public	false	file:///private/tmp/projects/jadx/jadx-core/src/main/java/jadx/core/utils/ErrorsCounter.java
2030	jadx.core.utils.ErrorsCounter	getWarnsCount()	0	0	[]	false	public	false	file:///private/tmp/projects/jadx/jadx-core/src/main/java/jadx/core/utils/ErrorsCounter.java
2031	jadx.core.utils.ErrorsCounter	getErrorNodes()	0	0	[]	false	public	true	file:///private/tmp/projects/jadx/jadx-core/src/main/java/jadx/core/utils/ErrorsCounter.java
2032	jadx.core.utils.ErrorsCounter	getWarnNodes()	0	0	[]	false	public	true	file:///private/tmp/projects/jadx/jadx-core/src/main/java/jadx/core/utils/ErrorsCounter.java
2033	jadx.core.dex.info.ConstStorage$ValueStorage	getValues()	0	0	[]	false	public	true	file:///private/tmp/projects/jadx/jadx-core/src/main/java/jadx/core/dex/info/ConstStorage.java
2034	jadx.core.dex.info.ConstStorage$ValueStorage	get(java.lang.Object)	0	1	[false]	true	public	true	file:///private/tmp/projects/jadx/jadx-core/src/main/java/jadx/core/dex/info/ConstStorage.java
2035	jadx.core.dex.info.ConstStorage$ValueStorage	put(java.lang.Object,jadx.core.dex.nodes.FieldNode)	0	2	[false, false]	false	public	false	file:///private/tmp/projects/jadx/jadx-core/src/main/java/jadx/core/dex/info/ConstStorage.java
2036	jadx.core.dex.info.ConstStorage$ValueStorage	contains(java.lang.Object)	0	1	[false]	false	public	false	file:///private/tmp/projects/jadx/jadx-core/src/main/java/jadx/core/dex/info/ConstStorage.java
2037	jadx.core.dex.info.ConstStorage$ValueStorage	removeForCls(jadx.core.dex.nodes.ClassNode)	0	1	[false]	false	package	false	file:///private/tmp/projects/jadx/jadx-core/src/main/java/jadx/core/dex/info/ConstStorage.java
2038	jadx.core.dex.info.ConstStorage	ConstStorage(jadx.api.JadxArgs)	0	1	[false]	false	public	false	file:///private/tmp/projects/jadx/jadx-core/src/main/java/jadx/core/dex/info/ConstStorage.java
2039	jadx.core.dex.info.ConstStorage	processConstFields(jadx.core.dex.nodes.ClassNode,java.util.List<jadx.core.dex.nodes.FieldNode>)	0	2	[false, false]	false	public	false	file:///private/tmp/projects/jadx/jadx-core/src/main/java/jadx/core/dex/info/ConstStorage.java
2040	jadx.core.dex.info.ConstStorage	removeForClass(jadx.core.dex.nodes.ClassNode)	0	1	[false]	false	public	false	file:///private/tmp/projects/jadx/jadx-core/src/main/java/jadx/core/dex/info/ConstStorage.java
2041	jadx.core.dex.info.ConstStorage	addConstField(jadx.core.dex.nodes.ClassNode,jadx.core.dex.nodes.FieldNode,java.lang.Object,boolean)	0	4	[false, false, false, false]	false	private	false	file:///private/tmp/projects/jadx/jadx-core/src/main/java/jadx/core/dex/info/ConstStorage.java
2042	jadx.core.dex.info.ConstStorage	getClsValues(jadx.core.dex.nodes.ClassNode)	0	1	[false]	false	private	true	file:///private/tmp/projects/jadx/jadx-core/src/main/java/jadx/core/dex/info/ConstStorage.java
2043	jadx.core.dex.info.ConstStorage	getConstField(jadx.core.dex.nodes.ClassNode,java.lang.Object,boolean)	0	3	[false, false, false]	true	public	true	file:///private/tmp/projects/jadx/jadx-core/src/main/java/jadx/core/dex/info/ConstStorage.java
2044	jadx.core.dex.info.ConstStorage	getResourceField(java.lang.Integer,jadx.core.dex.nodes.RootNode)	0	2	[false, false]	true	private	true	file:///private/tmp/projects/jadx/jadx-core/src/main/java/jadx/core/dex/info/ConstStorage.java
2045	jadx.core.dex.info.ConstStorage	getConstFieldByLiteralArg(jadx.core.dex.nodes.ClassNode,jadx.core.dex.instructions.args.LiteralArg)	0	2	[false, false]	true	public	true	file:///private/tmp/projects/jadx/jadx-core/src/main/java/jadx/core/dex/info/ConstStorage.java
2046	jadx.core.dex.info.ConstStorage	setResourcesNames(java.util.Map<java.lang.Integer,java.lang.String>)	0	1	[false]	false	public	false	file:///private/tmp/projects/jadx/jadx-core/src/main/java/jadx/core/dex/info/ConstStorage.java
2047	jadx.core.dex.info.ConstStorage	getResourcesNames()	0	0	[]	false	public	true	file:///private/tmp/projects/jadx/jadx-core/src/main/java/jadx/core/dex/info/ConstStorage.java
2048	jadx.core.dex.info.ConstStorage	getGlobalConstFields()	0	0	[]	false	public	true	file:///private/tmp/projects/jadx/jadx-core/src/main/java/jadx/core/dex/info/ConstStorage.java
2049	jadx.core.dex.info.ConstStorage	isReplaceEnabled()	0	0	[]	false	public	false	file:///private/tmp/projects/jadx/jadx-core/src/main/java/jadx/core/dex/info/ConstStorage.java
2050	jadx.core.dex.info.InfoStorage	getCls(jadx.core.dex.instructions.args.ArgType)	0	1	[false]	true	public	true	file:///private/tmp/projects/jadx/jadx-core/src/main/java/jadx/core/dex/info/InfoStorage.java
2051	jadx.core.dex.info.InfoStorage	putCls(jadx.core.dex.info.ClassInfo)	0	1	[false]	false	public	true	file:///private/tmp/projects/jadx/jadx-core/src/main/java/jadx/core/dex/info/InfoStorage.java
2052	jadx.core.dex.info.InfoStorage	getByUniqId(int)	0	1	[false]	true	public	true	file:///private/tmp/projects/jadx/jadx-core/src/main/java/jadx/core/dex/info/InfoStorage.java
2053	jadx.core.dex.info.InfoStorage	putByUniqId(int,jadx.core.dex.info.MethodInfo)	0	2	[false, false]	false	public	false	file:///private/tmp/projects/jadx/jadx-core/src/main/java/jadx/core/dex/info/InfoStorage.java
2054	jadx.core.dex.info.InfoStorage	putMethod(jadx.core.dex.info.MethodInfo)	0	1	[false]	false	public	true	file:///private/tmp/projects/jadx/jadx-core/src/main/java/jadx/core/dex/info/InfoStorage.java
2055	jadx.core.dex.info.InfoStorage	getField(jadx.core.dex.info.FieldInfo)	0	1	[false]	false	public	true	file:///private/tmp/projects/jadx/jadx-core/src/main/java/jadx/core/dex/info/InfoStorage.java
2056	jadx.core.utils.CacheStorage	getRootPkgs()	0	0	[]	false	public	true	file:///private/tmp/projects/jadx/jadx-core/src/main/java/jadx/core/utils/CacheStorage.java
2057	jadx.core.utils.CacheStorage	setRootPkgs(java.util.Set<java.lang.String>)	0	1	[false]	false	public	false	file:///private/tmp/projects/jadx/jadx-core/src/main/java/jadx/core/utils/CacheStorage.java
2058	jadx.core.dex.visitors.typeinference.TypeUpdate	TypeUpdate(jadx.core.dex.nodes.RootNode)	0	1	[false]	false	public	false	file:///private/tmp/projects/jadx/jadx-core/src/main/java/jadx/core/dex/visitors/typeinference/TypeUpdate.java
2059	jadx.core.dex.visitors.typeinference.TypeUpdate	apply(jadx.core.dex.nodes.MethodNode,jadx.core.dex.instructions.args.SSAVar,jadx.core.dex.instructions.args.ArgType)	0	3	[false, false, false]	false	public	true	file:///private/tmp/projects/jadx/jadx-core/src/main/java/jadx/core/dex/visitors/typeinference/TypeUpdate.java
2060	jadx.core.dex.visitors.typeinference.TypeUpdate	applyWithWiderAllow(jadx.core.dex.nodes.MethodNode,jadx.core.dex.instructions.args.SSAVar,jadx.core.dex.instructions.args.ArgType)	0	3	[false, false, false]	false	public	true	file:///private/tmp/projects/jadx/jadx-core/src/main/java/jadx/core/dex/visitors/typeinference/TypeUpdate.java
2061	jadx.core.dex.visitors.typeinference.TypeUpdate	applyWithWiderIgnSame(jadx.core.dex.nodes.MethodNode,jadx.core.dex.instructions.args.SSAVar,jadx.core.dex.instructions.args.ArgType)	0	3	[false, false, false]	false	public	true	file:///private/tmp/projects/jadx/jadx-core/src/main/java/jadx/core/dex/visitors/typeinference/TypeUpdate.java
2062	jadx.core.dex.visitors.typeinference.TypeUpdate	applyWithWiderIgnoreUnknown(jadx.core.dex.nodes.MethodNode,jadx.core.dex.instructions.args.SSAVar,jadx.core.dex.instructions.args.ArgType)	0	3	[false, false, false]	false	public	true	file:///private/tmp/projects/jadx/jadx-core/src/main/java/jadx/core/dex/visitors/typeinference/TypeUpdate.java
2063	jadx.core.dex.visitors.typeinference.TypeUpdate	apply(jadx.core.dex.nodes.MethodNode,jadx.core.dex.instructions.args.SSAVar,jadx.core.dex.instructions.args.ArgType,jadx.core.dex.visitors.typeinference.TypeUpdateFlags)	0	4	[false, false, false, false]	false	private	true	file:///private/tmp/projects/jadx/jadx-core/src/main/java/jadx/core/dex/visitors/typeinference/TypeUpdate.java
2064	jadx.core.dex.visitors.typeinference.TypeUpdate	updateTypeChecked(jadx.core.dex.visitors.typeinference.TypeUpdateInfo,jadx.core.dex.instructions.args.InsnArg,jadx.core.dex.instructions.args.ArgType)	0	3	[false, false, false]	false	private	true	file:///private/tmp/projects/jadx/jadx-core/src/main/java/jadx/core/dex/visitors/typeinference/TypeUpdate.java
2065	jadx.core.dex.visitors.typeinference.TypeUpdate	updateTypeForSsaVar(jadx.core.dex.visitors.typeinference.TypeUpdateInfo,jadx.core.dex.instructions.args.SSAVar,jadx.core.dex.instructions.args.ArgType)	0	3	[false, false, false]	false	private	true	file:///private/tmp/projects/jadx/jadx-core/src/main/java/jadx/core/dex/visitors/typeinference/TypeUpdate.java
2066	jadx.core.dex.visitors.typeinference.TypeUpdate	requestUpdateForSsaVar(jadx.core.dex.visitors.typeinference.TypeUpdateInfo,jadx.core.dex.instructions.args.SSAVar,jadx.core.dex.instructions.args.ArgType)	0	3	[false, false, false]	false	private	true	file:///private/tmp/projects/jadx/jadx-core/src/main/java/jadx/core/dex/visitors/typeinference/TypeUpdate.java
2067	jadx.core.dex.visitors.typeinference.TypeUpdate	requestUpdate(jadx.core.dex.visitors.typeinference.TypeUpdateInfo,jadx.core.dex.instructions.args.InsnArg,jadx.core.dex.instructions.args.ArgType)	0	3	[false, false, false]	false	private	true	file:///private/tmp/projects/jadx/jadx-core/src/main/java/jadx/core/dex/visitors/typeinference/TypeUpdate.java
2068	jadx.core.dex.visitors.typeinference.TypeUpdate	runListeners(jadx.core.dex.visitors.typeinference.TypeUpdateInfo,jadx.core.dex.instructions.args.InsnArg,jadx.core.dex.instructions.args.ArgType)	0	3	[false, false, false]	false	private	true	file:///private/tmp/projects/jadx/jadx-core/src/main/java/jadx/core/dex/visitors/typeinference/TypeUpdate.java
2069	jadx.core.dex.visitors.typeinference.TypeUpdate	inBounds(java.util.Set<jadx.core.dex.visitors.typeinference.ITypeBound>,jadx.core.dex.instructions.args.ArgType)	0	2	[false, false]	false	package	false	file:///private/tmp/projects/jadx/jadx-core/src/main/java/jadx/core/dex/visitors/typeinference/TypeUpdate.java
2070	jadx.core.dex.visitors.typeinference.TypeUpdate	inBounds(jadx.core.dex.visitors.typeinference.TypeUpdateInfo,jadx.core.dex.instructions.args.SSAVar,java.util.Set<jadx.core.dex.visitors.typeinference.ITypeBound>,jadx.core.dex.instructions.args.ArgType)	0	4	[false, false, false, false]	false	private	false	file:///private/tmp/projects/jadx/jadx-core/src/main/java/jadx/core/dex/visitors/typeinference/TypeUpdate.java
2071	jadx.core.dex.visitors.typeinference.TypeUpdate	checkBound(jadx.core.dex.instructions.args.ArgType,jadx.core.dex.visitors.typeinference.ITypeBound,jadx.core.dex.instructions.args.ArgType)	0	3	[false, false, false]	false	private	false	file:///private/tmp/projects/jadx/jadx-core/src/main/java/jadx/core/dex/visitors/typeinference/TypeUpdate.java
2072	jadx.core.dex.visitors.typeinference.TypeUpdate	checkAssignForUnknown(jadx.core.dex.instructions.args.ArgType,jadx.core.dex.instructions.args.ArgType)	0	2	[false, false]	false	private	false	file:///private/tmp/projects/jadx/jadx-core/src/main/java/jadx/core/dex/visitors/typeinference/TypeUpdate.java
2073	jadx.core.dex.visitors.typeinference.TypeUpdate	initListenerRegistry()	0	0	[]	false	private	true	file:///private/tmp/projects/jadx/jadx-core/src/main/java/jadx/core/dex/visitors/typeinference/TypeUpdate.java
2074	jadx.core.dex.visitors.typeinference.TypeUpdate	invokeListener(jadx.core.dex.visitors.typeinference.TypeUpdateInfo,jadx.core.dex.nodes.InsnNode,jadx.core.dex.instructions.args.InsnArg,jadx.core.dex.instructions.args.ArgType)	0	4	[false, false, false, false]	false	private	true	file:///private/tmp/projects/jadx/jadx-core/src/main/java/jadx/core/dex/visitors/typeinference/TypeUpdate.java
2075	jadx.core.dex.visitors.typeinference.TypeUpdate	applyInvokeTypes(jadx.core.dex.visitors.typeinference.TypeUpdateInfo,jadx.core.dex.instructions.BaseInvokeNode,int,java.util.Set<jadx.core.dex.instructions.args.ArgType>,java.util.function.Supplier<jadx.core.dex.instructions.args.ArgType>,java.util.function.Function<java.lang.Integer,jadx.core.dex.instructions.args.ArgType>)	0	6	[false, false, false, false, false, false]	false	private	true	file:///private/tmp/projects/jadx/jadx-core/src/main/java/jadx/core/dex/visitors/typeinference/TypeUpdate.java
2076	jadx.core.dex.visitors.typeinference.TypeUpdate	checkType(java.util.Set<jadx.core.dex.instructions.args.ArgType>,@org.jetbrains.annotations.Nullable jadx.core.dex.instructions.args.ArgType)	0	2	[false, true]	true	private	true	file:///private/tmp/projects/jadx/jadx-core/src/main/java/jadx/core/dex/visitors/typeinference/TypeUpdate.java
2077	jadx.core.dex.visitors.typeinference.TypeUpdate	sameFirstArgListener(jadx.core.dex.visitors.typeinference.TypeUpdateInfo,jadx.core.dex.nodes.InsnNode,jadx.core.dex.instructions.args.InsnArg,jadx.core.dex.instructions.args.ArgType)	0	4	[false, false, false, false]	false	private	true	file:///private/tmp/projects/jadx/jadx-core/src/main/java/jadx/core/dex/visitors/typeinference/TypeUpdate.java
2078	jadx.core.dex.visitors.typeinference.TypeUpdate	moveListener(jadx.core.dex.visitors.typeinference.TypeUpdateInfo,jadx.core.dex.nodes.InsnNode,jadx.core.dex.instructions.args.InsnArg,jadx.core.dex.instructions.args.ArgType)	0	4	[false, false, false, false]	false	private	true	file:///private/tmp/projects/jadx/jadx-core/src/main/java/jadx/core/dex/visitors/typeinference/TypeUpdate.java
2079	jadx.core.dex.visitors.typeinference.TypeUpdate	allSameListener(jadx.core.dex.visitors.typeinference.TypeUpdateInfo,jadx.core.dex.nodes.InsnNode,jadx.core.dex.instructions.args.InsnArg,jadx.core.dex.instructions.args.ArgType)	0	4	[false, false, false, false]	false	private	true	file:///private/tmp/projects/jadx/jadx-core/src/main/java/jadx/core/dex/visitors/typeinference/TypeUpdate.java
2080	jadx.core.dex.visitors.typeinference.TypeUpdate	arithListener(jadx.core.dex.visitors.typeinference.TypeUpdateInfo,jadx.core.dex.nodes.InsnNode,jadx.core.dex.instructions.args.InsnArg,jadx.core.dex.instructions.args.ArgType)	0	4	[false, false, false, false]	false	private	true	file:///private/tmp/projects/jadx/jadx-core/src/main/java/jadx/core/dex/visitors/typeinference/TypeUpdate.java
2081	jadx.core.dex.visitors.typeinference.TypeUpdate	suggestAllSameListener(jadx.core.dex.visitors.typeinference.TypeUpdateInfo,jadx.core.dex.nodes.InsnNode,jadx.core.dex.instructions.args.InsnArg,jadx.core.dex.instructions.args.ArgType)	0	4	[false, false, false, false]	false	private	true	file:///private/tmp/projects/jadx/jadx-core/src/main/java/jadx/core/dex/visitors/typeinference/TypeUpdate.java
2082	jadx.core.dex.visitors.typeinference.TypeUpdate	checkCastListener(jadx.core.dex.visitors.typeinference.TypeUpdateInfo,jadx.core.dex.nodes.InsnNode,jadx.core.dex.instructions.args.InsnArg,jadx.core.dex.instructions.args.ArgType)	0	4	[false, false, false, false]	false	private	true	file:///private/tmp/projects/jadx/jadx-core/src/main/java/jadx/core/dex/visitors/typeinference/TypeUpdate.java
2083	jadx.core.dex.visitors.typeinference.TypeUpdate	arrayGetListener(jadx.core.dex.visitors.typeinference.TypeUpdateInfo,jadx.core.dex.nodes.InsnNode,jadx.core.dex.instructions.args.InsnArg,jadx.core.dex.instructions.args.ArgType)	0	4	[false, false, false, false]	false	private	true	file:///private/tmp/projects/jadx/jadx-core/src/main/java/jadx/core/dex/visitors/typeinference/TypeUpdate.java
2084	jadx.core.dex.visitors.typeinference.TypeUpdate	arrayPutListener(jadx.core.dex.visitors.typeinference.TypeUpdateInfo,jadx.core.dex.nodes.InsnNode,jadx.core.dex.instructions.args.InsnArg,jadx.core.dex.instructions.args.ArgType)	0	4	[false, false, false, false]	false	private	true	file:///private/tmp/projects/jadx/jadx-core/src/main/java/jadx/core/dex/visitors/typeinference/TypeUpdate.java
2085	jadx.core.dex.visitors.typeinference.TypeUpdate	ifListener(jadx.core.dex.visitors.typeinference.TypeUpdateInfo,jadx.core.dex.nodes.InsnNode,jadx.core.dex.instructions.args.InsnArg,jadx.core.dex.instructions.args.ArgType)	0	4	[false, false, false, false]	false	private	true	file:///private/tmp/projects/jadx/jadx-core/src/main/java/jadx/core/dex/visitors/typeinference/TypeUpdate.java
2086	jadx.core.dex.visitors.typeinference.TypeUpdate	isAssign(jadx.core.dex.nodes.InsnNode,jadx.core.dex.instructions.args.InsnArg)	0	2	[false, false]	false	private	false	file:///private/tmp/projects/jadx/jadx-core/src/main/java/jadx/core/dex/visitors/typeinference/TypeUpdate.java
2087	jadx.core.dex.visitors.typeinference.TypeUpdate	getTypeCompare()	0	0	[]	false	public	true	file:///private/tmp/projects/jadx/jadx-core/src/main/java/jadx/core/dex/visitors/typeinference/TypeUpdate.java
2088	jadx.core.dex.nodes.utils.MethodUtils	MethodUtils(jadx.core.dex.nodes.RootNode)	0	1	[false]	false	public	false	file:///private/tmp/projects/jadx/jadx-core/src/main/java/jadx/core/dex/nodes/utils/MethodUtils.java
2089	jadx.core.dex.nodes.utils.MethodUtils	getMethodDetails(jadx.core.dex.instructions.BaseInvokeNode)	0	1	[false]	true	public	true	file:///private/tmp/projects/jadx/jadx-core/src/main/java/jadx/core/dex/nodes/utils/MethodUtils.java
2090	jadx.core.dex.nodes.utils.MethodUtils	getMethodDetails(jadx.core.dex.info.MethodInfo)	0	1	[false]	true	public	true	file:///private/tmp/projects/jadx/jadx-core/src/main/java/jadx/core/dex/nodes/utils/MethodUtils.java
2091	jadx.core.dex.nodes.utils.MethodUtils	resolveMethod(jadx.core.dex.instructions.BaseInvokeNode)	0	1	[false]	true	public	true	file:///private/tmp/projects/jadx/jadx-core/src/main/java/jadx/core/dex/nodes/utils/MethodUtils.java
2092	jadx.core.dex.nodes.utils.MethodUtils	isMethodArgsOverloaded(jadx.core.dex.instructions.args.ArgType,jadx.core.dex.info.MethodInfo)	0	2	[false, false]	false	public	false	file:///private/tmp/projects/jadx/jadx-core/src/main/java/jadx/core/dex/nodes/utils/MethodUtils.java
2093	jadx.core.dex.nodes.utils.MethodUtils	collectOverloadedMethods(@org.jetbrains.annotations.Nullable jadx.core.dex.instructions.args.ArgType,jadx.core.dex.info.MethodInfo)	0	2	[true, false]	false	public	true	file:///private/tmp/projects/jadx/jadx-core/src/main/java/jadx/core/dex/nodes/utils/MethodUtils.java
2094	jadx.core.dex.nodes.utils.MethodUtils	getMethodGenericReturnType(jadx.core.dex.instructions.BaseInvokeNode)	0	1	[false]	true	public	true	file:///private/tmp/projects/jadx/jadx-core/src/main/java/jadx/core/dex/nodes/utils/MethodUtils.java
2095	jadx.core.dex.nodes.utils.MethodUtils	processMethodArgsOverloaded(@org.jetbrains.annotations.Nullable jadx.core.dex.instructions.args.ArgType,jadx.core.dex.info.MethodInfo,@org.jetbrains.annotations.Nullable java.util.List<jadx.core.dex.nodes.IMethodDetails>)	0	3	[true, false, true]	false	private	false	file:///private/tmp/projects/jadx/jadx-core/src/main/java/jadx/core/dex/nodes/utils/MethodUtils.java
2096	jadx.core.dex.nodes.utils.MethodUtils	getOverrideBaseMth(jadx.core.dex.nodes.MethodNode)	0	1	[false]	true	public	true	file:///private/tmp/projects/jadx/jadx-core/src/main/java/jadx/core/dex/nodes/utils/MethodUtils.java
2097	jadx.core.dex.nodes.utils.MethodUtils	getMethodOriginDeclClass(jadx.core.dex.nodes.MethodNode)	0	1	[false]	false	public	true	file:///private/tmp/projects/jadx/jadx-core/src/main/java/jadx/core/dex/nodes/utils/MethodUtils.java
2098	jadx.core.dex.nodes.utils.TypeUtils	TypeUtils(jadx.core.dex.nodes.RootNode)	0	1	[false]	false	public	false	file:///private/tmp/projects/jadx/jadx-core/src/main/java/jadx/core/dex/nodes/utils/TypeUtils.java
2099	jadx.core.dex.nodes.utils.TypeUtils	getClassGenerics(jadx.core.dex.instructions.args.ArgType)	0	1	[false]	false	public	true	file:///private/tmp/projects/jadx/jadx-core/src/main/java/jadx/core/dex/nodes/utils/TypeUtils.java
2100	jadx.core.dex.nodes.utils.TypeUtils	getClassTypeVars(jadx.core.dex.instructions.args.ArgType)	0	1	[false]	true	public	true	file:///private/tmp/projects/jadx/jadx-core/src/main/java/jadx/core/dex/nodes/utils/TypeUtils.java
2101	jadx.core.dex.nodes.utils.TypeUtils	expandTypeVariables(jadx.core.dex.nodes.ClassNode,jadx.core.dex.instructions.args.ArgType)	0	2	[false, false]	false	public	true	file:///private/tmp/projects/jadx/jadx-core/src/main/java/jadx/core/dex/nodes/utils/TypeUtils.java
2102	jadx.core.dex.nodes.utils.TypeUtils	expandTypeVariables(jadx.core.dex.nodes.MethodNode,jadx.core.dex.instructions.args.ArgType)	0	2	[false, false]	false	public	true	file:///private/tmp/projects/jadx/jadx-core/src/main/java/jadx/core/dex/nodes/utils/TypeUtils.java
2103	jadx.core.dex.nodes.utils.TypeUtils	expandTypeVar(jadx.core.dex.attributes.nodes.NotificationAttrNode,jadx.core.dex.instructions.args.ArgType,java.util.Collection<jadx.core.dex.instructions.args.ArgType>)	0	3	[false, false, false]	false	private	false	file:///private/tmp/projects/jadx/jadx-core/src/main/java/jadx/core/dex/nodes/utils/TypeUtils.java
2104	jadx.core.dex.nodes.utils.TypeUtils	getKnownTypeVarsAtMethod(jadx.core.dex.nodes.MethodNode)	0	1	[false]	false	public	true	file:///private/tmp/projects/jadx/jadx-core/src/main/java/jadx/core/dex/nodes/utils/TypeUtils.java
2105	jadx.core.dex.nodes.utils.TypeUtils	getKnownTypeVarsAtClass(jadx.core.dex.nodes.ClassNode)	0	1	[false]	false	private	true	file:///private/tmp/projects/jadx/jadx-core/src/main/java/jadx/core/dex/nodes/utils/TypeUtils.java
2106	jadx.core.dex.nodes.utils.TypeUtils	collectKnownTypeVarsAtMethod(jadx.core.dex.nodes.MethodNode)	0	1	[false]	false	private	true	file:///private/tmp/projects/jadx/jadx-core/src/main/java/jadx/core/dex/nodes/utils/TypeUtils.java
2107	jadx.core.dex.nodes.utils.TypeUtils	checkForUnknownTypeVars(jadx.core.dex.nodes.MethodNode,jadx.core.dex.instructions.args.ArgType)	0	2	[false, false]	true	public	true	file:///private/tmp/projects/jadx/jadx-core/src/main/java/jadx/core/dex/nodes/utils/TypeUtils.java
2108	jadx.core.dex.nodes.utils.TypeUtils	containsUnknownTypeVar(jadx.core.dex.nodes.MethodNode,jadx.core.dex.instructions.args.ArgType)	0	2	[false, false]	false	public	false	file:///private/tmp/projects/jadx/jadx-core/src/main/java/jadx/core/dex/nodes/utils/TypeUtils.java
2109	jadx.core.dex.nodes.utils.TypeUtils	replaceClassGenerics(jadx.core.dex.instructions.args.ArgType,jadx.core.dex.instructions.args.ArgType)	0	2	[false, false]	true	public	true	file:///private/tmp/projects/jadx/jadx-core/src/main/java/jadx/core/dex/nodes/utils/TypeUtils.java
2110	jadx.core.dex.nodes.utils.TypeUtils	replaceClassGenerics(jadx.core.dex.instructions.args.ArgType,jadx.core.dex.instructions.args.ArgType,jadx.core.dex.instructions.args.ArgType)	0	3	[false, false, false]	true	public	true	file:///private/tmp/projects/jadx/jadx-core/src/main/java/jadx/core/dex/nodes/utils/TypeUtils.java
2111	jadx.core.dex.nodes.utils.TypeUtils	mergeTypeMaps(java.util.Map<jadx.core.dex.instructions.args.ArgType,jadx.core.dex.instructions.args.ArgType>,java.util.Map<jadx.core.dex.instructions.args.ArgType,jadx.core.dex.instructions.args.ArgType>)	0	2	[false, false]	false	private	true	file:///private/tmp/projects/jadx/jadx-core/src/main/java/jadx/core/dex/nodes/utils/TypeUtils.java
2112	jadx.core.dex.nodes.utils.TypeUtils	getTypeVariablesMapping(jadx.core.dex.instructions.args.ArgType)	0	1	[false]	false	public	true	file:///private/tmp/projects/jadx/jadx-core/src/main/java/jadx/core/dex/nodes/utils/TypeUtils.java
2113	jadx.core.dex.nodes.utils.TypeUtils	getTypeVarMappingForInvoke(jadx.core.dex.instructions.BaseInvokeNode)	0	1	[false]	false	public	true	file:///private/tmp/projects/jadx/jadx-core/src/main/java/jadx/core/dex/nodes/utils/TypeUtils.java
2114	jadx.core.dex.nodes.utils.TypeUtils	addTypeVarMapping(java.util.Map<jadx.core.dex.instructions.args.ArgType,jadx.core.dex.instructions.args.ArgType>,jadx.core.dex.instructions.args.ArgType,jadx.core.dex.instructions.args.InsnArg)	0	3	[false, false, false]	false	private	false	file:///private/tmp/projects/jadx/jadx-core/src/main/java/jadx/core/dex/nodes/utils/TypeUtils.java
2115	jadx.core.dex.nodes.utils.TypeUtils	replaceMethodGenerics(jadx.core.dex.instructions.BaseInvokeNode,jadx.core.dex.nodes.IMethodDetails,jadx.core.dex.instructions.args.ArgType)	0	3	[false, false, false]	true	public	true	file:///private/tmp/projects/jadx/jadx-core/src/main/java/jadx/core/dex/nodes/utils/TypeUtils.java
2116	jadx.core.dex.nodes.utils.TypeUtils	replaceTypeVariablesUsingMap(@org.jetbrains.annotations.Nullable jadx.core.dex.instructions.args.ArgType,java.util.Map<jadx.core.dex.instructions.args.ArgType,jadx.core.dex.instructions.args.ArgType>)	0	2	[true, false]	true	public	true	file:///private/tmp/projects/jadx/jadx-core/src/main/java/jadx/core/dex/nodes/utils/TypeUtils.java
2117	jadx.core.dex.nodes.utils.TypeUtils	buildClassTypeVarsAttr(jadx.core.dex.nodes.ClassNode)	0	1	[false]	false	private	true	file:///private/tmp/projects/jadx/jadx-core/src/main/java/jadx/core/dex/nodes/utils/TypeUtils.java
2118	jadx.core.dex.nodes.utils.TypeUtils	visitSuperTypes(jadx.core.dex.instructions.args.ArgType,java.util.function.BiConsumer<jadx.core.dex.instructions.args.ArgType,jadx.core.dex.instructions.args.ArgType>)	0	2	[false, false]	false	public	false	file:///private/tmp/projects/jadx/jadx-core/src/main/java/jadx/core/dex/nodes/utils/TypeUtils.java
2119	jadx.core.clsp.ClspGraph	ClspGraph(jadx.core.dex.nodes.RootNode)	0	1	[false]	false	public	false	file:///private/tmp/projects/jadx/jadx-core/src/main/java/jadx/core/clsp/ClspGraph.java
2120	jadx.core.clsp.ClspGraph	load()	0	0	[]	false	public	false	file:///private/tmp/projects/jadx/jadx-core/src/main/java/jadx/core/clsp/ClspGraph.java
2121	jadx.core.clsp.ClspGraph	addClasspath(jadx.core.clsp.ClsSet)	0	1	[false]	false	public	false	file:///private/tmp/projects/jadx/jadx-core/src/main/java/jadx/core/clsp/ClspGraph.java
2122	jadx.core.clsp.ClspGraph	addApp(java.util.List<jadx.core.dex.nodes.ClassNode>)	0	1	[false]	false	public	false	file:///private/tmp/projects/jadx/jadx-core/src/main/java/jadx/core/clsp/ClspGraph.java
2123	jadx.core.clsp.ClspGraph	initCache()	0	0	[]	false	public	false	file:///private/tmp/projects/jadx/jadx-core/src/main/java/jadx/core/clsp/ClspGraph.java
2124	jadx.core.clsp.ClspGraph	isClsKnown(java.lang.String)	0	1	[false]	false	public	false	file:///private/tmp/projects/jadx/jadx-core/src/main/java/jadx/core/clsp/ClspGraph.java
2125	jadx.core.clsp.ClspGraph	getClsDetails(jadx.core.dex.instructions.args.ArgType)	0	1	[false]	true	public	true	file:///private/tmp/projects/jadx/jadx-core/src/main/java/jadx/core/clsp/ClspGraph.java
2126	jadx.core.clsp.ClspGraph	getMethodDetails(jadx.core.dex.info.MethodInfo)	0	1	[false]	true	public	true	file:///private/tmp/projects/jadx/jadx-core/src/main/java/jadx/core/clsp/ClspGraph.java
2127	jadx.core.clsp.ClspGraph	getMethodFromClass(jadx.core.clsp.ClspClass,jadx.core.dex.info.MethodInfo)	0	2	[false, false]	true	private	true	file:///private/tmp/projects/jadx/jadx-core/src/main/java/jadx/core/clsp/ClspGraph.java
2128	jadx.core.clsp.ClspGraph	addClass(jadx.core.dex.nodes.ClassNode)	0	1	[false]	false	private	false	file:///private/tmp/projects/jadx/jadx-core/src/main/java/jadx/core/clsp/ClspGraph.java
2129	jadx.core.clsp.ClspGraph	isImplements(java.lang.String,java.lang.String)	0	2	[false, false]	false	public	false	file:///private/tmp/projects/jadx/jadx-core/src/main/java/jadx/core/clsp/ClspGraph.java
2130	jadx.core.clsp.ClspGraph	getImplementations(java.lang.String)	0	1	[false]	false	public	true	file:///private/tmp/projects/jadx/jadx-core/src/main/java/jadx/core/clsp/ClspGraph.java
2131	jadx.core.clsp.ClspGraph	fillImplementsCache()	0	0	[]	false	private	false	file:///private/tmp/projects/jadx/jadx-core/src/main/java/jadx/core/clsp/ClspGraph.java
2132	jadx.core.clsp.ClspGraph	getCommonAncestor(java.lang.String,java.lang.String)	0	2	[false, false]	true	public	true	file:///private/tmp/projects/jadx/jadx-core/src/main/java/jadx/core/clsp/ClspGraph.java
2133	jadx.core.clsp.ClspGraph	searchCommonParent(java.util.Set<java.lang.String>,jadx.core.clsp.ClspClass)	0	2	[false, false]	true	private	true	file:///private/tmp/projects/jadx/jadx-core/src/main/java/jadx/core/clsp/ClspGraph.java
2134	jadx.core.clsp.ClspGraph	getSuperTypes(java.lang.String)	0	1	[false]	false	public	true	file:///private/tmp/projects/jadx/jadx-core/src/main/java/jadx/core/clsp/ClspGraph.java
2135	jadx.core.clsp.ClspGraph	fillSuperTypesCache()	0	0	[]	false	private	false	file:///private/tmp/projects/jadx/jadx-core/src/main/java/jadx/core/clsp/ClspGraph.java
2136	jadx.core.clsp.ClspGraph	addSuperTypes(jadx.core.clsp.ClspClass,java.util.Set<java.lang.String>)	0	2	[false, false]	false	private	false	file:///private/tmp/projects/jadx/jadx-core/src/main/java/jadx/core/clsp/ClspGraph.java
2137	jadx.core.clsp.ClspGraph	getClspClass(jadx.core.dex.instructions.args.ArgType)	0	1	[false]	true	private	true	file:///private/tmp/projects/jadx/jadx-core/src/main/java/jadx/core/clsp/ClspGraph.java
2138	jadx.core.clsp.ClspGraph	printMissingClasses()	0	0	[]	false	public	false	file:///private/tmp/projects/jadx/jadx-core/src/main/java/jadx/core/clsp/ClspGraph.java
2139	jadx.api.ResourceFile$ZipRef	ZipRef(java.io.File,java.lang.String)	0	2	[false, false]	false	public	false	file:///private/tmp/projects/jadx/jadx-core/src/main/java/jadx/api/ResourceFile.java
2140	jadx.api.ResourceFile$ZipRef	getZipFile()	0	0	[]	false	public	true	file:///private/tmp/projects/jadx/jadx-core/src/main/java/jadx/api/ResourceFile.java
2141	jadx.api.ResourceFile$ZipRef	getEntryName()	0	0	[]	false	public	true	file:///private/tmp/projects/jadx/jadx-core/src/main/java/jadx/api/ResourceFile.java
2142	jadx.api.ResourceFile$ZipRef	toString()	83	0	[]	false	public	true	file:///private/tmp/projects/jadx/jadx-core/src/main/java/jadx/api/ResourceFile.java
2143	jadx.api.ResourceFile	createResourceFile(jadx.api.JadxDecompiler,java.io.File,jadx.api.ResourceType)	0	3	[false, false, false]	false	public	true	file:///private/tmp/projects/jadx/jadx-core/src/main/java/jadx/api/ResourceFile.java
2144	jadx.api.ResourceFile	createResourceFile(jadx.api.JadxDecompiler,java.lang.String,jadx.api.ResourceType)	0	3	[false, false, false]	false	public	true	file:///private/tmp/projects/jadx/jadx-core/src/main/java/jadx/api/ResourceFile.java
2145	jadx.api.ResourceFile	ResourceFile(jadx.api.JadxDecompiler,java.lang.String,jadx.api.ResourceType)	0	3	[false, false, false]	false	protected	false	file:///private/tmp/projects/jadx/jadx-core/src/main/java/jadx/api/ResourceFile.java
2146	jadx.api.ResourceFile	getOriginalName()	0	0	[]	false	public	true	file:///private/tmp/projects/jadx/jadx-core/src/main/java/jadx/api/ResourceFile.java
2147	jadx.api.ResourceFile	getDeobfName()	0	0	[]	false	public	true	file:///private/tmp/projects/jadx/jadx-core/src/main/java/jadx/api/ResourceFile.java
2148	jadx.api.ResourceFile	getType()	0	0	[]	false	public	true	file:///private/tmp/projects/jadx/jadx-core/src/main/java/jadx/api/ResourceFile.java
2149	jadx.api.ResourceFile	loadContent()	0	0	[]	false	public	true	file:///private/tmp/projects/jadx/jadx-core/src/main/java/jadx/api/ResourceFile.java
2150	jadx.api.ResourceFile	setZipRef(jadx.api.ResourceFile.ZipRef)	0	1	[false]	false	package	false	file:///private/tmp/projects/jadx/jadx-core/src/main/java/jadx/api/ResourceFile.java
2151	jadx.api.ResourceFile	setAlias(jadx.core.xmlgen.entry.ResourceEntry)	0	1	[false]	false	public	false	file:///private/tmp/projects/jadx/jadx-core/src/main/java/jadx/api/ResourceFile.java
2152	jadx.api.ResourceFile	getZipRef()	0	0	[]	false	public	true	file:///private/tmp/projects/jadx/jadx-core/src/main/java/jadx/api/ResourceFile.java
2153	jadx.api.ResourceFile	toString()	83	0	[]	false	public	true	file:///private/tmp/projects/jadx/jadx-core/src/main/java/jadx/api/ResourceFile.java
2154	jadx.core.xmlgen.IResParser	decode(java.io.InputStream)	0	1	[false]	false	public	false	file:///private/tmp/projects/jadx/jadx-core/src/main/java/jadx/core/xmlgen/IResParser.java
2155	jadx.core.xmlgen.IResParser	getResStorage()	0	0	[]	false	public	true	file:///private/tmp/projects/jadx/jadx-core/src/main/java/jadx/core/xmlgen/IResParser.java
2156	jadx.core.xmlgen.IResParser	getStrings()	0	0	[]	true	public	true	file:///private/tmp/projects/jadx/jadx-core/src/main/java/jadx/core/xmlgen/IResParser.java
2157	jadx.core.dex.visitors.typeinference.TypeCompareEnum	invert()	0	0	[]	false	public	true	file:///private/tmp/projects/jadx/jadx-core/src/main/java/jadx/core/dex/visitors/typeinference/TypeCompareEnum.java
2158	jadx.core.dex.visitors.typeinference.TypeCompareEnum	isEqual()	0	0	[]	false	public	false	file:///private/tmp/projects/jadx/jadx-core/src/main/java/jadx/core/dex/visitors/typeinference/TypeCompareEnum.java
2159	jadx.core.dex.visitors.typeinference.TypeCompareEnum	isWider()	0	0	[]	false	public	false	file:///private/tmp/projects/jadx/jadx-core/src/main/java/jadx/core/dex/visitors/typeinference/TypeCompareEnum.java
2160	jadx.core.dex.visitors.typeinference.TypeCompareEnum	isWiderOrEqual()	0	0	[]	false	public	false	file:///private/tmp/projects/jadx/jadx-core/src/main/java/jadx/core/dex/visitors/typeinference/TypeCompareEnum.java
2161	jadx.core.dex.visitors.typeinference.TypeCompareEnum	isNarrow()	0	0	[]	false	public	false	file:///private/tmp/projects/jadx/jadx-core/src/main/java/jadx/core/dex/visitors/typeinference/TypeCompareEnum.java
2162	jadx.core.dex.visitors.typeinference.TypeCompareEnum	isNarrowOrEqual()	0	0	[]	false	public	false	file:///private/tmp/projects/jadx/jadx-core/src/main/java/jadx/core/dex/visitors/typeinference/TypeCompareEnum.java
2163	jadx.core.dex.visitors.typeinference.TypeCompareEnum	isGeneric()	0	0	[]	false	public	false	file:///private/tmp/projects/jadx/jadx-core/src/main/java/jadx/core/dex/visitors/typeinference/TypeCompareEnum.java
2164	jadx.core.dex.visitors.typeinference.TypeCompare	TypeCompare(jadx.core.dex.nodes.RootNode)	0	1	[false]	false	public	false	file:///private/tmp/projects/jadx/jadx-core/src/main/java/jadx/core/dex/visitors/typeinference/TypeCompare.java
2165	jadx.core.dex.visitors.typeinference.TypeCompare	compareTypes(jadx.core.dex.nodes.ClassNode,jadx.core.dex.nodes.ClassNode)	0	2	[false, false]	false	public	true	file:///private/tmp/projects/jadx/jadx-core/src/main/java/jadx/core/dex/visitors/typeinference/TypeCompare.java
2166	jadx.core.dex.visitors.typeinference.TypeCompare	compareTypes(jadx.core.dex.info.ClassInfo,jadx.core.dex.info.ClassInfo)	0	2	[false, false]	false	public	true	file:///private/tmp/projects/jadx/jadx-core/src/main/java/jadx/core/dex/visitors/typeinference/TypeCompare.java
2167	jadx.core.dex.visitors.typeinference.TypeCompare	compareObjects(jadx.core.dex.instructions.args.ArgType,jadx.core.dex.instructions.args.ArgType)	0	2	[false, false]	false	public	true	file:///private/tmp/projects/jadx/jadx-core/src/main/java/jadx/core/dex/visitors/typeinference/TypeCompare.java
2168	jadx.core.dex.visitors.typeinference.TypeCompare	compareTypes(jadx.core.dex.instructions.args.ArgType,jadx.core.dex.instructions.args.ArgType)	0	2	[false, false]	false	public	true	file:///private/tmp/projects/jadx/jadx-core/src/main/java/jadx/core/dex/visitors/typeinference/TypeCompare.java
2169	jadx.core.dex.visitors.typeinference.TypeCompare	swapEquals(jadx.core.dex.instructions.args.PrimitiveType,jadx.core.dex.instructions.args.PrimitiveType,jadx.core.dex.instructions.args.PrimitiveType,jadx.core.dex.instructions.args.PrimitiveType)	0	4	[false, false, false, false]	false	private	false	file:///private/tmp/projects/jadx/jadx-core/src/main/java/jadx/core/dex/visitors/typeinference/TypeCompare.java
2170	jadx.core.dex.visitors.typeinference.TypeCompare	compareArrayWithOtherType(jadx.core.dex.instructions.args.ArgType,jadx.core.dex.instructions.args.ArgType)	0	2	[false, false]	false	private	true	file:///private/tmp/projects/jadx/jadx-core/src/main/java/jadx/core/dex/visitors/typeinference/TypeCompare.java
2171	jadx.core.dex.visitors.typeinference.TypeCompare	compareWithUnknown(jadx.core.dex.instructions.args.ArgType,jadx.core.dex.instructions.args.ArgType)	0	2	[false, false]	false	private	true	file:///private/tmp/projects/jadx/jadx-core/src/main/java/jadx/core/dex/visitors/typeinference/TypeCompare.java
2172	jadx.core.dex.visitors.typeinference.TypeCompare	compareObjectsNoPreCheck(jadx.core.dex.instructions.args.ArgType,jadx.core.dex.instructions.args.ArgType)	0	2	[false, false]	false	private	true	file:///private/tmp/projects/jadx/jadx-core/src/main/java/jadx/core/dex/visitors/typeinference/TypeCompare.java
2173	jadx.core.dex.visitors.typeinference.TypeCompare	compareWildcardTypes(jadx.core.dex.instructions.args.ArgType,jadx.core.dex.instructions.args.ArgType)	0	2	[false, false]	false	private	true	file:///private/tmp/projects/jadx/jadx-core/src/main/java/jadx/core/dex/visitors/typeinference/TypeCompare.java
2174	jadx.core.dex.visitors.typeinference.TypeCompare	compareGenericTypeWithObject(jadx.core.dex.instructions.args.ArgType,jadx.core.dex.instructions.args.ArgType)	0	2	[false, false]	false	private	true	file:///private/tmp/projects/jadx/jadx-core/src/main/java/jadx/core/dex/visitors/typeinference/TypeCompare.java
2175	jadx.core.dex.visitors.typeinference.TypeCompare	compareTypeVariables(jadx.core.dex.instructions.args.ArgType,jadx.core.dex.instructions.args.ArgType)	0	2	[false, false]	false	private	true	file:///private/tmp/projects/jadx/jadx-core/src/main/java/jadx/core/dex/visitors/typeinference/TypeCompare.java
2176	jadx.core.dex.visitors.typeinference.TypeCompare	removeObject(java.util.List<jadx.core.dex.instructions.args.ArgType>)	0	1	[false]	false	private	true	file:///private/tmp/projects/jadx/jadx-core/src/main/java/jadx/core/dex/visitors/typeinference/TypeCompare.java
2177	jadx.core.dex.visitors.typeinference.TypeCompare	getComparator()	0	0	[]	false	public	true	file:///private/tmp/projects/jadx/jadx-core/src/main/java/jadx/core/dex/visitors/typeinference/TypeCompare.java
2178	jadx.core.dex.visitors.typeinference.TypeCompare	getReversedComparator()	0	0	[]	false	public	true	file:///private/tmp/projects/jadx/jadx-core/src/main/java/jadx/core/dex/visitors/typeinference/TypeCompare.java
2179	jadx.core.dex.visitors.typeinference.TypeCompare$ArgTypeComparator	compare(jadx.core.dex.instructions.args.ArgType,jadx.core.dex.instructions.args.ArgType)	2180	2	[false, false]	false	public	false	file:///private/tmp/projects/jadx/jadx-core/src/main/java/jadx/core/dex/visitors/typeinference/TypeCompare.java
2181	jadx.api.JadxDecompiler	JadxDecompiler()	0	0	[]	false	public	false	file:///private/tmp/projects/jadx/jadx-core/src/main/java/jadx/api/JadxDecompiler.java
2182	jadx.api.JadxDecompiler	JadxDecompiler(jadx.api.JadxArgs)	0	1	[false]	false	public	false	file:///private/tmp/projects/jadx/jadx-core/src/main/java/jadx/api/JadxDecompiler.java
2183	jadx.api.JadxDecompiler	load()	0	0	[]	false	public	false	file:///private/tmp/projects/jadx/jadx-core/src/main/java/jadx/api/JadxDecompiler.java
2184	jadx.api.JadxDecompiler	loadInputFiles()	0	0	[]	false	private	false	file:///private/tmp/projects/jadx/jadx-core/src/main/java/jadx/api/JadxDecompiler.java
2185	jadx.api.JadxDecompiler	addCustomLoad(jadx.api.plugins.input.data.ILoadResult)	0	1	[false]	false	public	false	file:///private/tmp/projects/jadx/jadx-core/src/main/java/jadx/api/JadxDecompiler.java
2186	jadx.api.JadxDecompiler	getCustomLoads()	0	0	[]	false	public	true	file:///private/tmp/projects/jadx/jadx-core/src/main/java/jadx/api/JadxDecompiler.java
2187	jadx.api.JadxDecompiler	reset()	0	0	[]	false	private	false	file:///private/tmp/projects/jadx/jadx-core/src/main/java/jadx/api/JadxDecompiler.java
2188	jadx.api.JadxDecompiler	close()	2189	0	[]	false	public	false	file:///private/tmp/projects/jadx/jadx-core/src/main/java/jadx/api/JadxDecompiler.java
2190	jadx.api.JadxDecompiler	closeInputs()	0	0	[]	false	private	false	file:///private/tmp/projects/jadx/jadx-core/src/main/java/jadx/api/JadxDecompiler.java
2191	jadx.api.JadxDecompiler	loadPlugins(jadx.api.JadxArgs)	0	1	[false]	false	private	false	file:///private/tmp/projects/jadx/jadx-core/src/main/java/jadx/api/JadxDecompiler.java
2192	jadx.api.JadxDecompiler	registerPlugin(jadx.api.plugins.JadxPlugin)	0	1	[false]	false	public	false	file:///private/tmp/projects/jadx/jadx-core/src/main/java/jadx/api/JadxDecompiler.java
2193	jadx.api.JadxDecompiler	getVersion()	0	0	[]	false	public	true	file:///private/tmp/projects/jadx/jadx-core/src/main/java/jadx/api/JadxDecompiler.java
2194	jadx.api.JadxDecompiler	save()	0	0	[]	false	public	false	file:///private/tmp/projects/jadx/jadx-core/src/main/java/jadx/api/JadxDecompiler.java
2195	jadx.api.JadxDecompiler$ProgressListener	progress(long,long)	0	2	[false, false]	false	public	false	file:///private/tmp/projects/jadx/jadx-core/src/main/java/jadx/api/JadxDecompiler.java
2196	jadx.api.JadxDecompiler	save(int,jadx.api.JadxDecompiler.ProgressListener)	0	2	[false, false]	false	public	false	file:///private/tmp/projects/jadx/jadx-core/src/main/java/jadx/api/JadxDecompiler.java
2197	jadx.api.JadxDecompiler	saveSources()	0	0	[]	false	public	false	file:///private/tmp/projects/jadx/jadx-core/src/main/java/jadx/api/JadxDecompiler.java
2198	jadx.api.JadxDecompiler	saveResources()	0	0	[]	false	public	false	file:///private/tmp/projects/jadx/jadx-core/src/main/java/jadx/api/JadxDecompiler.java
2199	jadx.api.JadxDecompiler	save(boolean,boolean)	0	2	[false, false]	false	private	false	file:///private/tmp/projects/jadx/jadx-core/src/main/java/jadx/api/JadxDecompiler.java
2200	jadx.api.JadxDecompiler	getSaveExecutor()	0	0	[]	false	public	true	file:///private/tmp/projects/jadx/jadx-core/src/main/java/jadx/api/JadxDecompiler.java
2201	jadx.api.JadxDecompiler	getSaveTasks()	0	0	[]	false	public	true	file:///private/tmp/projects/jadx/jadx-core/src/main/java/jadx/api/JadxDecompiler.java
2202	jadx.api.JadxDecompiler	getSaveExecutor(boolean,boolean)	0	2	[false, false]	false	private	true	file:///private/tmp/projects/jadx/jadx-core/src/main/java/jadx/api/JadxDecompiler.java
2203	jadx.api.JadxDecompiler	getSaveTasks(boolean,boolean)	0	2	[false, false]	false	private	true	file:///private/tmp/projects/jadx/jadx-core/src/main/java/jadx/api/JadxDecompiler.java
2204	jadx.api.JadxDecompiler	appendResourcesSaveTasks(java.util.List<java.lang.Runnable>,java.io.File)	0	2	[false, false]	false	private	false	file:///private/tmp/projects/jadx/jadx-core/src/main/java/jadx/api/JadxDecompiler.java
2205	jadx.api.JadxDecompiler	appendSourcesSave(java.util.List<java.lang.Runnable>,java.io.File)	0	2	[false, false]	false	private	false	file:///private/tmp/projects/jadx/jadx-core/src/main/java/jadx/api/JadxDecompiler.java
2206	jadx.api.JadxDecompiler	getClasses()	0	0	[]	false	public	true	file:///private/tmp/projects/jadx/jadx-core/src/main/java/jadx/api/JadxDecompiler.java
2207	jadx.api.JadxDecompiler	getClassesWithInners()	0	0	[]	false	public	true	file:///private/tmp/projects/jadx/jadx-core/src/main/java/jadx/api/JadxDecompiler.java
2208	jadx.api.JadxDecompiler	getResources()	0	0	[]	false	public	true	file:///private/tmp/projects/jadx/jadx-core/src/main/java/jadx/api/JadxDecompiler.java
2209	jadx.api.JadxDecompiler	getPackages()	0	0	[]	false	public	true	file:///private/tmp/projects/jadx/jadx-core/src/main/java/jadx/api/JadxDecompiler.java
2210	jadx.api.JadxDecompiler	getErrorsCount()	0	0	[]	false	public	false	file:///private/tmp/projects/jadx/jadx-core/src/main/java/jadx/api/JadxDecompiler.java
2211	jadx.api.JadxDecompiler	getWarnsCount()	0	0	[]	false	public	false	file:///private/tmp/projects/jadx/jadx-core/src/main/java/jadx/api/JadxDecompiler.java
2212	jadx.api.JadxDecompiler	printErrorsReport()	0	0	[]	false	public	false	file:///private/tmp/projects/jadx/jadx-core/src/main/java/jadx/api/JadxDecompiler.java
2213	jadx.api.JadxDecompiler	getRoot()	0	0	[]	false	public	true	file:///private/tmp/projects/jadx/jadx-core/src/main/java/jadx/api/JadxDecompiler.java
2214	jadx.api.JadxDecompiler	getBinaryXmlParser()	0	0	[]	false	package	true	file:///private/tmp/projects/jadx/jadx-core/src/main/java/jadx/api/JadxDecompiler.java
2215	jadx.api.JadxDecompiler	getProtoXmlParser()	0	0	[]	false	package	true	file:///private/tmp/projects/jadx/jadx-core/src/main/java/jadx/api/JadxDecompiler.java
2216	jadx.api.JadxDecompiler	convertClassNode(jadx.core.dex.nodes.ClassNode)	0	1	[false]	false	package	true	file:///private/tmp/projects/jadx/jadx-core/src/main/java/jadx/api/JadxDecompiler.java
2217	jadx.api.JadxDecompiler	convertFieldNode(jadx.core.dex.nodes.FieldNode)	0	1	[false]	false	package	true	file:///private/tmp/projects/jadx/jadx-core/src/main/java/jadx/api/JadxDecompiler.java
2218	jadx.api.JadxDecompiler	convertMethodNode(jadx.core.dex.nodes.MethodNode)	0	1	[false]	false	package	true	file:///private/tmp/projects/jadx/jadx-core/src/main/java/jadx/api/JadxDecompiler.java
2219	jadx.api.JadxDecompiler	searchJavaClassByOrigFullName(java.lang.String)	0	1	[false]	true	public	true	file:///private/tmp/projects/jadx/jadx-core/src/main/java/jadx/api/JadxDecompiler.java
2220	jadx.api.JadxDecompiler	searchClassNodeByOrigFullName(java.lang.String)	0	1	[false]	true	public	true	file:///private/tmp/projects/jadx/jadx-core/src/main/java/jadx/api/JadxDecompiler.java
2221	jadx.api.JadxDecompiler	searchJavaClassOrItsParentByOrigFullName(java.lang.String)	0	1	[false]	true	public	true	file:///private/tmp/projects/jadx/jadx-core/src/main/java/jadx/api/JadxDecompiler.java
2222	jadx.api.JadxDecompiler	searchJavaClassByAliasFullName(java.lang.String)	0	1	[false]	true	public	true	file:///private/tmp/projects/jadx/jadx-core/src/main/java/jadx/api/JadxDecompiler.java
2223	jadx.api.JadxDecompiler	getJavaNodeByRef(jadx.api.metadata.ICodeNodeRef)	0	1	[false]	true	public	true	file:///private/tmp/projects/jadx/jadx-core/src/main/java/jadx/api/JadxDecompiler.java
2224	jadx.api.JadxDecompiler	getJavaNodeByCodeAnnotation(@org.jetbrains.annotations.Nullable jadx.api.ICodeInfo,@org.jetbrains.annotations.Nullable jadx.api.metadata.ICodeAnnotation)	0	2	[true, true]	true	public	true	file:///private/tmp/projects/jadx/jadx-core/src/main/java/jadx/api/JadxDecompiler.java
2225	jadx.api.JadxDecompiler	resolveVarNode(jadx.api.metadata.annotations.VarNode)	0	1	[false]	true	private	true	file:///private/tmp/projects/jadx/jadx-core/src/main/java/jadx/api/JadxDecompiler.java
2226	jadx.api.JadxDecompiler	resolveVarRef(jadx.api.ICodeInfo,jadx.api.metadata.annotations.VarRef)	0	2	[false, false]	true	private	true	file:///private/tmp/projects/jadx/jadx-core/src/main/java/jadx/api/JadxDecompiler.java
2227	jadx.api.JadxDecompiler	convertNodes(java.util.Collection<? extends jadx.api.metadata.ICodeNodeRef>)	0	1	[false]	false	package	true	file:///private/tmp/projects/jadx/jadx-core/src/main/java/jadx/api/JadxDecompiler.java
2228	jadx.api.JadxDecompiler	getJavaNodeAtPosition(jadx.api.ICodeInfo,int)	0	2	[false, false]	true	public	true	file:///private/tmp/projects/jadx/jadx-core/src/main/java/jadx/api/JadxDecompiler.java
2229	jadx.api.JadxDecompiler	getClosestJavaNode(jadx.api.ICodeInfo,int)	0	2	[false, false]	true	public	true	file:///private/tmp/projects/jadx/jadx-core/src/main/java/jadx/api/JadxDecompiler.java
2230	jadx.api.JadxDecompiler	getEnclosingNode(jadx.api.ICodeInfo,int)	0	2	[false, false]	true	public	true	file:///private/tmp/projects/jadx/jadx-core/src/main/java/jadx/api/JadxDecompiler.java
2231	jadx.api.JadxDecompiler	reloadCodeData()	0	0	[]	false	public	false	file:///private/tmp/projects/jadx/jadx-core/src/main/java/jadx/api/JadxDecompiler.java
2232	jadx.api.JadxDecompiler	getArgs()	0	0	[]	false	public	true	file:///private/tmp/projects/jadx/jadx-core/src/main/java/jadx/api/JadxDecompiler.java
2233	jadx.api.JadxDecompiler	getPluginManager()	0	0	[]	false	public	true	file:///private/tmp/projects/jadx/jadx-core/src/main/java/jadx/api/JadxDecompiler.java
2234	jadx.api.JadxDecompiler	getDecompileScheduler()	0	0	[]	false	public	true	file:///private/tmp/projects/jadx/jadx-core/src/main/java/jadx/api/JadxDecompiler.java
2235	jadx.api.JadxDecompiler	toString()	83	0	[]	false	public	true	file:///private/tmp/projects/jadx/jadx-core/src/main/java/jadx/api/JadxDecompiler.java
2236	jadx.api.ResourceType	ResourceType(java.lang.String...)	0	1	[false]	false	private	false	file:///private/tmp/projects/jadx/jadx-core/src/main/java/jadx/api/ResourceType.java
2237	jadx.api.ResourceType	getExts()	0	0	[]	false	public	true	file:///private/tmp/projects/jadx/jadx-core/src/main/java/jadx/api/ResourceType.java
2238	jadx.api.ResourceType	getFileType(java.lang.String)	0	1	[false]	false	public	true	file:///private/tmp/projects/jadx/jadx-core/src/main/java/jadx/api/ResourceType.java
2239	jadx.core.xmlgen.ResContainer	textResource(java.lang.String,jadx.api.ICodeInfo)	0	2	[false, false]	false	public	true	file:///private/tmp/projects/jadx/jadx-core/src/main/java/jadx/core/xmlgen/ResContainer.java
2240	jadx.core.xmlgen.ResContainer	decodedData(java.lang.String,byte[])	0	2	[false, false]	false	public	true	file:///private/tmp/projects/jadx/jadx-core/src/main/java/jadx/core/xmlgen/ResContainer.java
2241	jadx.core.xmlgen.ResContainer	resourceFileLink(jadx.api.ResourceFile)	0	1	[false]	false	public	true	file:///private/tmp/projects/jadx/jadx-core/src/main/java/jadx/core/xmlgen/ResContainer.java
2242	jadx.core.xmlgen.ResContainer	resourceTable(java.lang.String,java.util.List<jadx.core.xmlgen.ResContainer>,jadx.api.ICodeInfo)	0	3	[false, false, false]	false	public	true	file:///private/tmp/projects/jadx/jadx-core/src/main/java/jadx/core/xmlgen/ResContainer.java
2243	jadx.core.xmlgen.ResContainer	ResContainer(java.lang.String,java.util.List<jadx.core.xmlgen.ResContainer>,java.lang.Object,jadx.core.xmlgen.ResContainer.DataType)	0	4	[false, false, false, false]	false	private	false	file:///private/tmp/projects/jadx/jadx-core/src/main/java/jadx/core/xmlgen/ResContainer.java
2244	jadx.core.xmlgen.ResContainer	getName()	0	0	[]	false	public	true	file:///private/tmp/projects/jadx/jadx-core/src/main/java/jadx/core/xmlgen/ResContainer.java
2245	jadx.core.xmlgen.ResContainer	getFileName()	0	0	[]	false	public	true	file:///private/tmp/projects/jadx/jadx-core/src/main/java/jadx/core/xmlgen/ResContainer.java
2246	jadx.core.xmlgen.ResContainer	getSubFiles()	0	0	[]	false	public	true	file:///private/tmp/projects/jadx/jadx-core/src/main/java/jadx/core/xmlgen/ResContainer.java
2247	jadx.core.xmlgen.ResContainer	getDataType()	0	0	[]	false	public	true	file:///private/tmp/projects/jadx/jadx-core/src/main/java/jadx/core/xmlgen/ResContainer.java
2248	jadx.core.xmlgen.ResContainer	getText()	0	0	[]	false	public	true	file:///private/tmp/projects/jadx/jadx-core/src/main/java/jadx/core/xmlgen/ResContainer.java
2249	jadx.core.xmlgen.ResContainer	getDecodedData()	0	0	[]	false	public	true	file:///private/tmp/projects/jadx/jadx-core/src/main/java/jadx/core/xmlgen/ResContainer.java
2250	jadx.core.xmlgen.ResContainer	getResLink()	0	0	[]	false	public	true	file:///private/tmp/projects/jadx/jadx-core/src/main/java/jadx/core/xmlgen/ResContainer.java
2251	jadx.core.xmlgen.ResContainer	compareTo(@org.jetbrains.annotations.NotNull jadx.core.xmlgen.ResContainer)	190	1	[false]	false	public	false	file:///private/tmp/projects/jadx/jadx-core/src/main/java/jadx/core/xmlgen/ResContainer.java
2252	jadx.core.xmlgen.ResContainer	equals(java.lang.Object)	188	1	[false]	false	public	false	file:///private/tmp/projects/jadx/jadx-core/src/main/java/jadx/core/xmlgen/ResContainer.java
2253	jadx.core.xmlgen.ResContainer	hashCode()	186	0	[]	false	public	false	file:///private/tmp/projects/jadx/jadx-core/src/main/java/jadx/core/xmlgen/ResContainer.java
2254	jadx.core.xmlgen.ResContainer	toString()	83	0	[]	false	public	true	file:///private/tmp/projects/jadx/jadx-core/src/main/java/jadx/core/xmlgen/ResContainer.java
2255	jadx.api.JavaClass	JavaClass(jadx.core.dex.nodes.ClassNode,jadx.api.JadxDecompiler)	0	2	[false, false]	false	package	false	file:///private/tmp/projects/jadx/jadx-core/src/main/java/jadx/api/JavaClass.java
2256	jadx.api.JavaClass	JavaClass(jadx.core.dex.nodes.ClassNode,jadx.api.JavaClass)	0	2	[false, false]	false	package	false	file:///private/tmp/projects/jadx/jadx-core/src/main/java/jadx/api/JavaClass.java
2257	jadx.api.JavaClass	getCode()	0	0	[]	false	public	true	file:///private/tmp/projects/jadx/jadx-core/src/main/java/jadx/api/JavaClass.java
2258	jadx.api.JavaClass	getCodeInfo()	0	0	[]	false	public	true	file:///private/tmp/projects/jadx/jadx-core/src/main/java/jadx/api/JavaClass.java
2259	jadx.api.JavaClass	decompile()	0	0	[]	false	public	false	file:///private/tmp/projects/jadx/jadx-core/src/main/java/jadx/api/JavaClass.java
2260	jadx.api.JavaClass	reload()	0	0	[]	false	public	true	file:///private/tmp/projects/jadx/jadx-core/src/main/java/jadx/api/JavaClass.java
2261	jadx.api.JavaClass	unload()	0	0	[]	false	public	false	file:///private/tmp/projects/jadx/jadx-core/src/main/java/jadx/api/JavaClass.java
2262	jadx.api.JavaClass	isNoCode()	0	0	[]	false	public	false	file:///private/tmp/projects/jadx/jadx-core/src/main/java/jadx/api/JavaClass.java
2263	jadx.api.JavaClass	isInner()	0	0	[]	false	public	false	file:///private/tmp/projects/jadx/jadx-core/src/main/java/jadx/api/JavaClass.java
2264	jadx.api.JavaClass	getSmali()	0	0	[]	false	public	true	file:///private/tmp/projects/jadx/jadx-core/src/main/java/jadx/api/JavaClass.java
2265	jadx.api.JavaClass	isOwnCodeAnnotation(jadx.api.metadata.ICodeAnnotation)	2266	1	[false]	false	public	false	file:///private/tmp/projects/jadx/jadx-core/src/main/java/jadx/api/JavaClass.java
2267	jadx.api.JavaClass	getClassNode()	0	0	[]	false	public	true	file:///private/tmp/projects/jadx/jadx-core/src/main/java/jadx/api/JavaClass.java
2268	jadx.api.JavaClass	load()	0	0	[]	true	private	true	file:///private/tmp/projects/jadx/jadx-core/src/main/java/jadx/api/JavaClass.java
2269	jadx.api.JavaClass	getRootDecompiler()	0	0	[]	false	package	true	file:///private/tmp/projects/jadx/jadx-core/src/main/java/jadx/api/JavaClass.java
2270	jadx.api.JavaClass	getAnnotationAt(int)	0	1	[false]	false	public	true	file:///private/tmp/projects/jadx/jadx-core/src/main/java/jadx/api/JavaClass.java
2271	jadx.api.JavaClass	getUsageMap()	0	0	[]	false	public	true	file:///private/tmp/projects/jadx/jadx-core/src/main/java/jadx/api/JavaClass.java
2272	jadx.api.JavaClass	getUsePlacesFor(jadx.api.ICodeInfo,jadx.api.JavaNode)	0	2	[false, false]	false	public	true	file:///private/tmp/projects/jadx/jadx-core/src/main/java/jadx/api/JavaClass.java
2273	jadx.api.JavaClass	getUseIn()	2274	0	[]	false	public	true	file:///private/tmp/projects/jadx/jadx-core/src/main/java/jadx/api/JavaClass.java
2275	jadx.api.JavaClass	getSourceLine(int)	0	1	[false]	false	public	true	file:///private/tmp/projects/jadx/jadx-core/src/main/java/jadx/api/JavaClass.java
2276	jadx.api.JavaClass	getName()	2277	0	[]	false	public	true	file:///private/tmp/projects/jadx/jadx-core/src/main/java/jadx/api/JavaClass.java
2278	jadx.api.JavaClass	getFullName()	2279	0	[]	false	public	true	file:///private/tmp/projects/jadx/jadx-core/src/main/java/jadx/api/JavaClass.java
2280	jadx.api.JavaClass	getRawName()	0	0	[]	false	public	true	file:///private/tmp/projects/jadx/jadx-core/src/main/java/jadx/api/JavaClass.java
2281	jadx.api.JavaClass	getPackage()	0	0	[]	false	public	true	file:///private/tmp/projects/jadx/jadx-core/src/main/java/jadx/api/JavaClass.java
2282	jadx.api.JavaClass	getDeclaringClass()	2283	0	[]	false	public	true	file:///private/tmp/projects/jadx/jadx-core/src/main/java/jadx/api/JavaClass.java
2284	jadx.api.JavaClass	getOriginalTopParentClass()	0	0	[]	false	public	true	file:///private/tmp/projects/jadx/jadx-core/src/main/java/jadx/api/JavaClass.java
2285	jadx.api.JavaClass	getTopParentClass()	2286	0	[]	false	public	true	file:///private/tmp/projects/jadx/jadx-core/src/main/java/jadx/api/JavaClass.java
2287	jadx.api.JavaClass	getCodeParent()	0	0	[]	true	public	true	file:///private/tmp/projects/jadx/jadx-core/src/main/java/jadx/api/JavaClass.java
2288	jadx.api.JavaClass	getAccessInfo()	0	0	[]	false	public	true	file:///private/tmp/projects/jadx/jadx-core/src/main/java/jadx/api/JavaClass.java
2289	jadx.api.JavaClass	getInnerClasses()	0	0	[]	false	public	true	file:///private/tmp/projects/jadx/jadx-core/src/main/java/jadx/api/JavaClass.java
2290	jadx.api.JavaClass	getInlinedClasses()	0	0	[]	false	public	true	file:///private/tmp/projects/jadx/jadx-core/src/main/java/jadx/api/JavaClass.java
2291	jadx.api.JavaClass	getFields()	0	0	[]	false	public	true	file:///private/tmp/projects/jadx/jadx-core/src/main/java/jadx/api/JavaClass.java
2292	jadx.api.JavaClass	getMethods()	0	0	[]	false	public	true	file:///private/tmp/projects/jadx/jadx-core/src/main/java/jadx/api/JavaClass.java
2293	jadx.api.JavaClass	searchMethodByShortId(java.lang.String)	0	1	[false]	true	public	true	file:///private/tmp/projects/jadx/jadx-core/src/main/java/jadx/api/JavaClass.java
2294	jadx.api.JavaClass	getDependencies()	0	0	[]	false	public	true	file:///private/tmp/projects/jadx/jadx-core/src/main/java/jadx/api/JavaClass.java
2295	jadx.api.JavaClass	getTotalDepsCount()	0	0	[]	false	public	false	file:///private/tmp/projects/jadx/jadx-core/src/main/java/jadx/api/JavaClass.java
2296	jadx.api.JavaClass	removeAlias()	2297	0	[]	false	public	false	file:///private/tmp/projects/jadx/jadx-core/src/main/java/jadx/api/JavaClass.java
2298	jadx.api.JavaClass	getDefPos()	2299	0	[]	false	public	false	file:///private/tmp/projects/jadx/jadx-core/src/main/java/jadx/api/JavaClass.java
2300	jadx.api.JavaClass	equals(java.lang.Object)	188	1	[false]	false	public	false	file:///private/tmp/projects/jadx/jadx-core/src/main/java/jadx/api/JavaClass.java
2301	jadx.api.JavaClass	hashCode()	186	0	[]	false	public	false	file:///private/tmp/projects/jadx/jadx-core/src/main/java/jadx/api/JavaClass.java
2302	jadx.api.JavaClass	toString()	83	0	[]	false	public	true	file:///private/tmp/projects/jadx/jadx-core/src/main/java/jadx/api/JavaClass.java
2277	jadx.api.JavaNode	getName()	0	0	[]	false	public	true	file:///private/tmp/projects/jadx/jadx-core/src/main/java/jadx/api/JavaNode.java
2279	jadx.api.JavaNode	getFullName()	0	0	[]	false	public	true	file:///private/tmp/projects/jadx/jadx-core/src/main/java/jadx/api/JavaNode.java
2283	jadx.api.JavaNode	getDeclaringClass()	0	0	[]	false	public	true	file:///private/tmp/projects/jadx/jadx-core/src/main/java/jadx/api/JavaNode.java
2286	jadx.api.JavaNode	getTopParentClass()	0	0	[]	false	public	true	file:///private/tmp/projects/jadx/jadx-core/src/main/java/jadx/api/JavaNode.java
2299	jadx.api.JavaNode	getDefPos()	0	0	[]	false	public	false	file:///private/tmp/projects/jadx/jadx-core/src/main/java/jadx/api/JavaNode.java
2274	jadx.api.JavaNode	getUseIn()	0	0	[]	false	public	true	file:///private/tmp/projects/jadx/jadx-core/src/main/java/jadx/api/JavaNode.java
2297	jadx.api.JavaNode	removeAlias()	0	0	[]	false	public	false	file:///private/tmp/projects/jadx/jadx-core/src/main/java/jadx/api/JavaNode.java
2266	jadx.api.JavaNode	isOwnCodeAnnotation(jadx.api.metadata.ICodeAnnotation)	0	1	[false]	false	public	false	file:///private/tmp/projects/jadx/jadx-core/src/main/java/jadx/api/JavaNode.java
2303	jadx.core.xmlgen.BinaryXMLParser	BinaryXMLParser(jadx.core.dex.nodes.RootNode)	0	1	[false]	false	public	false	file:///private/tmp/projects/jadx/jadx-core/src/main/java/jadx/core/xmlgen/BinaryXMLParser.java
2304	jadx.core.xmlgen.BinaryXMLParser	parse(java.io.InputStream)	0	1	[false]	false	public	true	file:///private/tmp/projects/jadx/jadx-core/src/main/java/jadx/core/xmlgen/BinaryXMLParser.java
2305	jadx.core.xmlgen.BinaryXMLParser	isBinaryXml()	0	0	[]	false	private	false	file:///private/tmp/projects/jadx/jadx-core/src/main/java/jadx/core/xmlgen/BinaryXMLParser.java
2306	jadx.core.xmlgen.BinaryXMLParser	decode()	0	0	[]	false	package	false	file:///private/tmp/projects/jadx/jadx-core/src/main/java/jadx/core/xmlgen/BinaryXMLParser.java
2307	jadx.core.xmlgen.BinaryXMLParser	parseResourceMap()	0	0	[]	false	private	false	file:///private/tmp/projects/jadx/jadx-core/src/main/java/jadx/core/xmlgen/BinaryXMLParser.java
2308	jadx.core.xmlgen.BinaryXMLParser	parseNameSpace()	0	0	[]	false	private	false	file:///private/tmp/projects/jadx/jadx-core/src/main/java/jadx/core/xmlgen/BinaryXMLParser.java
2309	jadx.core.xmlgen.BinaryXMLParser	parseNameSpaceEnd()	0	0	[]	false	private	false	file:///private/tmp/projects/jadx/jadx-core/src/main/java/jadx/core/xmlgen/BinaryXMLParser.java
2310	jadx.core.xmlgen.BinaryXMLParser	parseCData()	0	0	[]	false	private	false	file:///private/tmp/projects/jadx/jadx-core/src/main/java/jadx/core/xmlgen/BinaryXMLParser.java
2311	jadx.core.xmlgen.BinaryXMLParser	parseElement()	0	0	[]	false	private	false	file:///private/tmp/projects/jadx/jadx-core/src/main/java/jadx/core/xmlgen/BinaryXMLParser.java
2312	jadx.core.xmlgen.BinaryXMLParser	parseAttribute(int,boolean)	0	2	[false, false]	false	private	false	file:///private/tmp/projects/jadx/jadx-core/src/main/java/jadx/core/xmlgen/BinaryXMLParser.java
2313	jadx.core.xmlgen.BinaryXMLParser	getAttributeNS(int)	0	1	[false]	true	private	true	file:///private/tmp/projects/jadx/jadx-core/src/main/java/jadx/core/xmlgen/BinaryXMLParser.java
2314	jadx.core.xmlgen.BinaryXMLParser	generateNameForNS(java.lang.String)	0	1	[false]	false	private	true	file:///private/tmp/projects/jadx/jadx-core/src/main/java/jadx/core/xmlgen/BinaryXMLParser.java
2315	jadx.core.xmlgen.BinaryXMLParser	getAttributeName(int)	0	1	[false]	false	private	true	file:///private/tmp/projects/jadx/jadx-core/src/main/java/jadx/core/xmlgen/BinaryXMLParser.java
2316	jadx.core.xmlgen.BinaryXMLParser	getString(int)	0	1	[false]	false	private	true	file:///private/tmp/projects/jadx/jadx-core/src/main/java/jadx/core/xmlgen/BinaryXMLParser.java
2317	jadx.core.xmlgen.BinaryXMLParser	decodeAttribute(int,int,int,java.lang.String,java.lang.String)	0	5	[false, false, false, true, false]	false	private	false	file:///private/tmp/projects/jadx/jadx-core/src/main/java/jadx/core/xmlgen/BinaryXMLParser.java
2318	jadx.core.xmlgen.BinaryXMLParser	parseElementEnd()	0	0	[]	false	private	false	file:///private/tmp/projects/jadx/jadx-core/src/main/java/jadx/core/xmlgen/BinaryXMLParser.java
2319	jadx.core.xmlgen.BinaryXMLParser	getValidTagAttributeName(java.lang.String)	0	1	[false]	false	private	true	file:///private/tmp/projects/jadx/jadx-core/src/main/java/jadx/core/xmlgen/BinaryXMLParser.java
2320	jadx.core.xmlgen.BinaryXMLParser	generateTagAttrName()	0	0	[]	false	private	true	file:///private/tmp/projects/jadx/jadx-core/src/main/java/jadx/core/xmlgen/BinaryXMLParser.java
2321	jadx.core.xmlgen.BinaryXMLParser	attachClassNode(jadx.api.ICodeWriter,java.lang.String,java.lang.String)	0	3	[false, false, true]	false	private	false	file:///private/tmp/projects/jadx/jadx-core/src/main/java/jadx/core/xmlgen/BinaryXMLParser.java
2322	jadx.core.xmlgen.BinaryXMLParser	deobfClassName(java.lang.String)	0	1	[false]	false	private	true	file:///private/tmp/projects/jadx/jadx-core/src/main/java/jadx/core/xmlgen/BinaryXMLParser.java
2323	jadx.core.xmlgen.BinaryXMLParser	isDeobfCandidateAttr(java.lang.String,java.lang.String)	0	2	[true, false]	false	private	false	file:///private/tmp/projects/jadx/jadx-core/src/main/java/jadx/core/xmlgen/BinaryXMLParser.java
2324	jadx.core.xmlgen.BinaryXMLParser	memorizePackageName(java.lang.String,java.lang.String)	0	2	[false, true]	false	private	false	file:///private/tmp/projects/jadx/jadx-core/src/main/java/jadx/core/xmlgen/BinaryXMLParser.java
2325	jadx.core.xmlgen.CommonBinaryParser	parseStringPool()	0	0	[]	false	protected	true	file:///private/tmp/projects/jadx/jadx-core/src/main/java/jadx/core/xmlgen/CommonBinaryParser.java
2326	jadx.core.xmlgen.CommonBinaryParser	parseStringPoolNoType()	0	0	[]	false	protected	true	file:///private/tmp/projects/jadx/jadx-core/src/main/java/jadx/core/xmlgen/CommonBinaryParser.java
2327	jadx.core.xmlgen.CommonBinaryParser	extractString8(byte[],int)	0	2	[false, false]	false	private	true	file:///private/tmp/projects/jadx/jadx-core/src/main/java/jadx/core/xmlgen/CommonBinaryParser.java
2328	jadx.core.xmlgen.CommonBinaryParser	extractString16(byte[],int)	0	2	[false, false]	false	private	true	file:///private/tmp/projects/jadx/jadx-core/src/main/java/jadx/core/xmlgen/CommonBinaryParser.java
2329	jadx.core.xmlgen.CommonBinaryParser	skipStrLen8(byte[],int)	0	2	[false, false]	false	private	false	file:///private/tmp/projects/jadx/jadx-core/src/main/java/jadx/core/xmlgen/CommonBinaryParser.java
2330	jadx.core.xmlgen.CommonBinaryParser	skipStrLen16(byte[],int)	0	2	[false, false]	false	private	false	file:///private/tmp/projects/jadx/jadx-core/src/main/java/jadx/core/xmlgen/CommonBinaryParser.java
2331	jadx.core.xmlgen.CommonBinaryParser	die(java.lang.String)	0	1	[false]	false	protected	false	file:///private/tmp/projects/jadx/jadx-core/src/main/java/jadx/core/xmlgen/CommonBinaryParser.java
2332	jadx.core.xmlgen.ParserConstants	ParserConstants()	0	0	[]	false	protected	false	file:///private/tmp/projects/jadx/jadx-core/src/main/java/jadx/core/xmlgen/ParserConstants.java
2333	jadx.core.xmlgen.ParserConstants	makeResInternal(int)	0	1	[false]	false	private	false	file:///private/tmp/projects/jadx/jadx-core/src/main/java/jadx/core/xmlgen/ParserConstants.java
2334	jadx.core.xmlgen.ParserConstants	isResInternalId(int)	0	1	[false]	false	protected	false	file:///private/tmp/projects/jadx/jadx-core/src/main/java/jadx/core/xmlgen/ParserConstants.java
2335	jadx.core.xmlgen.ProtoXMLParser	ProtoXMLParser(jadx.core.dex.nodes.RootNode)	0	1	[false]	false	public	false	file:///private/tmp/projects/jadx/jadx-core/src/main/java/jadx/core/xmlgen/ProtoXMLParser.java
2336	jadx.core.xmlgen.ProtoXMLParser	parse(java.io.InputStream)	0	1	[false]	false	public	true	file:///private/tmp/projects/jadx/jadx-core/src/main/java/jadx/core/xmlgen/ProtoXMLParser.java
2337	jadx.core.xmlgen.ProtoXMLParser	decode(com.android.aapt.Resources.XmlNode)	0	1	[false]	false	private	false	file:///private/tmp/projects/jadx/jadx-core/src/main/java/jadx/core/xmlgen/ProtoXMLParser.java
2338	jadx.core.xmlgen.ProtoXMLParser	decode(com.android.aapt.Resources.XmlElement)	0	1	[false]	false	private	false	file:///private/tmp/projects/jadx/jadx-core/src/main/java/jadx/core/xmlgen/ProtoXMLParser.java
2339	jadx.core.xmlgen.ProtoXMLParser	decode(com.android.aapt.Resources.XmlAttribute)	0	1	[false]	false	private	false	file:///private/tmp/projects/jadx/jadx-core/src/main/java/jadx/core/xmlgen/ProtoXMLParser.java
2340	jadx.core.xmlgen.ProtoXMLParser	decode(com.android.aapt.Resources.XmlNamespace)	0	1	[false]	false	private	false	file:///private/tmp/projects/jadx/jadx-core/src/main/java/jadx/core/xmlgen/ProtoXMLParser.java
2341	jadx.core.xmlgen.ProtoXMLParser	memorizePackageName(java.lang.String,java.lang.String)	0	2	[false, false]	false	private	false	file:///private/tmp/projects/jadx/jadx-core/src/main/java/jadx/core/xmlgen/ProtoXMLParser.java
2342	jadx.core.xmlgen.ProtoXMLParser	deobfClassName(java.lang.String)	0	1	[false]	false	private	true	file:///private/tmp/projects/jadx/jadx-core/src/main/java/jadx/core/xmlgen/ProtoXMLParser.java
2343	jadx.core.xmlgen.ProtoXMLParser	getValidTagAttributeName(java.lang.String)	0	1	[false]	false	private	true	file:///private/tmp/projects/jadx/jadx-core/src/main/java/jadx/core/xmlgen/ProtoXMLParser.java
2344	jadx.core.xmlgen.ProtoXMLParser	generateTagAttrName()	0	0	[]	false	private	true	file:///private/tmp/projects/jadx/jadx-core/src/main/java/jadx/core/xmlgen/ProtoXMLParser.java
2345	jadx.core.xmlgen.ProtoXMLParser	decodeProto(java.io.InputStream)	0	1	[false]	false	private	true	file:///private/tmp/projects/jadx/jadx-core/src/main/java/jadx/core/xmlgen/ProtoXMLParser.java
2346	jadx.api.JavaMethod	JavaMethod(jadx.api.JavaClass,jadx.core.dex.nodes.MethodNode)	0	2	[false, false]	false	package	false	file:///private/tmp/projects/jadx/jadx-core/src/main/java/jadx/api/JavaMethod.java
2347	jadx.api.JavaMethod	getName()	2277	0	[]	false	public	true	file:///private/tmp/projects/jadx/jadx-core/src/main/java/jadx/api/JavaMethod.java
2348	jadx.api.JavaMethod	getFullName()	2279	0	[]	false	public	true	file:///private/tmp/projects/jadx/jadx-core/src/main/java/jadx/api/JavaMethod.java
2349	jadx.api.JavaMethod	getDeclaringClass()	2283	0	[]	false	public	true	file:///private/tmp/projects/jadx/jadx-core/src/main/java/jadx/api/JavaMethod.java
2350	jadx.api.JavaMethod	getTopParentClass()	2286	0	[]	false	public	true	file:///private/tmp/projects/jadx/jadx-core/src/main/java/jadx/api/JavaMethod.java
2351	jadx.api.JavaMethod	getAccessFlags()	0	0	[]	false	public	true	file:///private/tmp/projects/jadx/jadx-core/src/main/java/jadx/api/JavaMethod.java
2352	jadx.api.JavaMethod	getArguments()	0	0	[]	false	public	true	file:///private/tmp/projects/jadx/jadx-core/src/main/java/jadx/api/JavaMethod.java
2353	jadx.api.JavaMethod	getReturnType()	0	0	[]	false	public	true	file:///private/tmp/projects/jadx/jadx-core/src/main/java/jadx/api/JavaMethod.java
2354	jadx.api.JavaMethod	getUseIn()	2274	0	[]	false	public	true	file:///private/tmp/projects/jadx/jadx-core/src/main/java/jadx/api/JavaMethod.java
2355	jadx.api.JavaMethod	getOverrideRelatedMethods()	0	0	[]	false	public	true	file:///private/tmp/projects/jadx/jadx-core/src/main/java/jadx/api/JavaMethod.java
2356	jadx.api.JavaMethod	isConstructor()	0	0	[]	false	public	false	file:///private/tmp/projects/jadx/jadx-core/src/main/java/jadx/api/JavaMethod.java
2357	jadx.api.JavaMethod	isClassInit()	0	0	[]	false	public	false	file:///private/tmp/projects/jadx/jadx-core/src/main/java/jadx/api/JavaMethod.java
2358	jadx.api.JavaMethod	getDefPos()	2299	0	[]	false	public	false	file:///private/tmp/projects/jadx/jadx-core/src/main/java/jadx/api/JavaMethod.java
2359	jadx.api.JavaMethod	removeAlias()	2297	0	[]	false	public	false	file:///private/tmp/projects/jadx/jadx-core/src/main/java/jadx/api/JavaMethod.java
2360	jadx.api.JavaMethod	isOwnCodeAnnotation(jadx.api.metadata.ICodeAnnotation)	2266	1	[false]	false	public	false	file:///private/tmp/projects/jadx/jadx-core/src/main/java/jadx/api/JavaMethod.java
2361	jadx.api.JavaMethod	getMethodNode()	0	0	[]	false	public	true	file:///private/tmp/projects/jadx/jadx-core/src/main/java/jadx/api/JavaMethod.java
2362	jadx.api.JavaMethod	hashCode()	186	0	[]	false	public	false	file:///private/tmp/projects/jadx/jadx-core/src/main/java/jadx/api/JavaMethod.java
2363	jadx.api.JavaMethod	equals(java.lang.Object)	188	1	[false]	false	public	false	file:///private/tmp/projects/jadx/jadx-core/src/main/java/jadx/api/JavaMethod.java
2364	jadx.api.JavaMethod	toString()	83	0	[]	false	public	true	file:///private/tmp/projects/jadx/jadx-core/src/main/java/jadx/api/JavaMethod.java
2365	jadx.api.JavaField	JavaField(jadx.api.JavaClass,jadx.core.dex.nodes.FieldNode)	0	2	[false, false]	false	package	false	file:///private/tmp/projects/jadx/jadx-core/src/main/java/jadx/api/JavaField.java
2366	jadx.api.JavaField	getName()	2277	0	[]	false	public	true	file:///private/tmp/projects/jadx/jadx-core/src/main/java/jadx/api/JavaField.java
2367	jadx.api.JavaField	getFullName()	2279	0	[]	false	public	true	file:///private/tmp/projects/jadx/jadx-core/src/main/java/jadx/api/JavaField.java
2368	jadx.api.JavaField	getRawName()	0	0	[]	false	public	true	file:///private/tmp/projects/jadx/jadx-core/src/main/java/jadx/api/JavaField.java
2369	jadx.api.JavaField	getDeclaringClass()	2283	0	[]	false	public	true	file:///private/tmp/projects/jadx/jadx-core/src/main/java/jadx/api/JavaField.java
2370	jadx.api.JavaField	getTopParentClass()	2286	0	[]	false	public	true	file:///private/tmp/projects/jadx/jadx-core/src/main/java/jadx/api/JavaField.java
2371	jadx.api.JavaField	getAccessFlags()	0	0	[]	false	public	true	file:///private/tmp/projects/jadx/jadx-core/src/main/java/jadx/api/JavaField.java
2372	jadx.api.JavaField	getType()	0	0	[]	false	public	true	file:///private/tmp/projects/jadx/jadx-core/src/main/java/jadx/api/JavaField.java
2373	jadx.api.JavaField	getDefPos()	2299	0	[]	false	public	false	file:///private/tmp/projects/jadx/jadx-core/src/main/java/jadx/api/JavaField.java
2374	jadx.api.JavaField	getUseIn()	2274	0	[]	false	public	true	file:///private/tmp/projects/jadx/jadx-core/src/main/java/jadx/api/JavaField.java
2375	jadx.api.JavaField	removeAlias()	2297	0	[]	false	public	false	file:///private/tmp/projects/jadx/jadx-core/src/main/java/jadx/api/JavaField.java
2376	jadx.api.JavaField	isOwnCodeAnnotation(jadx.api.metadata.ICodeAnnotation)	2266	1	[false]	false	public	false	file:///private/tmp/projects/jadx/jadx-core/src/main/java/jadx/api/JavaField.java
2377	jadx.api.JavaField	getFieldNode()	0	0	[]	false	public	true	file:///private/tmp/projects/jadx/jadx-core/src/main/java/jadx/api/JavaField.java
2378	jadx.api.JavaField	hashCode()	186	0	[]	false	public	false	file:///private/tmp/projects/jadx/jadx-core/src/main/java/jadx/api/JavaField.java
2379	jadx.api.JavaField	equals(java.lang.Object)	188	1	[false]	false	public	false	file:///private/tmp/projects/jadx/jadx-core/src/main/java/jadx/api/JavaField.java
2380	jadx.api.JavaField	toString()	83	0	[]	false	public	true	file:///private/tmp/projects/jadx/jadx-core/src/main/java/jadx/api/JavaField.java
2381	jadx.api.IDecompileScheduler	buildBatches(java.util.List<jadx.api.JavaClass>)	0	1	[false]	false	public	true	file:///private/tmp/projects/jadx/jadx-core/src/main/java/jadx/api/IDecompileScheduler.java
2382	jadx.api.JavaPackage	JavaPackage(java.lang.String,java.util.List<jadx.api.JavaClass>)	0	2	[false, false]	false	package	false	file:///private/tmp/projects/jadx/jadx-core/src/main/java/jadx/api/JavaPackage.java
2383	jadx.api.JavaPackage	getName()	2277	0	[]	false	public	true	file:///private/tmp/projects/jadx/jadx-core/src/main/java/jadx/api/JavaPackage.java
2384	jadx.api.JavaPackage	getFullName()	2279	0	[]	false	public	true	file:///private/tmp/projects/jadx/jadx-core/src/main/java/jadx/api/JavaPackage.java
2385	jadx.api.JavaPackage	getClasses()	0	0	[]	false	public	true	file:///private/tmp/projects/jadx/jadx-core/src/main/java/jadx/api/JavaPackage.java
2386	jadx.api.JavaPackage	getDeclaringClass()	2283	0	[]	false	public	true	file:///private/tmp/projects/jadx/jadx-core/src/main/java/jadx/api/JavaPackage.java
2387	jadx.api.JavaPackage	getTopParentClass()	2286	0	[]	false	public	true	file:///private/tmp/projects/jadx/jadx-core/src/main/java/jadx/api/JavaPackage.java
2388	jadx.api.JavaPackage	getDefPos()	2299	0	[]	false	public	false	file:///private/tmp/projects/jadx/jadx-core/src/main/java/jadx/api/JavaPackage.java
2389	jadx.api.JavaPackage	getUseIn()	2274	0	[]	false	public	true	file:///private/tmp/projects/jadx/jadx-core/src/main/java/jadx/api/JavaPackage.java
2390	jadx.api.JavaPackage	isOwnCodeAnnotation(jadx.api.metadata.ICodeAnnotation)	2266	1	[false]	false	public	false	file:///private/tmp/projects/jadx/jadx-core/src/main/java/jadx/api/JavaPackage.java
2391	jadx.api.JavaPackage	compareTo(@org.jetbrains.annotations.NotNull jadx.api.JavaPackage)	190	1	[false]	false	public	false	file:///private/tmp/projects/jadx/jadx-core/src/main/java/jadx/api/JavaPackage.java
2392	jadx.api.JavaPackage	equals(java.lang.Object)	188	1	[false]	false	public	false	file:///private/tmp/projects/jadx/jadx-core/src/main/java/jadx/api/JavaPackage.java
2393	jadx.api.JavaPackage	hashCode()	186	0	[]	false	public	false	file:///private/tmp/projects/jadx/jadx-core/src/main/java/jadx/api/JavaPackage.java
2394	jadx.api.JavaPackage	toString()	83	0	[]	false	public	true	file:///private/tmp/projects/jadx/jadx-core/src/main/java/jadx/api/JavaPackage.java
2395	jadx.api.JavaVariable	JavaVariable(jadx.api.JavaMethod,jadx.api.metadata.annotations.VarNode)	0	2	[false, false]	false	public	false	file:///private/tmp/projects/jadx/jadx-core/src/main/java/jadx/api/JavaVariable.java
2396	jadx.api.JavaVariable	getMth()	0	0	[]	false	public	true	file:///private/tmp/projects/jadx/jadx-core/src/main/java/jadx/api/JavaVariable.java
2397	jadx.api.JavaVariable	getReg()	0	0	[]	false	public	false	file:///private/tmp/projects/jadx/jadx-core/src/main/java/jadx/api/JavaVariable.java
2398	jadx.api.JavaVariable	getSsa()	0	0	[]	false	public	false	file:///private/tmp/projects/jadx/jadx-core/src/main/java/jadx/api/JavaVariable.java
2399	jadx.api.JavaVariable	getName()	2277	0	[]	true	public	true	file:///private/tmp/projects/jadx/jadx-core/src/main/java/jadx/api/JavaVariable.java
2400	jadx.api.JavaVariable	getVarNode()	0	0	[]	false	public	true	file:///private/tmp/projects/jadx/jadx-core/src/main/java/jadx/api/JavaVariable.java
2401	jadx.api.JavaVariable	getFullName()	2279	0	[]	false	public	true	file:///private/tmp/projects/jadx/jadx-core/src/main/java/jadx/api/JavaVariable.java
2402	jadx.api.JavaVariable	getType()	0	0	[]	false	public	true	file:///private/tmp/projects/jadx/jadx-core/src/main/java/jadx/api/JavaVariable.java
2403	jadx.api.JavaVariable	getDeclaringClass()	2283	0	[]	false	public	true	file:///private/tmp/projects/jadx/jadx-core/src/main/java/jadx/api/JavaVariable.java
2404	jadx.api.JavaVariable	getTopParentClass()	2286	0	[]	false	public	true	file:///private/tmp/projects/jadx/jadx-core/src/main/java/jadx/api/JavaVariable.java
2405	jadx.api.JavaVariable	getDefPos()	2299	0	[]	false	public	false	file:///private/tmp/projects/jadx/jadx-core/src/main/java/jadx/api/JavaVariable.java
2406	jadx.api.JavaVariable	getUseIn()	2274	0	[]	false	public	true	file:///private/tmp/projects/jadx/jadx-core/src/main/java/jadx/api/JavaVariable.java
2407	jadx.api.JavaVariable	isOwnCodeAnnotation(jadx.api.metadata.ICodeAnnotation)	2266	1	[false]	false	public	false	file:///private/tmp/projects/jadx/jadx-core/src/main/java/jadx/api/JavaVariable.java
2408	jadx.api.JavaVariable	hashCode()	186	0	[]	false	public	false	file:///private/tmp/projects/jadx/jadx-core/src/main/java/jadx/api/JavaVariable.java
2409	jadx.api.JavaVariable	equals(java.lang.Object)	188	1	[false]	false	public	false	file:///private/tmp/projects/jadx/jadx-core/src/main/java/jadx/api/JavaVariable.java
2410	jadx.core.xmlgen.entry.ValuesParser	ValuesParser(@org.jetbrains.annotations.Nullable java.lang.String[],java.util.Map<java.lang.Integer,java.lang.String>)	0	2	[true, false]	false	public	false	file:///private/tmp/projects/jadx/jadx-core/src/main/java/jadx/core/xmlgen/entry/ValuesParser.java
2411	jadx.core.xmlgen.entry.ValuesParser	getAndroidResMap()	0	0	[]	false	public	true	file:///private/tmp/projects/jadx/jadx-core/src/main/java/jadx/core/xmlgen/entry/ValuesParser.java
2412	jadx.core.xmlgen.entry.ValuesParser	loadAndroidResMap()	0	0	[]	false	private	true	file:///private/tmp/projects/jadx/jadx-core/src/main/java/jadx/core/xmlgen/entry/ValuesParser.java
2413	jadx.core.xmlgen.entry.ValuesParser	getSimpleValueString(jadx.core.xmlgen.entry.ResourceEntry)	0	1	[false]	true	public	true	file:///private/tmp/projects/jadx/jadx-core/src/main/java/jadx/core/xmlgen/entry/ValuesParser.java
2414	jadx.core.xmlgen.entry.ValuesParser	getValueString(jadx.core.xmlgen.entry.ResourceEntry)	0	1	[false]	true	public	true	file:///private/tmp/projects/jadx/jadx-core/src/main/java/jadx/core/xmlgen/entry/ValuesParser.java
2415	jadx.core.xmlgen.entry.ValuesParser	decodeValue(jadx.core.xmlgen.entry.RawValue)	0	1	[false]	true	public	true	file:///private/tmp/projects/jadx/jadx-core/src/main/java/jadx/core/xmlgen/entry/ValuesParser.java
2416	jadx.core.xmlgen.entry.ValuesParser	decodeValue(int,int)	0	2	[false, false]	true	public	true	file:///private/tmp/projects/jadx/jadx-core/src/main/java/jadx/core/xmlgen/entry/ValuesParser.java
2417	jadx.core.xmlgen.entry.ValuesParser	decodeNameRef(int)	0	1	[false]	true	public	true	file:///private/tmp/projects/jadx/jadx-core/src/main/java/jadx/core/xmlgen/entry/ValuesParser.java
2418	jadx.core.xmlgen.ParserStream	ParserStream(@org.jetbrains.annotations.NotNull java.io.InputStream)	0	1	[false]	false	public	false	file:///private/tmp/projects/jadx/jadx-core/src/main/java/jadx/core/xmlgen/ParserStream.java
2419	jadx.core.xmlgen.ParserStream	getPos()	0	0	[]	false	public	false	file:///private/tmp/projects/jadx/jadx-core/src/main/java/jadx/core/xmlgen/ParserStream.java
2420	jadx.core.xmlgen.ParserStream	readInt8()	0	0	[]	false	public	false	file:///private/tmp/projects/jadx/jadx-core/src/main/java/jadx/core/xmlgen/ParserStream.java
2421	jadx.core.xmlgen.ParserStream	readInt16()	0	0	[]	false	public	false	file:///private/tmp/projects/jadx/jadx-core/src/main/java/jadx/core/xmlgen/ParserStream.java
2422	jadx.core.xmlgen.ParserStream	readInt32()	0	0	[]	false	public	false	file:///private/tmp/projects/jadx/jadx-core/src/main/java/jadx/core/xmlgen/ParserStream.java
2423	jadx.core.xmlgen.ParserStream	readUInt32()	0	0	[]	false	public	false	file:///private/tmp/projects/jadx/jadx-core/src/main/java/jadx/core/xmlgen/ParserStream.java
2424	jadx.core.xmlgen.ParserStream	readString16Fixed(int)	0	1	[false]	false	public	true	file:///private/tmp/projects/jadx/jadx-core/src/main/java/jadx/core/xmlgen/ParserStream.java
2425	jadx.core.xmlgen.ParserStream	readInt32Array(int)	0	1	[false]	false	public	true	file:///private/tmp/projects/jadx/jadx-core/src/main/java/jadx/core/xmlgen/ParserStream.java
2426	jadx.core.xmlgen.ParserStream	readInt8Array(int)	0	1	[false]	false	public	true	file:///private/tmp/projects/jadx/jadx-core/src/main/java/jadx/core/xmlgen/ParserStream.java
2427	jadx.core.xmlgen.ParserStream	skip(long)	0	1	[false]	false	public	false	file:///private/tmp/projects/jadx/jadx-core/src/main/java/jadx/core/xmlgen/ParserStream.java
2428	jadx.core.xmlgen.ParserStream	checkInt8(int,java.lang.String)	0	2	[false, false]	false	public	false	file:///private/tmp/projects/jadx/jadx-core/src/main/java/jadx/core/xmlgen/ParserStream.java
2429	jadx.core.xmlgen.ParserStream	checkInt16(int,java.lang.String)	0	2	[false, false]	false	public	false	file:///private/tmp/projects/jadx/jadx-core/src/main/java/jadx/core/xmlgen/ParserStream.java
2430	jadx.core.xmlgen.ParserStream	throwException(java.lang.String,int,int)	0	3	[false, false, false]	false	private	false	file:///private/tmp/projects/jadx/jadx-core/src/main/java/jadx/core/xmlgen/ParserStream.java
2431	jadx.core.xmlgen.ParserStream	checkPos(long,java.lang.String)	0	2	[false, false]	false	public	false	file:///private/tmp/projects/jadx/jadx-core/src/main/java/jadx/core/xmlgen/ParserStream.java
2432	jadx.core.xmlgen.ParserStream	skipToPos(long,java.lang.String)	0	2	[false, false]	false	public	false	file:///private/tmp/projects/jadx/jadx-core/src/main/java/jadx/core/xmlgen/ParserStream.java
2433	jadx.core.xmlgen.ParserStream	mark(int)	0	1	[false]	false	public	false	file:///private/tmp/projects/jadx/jadx-core/src/main/java/jadx/core/xmlgen/ParserStream.java
2434	jadx.core.xmlgen.ParserStream	reset()	0	0	[]	false	public	false	file:///private/tmp/projects/jadx/jadx-core/src/main/java/jadx/core/xmlgen/ParserStream.java
2435	jadx.core.xmlgen.ParserStream	readFully(byte[])	0	1	[false]	false	public	false	file:///private/tmp/projects/jadx/jadx-core/src/main/java/jadx/core/xmlgen/ParserStream.java
2436	jadx.core.xmlgen.ParserStream	readFully(byte[],int,int)	0	3	[false, false, false]	false	public	false	file:///private/tmp/projects/jadx/jadx-core/src/main/java/jadx/core/xmlgen/ParserStream.java
2437	jadx.core.xmlgen.ParserStream	toString()	83	0	[]	false	public	true	file:///private/tmp/projects/jadx/jadx-core/src/main/java/jadx/core/xmlgen/ParserStream.java
2438	jadx.core.clsp.ClspClass	ClspClass(jadx.core.dex.instructions.args.ArgType,int)	0	2	[false, false]	false	public	false	file:///private/tmp/projects/jadx/jadx-core/src/main/java/jadx/core/clsp/ClspClass.java
2439	jadx.core.clsp.ClspClass	getName()	0	0	[]	false	public	true	file:///private/tmp/projects/jadx/jadx-core/src/main/java/jadx/core/clsp/ClspClass.java
2440	jadx.core.clsp.ClspClass	getClsType()	0	0	[]	false	public	true	file:///private/tmp/projects/jadx/jadx-core/src/main/java/jadx/core/clsp/ClspClass.java
2441	jadx.core.clsp.ClspClass	getId()	0	0	[]	false	public	false	file:///private/tmp/projects/jadx/jadx-core/src/main/java/jadx/core/clsp/ClspClass.java
2442	jadx.core.clsp.ClspClass	getParents()	0	0	[]	false	public	true	file:///private/tmp/projects/jadx/jadx-core/src/main/java/jadx/core/clsp/ClspClass.java
2443	jadx.core.clsp.ClspClass	setParents(jadx.core.dex.instructions.args.ArgType[])	0	1	[true]	false	public	false	file:///private/tmp/projects/jadx/jadx-core/src/main/java/jadx/core/clsp/ClspClass.java
2444	jadx.core.clsp.ClspClass	getMethodsMap()	0	0	[]	false	public	true	file:///private/tmp/projects/jadx/jadx-core/src/main/java/jadx/core/clsp/ClspClass.java
2445	jadx.core.clsp.ClspClass	getSortedMethodsList()	0	0	[]	false	public	true	file:///private/tmp/projects/jadx/jadx-core/src/main/java/jadx/core/clsp/ClspClass.java
2446	jadx.core.clsp.ClspClass	setMethodsMap(java.util.Map<java.lang.String,jadx.core.clsp.ClspMethod>)	0	1	[false]	false	public	false	file:///private/tmp/projects/jadx/jadx-core/src/main/java/jadx/core/clsp/ClspClass.java
2447	jadx.core.clsp.ClspClass	setMethods(java.util.List<jadx.core.clsp.ClspMethod>)	0	1	[false]	false	public	false	file:///private/tmp/projects/jadx/jadx-core/src/main/java/jadx/core/clsp/ClspClass.java
2448	jadx.core.clsp.ClspClass	getTypeParameters()	0	0	[]	false	public	true	file:///private/tmp/projects/jadx/jadx-core/src/main/java/jadx/core/clsp/ClspClass.java
2449	jadx.core.clsp.ClspClass	setTypeParameters(java.util.List<jadx.core.dex.instructions.args.ArgType>)	0	1	[false]	false	public	false	file:///private/tmp/projects/jadx/jadx-core/src/main/java/jadx/core/clsp/ClspClass.java
2450	jadx.core.clsp.ClspClass	hashCode()	186	0	[]	false	public	false	file:///private/tmp/projects/jadx/jadx-core/src/main/java/jadx/core/clsp/ClspClass.java
2451	jadx.core.clsp.ClspClass	equals(java.lang.Object)	188	1	[false]	false	public	false	file:///private/tmp/projects/jadx/jadx-core/src/main/java/jadx/core/clsp/ClspClass.java
2452	jadx.core.clsp.ClspClass	toString()	83	0	[]	false	public	true	file:///private/tmp/projects/jadx/jadx-core/src/main/java/jadx/core/clsp/ClspClass.java
2453	jadx.core.clsp.ClsSet	ClsSet(jadx.core.dex.nodes.RootNode)	0	1	[false]	false	public	false	file:///private/tmp/projects/jadx/jadx-core/src/main/java/jadx/core/clsp/ClsSet.java
2454	jadx.core.clsp.ClsSet	loadFromClstFile()	0	0	[]	false	public	false	file:///private/tmp/projects/jadx/jadx-core/src/main/java/jadx/core/clsp/ClsSet.java
2455	jadx.core.clsp.ClsSet	loadFrom(jadx.core.dex.nodes.RootNode)	0	1	[false]	false	public	false	file:///private/tmp/projects/jadx/jadx-core/src/main/java/jadx/core/clsp/ClsSet.java
2456	jadx.core.clsp.ClsSet	getMethodsDetails(jadx.core.dex.nodes.ClassNode)	0	1	[false]	false	private	true	file:///private/tmp/projects/jadx/jadx-core/src/main/java/jadx/core/clsp/ClsSet.java
2457	jadx.core.clsp.ClsSet	processMethodDetails(jadx.core.dex.nodes.MethodNode,java.util.List<jadx.core.clsp.ClspMethod>)	0	2	[false, false]	false	private	false	file:///private/tmp/projects/jadx/jadx-core/src/main/java/jadx/core/clsp/ClsSet.java
2458	jadx.core.clsp.ClsSet	makeParentsArray(jadx.core.dex.nodes.ClassNode)	0	1	[false]	false	public	true	file:///private/tmp/projects/jadx/jadx-core/src/main/java/jadx/core/clsp/ClsSet.java
2459	jadx.core.clsp.ClsSet	getCls(jadx.core.dex.nodes.ClassNode,java.util.Map<java.lang.String,jadx.core.clsp.ClspClass>)	0	2	[false, false]	false	private	true	file:///private/tmp/projects/jadx/jadx-core/src/main/java/jadx/core/clsp/ClsSet.java
2460	jadx.core.clsp.ClsSet	getCls(jadx.core.dex.instructions.args.ArgType,java.util.Map<java.lang.String,jadx.core.clsp.ClspClass>)	0	2	[false, false]	false	private	true	file:///private/tmp/projects/jadx/jadx-core/src/main/java/jadx/core/clsp/ClsSet.java
2461	jadx.core.clsp.ClsSet	getCls(java.lang.String,java.util.Map<java.lang.String,jadx.core.clsp.ClspClass>)	0	2	[false, false]	false	private	true	file:///private/tmp/projects/jadx/jadx-core/src/main/java/jadx/core/clsp/ClsSet.java
2462	jadx.core.clsp.ClsSet	save(java.nio.file.Path)	0	1	[false]	false	public	false	file:///private/tmp/projects/jadx/jadx-core/src/main/java/jadx/core/clsp/ClsSet.java
2463	jadx.core.clsp.ClsSet	save(java.io.OutputStream)	0	1	[false]	false	private	false	file:///private/tmp/projects/jadx/jadx-core/src/main/java/jadx/core/clsp/ClsSet.java
2464	jadx.core.clsp.ClsSet	writeMethod(java.io.DataOutputStream,jadx.core.clsp.ClspMethod,java.util.Map<java.lang.String,jadx.core.clsp.ClspClass>)	0	3	[false, false, false]	false	private	false	file:///private/tmp/projects/jadx/jadx-core/src/main/java/jadx/core/clsp/ClsSet.java
2465	jadx.core.clsp.ClsSet	writeArgTypesList(java.io.DataOutputStream,java.util.List<jadx.core.dex.instructions.args.ArgType>,java.util.Map<java.lang.String,jadx.core.clsp.ClspClass>)	0	3	[false, false, false]	false	private	false	file:///private/tmp/projects/jadx/jadx-core/src/main/java/jadx/core/clsp/ClsSet.java
2466	jadx.core.clsp.ClsSet	writeArgTypesArray(java.io.DataOutputStream,@org.jetbrains.annotations.Nullable jadx.core.dex.instructions.args.ArgType[],java.util.Map<java.lang.String,jadx.core.clsp.ClspClass>)	0	3	[false, true, false]	false	private	false	file:///private/tmp/projects/jadx/jadx-core/src/main/java/jadx/core/clsp/ClsSet.java
2467	jadx.core.clsp.ClsSet	writeArgType(java.io.DataOutputStream,@org.jetbrains.annotations.Nullable jadx.core.dex.instructions.args.ArgType,java.util.Map<java.lang.String,jadx.core.clsp.ClspClass>)	0	3	[false, true, false]	false	private	false	file:///private/tmp/projects/jadx/jadx-core/src/main/java/jadx/core/clsp/ClsSet.java
2468	jadx.core.clsp.ClsSet	load(java.io.File)	0	1	[false]	false	private	false	file:///private/tmp/projects/jadx/jadx-core/src/main/java/jadx/core/clsp/ClsSet.java
2469	jadx.core.clsp.ClsSet	load(java.io.InputStream)	0	1	[false]	false	private	false	file:///private/tmp/projects/jadx/jadx-core/src/main/java/jadx/core/clsp/ClsSet.java
2470	jadx.core.clsp.ClsSet	readClsMethods(java.io.DataInputStream,jadx.core.dex.info.ClassInfo)	0	2	[false, false]	false	private	true	file:///private/tmp/projects/jadx/jadx-core/src/main/java/jadx/core/clsp/ClsSet.java
2471	jadx.core.clsp.ClsSet	readMethod(java.io.DataInputStream,jadx.core.dex.info.ClassInfo)	0	2	[false, false]	false	private	true	file:///private/tmp/projects/jadx/jadx-core/src/main/java/jadx/core/clsp/ClsSet.java
2472	jadx.core.clsp.ClsSet	readArgTypesList(java.io.DataInputStream)	0	1	[false]	false	private	true	file:///private/tmp/projects/jadx/jadx-core/src/main/java/jadx/core/clsp/ClsSet.java
2473	jadx.core.clsp.ClsSet	readArgTypesArray(java.io.DataInputStream)	0	1	[false]	true	private	true	file:///private/tmp/projects/jadx/jadx-core/src/main/java/jadx/core/clsp/ClsSet.java
2474	jadx.core.clsp.ClsSet	readArgType(java.io.DataInputStream)	0	1	[false]	false	private	true	file:///private/tmp/projects/jadx/jadx-core/src/main/java/jadx/core/clsp/ClsSet.java
2475	jadx.core.clsp.ClsSet	writeString(java.io.DataOutputStream,java.lang.String)	0	2	[false, false]	false	private	false	file:///private/tmp/projects/jadx/jadx-core/src/main/java/jadx/core/clsp/ClsSet.java
2476	jadx.core.clsp.ClsSet	readString(java.io.DataInputStream)	0	1	[false]	false	private	true	file:///private/tmp/projects/jadx/jadx-core/src/main/java/jadx/core/clsp/ClsSet.java
2477	jadx.core.clsp.ClsSet	readString(java.io.DataInputStream,int)	0	2	[false, false]	false	private	true	file:///private/tmp/projects/jadx/jadx-core/src/main/java/jadx/core/clsp/ClsSet.java
2478	jadx.core.clsp.ClsSet	writeUnsignedByte(java.io.DataOutputStream,int)	0	2	[false, false]	false	private	false	file:///private/tmp/projects/jadx/jadx-core/src/main/java/jadx/core/clsp/ClsSet.java
2479	jadx.core.clsp.ClsSet	readUnsignedByte(java.io.DataInputStream)	0	1	[false]	false	private	false	file:///private/tmp/projects/jadx/jadx-core/src/main/java/jadx/core/clsp/ClsSet.java
2480	jadx.core.clsp.ClsSet	getClassesCount()	0	0	[]	false	public	false	file:///private/tmp/projects/jadx/jadx-core/src/main/java/jadx/core/clsp/ClsSet.java
2481	jadx.core.clsp.ClsSet	addToMap(java.util.Map<java.lang.String,jadx.core.clsp.ClspClass>)	0	1	[false]	false	public	false	file:///private/tmp/projects/jadx/jadx-core/src/main/java/jadx/core/clsp/ClsSet.java
2482	jadx.core.clsp.ClspMethod	ClspMethod(jadx.core.dex.info.MethodInfo,java.util.List<jadx.core.dex.instructions.args.ArgType>,jadx.core.dex.instructions.args.ArgType,java.util.List<jadx.core.dex.instructions.args.ArgType>,java.util.List<jadx.core.dex.instructions.args.ArgType>,int)	0	6	[false, false, false, false, false, false]	false	public	false	file:///private/tmp/projects/jadx/jadx-core/src/main/java/jadx/core/clsp/ClspMethod.java
2483	jadx.core.clsp.ClspMethod	getMethodInfo()	594	0	[]	false	public	true	file:///private/tmp/projects/jadx/jadx-core/src/main/java/jadx/core/clsp/ClspMethod.java
2484	jadx.core.clsp.ClspMethod	getReturnType()	535	0	[]	false	public	true	file:///private/tmp/projects/jadx/jadx-core/src/main/java/jadx/core/clsp/ClspMethod.java
2485	jadx.core.clsp.ClspMethod	getArgTypes()	531	0	[]	false	public	true	file:///private/tmp/projects/jadx/jadx-core/src/main/java/jadx/core/clsp/ClspMethod.java
2486	jadx.core.clsp.ClspMethod	containsGenericArgs()	0	0	[]	false	public	false	file:///private/tmp/projects/jadx/jadx-core/src/main/java/jadx/core/clsp/ClspMethod.java
2487	jadx.core.clsp.ClspMethod	getArgsCount()	0	0	[]	false	public	false	file:///private/tmp/projects/jadx/jadx-core/src/main/java/jadx/core/clsp/ClspMethod.java
2488	jadx.core.clsp.ClspMethod	getTypeParameters()	543	0	[]	false	public	true	file:///private/tmp/projects/jadx/jadx-core/src/main/java/jadx/core/clsp/ClspMethod.java
2489	jadx.core.clsp.ClspMethod	getThrows()	573	0	[]	false	public	true	file:///private/tmp/projects/jadx/jadx-core/src/main/java/jadx/core/clsp/ClspMethod.java
2490	jadx.core.clsp.ClspMethod	isVarArg()	601	0	[]	false	public	false	file:///private/tmp/projects/jadx/jadx-core/src/main/java/jadx/core/clsp/ClspMethod.java
2491	jadx.core.clsp.ClspMethod	getRawAccessFlags()	585	0	[]	false	public	false	file:///private/tmp/projects/jadx/jadx-core/src/main/java/jadx/core/clsp/ClspMethod.java
2492	jadx.core.clsp.ClspMethod	equals(java.lang.Object)	188	1	[false]	false	public	false	file:///private/tmp/projects/jadx/jadx-core/src/main/java/jadx/core/clsp/ClspMethod.java
2493	jadx.core.clsp.ClspMethod	hashCode()	186	0	[]	false	public	false	file:///private/tmp/projects/jadx/jadx-core/src/main/java/jadx/core/clsp/ClspMethod.java
2494	jadx.core.clsp.ClspMethod	compareTo(@org.jetbrains.annotations.NotNull jadx.core.clsp.ClspMethod)	190	1	[false]	false	public	false	file:///private/tmp/projects/jadx/jadx-core/src/main/java/jadx/core/clsp/ClspMethod.java
2495	jadx.core.clsp.ClspMethod	toAttrString()	611	0	[]	false	public	true	file:///private/tmp/projects/jadx/jadx-core/src/main/java/jadx/core/clsp/ClspMethod.java
2496	jadx.core.clsp.ClspMethod	toString()	83	0	[]	false	public	true	file:///private/tmp/projects/jadx/jadx-core/src/main/java/jadx/core/clsp/ClspMethod.java
2497	jadx.core.dex.visitors.typeinference.ITypeListener	update(jadx.core.dex.visitors.typeinference.TypeUpdateInfo,jadx.core.dex.nodes.InsnNode,jadx.core.dex.instructions.args.InsnArg,@org.jetbrains.annotations.NotNull jadx.core.dex.instructions.args.ArgType)	0	4	[false, false, false, false]	false	public	true	file:///private/tmp/projects/jadx/jadx-core/src/main/java/jadx/core/dex/visitors/typeinference/ITypeListener.java
2498	jadx.core.dex.visitors.typeinference.TypeUpdateFlags	build(int)	0	1	[false]	false	private	true	file:///private/tmp/projects/jadx/jadx-core/src/main/java/jadx/core/dex/visitors/typeinference/TypeUpdateFlags.java
2499	jadx.core.dex.visitors.typeinference.TypeUpdateFlags	TypeUpdateFlags(int)	0	1	[false]	false	private	false	file:///private/tmp/projects/jadx/jadx-core/src/main/java/jadx/core/dex/visitors/typeinference/TypeUpdateFlags.java
2500	jadx.core.dex.visitors.typeinference.TypeUpdateFlags	isAllowWider()	0	0	[]	false	public	false	file:///private/tmp/projects/jadx/jadx-core/src/main/java/jadx/core/dex/visitors/typeinference/TypeUpdateFlags.java
2501	jadx.core.dex.visitors.typeinference.TypeUpdateFlags	isIgnoreSame()	0	0	[]	false	public	false	file:///private/tmp/projects/jadx/jadx-core/src/main/java/jadx/core/dex/visitors/typeinference/TypeUpdateFlags.java
2502	jadx.core.dex.visitors.typeinference.TypeUpdateFlags	isIgnoreUnknown()	0	0	[]	false	public	false	file:///private/tmp/projects/jadx/jadx-core/src/main/java/jadx/core/dex/visitors/typeinference/TypeUpdateFlags.java
2503	jadx.core.dex.visitors.typeinference.TypeUpdateFlags	toString()	83	0	[]	false	public	true	file:///private/tmp/projects/jadx/jadx-core/src/main/java/jadx/core/dex/visitors/typeinference/TypeUpdateFlags.java
2504	jadx.core.dex.visitors.typeinference.TypeUpdateInfo	TypeUpdateInfo(jadx.core.dex.nodes.MethodNode,jadx.core.dex.visitors.typeinference.TypeUpdateFlags)	0	2	[false, false]	false	public	false	file:///private/tmp/projects/jadx/jadx-core/src/main/java/jadx/core/dex/visitors/typeinference/TypeUpdateInfo.java
2505	jadx.core.dex.visitors.typeinference.TypeUpdateInfo	requestUpdate(jadx.core.dex.instructions.args.InsnArg,jadx.core.dex.instructions.args.ArgType)	0	2	[false, false]	false	public	false	file:///private/tmp/projects/jadx/jadx-core/src/main/java/jadx/core/dex/visitors/typeinference/TypeUpdateInfo.java
2506	jadx.core.dex.visitors.typeinference.TypeUpdateInfo	applyUpdates()	0	0	[]	false	public	false	file:///private/tmp/projects/jadx/jadx-core/src/main/java/jadx/core/dex/visitors/typeinference/TypeUpdateInfo.java
2507	jadx.core.dex.visitors.typeinference.TypeUpdateInfo	isProcessed(jadx.core.dex.instructions.args.InsnArg)	0	1	[false]	false	public	false	file:///private/tmp/projects/jadx/jadx-core/src/main/java/jadx/core/dex/visitors/typeinference/TypeUpdateInfo.java
2508	jadx.core.dex.visitors.typeinference.TypeUpdateInfo	getType(jadx.core.dex.instructions.args.InsnArg)	0	1	[true]	false	public	true	file:///private/tmp/projects/jadx/jadx-core/src/main/java/jadx/core/dex/visitors/typeinference/TypeUpdateInfo.java
2509	jadx.core.dex.visitors.typeinference.TypeUpdateInfo	rollbackUpdate(jadx.core.dex.instructions.args.InsnArg)	0	1	[false]	false	public	false	file:///private/tmp/projects/jadx/jadx-core/src/main/java/jadx/core/dex/visitors/typeinference/TypeUpdateInfo.java
2510	jadx.core.dex.visitors.typeinference.TypeUpdateInfo	checkUpdatesCount()	0	0	[]	false	public	false	file:///private/tmp/projects/jadx/jadx-core/src/main/java/jadx/core/dex/visitors/typeinference/TypeUpdateInfo.java
2511	jadx.core.dex.visitors.typeinference.TypeUpdateInfo	getMth()	0	0	[]	false	public	true	file:///private/tmp/projects/jadx/jadx-core/src/main/java/jadx/core/dex/visitors/typeinference/TypeUpdateInfo.java
2512	jadx.core.dex.visitors.typeinference.TypeUpdateInfo	getUpdates()	0	0	[]	false	public	true	file:///private/tmp/projects/jadx/jadx-core/src/main/java/jadx/core/dex/visitors/typeinference/TypeUpdateInfo.java
2513	jadx.core.dex.visitors.typeinference.TypeUpdateInfo	getFlags()	0	0	[]	false	public	true	file:///private/tmp/projects/jadx/jadx-core/src/main/java/jadx/core/dex/visitors/typeinference/TypeUpdateInfo.java
2514	jadx.core.dex.visitors.typeinference.TypeUpdateInfo	toString()	83	0	[]	false	public	true	file:///private/tmp/projects/jadx/jadx-core/src/main/java/jadx/core/dex/visitors/typeinference/TypeUpdateInfo.java
2515	jadx.core.dex.visitors.typeinference.TypeUpdateEntry	TypeUpdateEntry(jadx.core.dex.instructions.args.InsnArg,jadx.core.dex.instructions.args.ArgType)	0	2	[false, false]	false	public	false	file:///private/tmp/projects/jadx/jadx-core/src/main/java/jadx/core/dex/visitors/typeinference/TypeUpdateEntry.java
2516	jadx.core.dex.visitors.typeinference.TypeUpdateEntry	getArg()	0	0	[]	false	public	true	file:///private/tmp/projects/jadx/jadx-core/src/main/java/jadx/core/dex/visitors/typeinference/TypeUpdateEntry.java
2517	jadx.core.dex.visitors.typeinference.TypeUpdateEntry	getType()	0	0	[]	false	public	true	file:///private/tmp/projects/jadx/jadx-core/src/main/java/jadx/core/dex/visitors/typeinference/TypeUpdateEntry.java
2518	jadx.core.dex.visitors.typeinference.TypeUpdateEntry	toString()	83	0	[]	false	public	true	file:///private/tmp/projects/jadx/jadx-core/src/main/java/jadx/core/dex/visitors/typeinference/TypeUpdateEntry.java
2519	jadx.core.dex.attributes.AttributeStorage	AttributeStorage()	0	0	[]	false	public	false	file:///private/tmp/projects/jadx/jadx-core/src/main/java/jadx/core/dex/attributes/AttributeStorage.java
2520	jadx.core.dex.attributes.AttributeStorage	AttributeStorage(java.util.List<jadx.api.plugins.input.data.attributes.IJadxAttribute>)	0	1	[false]	false	public	false	file:///private/tmp/projects/jadx/jadx-core/src/main/java/jadx/core/dex/attributes/AttributeStorage.java
2521	jadx.core.dex.attributes.AttributeStorage	add(jadx.core.dex.attributes.AFlag)	0	1	[false]	false	public	false	file:///private/tmp/projects/jadx/jadx-core/src/main/java/jadx/core/dex/attributes/AttributeStorage.java
2522	jadx.core.dex.attributes.AttributeStorage	add(jadx.api.plugins.input.data.attributes.IJadxAttribute)	0	1	[false]	false	public	false	file:///private/tmp/projects/jadx/jadx-core/src/main/java/jadx/core/dex/attributes/AttributeStorage.java
2523	jadx.core.dex.attributes.AttributeStorage	add(java.util.List<jadx.api.plugins.input.data.attributes.IJadxAttribute>)	0	1	[false]	false	public	false	file:///private/tmp/projects/jadx/jadx-core/src/main/java/jadx/core/dex/attributes/AttributeStorage.java
2524	jadx.core.dex.attributes.AttributeStorage	<T>add(jadx.api.plugins.input.data.attributes.IJadxAttrType<jadx.core.dex.attributes.AttrList<T>>,T)	0	2	[false, false]	false	public	false	file:///private/tmp/projects/jadx/jadx-core/src/main/java/jadx/core/dex/attributes/AttributeStorage.java
2525	jadx.core.dex.attributes.AttributeStorage	addAll(jadx.core.dex.attributes.AttributeStorage)	0	1	[false]	false	public	false	file:///private/tmp/projects/jadx/jadx-core/src/main/java/jadx/core/dex/attributes/AttributeStorage.java
2526	jadx.core.dex.attributes.AttributeStorage	contains(jadx.core.dex.attributes.AFlag)	0	1	[false]	false	public	false	file:///private/tmp/projects/jadx/jadx-core/src/main/java/jadx/core/dex/attributes/AttributeStorage.java
2527	jadx.core.dex.attributes.AttributeStorage	<T>contains(jadx.api.plugins.input.data.attributes.IJadxAttrType<T>)	0	1	[false]	false	public	false	file:///private/tmp/projects/jadx/jadx-core/src/main/java/jadx/core/dex/attributes/AttributeStorage.java
2528	jadx.core.dex.attributes.AttributeStorage	<T>get(jadx.api.plugins.input.data.attributes.IJadxAttrType<T>)	0	1	[false]	true	public	true	file:///private/tmp/projects/jadx/jadx-core/src/main/java/jadx/core/dex/attributes/AttributeStorage.java
2529	jadx.core.dex.attributes.AttributeStorage	getAnnotation(java.lang.String)	0	1	[false]	true	public	true	file:///private/tmp/projects/jadx/jadx-core/src/main/java/jadx/core/dex/attributes/AttributeStorage.java
2530	jadx.core.dex.attributes.AttributeStorage	<T>getAll(jadx.api.plugins.input.data.attributes.IJadxAttrType<jadx.core.dex.attributes.AttrList<T>>)	0	1	[false]	false	public	true	file:///private/tmp/projects/jadx/jadx-core/src/main/java/jadx/core/dex/attributes/AttributeStorage.java
2531	jadx.core.dex.attributes.AttributeStorage	remove(jadx.core.dex.attributes.AFlag)	0	1	[false]	false	public	false	file:///private/tmp/projects/jadx/jadx-core/src/main/java/jadx/core/dex/attributes/AttributeStorage.java
2532	jadx.core.dex.attributes.AttributeStorage	<T>remove(jadx.api.plugins.input.data.attributes.IJadxAttrType<T>)	0	1	[false]	false	public	false	file:///private/tmp/projects/jadx/jadx-core/src/main/java/jadx/core/dex/attributes/AttributeStorage.java
2533	jadx.core.dex.attributes.AttributeStorage	remove(jadx.api.plugins.input.data.attributes.IJadxAttribute)	0	1	[false]	false	public	false	file:///private/tmp/projects/jadx/jadx-core/src/main/java/jadx/core/dex/attributes/AttributeStorage.java
2534	jadx.core.dex.attributes.AttributeStorage	writeAttributes()	0	0	[]	false	private	true	file:///private/tmp/projects/jadx/jadx-core/src/main/java/jadx/core/dex/attributes/AttributeStorage.java
2535	jadx.core.dex.attributes.AttributeStorage	clear()	0	0	[]	false	public	false	file:///private/tmp/projects/jadx/jadx-core/src/main/java/jadx/core/dex/attributes/AttributeStorage.java
2536	jadx.core.dex.attributes.AttributeStorage	unloadAttributes()	0	0	[]	false	public	false	file:///private/tmp/projects/jadx/jadx-core/src/main/java/jadx/core/dex/attributes/AttributeStorage.java
2537	jadx.core.dex.attributes.AttributeStorage	getAttributeStrings()	0	0	[]	false	public	true	file:///private/tmp/projects/jadx/jadx-core/src/main/java/jadx/core/dex/attributes/AttributeStorage.java
2538	jadx.core.dex.attributes.AttributeStorage	isEmpty()	0	0	[]	false	public	false	file:///private/tmp/projects/jadx/jadx-core/src/main/java/jadx/core/dex/attributes/AttributeStorage.java
2539	jadx.core.dex.attributes.AttributeStorage	toString()	83	0	[]	false	public	true	file:///private/tmp/projects/jadx/jadx-core/src/main/java/jadx/core/dex/attributes/AttributeStorage.java
2540	jadx.core.deobf.DeobfPresets	build(jadx.core.dex.nodes.RootNode)	0	1	[false]	false	public	true	file:///private/tmp/projects/jadx/jadx-core/src/main/java/jadx/core/deobf/DeobfPresets.java
2541	jadx.core.deobf.DeobfPresets	getPathDeobfMapPath(jadx.core.dex.nodes.RootNode)	0	1	[false]	false	private	true	file:///private/tmp/projects/jadx/jadx-core/src/main/java/jadx/core/deobf/DeobfPresets.java
2542	jadx.core.deobf.DeobfPresets	DeobfPresets(java.nio.file.Path)	0	1	[false]	false	private	false	file:///private/tmp/projects/jadx/jadx-core/src/main/java/jadx/core/deobf/DeobfPresets.java
2543	jadx.core.deobf.DeobfPresets	load()	0	0	[]	false	public	false	file:///private/tmp/projects/jadx/jadx-core/src/main/java/jadx/core/deobf/DeobfPresets.java
2544	jadx.core.deobf.DeobfPresets	splitAndTrim(java.lang.String)	0	1	[false]	false	private	true	file:///private/tmp/projects/jadx/jadx-core/src/main/java/jadx/core/deobf/DeobfPresets.java
2545	jadx.core.deobf.DeobfPresets	save()	0	0	[]	false	public	false	file:///private/tmp/projects/jadx/jadx-core/src/main/java/jadx/core/deobf/DeobfPresets.java
2546	jadx.core.deobf.DeobfPresets	getForCls(jadx.core.dex.info.ClassInfo)	0	1	[false]	true	public	true	file:///private/tmp/projects/jadx/jadx-core/src/main/java/jadx/core/deobf/DeobfPresets.java
2547	jadx.core.deobf.DeobfPresets	getForFld(jadx.core.dex.info.FieldInfo)	0	1	[false]	true	public	true	file:///private/tmp/projects/jadx/jadx-core/src/main/java/jadx/core/deobf/DeobfPresets.java
2548	jadx.core.deobf.DeobfPresets	getForMth(jadx.core.dex.info.MethodInfo)	0	1	[false]	true	public	true	file:///private/tmp/projects/jadx/jadx-core/src/main/java/jadx/core/deobf/DeobfPresets.java
2549	jadx.core.deobf.DeobfPresets	clear()	0	0	[]	false	public	false	file:///private/tmp/projects/jadx/jadx-core/src/main/java/jadx/core/deobf/DeobfPresets.java
2550	jadx.core.deobf.DeobfPresets	getDeobfMapFile()	0	0	[]	false	public	true	file:///private/tmp/projects/jadx/jadx-core/src/main/java/jadx/core/deobf/DeobfPresets.java
2551	jadx.core.deobf.DeobfPresets	getPkgPresetMap()	0	0	[]	false	public	true	file:///private/tmp/projects/jadx/jadx-core/src/main/java/jadx/core/deobf/DeobfPresets.java
2552	jadx.core.deobf.DeobfPresets	getClsPresetMap()	0	0	[]	false	public	true	file:///private/tmp/projects/jadx/jadx-core/src/main/java/jadx/core/deobf/DeobfPresets.java
2553	jadx.core.deobf.DeobfPresets	getFldPresetMap()	0	0	[]	false	public	true	file:///private/tmp/projects/jadx/jadx-core/src/main/java/jadx/core/deobf/DeobfPresets.java
2554	jadx.core.deobf.DeobfPresets	getMthPresetMap()	0	0	[]	false	public	true	file:///private/tmp/projects/jadx/jadx-core/src/main/java/jadx/core/deobf/DeobfPresets.java
2555	jadx.core.deobf.TldHelper	loadTldFile()	0	0	[]	false	private	true	file:///private/tmp/projects/jadx/jadx-core/src/main/java/jadx/core/deobf/TldHelper.java
2556	jadx.core.deobf.TldHelper	contains(java.lang.String)	0	1	[false]	false	public	false	file:///private/tmp/projects/jadx/jadx-core/src/main/java/jadx/core/deobf/TldHelper.java
2557	jadx.core.deobf.NameMapper	isReserved(java.lang.String)	0	1	[true]	false	public	false	file:///private/tmp/projects/jadx/jadx-core/src/main/java/jadx/core/deobf/NameMapper.java
2558	jadx.core.deobf.NameMapper	isValidIdentifier(java.lang.String)	0	1	[true]	false	public	false	file:///private/tmp/projects/jadx/jadx-core/src/main/java/jadx/core/deobf/NameMapper.java
2559	jadx.core.deobf.NameMapper	isValidFullIdentifier(java.lang.String)	0	1	[false]	false	public	false	file:///private/tmp/projects/jadx/jadx-core/src/main/java/jadx/core/deobf/NameMapper.java
2560	jadx.core.deobf.NameMapper	isValidAndPrintable(java.lang.String)	0	1	[true]	false	public	false	file:///private/tmp/projects/jadx/jadx-core/src/main/java/jadx/core/deobf/NameMapper.java
2561	jadx.core.deobf.NameMapper	isValidIdentifierStart(int)	0	1	[false]	false	public	false	file:///private/tmp/projects/jadx/jadx-core/src/main/java/jadx/core/deobf/NameMapper.java
2562	jadx.core.deobf.NameMapper	isValidIdentifierPart(int)	0	1	[false]	false	public	false	file:///private/tmp/projects/jadx/jadx-core/src/main/java/jadx/core/deobf/NameMapper.java
2563	jadx.core.deobf.NameMapper	isPrintableChar(char)	0	1	[false]	false	public	false	file:///private/tmp/projects/jadx/jadx-core/src/main/java/jadx/core/deobf/NameMapper.java
2564	jadx.core.deobf.NameMapper	isPrintableAsciiCodePoint(int)	0	1	[false]	false	public	false	file:///private/tmp/projects/jadx/jadx-core/src/main/java/jadx/core/deobf/NameMapper.java
2565	jadx.core.deobf.NameMapper	isPrintableCodePoint(int)	0	1	[false]	false	public	false	file:///private/tmp/projects/jadx/jadx-core/src/main/java/jadx/core/deobf/NameMapper.java
2566	jadx.core.deobf.NameMapper	isAllCharsPrintable(java.lang.String)	0	1	[true]	false	public	false	file:///private/tmp/projects/jadx/jadx-core/src/main/java/jadx/core/deobf/NameMapper.java
2567	jadx.core.deobf.NameMapper	removeInvalidCharsMiddle(java.lang.String)	0	1	[false]	false	public	true	file:///private/tmp/projects/jadx/jadx-core/src/main/java/jadx/core/deobf/NameMapper.java
2568	jadx.core.deobf.NameMapper	removeInvalidChars(java.lang.String,java.lang.String)	0	2	[false, false]	false	public	true	file:///private/tmp/projects/jadx/jadx-core/src/main/java/jadx/core/deobf/NameMapper.java
2569	jadx.core.deobf.NameMapper	removeNonPrintableCharacters(java.lang.String)	0	1	[false]	false	public	true	file:///private/tmp/projects/jadx/jadx-core/src/main/java/jadx/core/deobf/NameMapper.java
2570	jadx.core.deobf.NameMapper	NameMapper()	0	0	[]	false	private	false	file:///private/tmp/projects/jadx/jadx-core/src/main/java/jadx/core/deobf/NameMapper.java
2571	jadx.core.deobf.ClsAliasPair	ClsAliasPair(java.lang.String,java.lang.String)	0	2	[false, false]	false	public	false	file:///private/tmp/projects/jadx/jadx-core/src/main/java/jadx/core/deobf/ClsAliasPair.java
2572	jadx.core.deobf.ClsAliasPair	getPkg()	0	0	[]	false	public	true	file:///private/tmp/projects/jadx/jadx-core/src/main/java/jadx/core/deobf/ClsAliasPair.java
2573	jadx.core.deobf.ClsAliasPair	getName()	0	0	[]	false	public	true	file:///private/tmp/projects/jadx/jadx-core/src/main/java/jadx/core/deobf/ClsAliasPair.java
2574	jadx.core.deobf.ClsAliasPair	toString()	83	0	[]	false	public	true	file:///private/tmp/projects/jadx/jadx-core/src/main/java/jadx/core/deobf/ClsAliasPair.java
2575	jadx.core.Consts	Consts()	0	0	[]	false	private	false	file:///private/tmp/projects/jadx/jadx-core/src/main/java/jadx/core/Consts.java
2576	jadx.core.Jadx	Jadx()	0	0	[]	false	private	false	file:///private/tmp/projects/jadx/jadx-core/src/main/java/jadx/core/Jadx.java
2577	jadx.core.Jadx	getPassesList(jadx.api.JadxArgs)	0	1	[false]	false	public	true	file:///private/tmp/projects/jadx/jadx-core/src/main/java/jadx/core/Jadx.java
2578	jadx.core.Jadx	getPreDecompilePassesList()	0	0	[]	false	public	true	file:///private/tmp/projects/jadx/jadx-core/src/main/java/jadx/core/Jadx.java
2579	jadx.core.Jadx	getRegionsModePasses(jadx.api.JadxArgs)	0	1	[false]	false	public	true	file:///private/tmp/projects/jadx/jadx-core/src/main/java/jadx/core/Jadx.java
2580	jadx.core.Jadx	getSimpleModePasses(jadx.api.JadxArgs)	0	1	[false]	false	public	true	file:///private/tmp/projects/jadx/jadx-core/src/main/java/jadx/core/Jadx.java
2581	jadx.core.Jadx	getFallbackPassesList()	0	0	[]	false	public	true	file:///private/tmp/projects/jadx/jadx-core/src/main/java/jadx/core/Jadx.java
2582	jadx.core.Jadx	getVersion()	0	0	[]	false	public	true	file:///private/tmp/projects/jadx/jadx-core/src/main/java/jadx/core/Jadx.java
2583	jadx.core.Jadx	isDevVersion()	0	0	[]	false	public	false	file:///private/tmp/projects/jadx/jadx-core/src/main/java/jadx/core/Jadx.java
2584	jadx.core.Jadx	searchJadxVersion()	0	0	[]	false	private	true	file:///private/tmp/projects/jadx/jadx-core/src/main/java/jadx/core/Jadx.java
2585	jadx.core.utils.DebugChecks	runChecksAfterVisitor(jadx.core.dex.nodes.MethodNode,jadx.core.dex.visitors.IDexTreeVisitor)	0	2	[false, false]	false	public	false	file:///private/tmp/projects/jadx/jadx-core/src/main/java/jadx/core/utils/DebugChecks.java
2586	jadx.core.utils.DebugChecks	checkMethod(jadx.core.dex.nodes.MethodNode)	0	1	[false]	false	public	false	file:///private/tmp/projects/jadx/jadx-core/src/main/java/jadx/core/utils/DebugChecks.java
2587	jadx.core.utils.DebugChecks	checkInsn(jadx.core.dex.nodes.MethodNode,jadx.core.dex.nodes.InsnNode)	0	2	[false, false]	false	private	false	file:///private/tmp/projects/jadx/jadx-core/src/main/java/jadx/core/utils/DebugChecks.java
2588	jadx.core.utils.DebugChecks	checkVar(jadx.core.dex.nodes.MethodNode,jadx.core.dex.nodes.InsnNode,jadx.core.dex.instructions.args.RegisterArg)	0	3	[false, false, false]	false	private	false	file:///private/tmp/projects/jadx/jadx-core/src/main/java/jadx/core/utils/DebugChecks.java
2589	jadx.core.utils.DebugChecks	checkSSAVars(jadx.core.dex.nodes.MethodNode)	0	1	[false]	false	private	false	file:///private/tmp/projects/jadx/jadx-core/src/main/java/jadx/core/utils/DebugChecks.java
2590	jadx.core.utils.DebugChecks	insnMissing(jadx.core.dex.nodes.MethodNode,jadx.core.dex.nodes.InsnNode)	0	2	[false, false]	false	private	false	file:///private/tmp/projects/jadx/jadx-core/src/main/java/jadx/core/utils/DebugChecks.java
2591	jadx.core.utils.DebugChecks	checkRegisterArg(jadx.core.dex.nodes.MethodNode,jadx.core.dex.instructions.args.RegisterArg)	0	2	[false, false]	false	private	false	file:///private/tmp/projects/jadx/jadx-core/src/main/java/jadx/core/utils/DebugChecks.java
2592	jadx.core.utils.DebugChecks	checkPHI(jadx.core.dex.nodes.MethodNode)	0	1	[false]	false	private	false	file:///private/tmp/projects/jadx/jadx-core/src/main/java/jadx/core/utils/DebugChecks.java
2593	jadx.core.utils.EmptyBitSet	EmptyBitSet()	0	0	[]	false	public	false	file:///private/tmp/projects/jadx/jadx-core/src/main/java/jadx/core/utils/EmptyBitSet.java
2594	jadx.core.utils.EmptyBitSet	cardinality()	2595	0	[]	false	public	false	file:///private/tmp/projects/jadx/jadx-core/src/main/java/jadx/core/utils/EmptyBitSet.java
2596	jadx.core.utils.EmptyBitSet	isEmpty()	2597	0	[]	false	public	false	file:///private/tmp/projects/jadx/jadx-core/src/main/java/jadx/core/utils/EmptyBitSet.java
2598	jadx.core.utils.EmptyBitSet	nextSetBit(int)	2599	1	[false]	false	public	false	file:///private/tmp/projects/jadx/jadx-core/src/main/java/jadx/core/utils/EmptyBitSet.java
2600	jadx.core.utils.EmptyBitSet	length()	2601	0	[]	false	public	false	file:///private/tmp/projects/jadx/jadx-core/src/main/java/jadx/core/utils/EmptyBitSet.java
2602	jadx.core.utils.EmptyBitSet	size()	2603	0	[]	false	public	false	file:///private/tmp/projects/jadx/jadx-core/src/main/java/jadx/core/utils/EmptyBitSet.java
2604	jadx.core.utils.EmptyBitSet	set(int)	2605	1	[false]	false	public	false	file:///private/tmp/projects/jadx/jadx-core/src/main/java/jadx/core/utils/EmptyBitSet.java
2606	jadx.core.utils.EmptyBitSet	set(int,boolean)	2607	2	[false, false]	false	public	false	file:///private/tmp/projects/jadx/jadx-core/src/main/java/jadx/core/utils/EmptyBitSet.java
2608	jadx.core.utils.EmptyBitSet	set(int,int)	2609	2	[false, false]	false	public	false	file:///private/tmp/projects/jadx/jadx-core/src/main/java/jadx/core/utils/EmptyBitSet.java
2610	jadx.core.utils.EmptyBitSet	set(int,int,boolean)	2611	3	[false, false, false]	false	public	false	file:///private/tmp/projects/jadx/jadx-core/src/main/java/jadx/core/utils/EmptyBitSet.java
2612	jadx.core.utils.EmptyBitSet	get(int)	2613	1	[false]	false	public	false	file:///private/tmp/projects/jadx/jadx-core/src/main/java/jadx/core/utils/EmptyBitSet.java
2614	jadx.core.utils.EmptyBitSet	get(int,int)	2615	2	[false, false]	false	public	true	file:///private/tmp/projects/jadx/jadx-core/src/main/java/jadx/core/utils/EmptyBitSet.java
2616	jadx.core.utils.EmptyBitSet	and(java.util.BitSet)	2617	1	[false]	false	public	false	file:///private/tmp/projects/jadx/jadx-core/src/main/java/jadx/core/utils/EmptyBitSet.java
2618	jadx.core.utils.EmptyBitSet	or(java.util.BitSet)	2619	1	[false]	false	public	false	file:///private/tmp/projects/jadx/jadx-core/src/main/java/jadx/core/utils/EmptyBitSet.java
2620	jadx.core.utils.EmptyBitSet	xor(java.util.BitSet)	2621	1	[false]	false	public	false	file:///private/tmp/projects/jadx/jadx-core/src/main/java/jadx/core/utils/EmptyBitSet.java
2622	jadx.core.utils.EmptyBitSet	andNot(java.util.BitSet)	2623	1	[false]	false	public	false	file:///private/tmp/projects/jadx/jadx-core/src/main/java/jadx/core/utils/EmptyBitSet.java
2624	jadx.core.utils.ListUtils	<T>isSingleElement(@org.jetbrains.annotations.Nullable java.util.List<T>,T)	0	2	[true, false]	false	public	false	file:///private/tmp/projects/jadx/jadx-core/src/main/java/jadx/core/utils/ListUtils.java
2625	jadx.core.utils.ListUtils	<T>unorderedEquals(java.util.List<T>,java.util.List<T>)	0	2	[false, false]	false	public	false	file:///private/tmp/projects/jadx/jadx-core/src/main/java/jadx/core/utils/ListUtils.java
2626	jadx.core.utils.ListUtils	<T,R>map(java.util.Collection<T>,java.util.function.Function<T,R>)	0	2	[false, false]	false	public	true	file:///private/tmp/projects/jadx/jadx-core/src/main/java/jadx/core/utils/ListUtils.java
2627	jadx.core.utils.ListUtils	<T>first(java.util.List<T>)	0	1	[false]	false	public	true	file:///private/tmp/projects/jadx/jadx-core/src/main/java/jadx/core/utils/ListUtils.java
2628	jadx.core.utils.ListUtils	<T>last(java.util.List<T>)	0	1	[false]	false	public	true	file:///private/tmp/projects/jadx/jadx-core/src/main/java/jadx/core/utils/ListUtils.java
2629	jadx.core.utils.ListUtils	<T>distinctMergeSortedLists(java.util.List<T>,java.util.List<T>)	0	2	[false, false]	false	public	true	file:///private/tmp/projects/jadx/jadx-core/src/main/java/jadx/core/utils/ListUtils.java
2630	jadx.core.utils.ListUtils	<T>distinctList(java.util.List<T>)	0	1	[false]	false	public	true	file:///private/tmp/projects/jadx/jadx-core/src/main/java/jadx/core/utils/ListUtils.java
2631	jadx.core.utils.ListUtils	<T>safeReplace(java.util.List<T>,T,T)	0	3	[false, false, false]	false	public	true	file:///private/tmp/projects/jadx/jadx-core/src/main/java/jadx/core/utils/ListUtils.java
2632	jadx.core.utils.ListUtils	<T>safeRemove(java.util.List<T>,T)	0	2	[false, false]	false	public	false	file:///private/tmp/projects/jadx/jadx-core/src/main/java/jadx/core/utils/ListUtils.java
2633	jadx.core.utils.ListUtils	<T>safeRemoveAndTrim(java.util.List<T>,T)	0	2	[false, false]	false	public	true	file:///private/tmp/projects/jadx/jadx-core/src/main/java/jadx/core/utils/ListUtils.java
2634	jadx.core.utils.ListUtils	<T>safeAdd(java.util.List<T>,T)	0	2	[false, false]	false	public	true	file:///private/tmp/projects/jadx/jadx-core/src/main/java/jadx/core/utils/ListUtils.java
2635	jadx.core.utils.ListUtils	<T>filter(java.util.Collection<T>,java.util.function.Predicate<T>)	0	2	[false, false]	false	public	true	file:///private/tmp/projects/jadx/jadx-core/src/main/java/jadx/core/utils/ListUtils.java
2636	jadx.core.utils.ListUtils	<T>filterOnlyOne(java.util.List<T>,java.util.function.Predicate<T>)	0	2	[false, false]	true	public	true	file:///private/tmp/projects/jadx/jadx-core/src/main/java/jadx/core/utils/ListUtils.java
2637	jadx.core.utils.ListUtils	<T>allMatch(java.util.Collection<T>,java.util.function.Predicate<T>)	0	2	[false, false]	false	public	false	file:///private/tmp/projects/jadx/jadx-core/src/main/java/jadx/core/utils/ListUtils.java
2638	jadx.core.utils.ListUtils	<T>noneMatch(java.util.Collection<T>,java.util.function.Predicate<T>)	0	2	[false, false]	false	public	false	file:///private/tmp/projects/jadx/jadx-core/src/main/java/jadx/core/utils/ListUtils.java
2639	jadx.core.utils.ListUtils	<T>anyMatch(java.util.Collection<T>,java.util.function.Predicate<T>)	0	2	[false, false]	false	public	false	file:///private/tmp/projects/jadx/jadx-core/src/main/java/jadx/core/utils/ListUtils.java
2640	jadx.core.utils.DebugUtils	DebugUtils()	0	0	[]	false	private	false	file:///private/tmp/projects/jadx/jadx-core/src/main/java/jadx/core/utils/DebugUtils.java
2641	jadx.core.utils.DebugUtils	dump(jadx.core.dex.nodes.MethodNode)	0	1	[false]	false	public	false	file:///private/tmp/projects/jadx/jadx-core/src/main/java/jadx/core/utils/DebugUtils.java
2642	jadx.core.utils.DebugUtils	dumpRaw(jadx.core.dex.nodes.MethodNode,java.lang.String,java.util.function.Predicate<jadx.core.dex.nodes.MethodNode>)	0	3	[false, false, false]	false	public	false	file:///private/tmp/projects/jadx/jadx-core/src/main/java/jadx/core/utils/DebugUtils.java
2643	jadx.core.utils.DebugUtils	dumpRawTest(jadx.core.dex.nodes.MethodNode,java.lang.String)	0	2	[false, false]	false	public	false	file:///private/tmp/projects/jadx/jadx-core/src/main/java/jadx/core/utils/DebugUtils.java
2644	jadx.core.utils.DebugUtils	dumpRaw(jadx.core.dex.nodes.MethodNode,java.lang.String)	0	2	[false, false]	false	public	false	file:///private/tmp/projects/jadx/jadx-core/src/main/java/jadx/core/utils/DebugUtils.java
2645	jadx.core.utils.DebugUtils	dumpRawVisitor(java.lang.String)	0	1	[false]	false	public	true	file:///private/tmp/projects/jadx/jadx-core/src/main/java/jadx/core/utils/DebugUtils.java
2646	jadx.core.utils.DebugUtils$1	visit(jadx.core.dex.nodes.MethodNode)	2647	1	[false]	false	public	false	file:///private/tmp/projects/jadx/jadx-core/src/main/java/jadx/core/utils/DebugUtils.java
2648	jadx.core.utils.DebugUtils	dumpRawVisitor(java.lang.String,java.util.function.Predicate<jadx.core.dex.nodes.MethodNode>)	0	2	[false, false]	false	public	true	file:///private/tmp/projects/jadx/jadx-core/src/main/java/jadx/core/utils/DebugUtils.java
2649	jadx.core.utils.DebugUtils$2	visit(jadx.core.dex.nodes.MethodNode)	2647	1	[false]	false	public	false	file:///private/tmp/projects/jadx/jadx-core/src/main/java/jadx/core/utils/DebugUtils.java
2650	jadx.core.utils.DebugUtils	dump(jadx.core.dex.nodes.MethodNode,java.lang.String)	0	2	[false, false]	false	public	false	file:///private/tmp/projects/jadx/jadx-core/src/main/java/jadx/core/utils/DebugUtils.java
2651	jadx.core.utils.DebugUtils	printRegionsWithBlock(jadx.core.dex.nodes.MethodNode,jadx.core.dex.nodes.BlockNode)	0	2	[false, false]	false	public	false	file:///private/tmp/projects/jadx/jadx-core/src/main/java/jadx/core/utils/DebugUtils.java
2652	jadx.core.utils.DebugUtils$3	processBlockTraced(jadx.core.dex.nodes.MethodNode,jadx.core.dex.nodes.IBlock,jadx.core.dex.nodes.IRegion)	2653	3	[false, false, false]	false	public	false	file:///private/tmp/projects/jadx/jadx-core/src/main/java/jadx/core/utils/DebugUtils.java
2654	jadx.core.utils.DebugUtils	printRegionsVisitor()	0	0	[]	false	public	true	file:///private/tmp/projects/jadx/jadx-core/src/main/java/jadx/core/utils/DebugUtils.java
2655	jadx.core.utils.DebugUtils$4	visit(jadx.core.dex.nodes.MethodNode)	2647	1	[false]	false	public	false	file:///private/tmp/projects/jadx/jadx-core/src/main/java/jadx/core/utils/DebugUtils.java
2656	jadx.core.utils.DebugUtils	printRegions(jadx.core.dex.nodes.MethodNode)	0	1	[false]	false	public	false	file:///private/tmp/projects/jadx/jadx-core/src/main/java/jadx/core/utils/DebugUtils.java
2657	jadx.core.utils.DebugUtils	printRegions(jadx.core.dex.nodes.MethodNode,boolean)	0	2	[false, false]	false	public	false	file:///private/tmp/projects/jadx/jadx-core/src/main/java/jadx/core/utils/DebugUtils.java
2658	jadx.core.utils.DebugUtils	printRegion(jadx.core.dex.nodes.MethodNode,jadx.core.dex.nodes.IRegion,boolean)	0	3	[false, false, false]	false	public	false	file:///private/tmp/projects/jadx/jadx-core/src/main/java/jadx/core/utils/DebugUtils.java
2659	jadx.core.utils.DebugUtils	printRegion(jadx.core.dex.nodes.MethodNode,jadx.core.dex.nodes.IRegion,jadx.api.ICodeWriter,java.lang.String,boolean)	0	5	[false, false, false, false, false]	false	private	false	file:///private/tmp/projects/jadx/jadx-core/src/main/java/jadx/core/utils/DebugUtils.java
2660	jadx.core.utils.DebugUtils	printRegionSpecificInfo(jadx.api.ICodeWriter,java.lang.String,jadx.core.dex.nodes.MethodNode,jadx.core.dex.nodes.IRegion,boolean)	0	5	[false, false, false, false, false]	false	private	false	file:///private/tmp/projects/jadx/jadx-core/src/main/java/jadx/core/utils/DebugUtils.java
2661	jadx.core.utils.DebugUtils	printInsns(jadx.core.dex.nodes.MethodNode,jadx.api.ICodeWriter,java.lang.String,jadx.core.dex.nodes.IBlock)	0	4	[false, false, false, false]	false	private	false	file:///private/tmp/projects/jadx/jadx-core/src/main/java/jadx/core/utils/DebugUtils.java
2662	jadx.core.utils.DebugUtils	printWithAttributes(jadx.api.ICodeWriter,java.lang.String,java.lang.String,jadx.core.dex.attributes.IAttributeNode)	0	4	[false, false, false, false]	false	private	false	file:///private/tmp/projects/jadx/jadx-core/src/main/java/jadx/core/utils/DebugUtils.java
2663	jadx.core.utils.DebugUtils	printMap(java.util.Map<?,?>,java.lang.String)	0	2	[false, false]	false	public	false	file:///private/tmp/projects/jadx/jadx-core/src/main/java/jadx/core/utils/DebugUtils.java
2664	jadx.core.utils.DebugUtils	printStackTrace(java.lang.String)	0	1	[false]	false	public	false	file:///private/tmp/projects/jadx/jadx-core/src/main/java/jadx/core/utils/DebugUtils.java
2665	jadx.core.utils.DebugUtils	printMethodOverrideTop(jadx.core.dex.nodes.RootNode)	0	1	[false]	false	public	false	file:///private/tmp/projects/jadx/jadx-core/src/main/java/jadx/core/utils/DebugUtils.java
2666	jadx.core.utils.DebugUtils	<T>distinctByKey(java.util.function.Function<? super T,?>)	0	1	[false]	false	private	true	file:///private/tmp/projects/jadx/jadx-core/src/main/java/jadx/core/utils/DebugUtils.java
2667	jadx.core.utils.DebugUtils	initExecTimes()	0	0	[]	false	public	false	file:///private/tmp/projects/jadx/jadx-core/src/main/java/jadx/core/utils/DebugUtils.java
2668	jadx.core.utils.DebugUtils	mergeExecTimeFromStart(java.lang.String,long)	0	2	[false, false]	false	public	false	file:///private/tmp/projects/jadx/jadx-core/src/main/java/jadx/core/utils/DebugUtils.java
2669	jadx.core.utils.DebugUtils	mergeExecTime(java.lang.String,long)	0	2	[false, false]	false	public	false	file:///private/tmp/projects/jadx/jadx-core/src/main/java/jadx/core/utils/DebugUtils.java
2670	jadx.core.utils.DebugUtils	printExecTimes()	0	0	[]	false	public	false	file:///private/tmp/projects/jadx/jadx-core/src/main/java/jadx/core/utils/DebugUtils.java
2671	jadx.core.utils.DebugUtils	printExecTimesWithTotal(long)	0	1	[false]	false	public	false	file:///private/tmp/projects/jadx/jadx-core/src/main/java/jadx/core/utils/DebugUtils.java
2672	jadx.core.utils.input.InsnDataUtils	getCallSite(jadx.api.plugins.input.insns.InsnData)	0	1	[false]	true	public	true	file:///private/tmp/projects/jadx/jadx-core/src/main/java/jadx/core/utils/input/InsnDataUtils.java
2673	jadx.core.utils.input.InsnDataUtils	getMethodRef(jadx.api.plugins.input.insns.InsnData)	0	1	[false]	true	public	true	file:///private/tmp/projects/jadx/jadx-core/src/main/java/jadx/core/utils/input/InsnDataUtils.java
2674	jadx.core.utils.input.InsnDataUtils	getMethodHandleAt(@org.jetbrains.annotations.Nullable jadx.api.plugins.input.data.ICallSite,int)	0	2	[true, false]	true	public	true	file:///private/tmp/projects/jadx/jadx-core/src/main/java/jadx/core/utils/input/InsnDataUtils.java
2675	jadx.core.utils.RegionUtils	RegionUtils()	0	0	[]	false	private	false	file:///private/tmp/projects/jadx/jadx-core/src/main/java/jadx/core/utils/RegionUtils.java
2676	jadx.core.utils.RegionUtils	hasExitEdge(jadx.core.dex.nodes.IContainer)	0	1	[false]	false	public	false	file:///private/tmp/projects/jadx/jadx-core/src/main/java/jadx/core/utils/RegionUtils.java
2677	jadx.core.utils.RegionUtils	getFirstInsn(jadx.core.dex.nodes.IContainer)	0	1	[false]	true	public	true	file:///private/tmp/projects/jadx/jadx-core/src/main/java/jadx/core/utils/RegionUtils.java
2678	jadx.core.utils.RegionUtils	getFirstSourceLine(@org.jetbrains.annotations.Nullable jadx.core.dex.nodes.IContainer)	0	1	[true]	false	public	false	file:///private/tmp/projects/jadx/jadx-core/src/main/java/jadx/core/utils/RegionUtils.java
2679	jadx.core.utils.RegionUtils	getFirstSourceLine(java.util.List<jadx.core.dex.nodes.IContainer>)	0	1	[false]	false	private	false	file:///private/tmp/projects/jadx/jadx-core/src/main/java/jadx/core/utils/RegionUtils.java
2680	jadx.core.utils.RegionUtils	getLastInsn(@org.jetbrains.annotations.Nullable jadx.core.dex.nodes.IContainer)	0	1	[true]	true	public	true	file:///private/tmp/projects/jadx/jadx-core/src/main/java/jadx/core/utils/RegionUtils.java
2681	jadx.core.utils.RegionUtils	getLastBlock(jadx.core.dex.nodes.IContainer)	0	1	[false]	true	public	true	file:///private/tmp/projects/jadx/jadx-core/src/main/java/jadx/core/utils/RegionUtils.java
2682	jadx.core.utils.RegionUtils	isExitBlock(jadx.core.dex.nodes.MethodNode,jadx.core.dex.nodes.IContainer)	0	2	[false, false]	false	public	false	file:///private/tmp/projects/jadx/jadx-core/src/main/java/jadx/core/utils/RegionUtils.java
2683	jadx.core.utils.RegionUtils	hasExitBlock(@org.jetbrains.annotations.Nullable jadx.core.dex.nodes.IContainer)	0	1	[true]	false	public	false	file:///private/tmp/projects/jadx/jadx-core/src/main/java/jadx/core/utils/RegionUtils.java
2684	jadx.core.utils.RegionUtils	hasExitBlock(jadx.core.dex.nodes.IContainer,jadx.core.dex.nodes.IContainer)	0	2	[false, false]	false	private	false	file:///private/tmp/projects/jadx/jadx-core/src/main/java/jadx/core/utils/RegionUtils.java
2685	jadx.core.utils.RegionUtils	isInsnExitContainer(jadx.core.dex.nodes.IContainer,jadx.core.dex.nodes.IBlock)	0	2	[false, false]	false	private	false	file:///private/tmp/projects/jadx/jadx-core/src/main/java/jadx/core/utils/RegionUtils.java
2686	jadx.core.utils.RegionUtils	hasBreakInsn(@org.jetbrains.annotations.Nullable jadx.core.dex.nodes.IContainer)	0	1	[true]	false	public	false	file:///private/tmp/projects/jadx/jadx-core/src/main/java/jadx/core/utils/RegionUtils.java
2687	jadx.core.utils.RegionUtils	insnsCount(@org.jetbrains.annotations.Nullable jadx.core.dex.nodes.IContainer)	0	1	[true]	false	public	false	file:///private/tmp/projects/jadx/jadx-core/src/main/java/jadx/core/utils/RegionUtils.java
2688	jadx.core.utils.RegionUtils	isEmpty(@org.jetbrains.annotations.Nullable jadx.core.dex.nodes.IContainer)	0	1	[true]	false	public	false	file:///private/tmp/projects/jadx/jadx-core/src/main/java/jadx/core/utils/RegionUtils.java
2689	jadx.core.utils.RegionUtils	notEmpty(@org.jetbrains.annotations.Nullable jadx.core.dex.nodes.IContainer)	0	1	[true]	false	public	false	file:///private/tmp/projects/jadx/jadx-core/src/main/java/jadx/core/utils/RegionUtils.java
2690	jadx.core.utils.RegionUtils	getAllRegionBlocks(jadx.core.dex.nodes.IContainer,java.util.Set<jadx.core.dex.nodes.IBlock>)	0	2	[false, false]	false	public	false	file:///private/tmp/projects/jadx/jadx-core/src/main/java/jadx/core/utils/RegionUtils.java
2691	jadx.core.utils.RegionUtils	isRegionContainsBlock(jadx.core.dex.nodes.IContainer,@org.jetbrains.annotations.Nullable jadx.core.dex.nodes.BlockNode)	0	2	[false, true]	false	public	false	file:///private/tmp/projects/jadx/jadx-core/src/main/java/jadx/core/utils/RegionUtils.java
2692	jadx.core.utils.RegionUtils	getExcHandlersForRegion(jadx.core.dex.nodes.IContainer)	0	1	[false]	false	public	true	file:///private/tmp/projects/jadx/jadx-core/src/main/java/jadx/core/utils/RegionUtils.java
2693	jadx.core.utils.RegionUtils	isRegionContainsExcHandlerRegion(jadx.core.dex.nodes.IContainer,jadx.core.dex.nodes.IRegion)	0	2	[false, false]	false	private	false	file:///private/tmp/projects/jadx/jadx-core/src/main/java/jadx/core/utils/RegionUtils.java
2694	jadx.core.utils.RegionUtils	isRegionContainsRegion(jadx.core.dex.nodes.IContainer,jadx.core.dex.nodes.IRegion)	0	2	[false, false]	false	public	false	file:///private/tmp/projects/jadx/jadx-core/src/main/java/jadx/core/utils/RegionUtils.java
2695	jadx.core.utils.RegionUtils	getBlockContainer(jadx.core.dex.nodes.IContainer,jadx.core.dex.nodes.BlockNode)	0	2	[false, false]	true	public	true	file:///private/tmp/projects/jadx/jadx-core/src/main/java/jadx/core/utils/RegionUtils.java
2696	jadx.core.utils.RegionUtils	isBlocksInSameRegion(jadx.core.dex.nodes.MethodNode,jadx.core.dex.nodes.BlockNode,jadx.core.dex.nodes.BlockNode)	0	3	[false, false, false]	false	public	false	file:///private/tmp/projects/jadx/jadx-core/src/main/java/jadx/core/utils/RegionUtils.java
2697	jadx.core.utils.RegionUtils	isDominatedBy(jadx.core.dex.nodes.BlockNode,jadx.core.dex.nodes.IContainer)	0	2	[false, false]	false	public	false	file:///private/tmp/projects/jadx/jadx-core/src/main/java/jadx/core/utils/RegionUtils.java
2698	jadx.core.utils.RegionUtils	hasPathThroughBlock(@org.jetbrains.annotations.Nullable jadx.core.dex.nodes.BlockNode,jadx.core.dex.nodes.IContainer)	0	2	[true, false]	false	public	false	file:///private/tmp/projects/jadx/jadx-core/src/main/java/jadx/core/utils/RegionUtils.java
2699	jadx.core.utils.RegionUtils	unknownContainerType(@org.jetbrains.annotations.Nullable jadx.core.dex.nodes.IContainer)	0	1	[true]	false	protected	true	file:///private/tmp/projects/jadx/jadx-core/src/main/java/jadx/core/utils/RegionUtils.java
2700	jadx.core.utils.RegionUtils	visitBlocks(jadx.core.dex.nodes.MethodNode,jadx.core.dex.nodes.IContainer,java.util.function.Consumer<jadx.core.dex.nodes.IBlock>)	0	3	[false, false, false]	false	public	false	file:///private/tmp/projects/jadx/jadx-core/src/main/java/jadx/core/utils/RegionUtils.java
2701	jadx.core.utils.RegionUtils$1	processBlock(jadx.core.dex.nodes.MethodNode,jadx.core.dex.nodes.IBlock)	2702	2	[false, false]	false	public	false	file:///private/tmp/projects/jadx/jadx-core/src/main/java/jadx/core/utils/RegionUtils.java
2703	jadx.core.utils.InsnList	InsnList(java.util.List<jadx.core.dex.nodes.InsnNode>)	0	1	[false]	false	public	false	file:///private/tmp/projects/jadx/jadx-core/src/main/java/jadx/core/utils/InsnList.java
2704	jadx.core.utils.InsnList	remove(java.util.List<jadx.core.dex.nodes.InsnNode>,jadx.core.dex.nodes.InsnNode)	0	2	[false, false]	false	public	false	file:///private/tmp/projects/jadx/jadx-core/src/main/java/jadx/core/utils/InsnList.java
2705	jadx.core.utils.InsnList	remove(jadx.core.dex.nodes.BlockNode,jadx.core.dex.nodes.InsnNode)	0	2	[false, false]	false	public	false	file:///private/tmp/projects/jadx/jadx-core/src/main/java/jadx/core/utils/InsnList.java
2706	jadx.core.utils.InsnList	getIndex(java.util.List<jadx.core.dex.nodes.InsnNode>,jadx.core.dex.nodes.InsnNode)	0	2	[false, true]	false	public	false	file:///private/tmp/projects/jadx/jadx-core/src/main/java/jadx/core/utils/InsnList.java
2707	jadx.core.utils.InsnList	getIndex(java.util.List<jadx.core.dex.nodes.InsnNode>,jadx.core.dex.nodes.InsnNode,int)	0	3	[false, true, false]	false	public	false	file:///private/tmp/projects/jadx/jadx-core/src/main/java/jadx/core/utils/InsnList.java
2708	jadx.core.utils.InsnList	contains(java.util.List<jadx.core.dex.nodes.InsnNode>,jadx.core.dex.nodes.InsnNode)	0	2	[false, true]	false	public	false	file:///private/tmp/projects/jadx/jadx-core/src/main/java/jadx/core/utils/InsnList.java
2709	jadx.core.utils.InsnList	contains(java.util.List<jadx.core.dex.nodes.InsnNode>,jadx.core.dex.nodes.InsnNode,int)	0	3	[false, true, false]	false	public	false	file:///private/tmp/projects/jadx/jadx-core/src/main/java/jadx/core/utils/InsnList.java
2710	jadx.core.utils.InsnList	getIndex(jadx.core.dex.nodes.InsnNode)	0	1	[false]	false	public	false	file:///private/tmp/projects/jadx/jadx-core/src/main/java/jadx/core/utils/InsnList.java
2711	jadx.core.utils.InsnList	contains(jadx.core.dex.nodes.InsnNode)	0	1	[false]	false	public	false	file:///private/tmp/projects/jadx/jadx-core/src/main/java/jadx/core/utils/InsnList.java
2712	jadx.core.utils.InsnList	remove(jadx.core.dex.nodes.InsnNode)	0	1	[false]	false	public	false	file:///private/tmp/projects/jadx/jadx-core/src/main/java/jadx/core/utils/InsnList.java
2713	jadx.core.utils.InsnList	iterator()	2714	0	[]	false	public	true	file:///private/tmp/projects/jadx/jadx-core/src/main/java/jadx/core/utils/InsnList.java
2715	jadx.core.utils.InsnList	get(int)	0	1	[false]	false	public	true	file:///private/tmp/projects/jadx/jadx-core/src/main/java/jadx/core/utils/InsnList.java
2716	jadx.core.utils.InsnList	size()	0	0	[]	false	public	false	file:///private/tmp/projects/jadx/jadx-core/src/main/java/jadx/core/utils/InsnList.java
2717	jadx.core.utils.kotlin.KotlinMetadataUtils	getClassAlias(jadx.core.dex.nodes.ClassNode)	0	1	[false]	true	public	true	file:///private/tmp/projects/jadx/jadx-core/src/main/java/jadx/core/utils/kotlin/KotlinMetadataUtils.java
2718	jadx.core.utils.kotlin.KotlinMetadataUtils	splitAndCheckClsName(jadx.core.dex.nodes.ClassNode,java.lang.String)	0	2	[false, false]	true	private	true	file:///private/tmp/projects/jadx/jadx-core/src/main/java/jadx/core/utils/kotlin/KotlinMetadataUtils.java
2719	jadx.core.utils.kotlin.KotlinMetadataUtils	countPkgParts(java.lang.String)	0	1	[false]	false	private	false	file:///private/tmp/projects/jadx/jadx-core/src/main/java/jadx/core/utils/kotlin/KotlinMetadataUtils.java
2720	jadx.core.utils.kotlin.KotlinMetadataUtils	getParamAsList(@org.jetbrains.annotations.Nullable jadx.api.plugins.input.data.annotations.IAnnotation,java.lang.String)	0	2	[true, false]	true	private	true	file:///private/tmp/projects/jadx/jadx-core/src/main/java/jadx/core/utils/kotlin/KotlinMetadataUtils.java
2721	jadx.core.utils.exceptions.JadxArgsValidateException	JadxArgsValidateException(java.lang.String)	0	1	[false]	false	public	false	file:///private/tmp/projects/jadx/jadx-core/src/main/java/jadx/core/utils/exceptions/JadxArgsValidateException.java
2722	jadx.core.utils.exceptions.JadxArgsValidateException	JadxArgsValidateException(java.lang.String,java.lang.Throwable)	0	2	[false, false]	false	public	false	file:///private/tmp/projects/jadx/jadx-core/src/main/java/jadx/core/utils/exceptions/JadxArgsValidateException.java
2723	jadx.core.utils.exceptions.JadxRuntimeException	JadxRuntimeException(java.lang.String)	0	1	[true]	false	public	false	file:///private/tmp/projects/jadx/jadx-core/src/main/java/jadx/core/utils/exceptions/JadxRuntimeException.java
2724	jadx.core.utils.exceptions.JadxRuntimeException	JadxRuntimeException(java.lang.String...)	0	1	[false]	false	public	false	file:///private/tmp/projects/jadx/jadx-core/src/main/java/jadx/core/utils/exceptions/JadxRuntimeException.java
2725	jadx.core.utils.exceptions.JadxRuntimeException	JadxRuntimeException(java.lang.String,java.lang.Throwable)	0	2	[false, false]	false	public	false	file:///private/tmp/projects/jadx/jadx-core/src/main/java/jadx/core/utils/exceptions/JadxRuntimeException.java
2726	jadx.core.utils.exceptions.JadxOverflowException	JadxOverflowException(java.lang.String)	0	1	[true]	false	public	false	file:///private/tmp/projects/jadx/jadx-core/src/main/java/jadx/core/utils/exceptions/JadxOverflowException.java
2727	jadx.core.utils.GsonUtils	<T>interfaceReplace(java.lang.Class<T>)	0	1	[false]	false	public	true	file:///private/tmp/projects/jadx/jadx-core/src/main/java/jadx/core/utils/GsonUtils.java
2728	jadx.core.utils.GsonUtils$InterfaceReplace	InterfaceReplace(java.lang.Class<T>)	0	1	[false]	false	private	false	file:///private/tmp/projects/jadx/jadx-core/src/main/java/jadx/core/utils/GsonUtils.java
2729	jadx.core.utils.GsonUtils$InterfaceReplace	deserialize(com.google.gson.JsonElement,java.lang.reflect.Type,com.google.gson.JsonDeserializationContext)	2730	3	[false, false, false]	false	public	true	file:///private/tmp/projects/jadx/jadx-core/src/main/java/jadx/core/utils/GsonUtils.java
2731	jadx.core.utils.GsonUtils$InterfaceReplace	serialize(T,java.lang.reflect.Type,com.google.gson.JsonSerializationContext)	2732	3	[false, false, false]	false	public	true	file:///private/tmp/projects/jadx/jadx-core/src/main/java/jadx/core/utils/GsonUtils.java
2733	jadx.core.utils.android.TextResMapFile	read(java.io.InputStream)	0	1	[false]	false	public	true	file:///private/tmp/projects/jadx/jadx-core/src/main/java/jadx/core/utils/android/TextResMapFile.java
2734	jadx.core.utils.android.TextResMapFile	parseLine(java.util.Map<java.lang.Integer,java.lang.String>,java.lang.String)	0	2	[false, false]	false	private	false	file:///private/tmp/projects/jadx/jadx-core/src/main/java/jadx/core/utils/android/TextResMapFile.java
2735	jadx.core.utils.android.TextResMapFile	read(java.nio.file.Path)	0	1	[false]	false	public	true	file:///private/tmp/projects/jadx/jadx-core/src/main/java/jadx/core/utils/android/TextResMapFile.java
2736	jadx.core.utils.android.TextResMapFile	write(java.nio.file.Path,java.util.Map<java.lang.Integer,java.lang.String>)	0	2	[false, false]	false	public	false	file:///private/tmp/projects/jadx/jadx-core/src/main/java/jadx/core/utils/android/TextResMapFile.java
2737	jadx.core.utils.android.DataInputDelegate	DataInputDelegate(java.io.DataInput)	0	1	[false]	false	public	false	file:///private/tmp/projects/jadx/jadx-core/src/main/java/jadx/core/utils/android/DataInputDelegate.java
2738	jadx.core.utils.android.DataInputDelegate	skipBytes(int)	2739	1	[false]	false	public	false	file:///private/tmp/projects/jadx/jadx-core/src/main/java/jadx/core/utils/android/DataInputDelegate.java
2740	jadx.core.utils.android.DataInputDelegate	readUnsignedShort()	2741	0	[]	false	public	false	file:///private/tmp/projects/jadx/jadx-core/src/main/java/jadx/core/utils/android/DataInputDelegate.java
2742	jadx.core.utils.android.DataInputDelegate	readUnsignedByte()	2743	0	[]	false	public	false	file:///private/tmp/projects/jadx/jadx-core/src/main/java/jadx/core/utils/android/DataInputDelegate.java
2744	jadx.core.utils.android.DataInputDelegate	readUTF()	2745	0	[]	false	public	true	file:///private/tmp/projects/jadx/jadx-core/src/main/java/jadx/core/utils/android/DataInputDelegate.java
2746	jadx.core.utils.android.DataInputDelegate	readShort()	2747	0	[]	false	public	false	file:///private/tmp/projects/jadx/jadx-core/src/main/java/jadx/core/utils/android/DataInputDelegate.java
2748	jadx.core.utils.android.DataInputDelegate	readLong()	2749	0	[]	false	public	false	file:///private/tmp/projects/jadx/jadx-core/src/main/java/jadx/core/utils/android/DataInputDelegate.java
2750	jadx.core.utils.android.DataInputDelegate	readLine()	2751	0	[]	false	public	true	file:///private/tmp/projects/jadx/jadx-core/src/main/java/jadx/core/utils/android/DataInputDelegate.java
2752	jadx.core.utils.android.DataInputDelegate	readInt()	2753	0	[]	false	public	false	file:///private/tmp/projects/jadx/jadx-core/src/main/java/jadx/core/utils/android/DataInputDelegate.java
2754	jadx.core.utils.android.DataInputDelegate	readFully(byte[],int,int)	2755	3	[false, false, false]	false	public	false	file:///private/tmp/projects/jadx/jadx-core/src/main/java/jadx/core/utils/android/DataInputDelegate.java
2756	jadx.core.utils.android.DataInputDelegate	readFully(byte[])	2757	1	[false]	false	public	false	file:///private/tmp/projects/jadx/jadx-core/src/main/java/jadx/core/utils/android/DataInputDelegate.java
2758	jadx.core.utils.android.DataInputDelegate	readFloat()	2759	0	[]	false	public	false	file:///private/tmp/projects/jadx/jadx-core/src/main/java/jadx/core/utils/android/DataInputDelegate.java
2760	jadx.core.utils.android.DataInputDelegate	readDouble()	2761	0	[]	false	public	false	file:///private/tmp/projects/jadx/jadx-core/src/main/java/jadx/core/utils/android/DataInputDelegate.java
2762	jadx.core.utils.android.DataInputDelegate	readChar()	2763	0	[]	false	public	false	file:///private/tmp/projects/jadx/jadx-core/src/main/java/jadx/core/utils/android/DataInputDelegate.java
2764	jadx.core.utils.android.DataInputDelegate	readByte()	2765	0	[]	false	public	false	file:///private/tmp/projects/jadx/jadx-core/src/main/java/jadx/core/utils/android/DataInputDelegate.java
2766	jadx.core.utils.android.DataInputDelegate	readBoolean()	2767	0	[]	false	public	false	file:///private/tmp/projects/jadx/jadx-core/src/main/java/jadx/core/utils/android/DataInputDelegate.java
2768	jadx.core.utils.android.ExtDataInput	ExtDataInput(java.io.InputStream)	0	1	[false]	false	public	false	file:///private/tmp/projects/jadx/jadx-core/src/main/java/jadx/core/utils/android/ExtDataInput.java
2769	jadx.core.utils.android.ExtDataInput	ExtDataInput(java.io.DataInput)	0	1	[false]	false	public	false	file:///private/tmp/projects/jadx/jadx-core/src/main/java/jadx/core/utils/android/ExtDataInput.java
2770	jadx.core.utils.android.ExtDataInput	readIntArray(int)	0	1	[false]	false	public	true	file:///private/tmp/projects/jadx/jadx-core/src/main/java/jadx/core/utils/android/ExtDataInput.java
2771	jadx.core.utils.android.ExtDataInput	skipInt()	0	0	[]	false	public	false	file:///private/tmp/projects/jadx/jadx-core/src/main/java/jadx/core/utils/android/ExtDataInput.java
2772	jadx.core.utils.android.ExtDataInput	skipCheckInt(int)	0	1	[false]	false	public	false	file:///private/tmp/projects/jadx/jadx-core/src/main/java/jadx/core/utils/android/ExtDataInput.java
2773	jadx.core.utils.android.ExtDataInput	skipCheckShort(short)	0	1	[false]	false	public	false	file:///private/tmp/projects/jadx/jadx-core/src/main/java/jadx/core/utils/android/ExtDataInput.java
2774	jadx.core.utils.android.ExtDataInput	skipCheckByte(byte)	0	1	[false]	false	public	false	file:///private/tmp/projects/jadx/jadx-core/src/main/java/jadx/core/utils/android/ExtDataInput.java
2775	jadx.core.utils.android.ExtDataInput	skipCheckChunkTypeInt(int,int)	0	2	[false, false]	false	public	false	file:///private/tmp/projects/jadx/jadx-core/src/main/java/jadx/core/utils/android/ExtDataInput.java
2776	jadx.core.utils.android.ExtDataInput	skipBytes(int)	2738	1	[false]	false	public	false	file:///private/tmp/projects/jadx/jadx-core/src/main/java/jadx/core/utils/android/ExtDataInput.java
2777	jadx.core.utils.android.ExtDataInput	readNullEndedString(int,boolean)	0	2	[false, false]	false	public	true	file:///private/tmp/projects/jadx/jadx-core/src/main/java/jadx/core/utils/android/ExtDataInput.java
2778	jadx.core.utils.android.Res9patchStreamDecoder	decode(java.io.InputStream,java.io.OutputStream)	0	2	[false, false]	false	public	false	file:///private/tmp/projects/jadx/jadx-core/src/main/java/jadx/core/utils/android/Res9patchStreamDecoder.java
2779	jadx.core.utils.android.Res9patchStreamDecoder	getNinePatch(java.io.InputStream)	0	1	[false]	true	private	true	file:///private/tmp/projects/jadx/jadx-core/src/main/java/jadx/core/utils/android/Res9patchStreamDecoder.java
2780	jadx.core.utils.android.Res9patchStreamDecoder	find9patchChunk(java.io.DataInput)	0	1	[false]	false	private	false	file:///private/tmp/projects/jadx/jadx-core/src/main/java/jadx/core/utils/android/Res9patchStreamDecoder.java
2781	jadx.core.utils.android.Res9patchStreamDecoder	drawHLine(java.awt.image.BufferedImage,int,int,int)	0	4	[false, false, false, false]	false	private	false	file:///private/tmp/projects/jadx/jadx-core/src/main/java/jadx/core/utils/android/Res9patchStreamDecoder.java
2782	jadx.core.utils.android.Res9patchStreamDecoder	drawVLine(java.awt.image.BufferedImage,int,int,int)	0	4	[false, false, false, false]	false	private	false	file:///private/tmp/projects/jadx/jadx-core/src/main/java/jadx/core/utils/android/Res9patchStreamDecoder.java
2783	jadx.core.utils.android.Res9patchStreamDecoder$NinePatch	NinePatch(int,int,int,int,int[],int[])	0	6	[false, false, false, false, false, false]	false	public	false	file:///private/tmp/projects/jadx/jadx-core/src/main/java/jadx/core/utils/android/Res9patchStreamDecoder.java
2784	jadx.core.utils.android.Res9patchStreamDecoder$NinePatch	decode(jadx.core.utils.android.ExtDataInput)	0	1	[false]	false	public	true	file:///private/tmp/projects/jadx/jadx-core/src/main/java/jadx/core/utils/android/Res9patchStreamDecoder.java
2785	jadx.core.utils.InsnUtils	InsnUtils()	0	0	[]	false	private	false	file:///private/tmp/projects/jadx/jadx-core/src/main/java/jadx/core/utils/InsnUtils.java
2786	jadx.core.utils.InsnUtils	formatOffset(int)	0	1	[false]	false	public	true	file:///private/tmp/projects/jadx/jadx-core/src/main/java/jadx/core/utils/InsnUtils.java
2787	jadx.core.utils.InsnUtils	insnTypeToString(jadx.core.dex.instructions.InsnType)	0	1	[false]	false	public	true	file:///private/tmp/projects/jadx/jadx-core/src/main/java/jadx/core/utils/InsnUtils.java
2788	jadx.core.utils.InsnUtils	indexToString(java.lang.Object)	0	1	[false]	false	public	true	file:///private/tmp/projects/jadx/jadx-core/src/main/java/jadx/core/utils/InsnUtils.java
2789	jadx.core.utils.InsnUtils	getConstValueByArg(jadx.core.dex.nodes.RootNode,jadx.core.dex.instructions.args.InsnArg)	0	2	[false, false]	true	public	true	file:///private/tmp/projects/jadx/jadx-core/src/main/java/jadx/core/utils/InsnUtils.java
2790	jadx.core.utils.InsnUtils	getConstValueByInsn(jadx.core.dex.nodes.RootNode,jadx.core.dex.nodes.InsnNode)	0	2	[false, false]	true	public	true	file:///private/tmp/projects/jadx/jadx-core/src/main/java/jadx/core/utils/InsnUtils.java
2791	jadx.core.utils.InsnUtils	searchSingleReturnInsn(jadx.core.dex.nodes.MethodNode,java.util.function.Predicate<jadx.core.dex.nodes.InsnNode>)	0	2	[false, false]	true	public	true	file:///private/tmp/projects/jadx/jadx-core/src/main/java/jadx/core/utils/InsnUtils.java
2792	jadx.core.utils.InsnUtils	searchInsn(jadx.core.dex.nodes.MethodNode,jadx.core.dex.instructions.InsnType,java.util.function.Predicate<jadx.core.dex.nodes.InsnNode>)	0	3	[false, false, false]	true	public	true	file:///private/tmp/projects/jadx/jadx-core/src/main/java/jadx/core/utils/InsnUtils.java
2793	jadx.core.utils.InsnUtils	replaceInsns(jadx.core.dex.nodes.MethodNode,java.util.function.Function<jadx.core.dex.nodes.InsnNode,jadx.core.dex.nodes.InsnNode>)	0	2	[false, false]	false	public	false	file:///private/tmp/projects/jadx/jadx-core/src/main/java/jadx/core/utils/InsnUtils.java
2794	jadx.core.utils.InsnUtils	replaceInsnsInInsn(jadx.core.dex.nodes.MethodNode,jadx.core.dex.nodes.InsnNode,java.util.function.Function<jadx.core.dex.nodes.InsnNode,jadx.core.dex.nodes.InsnNode>)	0	3	[false, false, false]	false	public	false	file:///private/tmp/projects/jadx/jadx-core/src/main/java/jadx/core/utils/InsnUtils.java
2795	jadx.core.utils.InsnUtils	getRegFromInsn(java.util.List<jadx.core.dex.instructions.args.RegisterArg>,jadx.core.dex.instructions.InsnType)	0	2	[false, false]	true	public	true	file:///private/tmp/projects/jadx/jadx-core/src/main/java/jadx/core/utils/InsnUtils.java
2796	jadx.core.utils.InsnUtils	recursiveInsnCheck(jadx.core.dex.nodes.InsnNode,jadx.core.dex.instructions.InsnType,java.util.function.Predicate<jadx.core.dex.nodes.InsnNode>)	0	3	[false, false, false]	true	private	true	file:///private/tmp/projects/jadx/jadx-core/src/main/java/jadx/core/utils/InsnUtils.java
2797	jadx.core.utils.InsnUtils	getSingleArg(@org.jetbrains.annotations.Nullable jadx.core.dex.nodes.InsnNode)	0	1	[true]	true	public	true	file:///private/tmp/projects/jadx/jadx-core/src/main/java/jadx/core/utils/InsnUtils.java
2798	jadx.core.utils.InsnUtils	checkInsnType(@org.jetbrains.annotations.Nullable jadx.core.dex.nodes.InsnNode,jadx.core.dex.instructions.InsnType)	0	2	[true, false]	true	public	true	file:///private/tmp/projects/jadx/jadx-core/src/main/java/jadx/core/utils/InsnUtils.java
2799	jadx.core.utils.InsnUtils	getWrappedInsn(@org.jetbrains.annotations.Nullable jadx.core.dex.instructions.args.InsnArg)	0	1	[true]	true	public	true	file:///private/tmp/projects/jadx/jadx-core/src/main/java/jadx/core/utils/InsnUtils.java
2800	jadx.core.utils.InsnUtils	dontGenerateIfNotUsed(jadx.core.dex.nodes.InsnNode)	0	1	[false]	false	public	false	file:///private/tmp/projects/jadx/jadx-core/src/main/java/jadx/core/utils/InsnUtils.java
2801	jadx.core.utils.InsnUtils	<T>containsVar(java.util.List<T>,jadx.core.dex.instructions.args.RegisterArg)	0	2	[false, false]	false	public	false	file:///private/tmp/projects/jadx/jadx-core/src/main/java/jadx/core/utils/InsnUtils.java
2802	jadx.core.utils.files.FileUtils	FileUtils()	0	0	[]	false	private	false	file:///private/tmp/projects/jadx/jadx-core/src/main/java/jadx/core/utils/files/FileUtils.java
2803	jadx.core.utils.files.FileUtils	expandDirs(java.util.List<java.nio.file.Path>)	0	1	[false]	false	public	true	file:///private/tmp/projects/jadx/jadx-core/src/main/java/jadx/core/utils/files/FileUtils.java
2804	jadx.core.utils.files.FileUtils	expandDir(java.nio.file.Path,java.util.List<java.nio.file.Path>)	0	2	[false, false]	false	private	false	file:///private/tmp/projects/jadx/jadx-core/src/main/java/jadx/core/utils/files/FileUtils.java
2805	jadx.core.utils.files.FileUtils	addFileToJar(java.util.jar.JarOutputStream,java.io.File,java.lang.String)	0	3	[false, false, false]	false	public	false	file:///private/tmp/projects/jadx/jadx-core/src/main/java/jadx/core/utils/files/FileUtils.java
2806	jadx.core.utils.files.FileUtils	makeDirsForFile(java.nio.file.Path)	0	1	[false]	false	public	false	file:///private/tmp/projects/jadx/jadx-core/src/main/java/jadx/core/utils/files/FileUtils.java
2807	jadx.core.utils.files.FileUtils	makeDirsForFile(java.io.File)	0	1	[false]	false	public	false	file:///private/tmp/projects/jadx/jadx-core/src/main/java/jadx/core/utils/files/FileUtils.java
2808	jadx.core.utils.files.FileUtils	makeDirs(@org.jetbrains.annotations.Nullable java.io.File)	0	1	[true]	false	public	false	file:///private/tmp/projects/jadx/jadx-core/src/main/java/jadx/core/utils/files/FileUtils.java
2809	jadx.core.utils.files.FileUtils	makeDirs(@org.jetbrains.annotations.Nullable java.nio.file.Path)	0	1	[true]	false	public	false	file:///private/tmp/projects/jadx/jadx-core/src/main/java/jadx/core/utils/files/FileUtils.java
2810	jadx.core.utils.files.FileUtils	deleteFileIfExists(java.nio.file.Path)	0	1	[false]	false	public	false	file:///private/tmp/projects/jadx/jadx-core/src/main/java/jadx/core/utils/files/FileUtils.java
2811	jadx.core.utils.files.FileUtils	deleteDir(java.io.File)	0	1	[false]	false	public	false	file:///private/tmp/projects/jadx/jadx-core/src/main/java/jadx/core/utils/files/FileUtils.java
2812	jadx.core.utils.files.FileUtils	deleteDirIfExists(java.nio.file.Path)	0	1	[false]	false	public	false	file:///private/tmp/projects/jadx/jadx-core/src/main/java/jadx/core/utils/files/FileUtils.java
2813	jadx.core.utils.files.FileUtils$1	visitFile(java.nio.file.Path,java.nio.file.attribute.BasicFileAttributes)	2814	2	[false, false]	false	public	true	file:///private/tmp/projects/jadx/jadx-core/src/main/java/jadx/core/utils/files/FileUtils.java
2815	jadx.core.utils.files.FileUtils$1	postVisitDirectory(java.nio.file.Path,java.io.IOException)	2816	2	[false, false]	false	public	true	file:///private/tmp/projects/jadx/jadx-core/src/main/java/jadx/core/utils/files/FileUtils.java
2817	jadx.core.utils.files.FileUtils	deleteDir(java.nio.file.Path)	0	1	[false]	false	private	false	file:///private/tmp/projects/jadx/jadx-core/src/main/java/jadx/core/utils/files/FileUtils.java
2818	jadx.core.utils.files.FileUtils	createTempRootDir()	0	0	[]	false	private	true	file:///private/tmp/projects/jadx/jadx-core/src/main/java/jadx/core/utils/files/FileUtils.java
2819	jadx.core.utils.files.FileUtils	deleteTempRootDir()	0	0	[]	false	public	false	file:///private/tmp/projects/jadx/jadx-core/src/main/java/jadx/core/utils/files/FileUtils.java
2820	jadx.core.utils.files.FileUtils	clearTempRootDir()	0	0	[]	false	public	false	file:///private/tmp/projects/jadx/jadx-core/src/main/java/jadx/core/utils/files/FileUtils.java
2821	jadx.core.utils.files.FileUtils	createTempDir(java.lang.String)	0	1	[false]	false	public	true	file:///private/tmp/projects/jadx/jadx-core/src/main/java/jadx/core/utils/files/FileUtils.java
2822	jadx.core.utils.files.FileUtils	createTempFile(java.lang.String)	0	1	[false]	false	public	true	file:///private/tmp/projects/jadx/jadx-core/src/main/java/jadx/core/utils/files/FileUtils.java
2823	jadx.core.utils.files.FileUtils	createTempFileNoDelete(java.lang.String)	0	1	[false]	false	public	true	file:///private/tmp/projects/jadx/jadx-core/src/main/java/jadx/core/utils/files/FileUtils.java
2824	jadx.core.utils.files.FileUtils	copyStream(java.io.InputStream,java.io.OutputStream)	0	2	[false, false]	false	public	false	file:///private/tmp/projects/jadx/jadx-core/src/main/java/jadx/core/utils/files/FileUtils.java
2825	jadx.core.utils.files.FileUtils	streamToByteArray(java.io.InputStream)	0	1	[false]	false	public	true	file:///private/tmp/projects/jadx/jadx-core/src/main/java/jadx/core/utils/files/FileUtils.java
2826	jadx.core.utils.files.FileUtils	close(java.io.Closeable)	0	1	[false]	false	public	false	file:///private/tmp/projects/jadx/jadx-core/src/main/java/jadx/core/utils/files/FileUtils.java
2827	jadx.core.utils.files.FileUtils	writeFile(java.nio.file.Path,java.lang.String)	0	2	[false, false]	false	public	false	file:///private/tmp/projects/jadx/jadx-core/src/main/java/jadx/core/utils/files/FileUtils.java
2828	jadx.core.utils.files.FileUtils	readFile(java.nio.file.Path)	0	1	[false]	false	public	true	file:///private/tmp/projects/jadx/jadx-core/src/main/java/jadx/core/utils/files/FileUtils.java
2829	jadx.core.utils.files.FileUtils	prepareFile(java.io.File)	0	1	[false]	false	public	true	file:///private/tmp/projects/jadx/jadx-core/src/main/java/jadx/core/utils/files/FileUtils.java
2830	jadx.core.utils.files.FileUtils	cutFileName(java.io.File)	0	1	[false]	false	private	true	file:///private/tmp/projects/jadx/jadx-core/src/main/java/jadx/core/utils/files/FileUtils.java
2831	jadx.core.utils.files.FileUtils	bytesToHex(byte[])	0	1	[false]	false	public	true	file:///private/tmp/projects/jadx/jadx-core/src/main/java/jadx/core/utils/files/FileUtils.java
2832	jadx.core.utils.files.FileUtils	byteToHex(int)	0	1	[false]	false	public	true	file:///private/tmp/projects/jadx/jadx-core/src/main/java/jadx/core/utils/files/FileUtils.java
2833	jadx.core.utils.files.FileUtils	intToHex(int)	0	1	[false]	false	public	true	file:///private/tmp/projects/jadx/jadx-core/src/main/java/jadx/core/utils/files/FileUtils.java
2834	jadx.core.utils.files.FileUtils	isZipFile(java.io.File)	0	1	[false]	false	public	false	file:///private/tmp/projects/jadx/jadx-core/src/main/java/jadx/core/utils/files/FileUtils.java
2835	jadx.core.utils.files.FileUtils	getPathBaseName(java.nio.file.Path)	0	1	[false]	false	public	true	file:///private/tmp/projects/jadx/jadx-core/src/main/java/jadx/core/utils/files/FileUtils.java
2836	jadx.core.utils.files.FileUtils	toFile(java.lang.String)	0	1	[false]	true	public	true	file:///private/tmp/projects/jadx/jadx-core/src/main/java/jadx/core/utils/files/FileUtils.java
2837	jadx.core.utils.files.FileUtils	toPaths(java.util.List<java.io.File>)	0	1	[false]	false	public	true	file:///private/tmp/projects/jadx/jadx-core/src/main/java/jadx/core/utils/files/FileUtils.java
2838	jadx.core.utils.files.FileUtils	toPaths(java.io.File[])	0	1	[false]	false	public	true	file:///private/tmp/projects/jadx/jadx-core/src/main/java/jadx/core/utils/files/FileUtils.java
2839	jadx.core.utils.files.FileUtils	fileNamesToPaths(java.util.List<java.lang.String>)	0	1	[false]	false	public	true	file:///private/tmp/projects/jadx/jadx-core/src/main/java/jadx/core/utils/files/FileUtils.java
2840	jadx.core.utils.files.FileUtils	toFiles(java.util.List<java.nio.file.Path>)	0	1	[false]	false	public	true	file:///private/tmp/projects/jadx/jadx-core/src/main/java/jadx/core/utils/files/FileUtils.java
2841	jadx.core.utils.files.FileUtils	md5Sum(byte[])	0	1	[false]	false	public	true	file:///private/tmp/projects/jadx/jadx-core/src/main/java/jadx/core/utils/files/FileUtils.java
2842	jadx.core.utils.DecompilerScheduler	buildBatches(java.util.List<jadx.api.JavaClass>)	2381	1	[false]	false	public	true	file:///private/tmp/projects/jadx/jadx-core/src/main/java/jadx/core/utils/DecompilerScheduler.java
2843	jadx.core.utils.DecompilerScheduler	internalBatches(java.util.List<jadx.api.JavaClass>)	0	1	[false]	false	public	true	file:///private/tmp/projects/jadx/jadx-core/src/main/java/jadx/core/utils/DecompilerScheduler.java
2844	jadx.core.utils.DecompilerScheduler	sumDependencies(java.util.List<jadx.api.JavaClass>)	0	1	[false]	false	private	true	file:///private/tmp/projects/jadx/jadx-core/src/main/java/jadx/core/utils/DecompilerScheduler.java
2845	jadx.core.utils.DecompilerScheduler$DepInfo	DepInfo(jadx.api.JavaClass,int)	0	2	[false, false]	false	private	false	file:///private/tmp/projects/jadx/jadx-core/src/main/java/jadx/core/utils/DecompilerScheduler.java
2846	jadx.core.utils.DecompilerScheduler$DepInfo	getCls()	0	0	[]	false	public	true	file:///private/tmp/projects/jadx/jadx-core/src/main/java/jadx/core/utils/DecompilerScheduler.java
2847	jadx.core.utils.DecompilerScheduler$DepInfo	getDepsCount()	0	0	[]	false	public	false	file:///private/tmp/projects/jadx/jadx-core/src/main/java/jadx/core/utils/DecompilerScheduler.java
2848	jadx.core.utils.DecompilerScheduler$DepInfo	compareTo(jadx.core.utils.DecompilerScheduler.DepInfo)	190	1	[false]	false	public	false	file:///private/tmp/projects/jadx/jadx-core/src/main/java/jadx/core/utils/DecompilerScheduler.java
2849	jadx.core.utils.DecompilerScheduler$DepInfo	toString()	83	0	[]	false	public	true	file:///private/tmp/projects/jadx/jadx-core/src/main/java/jadx/core/utils/DecompilerScheduler.java
2850	jadx.core.utils.DecompilerScheduler	buildFallback(java.util.List<jadx.api.JavaClass>)	0	1	[false]	false	private	true	file:///private/tmp/projects/jadx/jadx-core/src/main/java/jadx/core/utils/DecompilerScheduler.java
2851	jadx.core.utils.DecompilerScheduler	dumpBatchesStats(java.util.List<jadx.api.JavaClass>,java.util.List<java.util.List<jadx.api.JavaClass>>,java.util.List<jadx.core.utils.DecompilerScheduler.DepInfo>)	0	3	[false, false, false]	false	private	false	file:///private/tmp/projects/jadx/jadx-core/src/main/java/jadx/core/utils/DecompilerScheduler.java
2852	jadx.core.utils.DecompilerScheduler	check(java.util.List<java.util.List<jadx.api.JavaClass>>,java.util.List<jadx.api.JavaClass>)	0	2	[false, false]	false	private	false	file:///private/tmp/projects/jadx/jadx-core/src/main/java/jadx/core/utils/DecompilerScheduler.java
2853	jadx.core.utils.log.LogUtils	escape(java.lang.String)	0	1	[false]	false	public	true	file:///private/tmp/projects/jadx/jadx-core/src/main/java/jadx/core/utils/log/LogUtils.java
2854	jadx.core.utils.log.LogUtils	escape(byte[])	0	1	[false]	false	public	true	file:///private/tmp/projects/jadx/jadx-core/src/main/java/jadx/core/utils/log/LogUtils.java
2855	jadx.core.utils.CodeGenUtils	addErrorsAndComments(jadx.api.ICodeWriter,jadx.core.dex.attributes.nodes.NotificationAttrNode)	0	2	[false, false]	false	public	false	file:///private/tmp/projects/jadx/jadx-core/src/main/java/jadx/core/utils/CodeGenUtils.java
2856	jadx.core.utils.CodeGenUtils	addErrors(jadx.api.ICodeWriter,jadx.core.dex.attributes.nodes.NotificationAttrNode)	0	2	[false, false]	false	public	false	file:///private/tmp/projects/jadx/jadx-core/src/main/java/jadx/core/utils/CodeGenUtils.java
2857	jadx.core.utils.CodeGenUtils	addError(jadx.api.ICodeWriter,java.lang.String,@org.jetbrains.annotations.Nullable java.lang.Throwable)	0	3	[false, false, true]	false	public	false	file:///private/tmp/projects/jadx/jadx-core/src/main/java/jadx/core/utils/CodeGenUtils.java
2858	jadx.core.utils.CodeGenUtils	addComments(jadx.api.ICodeWriter,jadx.core.dex.attributes.nodes.NotificationAttrNode)	0	2	[false, false]	false	public	false	file:///private/tmp/projects/jadx/jadx-core/src/main/java/jadx/core/utils/CodeGenUtils.java
2859	jadx.core.utils.CodeGenUtils	addCodeComments(jadx.api.ICodeWriter,jadx.core.dex.attributes.nodes.NotificationAttrNode,@org.jetbrains.annotations.Nullable jadx.core.dex.attributes.IAttributeNode)	0	3	[false, false, true]	false	public	false	file:///private/tmp/projects/jadx/jadx-core/src/main/java/jadx/core/utils/CodeGenUtils.java
2860	jadx.core.utils.CodeGenUtils	addCodeComments(jadx.api.ICodeWriter,@org.jetbrains.annotations.Nullable jadx.core.dex.attributes.IAttributeNode)	0	2	[false, true]	false	private	false	file:///private/tmp/projects/jadx/jadx-core/src/main/java/jadx/core/utils/CodeGenUtils.java
2861	jadx.core.utils.CodeGenUtils	addMultiLineComment(jadx.api.ICodeWriter,java.util.List<java.lang.String>)	0	2	[false, false]	false	private	false	file:///private/tmp/projects/jadx/jadx-core/src/main/java/jadx/core/utils/CodeGenUtils.java
2862	jadx.core.utils.CodeGenUtils	addRenamedComment(jadx.api.ICodeWriter,jadx.core.dex.attributes.nodes.NotificationAttrNode,java.lang.String)	0	3	[false, false, false]	false	public	false	file:///private/tmp/projects/jadx/jadx-core/src/main/java/jadx/core/utils/CodeGenUtils.java
2863	jadx.core.utils.CodeGenUtils	addSourceFileInfo(jadx.api.ICodeWriter,jadx.core.dex.nodes.ClassNode)	0	2	[false, false]	false	public	false	file:///private/tmp/projects/jadx/jadx-core/src/main/java/jadx/core/utils/CodeGenUtils.java
2864	jadx.core.utils.CodeGenUtils	addInputFileInfo(jadx.api.ICodeWriter,jadx.core.dex.nodes.ClassNode)	0	2	[false, false]	false	public	false	file:///private/tmp/projects/jadx/jadx-core/src/main/java/jadx/core/utils/CodeGenUtils.java
2865	jadx.core.utils.CodeGenUtils	getCodeVar(jadx.core.dex.instructions.args.RegisterArg)	0	1	[false]	true	public	true	file:///private/tmp/projects/jadx/jadx-core/src/main/java/jadx/core/utils/CodeGenUtils.java
2866	jadx.core.utils.CodeGenUtils	CodeGenUtils()	0	0	[]	false	private	false	file:///private/tmp/projects/jadx/jadx-core/src/main/java/jadx/core/utils/CodeGenUtils.java
2867	jadx.core.utils.BetterName	compareAndGet(java.lang.String,java.lang.String)	0	2	[false, false]	false	public	true	file:///private/tmp/projects/jadx/jadx-core/src/main/java/jadx/core/utils/BetterName.java
2868	jadx.core.utils.BetterName	calcRating(java.lang.String)	0	1	[false]	false	public	false	file:///private/tmp/projects/jadx/jadx-core/src/main/java/jadx/core/utils/BetterName.java
2869	jadx.core.utils.BetterName	differentCharsCount(java.lang.String)	0	1	[false]	false	private	false	file:///private/tmp/projects/jadx/jadx-core/src/main/java/jadx/core/utils/BetterName.java
2870	jadx.core.utils.ImmutableList	ImmutableList(java.util.Collection<E>)	0	1	[false]	false	public	false	file:///private/tmp/projects/jadx/jadx-core/src/main/java/jadx/core/utils/ImmutableList.java
2871	jadx.core.utils.ImmutableList	ImmutableList(E[])	0	1	[false]	false	public	false	file:///private/tmp/projects/jadx/jadx-core/src/main/java/jadx/core/utils/ImmutableList.java
2872	jadx.core.utils.ImmutableList	size()	2873	0	[]	false	public	false	file:///private/tmp/projects/jadx/jadx-core/src/main/java/jadx/core/utils/ImmutableList.java
2874	jadx.core.utils.ImmutableList	isEmpty()	2875	0	[]	false	public	false	file:///private/tmp/projects/jadx/jadx-core/src/main/java/jadx/core/utils/ImmutableList.java
2876	jadx.core.utils.ImmutableList	get(int)	2877	1	[false]	false	public	true	file:///private/tmp/projects/jadx/jadx-core/src/main/java/jadx/core/utils/ImmutableList.java
2878	jadx.core.utils.ImmutableList	indexOf(java.lang.Object)	2879	1	[false]	false	public	false	file:///private/tmp/projects/jadx/jadx-core/src/main/java/jadx/core/utils/ImmutableList.java
2880	jadx.core.utils.ImmutableList	lastIndexOf(java.lang.Object)	2881	1	[false]	false	public	false	file:///private/tmp/projects/jadx/jadx-core/src/main/java/jadx/core/utils/ImmutableList.java
2882	jadx.core.utils.ImmutableList	contains(java.lang.Object)	2883	1	[false]	false	public	false	file:///private/tmp/projects/jadx/jadx-core/src/main/java/jadx/core/utils/ImmutableList.java
2884	jadx.core.utils.ImmutableList	containsAll(@org.jetbrains.annotations.NotNull java.util.Collection<?>)	2885	1	[false]	false	public	false	file:///private/tmp/projects/jadx/jadx-core/src/main/java/jadx/core/utils/ImmutableList.java
2886	jadx.core.utils.ImmutableList	iterator()	2887	0	[]	false	public	true	file:///private/tmp/projects/jadx/jadx-core/src/main/java/jadx/core/utils/ImmutableList.java
2888	jadx.core.utils.ImmutableList$1	hasNext()	2889	0	[]	false	public	false	file:///private/tmp/projects/jadx/jadx-core/src/main/java/jadx/core/utils/ImmutableList.java
2890	jadx.core.utils.ImmutableList$1	next()	2891	0	[]	false	public	true	file:///private/tmp/projects/jadx/jadx-core/src/main/java/jadx/core/utils/ImmutableList.java
2892	jadx.core.utils.ImmutableList	forEach(java.util.function.Consumer<? super E>)	2893	1	[false]	false	public	false	file:///private/tmp/projects/jadx/jadx-core/src/main/java/jadx/core/utils/ImmutableList.java
2894	jadx.core.utils.ImmutableList	toArray()	2895	0	[]	false	public	true	file:///private/tmp/projects/jadx/jadx-core/src/main/java/jadx/core/utils/ImmutableList.java
2896	jadx.core.utils.ImmutableList	<T>toArray(@org.jetbrains.annotations.NotNull T[])	2897	1	[false]	false	public	true	file:///private/tmp/projects/jadx/jadx-core/src/main/java/jadx/core/utils/ImmutableList.java
2898	jadx.core.utils.ImmutableList	add(E)	2899	1	[false]	false	public	false	file:///private/tmp/projects/jadx/jadx-core/src/main/java/jadx/core/utils/ImmutableList.java
2900	jadx.core.utils.ImmutableList	remove(java.lang.Object)	2901	1	[false]	false	public	false	file:///private/tmp/projects/jadx/jadx-core/src/main/java/jadx/core/utils/ImmutableList.java
2902	jadx.core.utils.ImmutableList	addAll(@org.jetbrains.annotations.NotNull java.util.Collection<? extends E>)	2903	1	[false]	false	public	false	file:///private/tmp/projects/jadx/jadx-core/src/main/java/jadx/core/utils/ImmutableList.java
2904	jadx.core.utils.ImmutableList	addAll(int,@org.jetbrains.annotations.NotNull java.util.Collection<? extends E>)	2905	2	[false, false]	false	public	false	file:///private/tmp/projects/jadx/jadx-core/src/main/java/jadx/core/utils/ImmutableList.java
2906	jadx.core.utils.ImmutableList	removeAll(@org.jetbrains.annotations.NotNull java.util.Collection<?>)	2907	1	[false]	false	public	false	file:///private/tmp/projects/jadx/jadx-core/src/main/java/jadx/core/utils/ImmutableList.java
2908	jadx.core.utils.ImmutableList	retainAll(@org.jetbrains.annotations.NotNull java.util.Collection<?>)	2909	1	[false]	false	public	false	file:///private/tmp/projects/jadx/jadx-core/src/main/java/jadx/core/utils/ImmutableList.java
2910	jadx.core.utils.ImmutableList	replaceAll(java.util.function.UnaryOperator<E>)	2911	1	[false]	false	public	false	file:///private/tmp/projects/jadx/jadx-core/src/main/java/jadx/core/utils/ImmutableList.java
2912	jadx.core.utils.ImmutableList	sort(java.util.Comparator<? super E>)	2913	1	[false]	false	public	false	file:///private/tmp/projects/jadx/jadx-core/src/main/java/jadx/core/utils/ImmutableList.java
2914	jadx.core.utils.ImmutableList	removeIf(java.util.function.Predicate<? super E>)	2915	1	[false]	false	public	false	file:///private/tmp/projects/jadx/jadx-core/src/main/java/jadx/core/utils/ImmutableList.java
2916	jadx.core.utils.ImmutableList	clear()	2917	0	[]	false	public	false	file:///private/tmp/projects/jadx/jadx-core/src/main/java/jadx/core/utils/ImmutableList.java
2918	jadx.core.utils.ImmutableList	set(int,E)	2919	2	[false, false]	false	public	true	file:///private/tmp/projects/jadx/jadx-core/src/main/java/jadx/core/utils/ImmutableList.java
2920	jadx.core.utils.ImmutableList	add(int,E)	2921	2	[false, false]	false	public	false	file:///private/tmp/projects/jadx/jadx-core/src/main/java/jadx/core/utils/ImmutableList.java
2922	jadx.core.utils.ImmutableList	remove(int)	2923	1	[false]	false	public	true	file:///private/tmp/projects/jadx/jadx-core/src/main/java/jadx/core/utils/ImmutableList.java
2924	jadx.core.utils.ImmutableList	listIterator()	2925	0	[]	false	public	true	file:///private/tmp/projects/jadx/jadx-core/src/main/java/jadx/core/utils/ImmutableList.java
2926	jadx.core.utils.ImmutableList	listIterator(int)	2927	1	[false]	false	public	true	file:///private/tmp/projects/jadx/jadx-core/src/main/java/jadx/core/utils/ImmutableList.java
2928	jadx.core.utils.ImmutableList	subList(int,int)	2929	2	[false, false]	false	public	true	file:///private/tmp/projects/jadx/jadx-core/src/main/java/jadx/core/utils/ImmutableList.java
2930	jadx.core.utils.ImmutableList	equals(java.lang.Object)	2931	1	[false]	false	public	false	file:///private/tmp/projects/jadx/jadx-core/src/main/java/jadx/core/utils/ImmutableList.java
2932	jadx.core.utils.ImmutableList	hashCode()	2933	0	[]	false	public	false	file:///private/tmp/projects/jadx/jadx-core/src/main/java/jadx/core/utils/ImmutableList.java
2934	jadx.core.utils.ImmutableList	toString()	83	0	[]	false	public	true	file:///private/tmp/projects/jadx/jadx-core/src/main/java/jadx/core/utils/ImmutableList.java
2935	jadx.core.utils.InsnRemover	InsnRemover(jadx.core.dex.nodes.MethodNode)	0	1	[false]	false	public	false	file:///private/tmp/projects/jadx/jadx-core/src/main/java/jadx/core/utils/InsnRemover.java
2936	jadx.core.utils.InsnRemover	InsnRemover(jadx.core.dex.nodes.MethodNode,@org.jetbrains.annotations.Nullable jadx.core.dex.nodes.BlockNode)	0	2	[false, true]	false	public	false	file:///private/tmp/projects/jadx/jadx-core/src/main/java/jadx/core/utils/InsnRemover.java
2937	jadx.core.utils.InsnRemover	setBlock(jadx.core.dex.nodes.BlockNode)	0	1	[false]	false	public	false	file:///private/tmp/projects/jadx/jadx-core/src/main/java/jadx/core/utils/InsnRemover.java
2938	jadx.core.utils.InsnRemover	addAndUnbind(jadx.core.dex.nodes.InsnNode)	0	1	[false]	false	public	false	file:///private/tmp/projects/jadx/jadx-core/src/main/java/jadx/core/utils/InsnRemover.java
2939	jadx.core.utils.InsnRemover	addWithoutUnbind(jadx.core.dex.nodes.InsnNode)	0	1	[false]	false	public	false	file:///private/tmp/projects/jadx/jadx-core/src/main/java/jadx/core/utils/InsnRemover.java
2940	jadx.core.utils.InsnRemover	perform()	0	0	[]	false	public	false	file:///private/tmp/projects/jadx/jadx-core/src/main/java/jadx/core/utils/InsnRemover.java
2941	jadx.core.utils.InsnRemover	unbindInsn(@org.jetbrains.annotations.Nullable jadx.core.dex.nodes.MethodNode,jadx.core.dex.nodes.InsnNode)	0	2	[true, false]	false	public	false	file:///private/tmp/projects/jadx/jadx-core/src/main/java/jadx/core/utils/InsnRemover.java
2942	jadx.core.utils.InsnRemover	unbindInsns(@org.jetbrains.annotations.Nullable jadx.core.dex.nodes.MethodNode,java.util.List<jadx.core.dex.nodes.InsnNode>)	0	2	[true, false]	false	public	false	file:///private/tmp/projects/jadx/jadx-core/src/main/java/jadx/core/utils/InsnRemover.java
2943	jadx.core.utils.InsnRemover	unbindAllArgs(@org.jetbrains.annotations.Nullable jadx.core.dex.nodes.MethodNode,jadx.core.dex.nodes.InsnNode)	0	2	[true, false]	false	public	false	file:///private/tmp/projects/jadx/jadx-core/src/main/java/jadx/core/utils/InsnRemover.java
2944	jadx.core.utils.InsnRemover	unbindResult(@org.jetbrains.annotations.Nullable jadx.core.dex.nodes.MethodNode,jadx.core.dex.nodes.InsnNode)	0	2	[true, false]	false	public	false	file:///private/tmp/projects/jadx/jadx-core/src/main/java/jadx/core/utils/InsnRemover.java
2945	jadx.core.utils.InsnRemover	removeSsaVar(jadx.core.dex.nodes.MethodNode,jadx.core.dex.instructions.args.SSAVar)	0	2	[false, false]	false	private	false	file:///private/tmp/projects/jadx/jadx-core/src/main/java/jadx/core/utils/InsnRemover.java
2946	jadx.core.utils.InsnRemover	unbindArgUsage(@org.jetbrains.annotations.Nullable jadx.core.dex.nodes.MethodNode,jadx.core.dex.instructions.args.InsnArg)	0	2	[true, false]	false	public	false	file:///private/tmp/projects/jadx/jadx-core/src/main/java/jadx/core/utils/InsnRemover.java
2947	jadx.core.utils.InsnRemover	removeAll(java.util.List<jadx.core.dex.nodes.InsnNode>,java.util.List<jadx.core.dex.nodes.InsnNode>)	0	2	[false, false]	false	private	false	file:///private/tmp/projects/jadx/jadx-core/src/main/java/jadx/core/utils/InsnRemover.java
2948	jadx.core.utils.InsnRemover	remove(jadx.core.dex.nodes.MethodNode,jadx.core.dex.nodes.InsnNode)	0	2	[false, false]	false	public	false	file:///private/tmp/projects/jadx/jadx-core/src/main/java/jadx/core/utils/InsnRemover.java
2949	jadx.core.utils.InsnRemover	remove(jadx.core.dex.nodes.MethodNode,jadx.core.dex.nodes.BlockNode,jadx.core.dex.nodes.InsnNode)	0	3	[false, false, false]	false	public	false	file:///private/tmp/projects/jadx/jadx-core/src/main/java/jadx/core/utils/InsnRemover.java
2950	jadx.core.utils.InsnRemover	removeWithoutUnbind(jadx.core.dex.nodes.MethodNode,jadx.core.dex.nodes.BlockNode,jadx.core.dex.nodes.InsnNode)	0	3	[false, false, false]	false	public	false	file:///private/tmp/projects/jadx/jadx-core/src/main/java/jadx/core/utils/InsnRemover.java
2951	jadx.core.utils.InsnRemover	removeAllAndUnbind(jadx.core.dex.nodes.MethodNode,jadx.core.dex.nodes.BlockNode,java.util.List<jadx.core.dex.nodes.InsnNode>)	0	3	[false, false, false]	false	public	false	file:///private/tmp/projects/jadx/jadx-core/src/main/java/jadx/core/utils/InsnRemover.java
2952	jadx.core.utils.InsnRemover	removeAllAndUnbind(jadx.core.dex.nodes.MethodNode,jadx.core.dex.nodes.IContainer,java.util.List<jadx.core.dex.nodes.InsnNode>)	0	3	[false, false, false]	false	public	false	file:///private/tmp/projects/jadx/jadx-core/src/main/java/jadx/core/utils/InsnRemover.java
2953	jadx.core.utils.InsnRemover	removeAllAndUnbind(jadx.core.dex.nodes.MethodNode,java.util.List<jadx.core.dex.nodes.InsnNode>)	0	2	[false, false]	false	public	false	file:///private/tmp/projects/jadx/jadx-core/src/main/java/jadx/core/utils/InsnRemover.java
2954	jadx.core.utils.InsnRemover	removeAllWithoutUnbind(jadx.core.dex.nodes.BlockNode,java.util.List<jadx.core.dex.nodes.InsnNode>)	0	2	[false, false]	false	public	false	file:///private/tmp/projects/jadx/jadx-core/src/main/java/jadx/core/utils/InsnRemover.java
2955	jadx.core.utils.InsnRemover	removeAllMarked(jadx.core.dex.nodes.MethodNode)	0	1	[false]	false	public	false	file:///private/tmp/projects/jadx/jadx-core/src/main/java/jadx/core/utils/InsnRemover.java
2956	jadx.core.utils.InsnRemover	remove(jadx.core.dex.nodes.MethodNode,jadx.core.dex.nodes.BlockNode,int)	0	3	[false, false, false]	false	public	false	file:///private/tmp/projects/jadx/jadx-core/src/main/java/jadx/core/utils/InsnRemover.java
2957	jadx.core.utils.BlockInsnPair	BlockInsnPair(jadx.core.dex.nodes.BlockNode,jadx.core.dex.nodes.InsnNode)	0	2	[false, false]	false	public	false	file:///private/tmp/projects/jadx/jadx-core/src/main/java/jadx/core/utils/BlockInsnPair.java
2958	jadx.core.utils.BlockInsnPair	getBlock()	0	0	[]	false	public	true	file:///private/tmp/projects/jadx/jadx-core/src/main/java/jadx/core/utils/BlockInsnPair.java
2959	jadx.core.utils.BlockInsnPair	getInsn()	0	0	[]	false	public	true	file:///private/tmp/projects/jadx/jadx-core/src/main/java/jadx/core/utils/BlockInsnPair.java
2960	jadx.core.utils.BlockInsnPair	equals(java.lang.Object)	188	1	[false]	false	public	false	file:///private/tmp/projects/jadx/jadx-core/src/main/java/jadx/core/utils/BlockInsnPair.java
2961	jadx.core.utils.BlockInsnPair	hashCode()	186	0	[]	false	public	false	file:///private/tmp/projects/jadx/jadx-core/src/main/java/jadx/core/utils/BlockInsnPair.java
2962	jadx.core.utils.BlockInsnPair	toString()	83	0	[]	false	public	true	file:///private/tmp/projects/jadx/jadx-core/src/main/java/jadx/core/utils/BlockInsnPair.java
2963	jadx.core.utils.EncodedValueUtils	convertToConstValue(jadx.api.plugins.input.data.annotations.EncodedValue)	0	1	[false]	true	public	true	file:///private/tmp/projects/jadx/jadx-core/src/main/java/jadx/core/utils/EncodedValueUtils.java
2964	jadx.core.xmlgen.ResProtoParser	ResProtoParser(jadx.core.dex.nodes.RootNode)	0	1	[false]	false	public	false	file:///private/tmp/projects/jadx/jadx-core/src/main/java/jadx/core/xmlgen/ResProtoParser.java
2965	jadx.core.xmlgen.ResProtoParser	decodeFiles(java.io.InputStream)	0	1	[false]	false	public	true	file:///private/tmp/projects/jadx/jadx-core/src/main/java/jadx/core/xmlgen/ResProtoParser.java
2966	jadx.core.xmlgen.ResProtoParser	decode(java.io.InputStream)	2154	1	[false]	false	public	false	file:///private/tmp/projects/jadx/jadx-core/src/main/java/jadx/core/xmlgen/ResProtoParser.java
2967	jadx.core.xmlgen.ResProtoParser	parse(com.android.aapt.Resources.Package)	0	1	[false]	false	private	false	file:///private/tmp/projects/jadx/jadx-core/src/main/java/jadx/core/xmlgen/ResProtoParser.java
2968	jadx.core.xmlgen.ResProtoParser	parse(java.lang.String,java.util.List<com.android.aapt.Resources.Type>)	0	2	[false, false]	false	private	false	file:///private/tmp/projects/jadx/jadx-core/src/main/java/jadx/core/xmlgen/ResProtoParser.java
2969	jadx.core.xmlgen.ResProtoParser	parse(com.android.aapt.Resources.Style)	0	1	[false]	false	private	true	file:///private/tmp/projects/jadx/jadx-core/src/main/java/jadx/core/xmlgen/ResProtoParser.java
2970	jadx.core.xmlgen.ResProtoParser	parse(com.android.aapt.Resources.Styleable)	0	1	[false]	false	private	true	file:///private/tmp/projects/jadx/jadx-core/src/main/java/jadx/core/xmlgen/ResProtoParser.java
2971	jadx.core.xmlgen.ResProtoParser	parse(com.android.aapt.Resources.Array)	0	1	[false]	false	private	true	file:///private/tmp/projects/jadx/jadx-core/src/main/java/jadx/core/xmlgen/ResProtoParser.java
2972	jadx.core.xmlgen.ResProtoParser	parse(com.android.aapt.Resources.Attribute)	0	1	[false]	false	private	true	file:///private/tmp/projects/jadx/jadx-core/src/main/java/jadx/core/xmlgen/ResProtoParser.java
2973	jadx.core.xmlgen.ResProtoParser	parse(com.android.aapt.Resources.Plural)	0	1	[false]	false	private	true	file:///private/tmp/projects/jadx/jadx-core/src/main/java/jadx/core/xmlgen/ResProtoParser.java
2974	jadx.core.xmlgen.ResProtoParser	parse(com.android.aapt.Resources.CompoundValue)	0	1	[false]	false	private	true	file:///private/tmp/projects/jadx/jadx-core/src/main/java/jadx/core/xmlgen/ResProtoParser.java
2975	jadx.core.xmlgen.ResProtoParser	parse(com.android.aapt.ConfigurationOuterClass.Configuration)	0	1	[false]	false	private	true	file:///private/tmp/projects/jadx/jadx-core/src/main/java/jadx/core/xmlgen/ResProtoParser.java
2976	jadx.core.xmlgen.ResProtoParser	parse(com.android.aapt.Resources.Item)	0	1	[false]	true	private	true	file:///private/tmp/projects/jadx/jadx-core/src/main/java/jadx/core/xmlgen/ResProtoParser.java
2977	jadx.core.xmlgen.ResProtoParser	getResStorage()	2155	0	[]	false	public	true	file:///private/tmp/projects/jadx/jadx-core/src/main/java/jadx/core/xmlgen/ResProtoParser.java
2978	jadx.core.xmlgen.ResProtoParser	getStrings()	2156	0	[]	false	public	true	file:///private/tmp/projects/jadx/jadx-core/src/main/java/jadx/core/xmlgen/ResProtoParser.java
2979	jadx.core.xmlgen.ResDecoder	decode(jadx.core.dex.nodes.RootNode,jadx.api.ResourceFile,java.io.InputStream)	0	3	[false, false, false]	false	public	true	file:///private/tmp/projects/jadx/jadx-core/src/main/java/jadx/core/xmlgen/ResDecoder.java
2980	jadx.core.xmlgen.XmlSecurity	XmlSecurity()	0	0	[]	false	private	false	file:///private/tmp/projects/jadx/jadx-core/src/main/java/jadx/core/xmlgen/XmlSecurity.java
2981	jadx.core.xmlgen.XmlSecurity	getSecureDbf()	0	0	[]	false	public	true	file:///private/tmp/projects/jadx/jadx-core/src/main/java/jadx/core/xmlgen/XmlSecurity.java
2982	jadx.core.xmlgen.XmlGenUtils	XmlGenUtils()	0	0	[]	false	private	false	file:///private/tmp/projects/jadx/jadx-core/src/main/java/jadx/core/xmlgen/XmlGenUtils.java
2983	jadx.core.xmlgen.XmlGenUtils	readData(java.io.InputStream)	0	1	[false]	false	public	true	file:///private/tmp/projects/jadx/jadx-core/src/main/java/jadx/core/xmlgen/XmlGenUtils.java
2984	jadx.core.xmlgen.XmlGenUtils	makeXmlDump(jadx.api.ICodeWriter,jadx.core.xmlgen.ResourceStorage)	0	2	[false, false]	false	public	true	file:///private/tmp/projects/jadx/jadx-core/src/main/java/jadx/core/xmlgen/XmlGenUtils.java
2985	jadx.core.xmlgen.XmlGenUtils	decodeComplex(int,boolean)	0	2	[false, false]	false	public	true	file:///private/tmp/projects/jadx/jadx-core/src/main/java/jadx/core/xmlgen/XmlGenUtils.java
2986	jadx.core.xmlgen.XmlGenUtils	doubleToString(double)	0	1	[false]	false	public	true	file:///private/tmp/projects/jadx/jadx-core/src/main/java/jadx/core/xmlgen/XmlGenUtils.java
2987	jadx.core.xmlgen.XmlGenUtils	floatToString(float)	0	1	[false]	false	public	true	file:///private/tmp/projects/jadx/jadx-core/src/main/java/jadx/core/xmlgen/XmlGenUtils.java
2988	jadx.core.xmlgen.XmlGenUtils	getAttrTypeAsString(int)	0	1	[false]	true	public	true	file:///private/tmp/projects/jadx/jadx-core/src/main/java/jadx/core/xmlgen/XmlGenUtils.java
2989	jadx.core.xmlgen.entry.EntryConfig	EntryConfig(short,short,char[],char[],byte,byte,int,byte,byte,byte,short,short,short,byte,byte,short,short,short,char[],char[],byte,byte,boolean,int)	0	24	[false, false, false, false, false, false, false, false, false, false, false, false, false, false, false, false, false, false, true, true, false, false, false, false]	false	public	false	file:///private/tmp/projects/jadx/jadx-core/src/main/java/jadx/core/xmlgen/entry/EntryConfig.java
2990	jadx.core.xmlgen.entry.EntryConfig	getQualifiers()	0	0	[]	false	public	true	file:///private/tmp/projects/jadx/jadx-core/src/main/java/jadx/core/xmlgen/entry/EntryConfig.java
2991	jadx.core.xmlgen.entry.EntryConfig	generateQualifiers()	0	0	[]	false	private	true	file:///private/tmp/projects/jadx/jadx-core/src/main/java/jadx/core/xmlgen/entry/EntryConfig.java
2992	jadx.core.xmlgen.entry.EntryConfig	getNaturalSdkVersionRequirement()	0	0	[]	false	private	false	file:///private/tmp/projects/jadx/jadx-core/src/main/java/jadx/core/xmlgen/entry/EntryConfig.java
2993	jadx.core.xmlgen.entry.EntryConfig	getLocaleString()	0	0	[]	false	private	true	file:///private/tmp/projects/jadx/jadx-core/src/main/java/jadx/core/xmlgen/entry/EntryConfig.java
2994	jadx.core.xmlgen.entry.EntryConfig	toUpper(char[])	0	1	[false]	false	private	true	file:///private/tmp/projects/jadx/jadx-core/src/main/java/jadx/core/xmlgen/entry/EntryConfig.java
2995	jadx.core.xmlgen.entry.EntryConfig	toString()	83	0	[]	false	public	true	file:///private/tmp/projects/jadx/jadx-core/src/main/java/jadx/core/xmlgen/entry/EntryConfig.java
2996	jadx.core.xmlgen.entry.EntryConfig	equals(java.lang.Object)	188	1	[false]	false	public	false	file:///private/tmp/projects/jadx/jadx-core/src/main/java/jadx/core/xmlgen/entry/EntryConfig.java
2997	jadx.core.xmlgen.entry.EntryConfig	hashCode()	186	0	[]	false	public	false	file:///private/tmp/projects/jadx/jadx-core/src/main/java/jadx/core/xmlgen/entry/EntryConfig.java
2998	jadx.core.xmlgen.ResourcesSaver	ResourcesSaver(java.io.File,jadx.api.ResourceFile)	0	2	[false, false]	false	public	false	file:///private/tmp/projects/jadx/jadx-core/src/main/java/jadx/core/xmlgen/ResourcesSaver.java
2999	jadx.core.xmlgen.ResourcesSaver	run()	3000	0	[]	false	public	false	file:///private/tmp/projects/jadx/jadx-core/src/main/java/jadx/core/xmlgen/ResourcesSaver.java
3001	jadx.core.xmlgen.ResourcesSaver	saveResources(jadx.core.xmlgen.ResContainer)	0	1	[false]	false	private	false	file:///private/tmp/projects/jadx/jadx-core/src/main/java/jadx/core/xmlgen/ResourcesSaver.java
3002	jadx.core.xmlgen.ResourcesSaver	save(jadx.core.xmlgen.ResContainer,java.io.File)	0	2	[false, false]	false	private	false	file:///private/tmp/projects/jadx/jadx-core/src/main/java/jadx/core/xmlgen/ResourcesSaver.java
3003	jadx.core.xmlgen.ResourcesSaver	saveToFile(jadx.core.xmlgen.ResContainer,java.io.File)	0	2	[false, false]	false	private	false	file:///private/tmp/projects/jadx/jadx-core/src/main/java/jadx/core/xmlgen/ResourcesSaver.java
3004	jadx.core.xmlgen.ResourcesSaver	saveResourceFile(jadx.api.ResourceFile,java.io.File)	0	2	[false, false]	false	private	false	file:///private/tmp/projects/jadx/jadx-core/src/main/java/jadx/core/xmlgen/ResourcesSaver.java
3005	jadx.core.xmlgen.ResTableParser$PackageChunk	PackageChunk(int,java.lang.String,@org.jetbrains.annotations.Nullable java.lang.String[],@org.jetbrains.annotations.Nullable java.lang.String[])	0	4	[false, false, true, true]	false	private	false	file:///private/tmp/projects/jadx/jadx-core/src/main/java/jadx/core/xmlgen/ResTableParser.java
3006	jadx.core.xmlgen.ResTableParser$PackageChunk	getId()	0	0	[]	false	public	false	file:///private/tmp/projects/jadx/jadx-core/src/main/java/jadx/core/xmlgen/ResTableParser.java
3007	jadx.core.xmlgen.ResTableParser$PackageChunk	getName()	0	0	[]	false	public	true	file:///private/tmp/projects/jadx/jadx-core/src/main/java/jadx/core/xmlgen/ResTableParser.java
3008	jadx.core.xmlgen.ResTableParser$PackageChunk	getTypeStrings()	0	0	[]	false	public	true	file:///private/tmp/projects/jadx/jadx-core/src/main/java/jadx/core/xmlgen/ResTableParser.java
3009	jadx.core.xmlgen.ResTableParser$PackageChunk	getKeyStrings()	0	0	[]	true	public	true	file:///private/tmp/projects/jadx/jadx-core/src/main/java/jadx/core/xmlgen/ResTableParser.java
3010	jadx.core.xmlgen.ResTableParser	ResTableParser(jadx.core.dex.nodes.RootNode)	0	1	[false]	false	public	false	file:///private/tmp/projects/jadx/jadx-core/src/main/java/jadx/core/xmlgen/ResTableParser.java
3011	jadx.core.xmlgen.ResTableParser	ResTableParser(jadx.core.dex.nodes.RootNode,boolean)	0	2	[false, false]	false	public	false	file:///private/tmp/projects/jadx/jadx-core/src/main/java/jadx/core/xmlgen/ResTableParser.java
3012	jadx.core.xmlgen.ResTableParser	decode(java.io.InputStream)	2154	1	[false]	false	public	false	file:///private/tmp/projects/jadx/jadx-core/src/main/java/jadx/core/xmlgen/ResTableParser.java
3013	jadx.core.xmlgen.ResTableParser	decodeFiles(java.io.InputStream)	0	1	[false]	false	public	true	file:///private/tmp/projects/jadx/jadx-core/src/main/java/jadx/core/xmlgen/ResTableParser.java
3014	jadx.core.xmlgen.ResTableParser	decodeTableChunk()	0	0	[]	false	package	false	file:///private/tmp/projects/jadx/jadx-core/src/main/java/jadx/core/xmlgen/ResTableParser.java
3015	jadx.core.xmlgen.ResTableParser	parsePackage()	0	0	[]	false	private	true	file:///private/tmp/projects/jadx/jadx-core/src/main/java/jadx/core/xmlgen/ResTableParser.java
3016	jadx.core.xmlgen.ResTableParser	deobfKeyStrings(java.lang.String[])	0	1	[false]	false	private	false	file:///private/tmp/projects/jadx/jadx-core/src/main/java/jadx/core/xmlgen/ResTableParser.java
3017	jadx.core.xmlgen.ResTableParser	makeNewKeyName(int)	0	1	[false]	false	private	true	file:///private/tmp/projects/jadx/jadx-core/src/main/java/jadx/core/xmlgen/ResTableParser.java
3018	jadx.core.xmlgen.ResTableParser	parseTypeSpecChunk(long)	0	1	[false]	false	private	false	file:///private/tmp/projects/jadx/jadx-core/src/main/java/jadx/core/xmlgen/ResTableParser.java
3019	jadx.core.xmlgen.ResTableParser	parseLibraryTypeChunk(long)	0	1	[false]	false	private	false	file:///private/tmp/projects/jadx/jadx-core/src/main/java/jadx/core/xmlgen/ResTableParser.java
3020	jadx.core.xmlgen.ResTableParser	parseTypeChunk(long,jadx.core.xmlgen.ResTableParser.PackageChunk)	0	2	[false, false]	false	private	false	file:///private/tmp/projects/jadx/jadx-core/src/main/java/jadx/core/xmlgen/ResTableParser.java
3021	jadx.core.xmlgen.ResTableParser	parseEntry(jadx.core.xmlgen.ResTableParser.PackageChunk,int,int,java.lang.String)	0	4	[false, false, false, false]	false	private	false	file:///private/tmp/projects/jadx/jadx-core/src/main/java/jadx/core/xmlgen/ResTableParser.java
3022	jadx.core.xmlgen.ResTableParser	getResName(java.lang.String,int,java.lang.String)	0	3	[false, false, false]	false	private	true	file:///private/tmp/projects/jadx/jadx-core/src/main/java/jadx/core/xmlgen/ResTableParser.java
3023	jadx.core.xmlgen.ResTableParser	getResAlias(int,java.lang.String,@org.jetbrains.annotations.Nullable jadx.core.dex.nodes.FieldNode)	0	3	[false, false, true]	false	private	true	file:///private/tmp/projects/jadx/jadx-core/src/main/java/jadx/core/xmlgen/ResTableParser.java
3024	jadx.core.xmlgen.ResTableParser	getBetterName(jadx.api.args.ResourceNameSource,java.lang.String,java.lang.String)	0	3	[false, false, false]	false	public	true	file:///private/tmp/projects/jadx/jadx-core/src/main/java/jadx/core/xmlgen/ResTableParser.java
3025	jadx.core.xmlgen.ResTableParser	cleanName(java.util.regex.Matcher)	0	1	[false]	false	private	true	file:///private/tmp/projects/jadx/jadx-core/src/main/java/jadx/core/xmlgen/ResTableParser.java
3026	jadx.core.xmlgen.ResTableParser	parseValueMap()	0	0	[]	false	private	true	file:///private/tmp/projects/jadx/jadx-core/src/main/java/jadx/core/xmlgen/ResTableParser.java
3027	jadx.core.xmlgen.ResTableParser	parseValue()	0	0	[]	false	private	true	file:///private/tmp/projects/jadx/jadx-core/src/main/java/jadx/core/xmlgen/ResTableParser.java
3028	jadx.core.xmlgen.ResTableParser	parseConfig()	0	0	[]	false	private	true	file:///private/tmp/projects/jadx/jadx-core/src/main/java/jadx/core/xmlgen/ResTableParser.java
3029	jadx.core.xmlgen.ResTableParser	unpackLocaleOrRegion(byte,byte,char)	0	3	[false, false, false]	false	private	true	file:///private/tmp/projects/jadx/jadx-core/src/main/java/jadx/core/xmlgen/ResTableParser.java
3030	jadx.core.xmlgen.ResTableParser	readScriptOrVariantChar(int)	0	1	[false]	false	private	true	file:///private/tmp/projects/jadx/jadx-core/src/main/java/jadx/core/xmlgen/ResTableParser.java
3031	jadx.core.xmlgen.ResTableParser	getResStorage()	2155	0	[]	false	public	true	file:///private/tmp/projects/jadx/jadx-core/src/main/java/jadx/core/xmlgen/ResTableParser.java
3032	jadx.core.xmlgen.ResTableParser	getStrings()	2156	0	[]	true	public	true	file:///private/tmp/projects/jadx/jadx-core/src/main/java/jadx/core/xmlgen/ResTableParser.java
3033	jadx.core.xmlgen.ManifestAttributes$MAttr	MAttr(jadx.core.xmlgen.ManifestAttributes.MAttrType)	0	1	[false]	false	public	false	file:///private/tmp/projects/jadx/jadx-core/src/main/java/jadx/core/xmlgen/ManifestAttributes.java
3034	jadx.core.xmlgen.ManifestAttributes$MAttr	getType()	0	0	[]	false	public	true	file:///private/tmp/projects/jadx/jadx-core/src/main/java/jadx/core/xmlgen/ManifestAttributes.java
3035	jadx.core.xmlgen.ManifestAttributes$MAttr	getValues()	0	0	[]	false	public	true	file:///private/tmp/projects/jadx/jadx-core/src/main/java/jadx/core/xmlgen/ManifestAttributes.java
3036	jadx.core.xmlgen.ManifestAttributes$MAttr	toString()	83	0	[]	false	public	true	file:///private/tmp/projects/jadx/jadx-core/src/main/java/jadx/core/xmlgen/ManifestAttributes.java
3037	jadx.core.xmlgen.ManifestAttributes	getInstance()	0	0	[]	false	public	true	file:///private/tmp/projects/jadx/jadx-core/src/main/java/jadx/core/xmlgen/ManifestAttributes.java
3038	jadx.core.xmlgen.ManifestAttributes	ManifestAttributes()	0	0	[]	false	private	false	file:///private/tmp/projects/jadx/jadx-core/src/main/java/jadx/core/xmlgen/ManifestAttributes.java
3039	jadx.core.xmlgen.ManifestAttributes	parseAll()	0	0	[]	false	private	false	file:///private/tmp/projects/jadx/jadx-core/src/main/java/jadx/core/xmlgen/ManifestAttributes.java
3040	jadx.core.xmlgen.ManifestAttributes	loadXML(java.lang.String)	0	1	[false]	false	private	true	file:///private/tmp/projects/jadx/jadx-core/src/main/java/jadx/core/xmlgen/ManifestAttributes.java
3041	jadx.core.xmlgen.ManifestAttributes	parse(org.w3c.dom.Document)	0	1	[false]	false	private	false	file:///private/tmp/projects/jadx/jadx-core/src/main/java/jadx/core/xmlgen/ManifestAttributes.java
3042	jadx.core.xmlgen.ManifestAttributes	parseAttrList(org.w3c.dom.NodeList)	0	1	[false]	false	private	false	file:///private/tmp/projects/jadx/jadx-core/src/main/java/jadx/core/xmlgen/ManifestAttributes.java
3043	jadx.core.xmlgen.ManifestAttributes	parseValues(java.lang.String,org.w3c.dom.NodeList)	0	2	[false, false]	false	private	false	file:///private/tmp/projects/jadx/jadx-core/src/main/java/jadx/core/xmlgen/ManifestAttributes.java
3044	jadx.core.xmlgen.ManifestAttributes	decode(java.lang.String,long)	0	2	[false, false]	true	public	true	file:///private/tmp/projects/jadx/jadx-core/src/main/java/jadx/core/xmlgen/ManifestAttributes.java
3045	jadx.core.xmlgen.ResXmlGen	ResXmlGen(jadx.core.xmlgen.ResourceStorage,jadx.core.xmlgen.entry.ValuesParser)	0	2	[false, false]	false	public	false	file:///private/tmp/projects/jadx/jadx-core/src/main/java/jadx/core/xmlgen/ResXmlGen.java
3046	jadx.core.xmlgen.ResXmlGen	makeResourcesXml()	0	0	[]	false	public	true	file:///private/tmp/projects/jadx/jadx-core/src/main/java/jadx/core/xmlgen/ResXmlGen.java
3047	jadx.core.xmlgen.ResXmlGen	addValue(jadx.api.ICodeWriter,jadx.core.xmlgen.entry.ResourceEntry)	0	2	[false, false]	false	private	false	file:///private/tmp/projects/jadx/jadx-core/src/main/java/jadx/core/xmlgen/ResXmlGen.java
3048	jadx.core.xmlgen.ResXmlGen	addProtoItem(jadx.api.ICodeWriter,java.lang.String,java.lang.String,jadx.core.xmlgen.entry.ProtoValue)	0	4	[false, false, false, false]	false	private	false	file:///private/tmp/projects/jadx/jadx-core/src/main/java/jadx/core/xmlgen/ResXmlGen.java
3049	jadx.core.xmlgen.ResXmlGen	addItem(jadx.api.ICodeWriter,java.lang.String,java.lang.String,jadx.core.xmlgen.entry.RawNamedValue)	0	4	[false, false, false, false]	false	private	false	file:///private/tmp/projects/jadx/jadx-core/src/main/java/jadx/core/xmlgen/ResXmlGen.java
3050	jadx.core.xmlgen.ResXmlGen	addSimpleValue(jadx.api.ICodeWriter,java.lang.String,java.lang.String,java.lang.String,java.lang.String,java.lang.String)	0	6	[false, false, false, true, true, true]	false	private	false	file:///private/tmp/projects/jadx/jadx-core/src/main/java/jadx/core/xmlgen/ResXmlGen.java
3051	jadx.core.xmlgen.ResXmlGen	getFileName(jadx.core.xmlgen.entry.ResourceEntry)	0	1	[false]	false	private	true	file:///private/tmp/projects/jadx/jadx-core/src/main/java/jadx/core/xmlgen/ResXmlGen.java
3052	jadx.core.xmlgen.XmlDeobf	XmlDeobf()	0	0	[]	false	private	false	file:///private/tmp/projects/jadx/jadx-core/src/main/java/jadx/core/xmlgen/XmlDeobf.java
3053	jadx.core.xmlgen.XmlDeobf	deobfClassName(jadx.core.dex.nodes.RootNode,java.lang.String,@org.jetbrains.annotations.Nullable java.lang.String)	0	3	[false, false, true]	true	public	true	file:///private/tmp/projects/jadx/jadx-core/src/main/java/jadx/core/xmlgen/XmlDeobf.java
3054	jadx.core.xmlgen.XMLChar	isSupplemental(int)	0	1	[false]	false	public	false	file:///private/tmp/projects/jadx/jadx-core/src/main/java/jadx/core/xmlgen/XMLChar.java
3055	jadx.core.xmlgen.XMLChar	supplemental(char,char)	0	2	[false, false]	false	public	false	file:///private/tmp/projects/jadx/jadx-core/src/main/java/jadx/core/xmlgen/XMLChar.java
3056	jadx.core.xmlgen.XMLChar	highSurrogate(int)	0	1	[false]	false	public	false	file:///private/tmp/projects/jadx/jadx-core/src/main/java/jadx/core/xmlgen/XMLChar.java
3057	jadx.core.xmlgen.XMLChar	lowSurrogate(int)	0	1	[false]	false	public	false	file:///private/tmp/projects/jadx/jadx-core/src/main/java/jadx/core/xmlgen/XMLChar.java
3058	jadx.core.xmlgen.XMLChar	isHighSurrogate(int)	0	1	[false]	false	public	false	file:///private/tmp/projects/jadx/jadx-core/src/main/java/jadx/core/xmlgen/XMLChar.java
3059	jadx.core.xmlgen.XMLChar	isLowSurrogate(int)	0	1	[false]	false	public	false	file:///private/tmp/projects/jadx/jadx-core/src/main/java/jadx/core/xmlgen/XMLChar.java
3060	jadx.core.xmlgen.XMLChar	isValid(int)	0	1	[false]	false	public	false	file:///private/tmp/projects/jadx/jadx-core/src/main/java/jadx/core/xmlgen/XMLChar.java
3061	jadx.core.xmlgen.XMLChar	isInvalid(int)	0	1	[false]	false	public	false	file:///private/tmp/projects/jadx/jadx-core/src/main/java/jadx/core/xmlgen/XMLChar.java
3062	jadx.core.xmlgen.XMLChar	isContent(int)	0	1	[false]	false	public	false	file:///private/tmp/projects/jadx/jadx-core/src/main/java/jadx/core/xmlgen/XMLChar.java
3063	jadx.core.xmlgen.XMLChar	isMarkup(int)	0	1	[false]	false	public	false	file:///private/tmp/projects/jadx/jadx-core/src/main/java/jadx/core/xmlgen/XMLChar.java
3064	jadx.core.xmlgen.XMLChar	isSpace(int)	0	1	[false]	false	public	false	file:///private/tmp/projects/jadx/jadx-core/src/main/java/jadx/core/xmlgen/XMLChar.java
3065	jadx.core.xmlgen.XMLChar	isNameStart(int)	0	1	[false]	false	public	false	file:///private/tmp/projects/jadx/jadx-core/src/main/java/jadx/core/xmlgen/XMLChar.java
3066	jadx.core.xmlgen.XMLChar	isName(int)	0	1	[false]	false	public	false	file:///private/tmp/projects/jadx/jadx-core/src/main/java/jadx/core/xmlgen/XMLChar.java
3067	jadx.core.xmlgen.XMLChar	isNCNameStart(int)	0	1	[false]	false	public	false	file:///private/tmp/projects/jadx/jadx-core/src/main/java/jadx/core/xmlgen/XMLChar.java
3068	jadx.core.xmlgen.XMLChar	isNCName(int)	0	1	[false]	false	public	false	file:///private/tmp/projects/jadx/jadx-core/src/main/java/jadx/core/xmlgen/XMLChar.java
3069	jadx.core.xmlgen.XMLChar	isPubid(int)	0	1	[false]	false	public	false	file:///private/tmp/projects/jadx/jadx-core/src/main/java/jadx/core/xmlgen/XMLChar.java
3070	jadx.core.xmlgen.XMLChar	isValidName(java.lang.String)	0	1	[false]	false	public	false	file:///private/tmp/projects/jadx/jadx-core/src/main/java/jadx/core/xmlgen/XMLChar.java
3071	jadx.core.xmlgen.XMLChar	isValidNCName(java.lang.String)	0	1	[false]	false	public	false	file:///private/tmp/projects/jadx/jadx-core/src/main/java/jadx/core/xmlgen/XMLChar.java
3072	jadx.core.xmlgen.XMLChar	isValidNmtoken(java.lang.String)	0	1	[false]	false	public	false	file:///private/tmp/projects/jadx/jadx-core/src/main/java/jadx/core/xmlgen/XMLChar.java
3073	jadx.core.xmlgen.XMLChar	isValidIANAEncoding(java.lang.String)	0	1	[false]	false	public	false	file:///private/tmp/projects/jadx/jadx-core/src/main/java/jadx/core/xmlgen/XMLChar.java
3074	jadx.core.xmlgen.XMLChar	isValidJavaEncoding(java.lang.String)	0	1	[false]	false	public	false	file:///private/tmp/projects/jadx/jadx-core/src/main/java/jadx/core/xmlgen/XMLChar.java
3075	jadx.core.xmlgen.XMLChar	trim(java.lang.String)	0	1	[false]	false	public	true	file:///private/tmp/projects/jadx/jadx-core/src/main/java/jadx/core/xmlgen/XMLChar.java
3076	jadx.core.codegen.TypeGen	TypeGen()	0	0	[]	false	private	false	file:///private/tmp/projects/jadx/jadx-core/src/main/java/jadx/core/codegen/TypeGen.java
3077	jadx.core.codegen.TypeGen	signature(jadx.core.dex.instructions.args.ArgType)	0	1	[false]	false	public	true	file:///private/tmp/projects/jadx/jadx-core/src/main/java/jadx/core/codegen/TypeGen.java
3078	jadx.core.codegen.TypeGen	literalToString(jadx.core.dex.instructions.args.LiteralArg,jadx.core.dex.nodes.IDexNode,boolean)	0	3	[false, false, false]	false	public	true	file:///private/tmp/projects/jadx/jadx-core/src/main/java/jadx/core/codegen/TypeGen.java
3079	jadx.core.codegen.TypeGen	literalToString(long,jadx.core.dex.instructions.args.ArgType,jadx.core.dex.nodes.IDexNode,boolean)	0	4	[false, false, false, false]	false	public	true	file:///private/tmp/projects/jadx/jadx-core/src/main/java/jadx/core/codegen/TypeGen.java
3080	jadx.core.codegen.TypeGen	literalToString(long,jadx.core.dex.instructions.args.ArgType,jadx.core.utils.StringUtils,boolean,boolean)	0	5	[false, false, false, false, false]	false	public	true	file:///private/tmp/projects/jadx/jadx-core/src/main/java/jadx/core/codegen/TypeGen.java
3081	jadx.core.codegen.TypeGen	literalToRawString(jadx.core.dex.instructions.args.LiteralArg)	0	1	[false]	true	public	true	file:///private/tmp/projects/jadx/jadx-core/src/main/java/jadx/core/codegen/TypeGen.java
3082	jadx.core.codegen.TypeGen	formatShort(long,boolean)	0	2	[false, false]	false	public	true	file:///private/tmp/projects/jadx/jadx-core/src/main/java/jadx/core/codegen/TypeGen.java
3083	jadx.core.codegen.TypeGen	formatByte(long,boolean)	0	2	[false, false]	false	public	true	file:///private/tmp/projects/jadx/jadx-core/src/main/java/jadx/core/codegen/TypeGen.java
3084	jadx.core.codegen.TypeGen	formatInteger(long,boolean)	0	2	[false, false]	false	public	true	file:///private/tmp/projects/jadx/jadx-core/src/main/java/jadx/core/codegen/TypeGen.java
3085	jadx.core.codegen.TypeGen	formatLong(long,boolean)	0	2	[false, false]	false	public	true	file:///private/tmp/projects/jadx/jadx-core/src/main/java/jadx/core/codegen/TypeGen.java
3086	jadx.core.codegen.TypeGen	formatDouble(double)	0	1	[false]	false	public	true	file:///private/tmp/projects/jadx/jadx-core/src/main/java/jadx/core/codegen/TypeGen.java
3087	jadx.core.codegen.TypeGen	formatFloat(float)	0	1	[false]	false	public	true	file:///private/tmp/projects/jadx/jadx-core/src/main/java/jadx/core/codegen/TypeGen.java
3088	jadx.core.codegen.ConditionGen$CondStack	getStack()	0	0	[]	false	public	true	file:///private/tmp/projects/jadx/jadx-core/src/main/java/jadx/core/codegen/ConditionGen.java
3089	jadx.core.codegen.ConditionGen$CondStack	push(jadx.core.dex.regions.conditions.IfCondition)	0	1	[true]	false	public	false	file:///private/tmp/projects/jadx/jadx-core/src/main/java/jadx/core/codegen/ConditionGen.java
3090	jadx.core.codegen.ConditionGen$CondStack	pop()	0	0	[]	false	public	true	file:///private/tmp/projects/jadx/jadx-core/src/main/java/jadx/core/codegen/ConditionGen.java
3091	jadx.core.codegen.ConditionGen	ConditionGen(jadx.core.codegen.InsnGen)	0	1	[false]	false	public	false	file:///private/tmp/projects/jadx/jadx-core/src/main/java/jadx/core/codegen/ConditionGen.java
3092	jadx.core.codegen.ConditionGen	add(jadx.api.ICodeWriter,jadx.core.dex.regions.conditions.IfCondition)	0	2	[false, true]	false	public	false	file:///private/tmp/projects/jadx/jadx-core/src/main/java/jadx/core/codegen/ConditionGen.java
3093	jadx.core.codegen.ConditionGen	wrap(jadx.api.ICodeWriter,jadx.core.dex.regions.conditions.IfCondition)	0	2	[false, false]	false	package	false	file:///private/tmp/projects/jadx/jadx-core/src/main/java/jadx/core/codegen/ConditionGen.java
3094	jadx.core.codegen.ConditionGen	add(jadx.api.ICodeWriter,jadx.core.codegen.ConditionGen.CondStack,jadx.core.dex.regions.conditions.IfCondition)	0	3	[false, false, true]	false	private	false	file:///private/tmp/projects/jadx/jadx-core/src/main/java/jadx/core/codegen/ConditionGen.java
3095	jadx.core.codegen.ConditionGen	wrap(jadx.api.ICodeWriter,jadx.core.codegen.ConditionGen.CondStack,jadx.core.dex.regions.conditions.IfCondition)	0	3	[false, false, false]	false	private	false	file:///private/tmp/projects/jadx/jadx-core/src/main/java/jadx/core/codegen/ConditionGen.java
3096	jadx.core.codegen.ConditionGen	wrap(jadx.api.ICodeWriter,jadx.core.dex.instructions.args.InsnArg)	0	2	[false, false]	false	private	false	file:///private/tmp/projects/jadx/jadx-core/src/main/java/jadx/core/codegen/ConditionGen.java
3097	jadx.core.codegen.ConditionGen	addCompare(jadx.api.ICodeWriter,jadx.core.codegen.ConditionGen.CondStack,jadx.core.dex.regions.conditions.Compare)	0	3	[false, false, false]	false	private	false	file:///private/tmp/projects/jadx/jadx-core/src/main/java/jadx/core/codegen/ConditionGen.java
3098	jadx.core.codegen.ConditionGen	addTernary(jadx.api.ICodeWriter,jadx.core.codegen.ConditionGen.CondStack,jadx.core.dex.regions.conditions.IfCondition)	0	3	[false, false, false]	false	private	false	file:///private/tmp/projects/jadx/jadx-core/src/main/java/jadx/core/codegen/ConditionGen.java
3099	jadx.core.codegen.ConditionGen	addNot(jadx.api.ICodeWriter,jadx.core.codegen.ConditionGen.CondStack,jadx.core.dex.regions.conditions.IfCondition)	0	3	[false, false, false]	false	private	false	file:///private/tmp/projects/jadx/jadx-core/src/main/java/jadx/core/codegen/ConditionGen.java
3100	jadx.core.codegen.ConditionGen	addAndOr(jadx.api.ICodeWriter,jadx.core.codegen.ConditionGen.CondStack,jadx.core.dex.regions.conditions.IfCondition)	0	3	[false, false, false]	false	private	false	file:///private/tmp/projects/jadx/jadx-core/src/main/java/jadx/core/codegen/ConditionGen.java
3101	jadx.core.codegen.ConditionGen	isWrapNeeded(jadx.core.dex.regions.conditions.IfCondition)	0	1	[false]	false	private	false	file:///private/tmp/projects/jadx/jadx-core/src/main/java/jadx/core/codegen/ConditionGen.java
3102	jadx.core.codegen.ConditionGen	isArgWrapNeeded(jadx.core.dex.instructions.args.InsnArg)	0	1	[false]	false	private	false	file:///private/tmp/projects/jadx/jadx-core/src/main/java/jadx/core/codegen/ConditionGen.java
3103	jadx.core.codegen.CodeGen	generate(jadx.core.dex.nodes.ClassNode)	0	1	[false]	false	public	true	file:///private/tmp/projects/jadx/jadx-core/src/main/java/jadx/core/codegen/CodeGen.java
3104	jadx.core.codegen.CodeGen	generateJavaCode(jadx.core.dex.nodes.ClassNode,jadx.api.JadxArgs)	0	2	[false, false]	false	private	true	file:///private/tmp/projects/jadx/jadx-core/src/main/java/jadx/core/codegen/CodeGen.java
3105	jadx.core.codegen.CodeGen	generateJson(jadx.core.dex.nodes.ClassNode)	0	1	[false]	false	private	true	file:///private/tmp/projects/jadx/jadx-core/src/main/java/jadx/core/codegen/CodeGen.java
3106	jadx.core.codegen.CodeGen	<R>wrapCodeGen(jadx.core.dex.nodes.ClassNode,java.util.concurrent.Callable<R>)	0	2	[false, false]	false	private	true	file:///private/tmp/projects/jadx/jadx-core/src/main/java/jadx/core/codegen/CodeGen.java
3107	jadx.core.codegen.CodeGen	CodeGen()	0	0	[]	false	private	false	file:///private/tmp/projects/jadx/jadx-core/src/main/java/jadx/core/codegen/CodeGen.java
3108	jadx.core.codegen.json.mapping.JsonMthMapping	getSignature()	0	0	[]	true	public	true	file:///private/tmp/projects/jadx/jadx-core/src/main/java/jadx/core/codegen/json/mapping/JsonMthMapping.java
3109	jadx.core.codegen.json.mapping.JsonMthMapping	setSignature(java.lang.String)	0	1	[false]	false	public	false	file:///private/tmp/projects/jadx/jadx-core/src/main/java/jadx/core/codegen/json/mapping/JsonMthMapping.java
3110	jadx.core.codegen.json.mapping.JsonMthMapping	getName()	0	0	[]	true	public	true	file:///private/tmp/projects/jadx/jadx-core/src/main/java/jadx/core/codegen/json/mapping/JsonMthMapping.java
3111	jadx.core.codegen.json.mapping.JsonMthMapping	setName(java.lang.String)	0	1	[false]	false	public	false	file:///private/tmp/projects/jadx/jadx-core/src/main/java/jadx/core/codegen/json/mapping/JsonMthMapping.java
3112	jadx.core.codegen.json.mapping.JsonMthMapping	getAlias()	0	0	[]	true	public	true	file:///private/tmp/projects/jadx/jadx-core/src/main/java/jadx/core/codegen/json/mapping/JsonMthMapping.java
3113	jadx.core.codegen.json.mapping.JsonMthMapping	setAlias(java.lang.String)	0	1	[false]	false	public	false	file:///private/tmp/projects/jadx/jadx-core/src/main/java/jadx/core/codegen/json/mapping/JsonMthMapping.java
3114	jadx.core.codegen.json.mapping.JsonMthMapping	getOffset()	0	0	[]	true	public	true	file:///private/tmp/projects/jadx/jadx-core/src/main/java/jadx/core/codegen/json/mapping/JsonMthMapping.java
3115	jadx.core.codegen.json.mapping.JsonMthMapping	setOffset(java.lang.String)	0	1	[false]	false	public	false	file:///private/tmp/projects/jadx/jadx-core/src/main/java/jadx/core/codegen/json/mapping/JsonMthMapping.java
3116	jadx.core.codegen.json.mapping.JsonMapping	getClasses()	0	0	[]	true	public	true	file:///private/tmp/projects/jadx/jadx-core/src/main/java/jadx/core/codegen/json/mapping/JsonMapping.java
3117	jadx.core.codegen.json.mapping.JsonMapping	setClasses(java.util.List<jadx.core.codegen.json.mapping.JsonClsMapping>)	0	1	[false]	false	public	false	file:///private/tmp/projects/jadx/jadx-core/src/main/java/jadx/core/codegen/json/mapping/JsonMapping.java
3118	jadx.core.codegen.json.mapping.JsonClsMapping	getName()	0	0	[]	true	public	true	file:///private/tmp/projects/jadx/jadx-core/src/main/java/jadx/core/codegen/json/mapping/JsonClsMapping.java
3119	jadx.core.codegen.json.mapping.JsonClsMapping	setName(java.lang.String)	0	1	[false]	false	public	false	file:///private/tmp/projects/jadx/jadx-core/src/main/java/jadx/core/codegen/json/mapping/JsonClsMapping.java
3120	jadx.core.codegen.json.mapping.JsonClsMapping	getAlias()	0	0	[]	true	public	true	file:///private/tmp/projects/jadx/jadx-core/src/main/java/jadx/core/codegen/json/mapping/JsonClsMapping.java
3121	jadx.core.codegen.json.mapping.JsonClsMapping	setAlias(java.lang.String)	0	1	[false]	false	public	false	file:///private/tmp/projects/jadx/jadx-core/src/main/java/jadx/core/codegen/json/mapping/JsonClsMapping.java
3122	jadx.core.codegen.json.mapping.JsonClsMapping	getJson()	0	0	[]	true	public	true	file:///private/tmp/projects/jadx/jadx-core/src/main/java/jadx/core/codegen/json/mapping/JsonClsMapping.java
3123	jadx.core.codegen.json.mapping.JsonClsMapping	setJson(java.lang.String)	0	1	[false]	false	public	false	file:///private/tmp/projects/jadx/jadx-core/src/main/java/jadx/core/codegen/json/mapping/JsonClsMapping.java
3124	jadx.core.codegen.json.mapping.JsonClsMapping	isInner()	0	0	[]	false	public	false	file:///private/tmp/projects/jadx/jadx-core/src/main/java/jadx/core/codegen/json/mapping/JsonClsMapping.java
3125	jadx.core.codegen.json.mapping.JsonClsMapping	setInner(boolean)	0	1	[false]	false	public	false	file:///private/tmp/projects/jadx/jadx-core/src/main/java/jadx/core/codegen/json/mapping/JsonClsMapping.java
3126	jadx.core.codegen.json.mapping.JsonClsMapping	getTopClass()	0	0	[]	true	public	true	file:///private/tmp/projects/jadx/jadx-core/src/main/java/jadx/core/codegen/json/mapping/JsonClsMapping.java
3127	jadx.core.codegen.json.mapping.JsonClsMapping	setTopClass(java.lang.String)	0	1	[false]	false	public	false	file:///private/tmp/projects/jadx/jadx-core/src/main/java/jadx/core/codegen/json/mapping/JsonClsMapping.java
3128	jadx.core.codegen.json.mapping.JsonClsMapping	getFields()	0	0	[]	true	public	true	file:///private/tmp/projects/jadx/jadx-core/src/main/java/jadx/core/codegen/json/mapping/JsonClsMapping.java
3129	jadx.core.codegen.json.mapping.JsonClsMapping	setFields(java.util.List<jadx.core.codegen.json.mapping.JsonFieldMapping>)	0	1	[false]	false	public	false	file:///private/tmp/projects/jadx/jadx-core/src/main/java/jadx/core/codegen/json/mapping/JsonClsMapping.java
3130	jadx.core.codegen.json.mapping.JsonClsMapping	getMethods()	0	0	[]	true	public	true	file:///private/tmp/projects/jadx/jadx-core/src/main/java/jadx/core/codegen/json/mapping/JsonClsMapping.java
3131	jadx.core.codegen.json.mapping.JsonClsMapping	setMethods(java.util.List<jadx.core.codegen.json.mapping.JsonMthMapping>)	0	1	[false]	false	public	false	file:///private/tmp/projects/jadx/jadx-core/src/main/java/jadx/core/codegen/json/mapping/JsonClsMapping.java
3132	jadx.core.codegen.json.mapping.JsonFieldMapping	getName()	0	0	[]	true	public	true	file:///private/tmp/projects/jadx/jadx-core/src/main/java/jadx/core/codegen/json/mapping/JsonFieldMapping.java
3133	jadx.core.codegen.json.mapping.JsonFieldMapping	setName(java.lang.String)	0	1	[false]	false	public	false	file:///private/tmp/projects/jadx/jadx-core/src/main/java/jadx/core/codegen/json/mapping/JsonFieldMapping.java
3134	jadx.core.codegen.json.mapping.JsonFieldMapping	getAlias()	0	0	[]	true	public	true	file:///private/tmp/projects/jadx/jadx-core/src/main/java/jadx/core/codegen/json/mapping/JsonFieldMapping.java
3135	jadx.core.codegen.json.mapping.JsonFieldMapping	setAlias(java.lang.String)	0	1	[false]	false	public	false	file:///private/tmp/projects/jadx/jadx-core/src/main/java/jadx/core/codegen/json/mapping/JsonFieldMapping.java
3136	jadx.core.codegen.json.JsonCodeGen	JsonCodeGen(jadx.core.dex.nodes.ClassNode)	0	1	[false]	false	public	false	file:///private/tmp/projects/jadx/jadx-core/src/main/java/jadx/core/codegen/json/JsonCodeGen.java
3137	jadx.core.codegen.json.JsonCodeGen	process()	0	0	[]	false	public	true	file:///private/tmp/projects/jadx/jadx-core/src/main/java/jadx/core/codegen/json/JsonCodeGen.java
3138	jadx.core.codegen.json.JsonCodeGen	processCls(jadx.core.dex.nodes.ClassNode,@org.jetbrains.annotations.Nullable jadx.core.codegen.ClassGen)	0	2	[false, true]	false	private	true	file:///private/tmp/projects/jadx/jadx-core/src/main/java/jadx/core/codegen/json/JsonCodeGen.java
3139	jadx.core.codegen.json.JsonCodeGen	addInnerClasses(jadx.core.dex.nodes.ClassNode,jadx.core.codegen.json.cls.JsonClass,jadx.core.codegen.ClassGen)	0	3	[false, false, false]	false	private	false	file:///private/tmp/projects/jadx/jadx-core/src/main/java/jadx/core/codegen/json/JsonCodeGen.java
3140	jadx.core.codegen.json.JsonCodeGen	addFields(jadx.core.dex.nodes.ClassNode,jadx.core.codegen.json.cls.JsonClass,jadx.core.codegen.ClassGen)	0	3	[false, false, false]	false	private	false	file:///private/tmp/projects/jadx/jadx-core/src/main/java/jadx/core/codegen/json/JsonCodeGen.java
3141	jadx.core.codegen.json.JsonCodeGen	addMethods(jadx.core.dex.nodes.ClassNode,jadx.core.codegen.json.cls.JsonClass,jadx.core.codegen.ClassGen)	0	3	[false, false, false]	false	private	false	file:///private/tmp/projects/jadx/jadx-core/src/main/java/jadx/core/codegen/json/JsonCodeGen.java
3142	jadx.core.codegen.json.JsonCodeGen	fillMthCode(jadx.core.dex.nodes.MethodNode,jadx.core.codegen.MethodGen)	0	2	[false, false]	false	private	true	file:///private/tmp/projects/jadx/jadx-core/src/main/java/jadx/core/codegen/json/JsonCodeGen.java
3143	jadx.core.codegen.json.JsonCodeGen	getTypeAlias(@org.jetbrains.annotations.Nullable jadx.core.dex.instructions.args.ArgType)	0	1	[true]	false	private	true	file:///private/tmp/projects/jadx/jadx-core/src/main/java/jadx/core/codegen/json/JsonCodeGen.java
3144	jadx.core.codegen.json.JsonCodeGen	getClassTypeStr(jadx.core.dex.nodes.ClassNode)	0	1	[false]	false	private	true	file:///private/tmp/projects/jadx/jadx-core/src/main/java/jadx/core/codegen/json/JsonCodeGen.java
3145	jadx.core.codegen.json.cls.JsonClass	getType()	0	0	[]	true	public	true	file:///private/tmp/projects/jadx/jadx-core/src/main/java/jadx/core/codegen/json/cls/JsonClass.java
3146	jadx.core.codegen.json.cls.JsonClass	setType(java.lang.String)	0	1	[false]	false	public	false	file:///private/tmp/projects/jadx/jadx-core/src/main/java/jadx/core/codegen/json/cls/JsonClass.java
3147	jadx.core.codegen.json.cls.JsonClass	getSuperClass()	0	0	[]	true	public	true	file:///private/tmp/projects/jadx/jadx-core/src/main/java/jadx/core/codegen/json/cls/JsonClass.java
3148	jadx.core.codegen.json.cls.JsonClass	setSuperClass(java.lang.String)	0	1	[false]	false	public	false	file:///private/tmp/projects/jadx/jadx-core/src/main/java/jadx/core/codegen/json/cls/JsonClass.java
3149	jadx.core.codegen.json.cls.JsonClass	getInterfaces()	0	0	[]	true	public	true	file:///private/tmp/projects/jadx/jadx-core/src/main/java/jadx/core/codegen/json/cls/JsonClass.java
3150	jadx.core.codegen.json.cls.JsonClass	setInterfaces(java.util.List<java.lang.String>)	0	1	[false]	false	public	false	file:///private/tmp/projects/jadx/jadx-core/src/main/java/jadx/core/codegen/json/cls/JsonClass.java
3151	jadx.core.codegen.json.cls.JsonClass	getFields()	0	0	[]	true	public	true	file:///private/tmp/projects/jadx/jadx-core/src/main/java/jadx/core/codegen/json/cls/JsonClass.java
3152	jadx.core.codegen.json.cls.JsonClass	setFields(java.util.List<jadx.core.codegen.json.cls.JsonField>)	0	1	[false]	false	public	false	file:///private/tmp/projects/jadx/jadx-core/src/main/java/jadx/core/codegen/json/cls/JsonClass.java
3153	jadx.core.codegen.json.cls.JsonClass	getMethods()	0	0	[]	true	public	true	file:///private/tmp/projects/jadx/jadx-core/src/main/java/jadx/core/codegen/json/cls/JsonClass.java
3154	jadx.core.codegen.json.cls.JsonClass	setMethods(java.util.List<jadx.core.codegen.json.cls.JsonMethod>)	0	1	[false]	false	public	false	file:///private/tmp/projects/jadx/jadx-core/src/main/java/jadx/core/codegen/json/cls/JsonClass.java
3155	jadx.core.codegen.json.cls.JsonClass	getInnerClasses()	0	0	[]	true	public	true	file:///private/tmp/projects/jadx/jadx-core/src/main/java/jadx/core/codegen/json/cls/JsonClass.java
3156	jadx.core.codegen.json.cls.JsonClass	setInnerClasses(java.util.List<jadx.core.codegen.json.cls.JsonClass>)	0	1	[false]	false	public	false	file:///private/tmp/projects/jadx/jadx-core/src/main/java/jadx/core/codegen/json/cls/JsonClass.java
3157	jadx.core.codegen.json.cls.JsonClass	getPkg()	0	0	[]	true	public	true	file:///private/tmp/projects/jadx/jadx-core/src/main/java/jadx/core/codegen/json/cls/JsonClass.java
3158	jadx.core.codegen.json.cls.JsonClass	setPkg(java.lang.String)	0	1	[true]	false	public	false	file:///private/tmp/projects/jadx/jadx-core/src/main/java/jadx/core/codegen/json/cls/JsonClass.java
3159	jadx.core.codegen.json.cls.JsonClass	getDex()	0	0	[]	true	public	true	file:///private/tmp/projects/jadx/jadx-core/src/main/java/jadx/core/codegen/json/cls/JsonClass.java
3160	jadx.core.codegen.json.cls.JsonClass	setDex(java.lang.String)	0	1	[false]	false	public	false	file:///private/tmp/projects/jadx/jadx-core/src/main/java/jadx/core/codegen/json/cls/JsonClass.java
3161	jadx.core.codegen.json.cls.JsonClass	getImports()	0	0	[]	true	public	true	file:///private/tmp/projects/jadx/jadx-core/src/main/java/jadx/core/codegen/json/cls/JsonClass.java
3162	jadx.core.codegen.json.cls.JsonClass	setImports(java.util.List<java.lang.String>)	0	1	[false]	false	public	false	file:///private/tmp/projects/jadx/jadx-core/src/main/java/jadx/core/codegen/json/cls/JsonClass.java
3163	jadx.core.codegen.json.cls.JsonNode	getName()	0	0	[]	true	public	true	file:///private/tmp/projects/jadx/jadx-core/src/main/java/jadx/core/codegen/json/cls/JsonNode.java
3164	jadx.core.codegen.json.cls.JsonNode	setName(java.lang.String)	0	1	[false]	false	public	false	file:///private/tmp/projects/jadx/jadx-core/src/main/java/jadx/core/codegen/json/cls/JsonNode.java
3165	jadx.core.codegen.json.cls.JsonNode	getAlias()	0	0	[]	true	public	true	file:///private/tmp/projects/jadx/jadx-core/src/main/java/jadx/core/codegen/json/cls/JsonNode.java
3166	jadx.core.codegen.json.cls.JsonNode	setAlias(java.lang.String)	0	1	[false]	false	public	false	file:///private/tmp/projects/jadx/jadx-core/src/main/java/jadx/core/codegen/json/cls/JsonNode.java
3167	jadx.core.codegen.json.cls.JsonNode	getDeclaration()	0	0	[]	true	public	true	file:///private/tmp/projects/jadx/jadx-core/src/main/java/jadx/core/codegen/json/cls/JsonNode.java
3168	jadx.core.codegen.json.cls.JsonNode	setDeclaration(java.lang.String)	0	1	[false]	false	public	false	file:///private/tmp/projects/jadx/jadx-core/src/main/java/jadx/core/codegen/json/cls/JsonNode.java
3169	jadx.core.codegen.json.cls.JsonNode	getAccessFlags()	0	0	[]	false	public	false	file:///private/tmp/projects/jadx/jadx-core/src/main/java/jadx/core/codegen/json/cls/JsonNode.java
3170	jadx.core.codegen.json.cls.JsonNode	setAccessFlags(int)	0	1	[false]	false	public	false	file:///private/tmp/projects/jadx/jadx-core/src/main/java/jadx/core/codegen/json/cls/JsonNode.java
3171	jadx.core.codegen.json.cls.JsonCodeLine	getCode()	0	0	[]	true	public	true	file:///private/tmp/projects/jadx/jadx-core/src/main/java/jadx/core/codegen/json/cls/JsonCodeLine.java
3172	jadx.core.codegen.json.cls.JsonCodeLine	setCode(java.lang.String)	0	1	[false]	false	public	false	file:///private/tmp/projects/jadx/jadx-core/src/main/java/jadx/core/codegen/json/cls/JsonCodeLine.java
3173	jadx.core.codegen.json.cls.JsonCodeLine	getOffset()	0	0	[]	true	public	true	file:///private/tmp/projects/jadx/jadx-core/src/main/java/jadx/core/codegen/json/cls/JsonCodeLine.java
3174	jadx.core.codegen.json.cls.JsonCodeLine	setOffset(java.lang.String)	0	1	[false]	false	public	false	file:///private/tmp/projects/jadx/jadx-core/src/main/java/jadx/core/codegen/json/cls/JsonCodeLine.java
3175	jadx.core.codegen.json.cls.JsonCodeLine	getSourceLine()	0	0	[]	true	public	true	file:///private/tmp/projects/jadx/jadx-core/src/main/java/jadx/core/codegen/json/cls/JsonCodeLine.java
3176	jadx.core.codegen.json.cls.JsonCodeLine	setSourceLine(@org.jetbrains.annotations.Nullable java.lang.Integer)	0	1	[true]	false	public	false	file:///private/tmp/projects/jadx/jadx-core/src/main/java/jadx/core/codegen/json/cls/JsonCodeLine.java
3177	jadx.core.codegen.json.cls.JsonMethod	getSignature()	0	0	[]	true	public	true	file:///private/tmp/projects/jadx/jadx-core/src/main/java/jadx/core/codegen/json/cls/JsonMethod.java
3178	jadx.core.codegen.json.cls.JsonMethod	setSignature(java.lang.String)	0	1	[false]	false	public	false	file:///private/tmp/projects/jadx/jadx-core/src/main/java/jadx/core/codegen/json/cls/JsonMethod.java
3179	jadx.core.codegen.json.cls.JsonMethod	getReturnType()	0	0	[]	true	public	true	file:///private/tmp/projects/jadx/jadx-core/src/main/java/jadx/core/codegen/json/cls/JsonMethod.java
3180	jadx.core.codegen.json.cls.JsonMethod	setReturnType(java.lang.String)	0	1	[false]	false	public	false	file:///private/tmp/projects/jadx/jadx-core/src/main/java/jadx/core/codegen/json/cls/JsonMethod.java
3181	jadx.core.codegen.json.cls.JsonMethod	getArguments()	0	0	[]	true	public	true	file:///private/tmp/projects/jadx/jadx-core/src/main/java/jadx/core/codegen/json/cls/JsonMethod.java
3182	jadx.core.codegen.json.cls.JsonMethod	setArguments(java.util.List<java.lang.String>)	0	1	[false]	false	public	false	file:///private/tmp/projects/jadx/jadx-core/src/main/java/jadx/core/codegen/json/cls/JsonMethod.java
3183	jadx.core.codegen.json.cls.JsonMethod	getLines()	0	0	[]	true	public	true	file:///private/tmp/projects/jadx/jadx-core/src/main/java/jadx/core/codegen/json/cls/JsonMethod.java
3184	jadx.core.codegen.json.cls.JsonMethod	setLines(java.util.List<jadx.core.codegen.json.cls.JsonCodeLine>)	0	1	[false]	false	public	false	file:///private/tmp/projects/jadx/jadx-core/src/main/java/jadx/core/codegen/json/cls/JsonMethod.java
3185	jadx.core.codegen.json.cls.JsonMethod	getOffset()	0	0	[]	true	public	true	file:///private/tmp/projects/jadx/jadx-core/src/main/java/jadx/core/codegen/json/cls/JsonMethod.java
3186	jadx.core.codegen.json.cls.JsonMethod	setOffset(java.lang.String)	0	1	[false]	false	public	false	file:///private/tmp/projects/jadx/jadx-core/src/main/java/jadx/core/codegen/json/cls/JsonMethod.java
3187	jadx.core.codegen.json.JsonMappingGen	dump(jadx.core.dex.nodes.RootNode)	0	1	[false]	false	public	false	file:///private/tmp/projects/jadx/jadx-core/src/main/java/jadx/core/codegen/json/JsonMappingGen.java
3188	jadx.core.codegen.json.JsonMappingGen	fillMapping(jadx.core.codegen.json.mapping.JsonMapping,jadx.core.dex.nodes.RootNode)	0	2	[false, false]	false	private	false	file:///private/tmp/projects/jadx/jadx-core/src/main/java/jadx/core/codegen/json/JsonMappingGen.java
3189	jadx.core.codegen.json.JsonMappingGen	addMethods(jadx.core.dex.nodes.ClassNode,jadx.core.codegen.json.mapping.JsonClsMapping)	0	2	[false, false]	false	private	false	file:///private/tmp/projects/jadx/jadx-core/src/main/java/jadx/core/codegen/json/JsonMappingGen.java
3190	jadx.core.codegen.json.JsonMappingGen	addFields(jadx.core.dex.nodes.ClassNode,jadx.core.codegen.json.mapping.JsonClsMapping)	0	2	[false, false]	false	private	false	file:///private/tmp/projects/jadx/jadx-core/src/main/java/jadx/core/codegen/json/JsonMappingGen.java
3191	jadx.core.codegen.json.JsonMappingGen	JsonMappingGen()	0	0	[]	false	private	false	file:///private/tmp/projects/jadx/jadx-core/src/main/java/jadx/core/codegen/json/JsonMappingGen.java
3192	jadx.core.codegen.SimpleModeHelper	SimpleModeHelper(jadx.core.dex.nodes.MethodNode)	0	1	[false]	false	public	false	file:///private/tmp/projects/jadx/jadx-core/src/main/java/jadx/core/codegen/SimpleModeHelper.java
3193	jadx.core.codegen.SimpleModeHelper	prepareBlocks()	0	0	[]	false	public	true	file:///private/tmp/projects/jadx/jadx-core/src/main/java/jadx/core/codegen/SimpleModeHelper.java
3194	jadx.core.codegen.SimpleModeHelper	removeEmptyBlocks()	0	0	[]	false	private	false	file:///private/tmp/projects/jadx/jadx-core/src/main/java/jadx/core/codegen/SimpleModeHelper.java
3195	jadx.core.codegen.SimpleModeHelper	unbindExceptionHandlers()	0	0	[]	false	private	false	file:///private/tmp/projects/jadx/jadx-core/src/main/java/jadx/core/codegen/SimpleModeHelper.java
3196	jadx.core.codegen.SimpleModeHelper	processTargetInsn(jadx.core.dex.nodes.BlockNode,jadx.core.dex.nodes.InsnNode,@org.jetbrains.annotations.Nullable jadx.core.dex.nodes.BlockNode)	0	3	[false, false, true]	false	private	false	file:///private/tmp/projects/jadx/jadx-core/src/main/java/jadx/core/codegen/SimpleModeHelper.java
3197	jadx.core.codegen.SimpleModeHelper	isNeedStartLabel(jadx.core.dex.nodes.BlockNode)	0	1	[false]	false	public	false	file:///private/tmp/projects/jadx/jadx-core/src/main/java/jadx/core/codegen/SimpleModeHelper.java
3198	jadx.core.codegen.SimpleModeHelper	isNeedEndGoto(jadx.core.dex.nodes.BlockNode)	0	1	[false]	false	public	false	file:///private/tmp/projects/jadx/jadx-core/src/main/java/jadx/core/codegen/SimpleModeHelper.java
3199	jadx.core.codegen.SimpleModeHelper	getSortedBlocks()	0	0	[]	false	private	true	file:///private/tmp/projects/jadx/jadx-core/src/main/java/jadx/core/codegen/SimpleModeHelper.java
3200	jadx.core.clsp.SimpleMethodDetails	SimpleMethodDetails(jadx.core.dex.info.MethodInfo)	0	1	[false]	false	public	false	file:///private/tmp/projects/jadx/jadx-core/src/main/java/jadx/core/clsp/SimpleMethodDetails.java
3201	jadx.core.clsp.SimpleMethodDetails	getMethodInfo()	594	0	[]	false	public	true	file:///private/tmp/projects/jadx/jadx-core/src/main/java/jadx/core/clsp/SimpleMethodDetails.java
3202	jadx.core.clsp.SimpleMethodDetails	getReturnType()	535	0	[]	false	public	true	file:///private/tmp/projects/jadx/jadx-core/src/main/java/jadx/core/clsp/SimpleMethodDetails.java
3203	jadx.core.clsp.SimpleMethodDetails	getArgTypes()	531	0	[]	false	public	true	file:///private/tmp/projects/jadx/jadx-core/src/main/java/jadx/core/clsp/SimpleMethodDetails.java
3204	jadx.core.clsp.SimpleMethodDetails	getTypeParameters()	543	0	[]	false	public	true	file:///private/tmp/projects/jadx/jadx-core/src/main/java/jadx/core/clsp/SimpleMethodDetails.java
3205	jadx.core.clsp.SimpleMethodDetails	getThrows()	573	0	[]	false	public	true	file:///private/tmp/projects/jadx/jadx-core/src/main/java/jadx/core/clsp/SimpleMethodDetails.java
3206	jadx.core.clsp.SimpleMethodDetails	isVarArg()	601	0	[]	false	public	false	file:///private/tmp/projects/jadx/jadx-core/src/main/java/jadx/core/clsp/SimpleMethodDetails.java
3207	jadx.core.clsp.SimpleMethodDetails	getRawAccessFlags()	585	0	[]	false	public	false	file:///private/tmp/projects/jadx/jadx-core/src/main/java/jadx/core/clsp/SimpleMethodDetails.java
3208	jadx.core.clsp.SimpleMethodDetails	toAttrString()	611	0	[]	false	public	true	file:///private/tmp/projects/jadx/jadx-core/src/main/java/jadx/core/clsp/SimpleMethodDetails.java
3209	jadx.core.clsp.SimpleMethodDetails	toString()	83	0	[]	false	public	true	file:///private/tmp/projects/jadx/jadx-core/src/main/java/jadx/core/clsp/SimpleMethodDetails.java
3210	jadx.core.dex.instructions.InvokeCustomBuilder	build(jadx.core.dex.nodes.MethodNode,jadx.api.plugins.input.insns.InsnData,boolean)	0	3	[false, false, false]	false	public	true	file:///private/tmp/projects/jadx/jadx-core/src/main/java/jadx/core/dex/instructions/InvokeCustomBuilder.java
3211	jadx.core.dex.instructions.InsnDecoder	InsnDecoder(jadx.core.dex.nodes.MethodNode)	0	1	[false]	false	public	false	file:///private/tmp/projects/jadx/jadx-core/src/main/java/jadx/core/dex/instructions/InsnDecoder.java
3212	jadx.core.dex.instructions.InsnDecoder	process(jadx.api.plugins.input.data.ICodeReader)	0	1	[false]	false	public	true	file:///private/tmp/projects/jadx/jadx-core/src/main/java/jadx/core/dex/instructions/InsnDecoder.java
3213	jadx.core.dex.instructions.InsnDecoder	decode(jadx.api.plugins.input.insns.InsnData)	0	1	[false]	false	protected	true	file:///private/tmp/projects/jadx/jadx-core/src/main/java/jadx/core/dex/instructions/InsnDecoder.java
3214	jadx.core.dex.instructions.InsnDecoder	makeSwitch(jadx.api.plugins.input.insns.InsnData,boolean)	0	2	[false, false]	false	private	true	file:///private/tmp/projects/jadx/jadx-core/src/main/java/jadx/core/dex/instructions/InsnDecoder.java
3215	jadx.core.dex.instructions.InsnDecoder	makeNewArray(jadx.api.plugins.input.insns.InsnData)	0	1	[false]	false	private	true	file:///private/tmp/projects/jadx/jadx-core/src/main/java/jadx/core/dex/instructions/InsnDecoder.java
3216	jadx.core.dex.instructions.InsnDecoder	tryResolveFieldType(jadx.core.dex.info.FieldInfo)	0	1	[false]	false	private	true	file:///private/tmp/projects/jadx/jadx-core/src/main/java/jadx/core/dex/instructions/InsnDecoder.java
3217	jadx.core.dex.instructions.InsnDecoder	filledNewArray(jadx.api.plugins.input.insns.InsnData,boolean)	0	2	[false, false]	false	private	true	file:///private/tmp/projects/jadx/jadx-core/src/main/java/jadx/core/dex/instructions/InsnDecoder.java
3218	jadx.core.dex.instructions.InsnDecoder	cmp(jadx.api.plugins.input.insns.InsnData,jadx.core.dex.instructions.InsnType,jadx.core.dex.instructions.args.ArgType)	0	3	[false, false, false]	false	private	true	file:///private/tmp/projects/jadx/jadx-core/src/main/java/jadx/core/dex/instructions/InsnDecoder.java
3219	jadx.core.dex.instructions.InsnDecoder	cast(jadx.api.plugins.input.insns.InsnData,jadx.core.dex.instructions.args.ArgType,jadx.core.dex.instructions.args.ArgType)	0	3	[false, false, false]	false	private	true	file:///private/tmp/projects/jadx/jadx-core/src/main/java/jadx/core/dex/instructions/InsnDecoder.java
3220	jadx.core.dex.instructions.InsnDecoder	invokeCustom(jadx.api.plugins.input.insns.InsnData,boolean)	0	2	[false, false]	false	private	true	file:///private/tmp/projects/jadx/jadx-core/src/main/java/jadx/core/dex/instructions/InsnDecoder.java
3221	jadx.core.dex.instructions.InsnDecoder	invokeSpecial(jadx.api.plugins.input.insns.InsnData)	0	1	[false]	false	private	true	file:///private/tmp/projects/jadx/jadx-core/src/main/java/jadx/core/dex/instructions/InsnDecoder.java
3222	jadx.core.dex.instructions.InsnDecoder	invoke(jadx.api.plugins.input.insns.InsnData,jadx.core.dex.instructions.InvokeType,boolean)	0	3	[false, false, false]	false	private	true	file:///private/tmp/projects/jadx/jadx-core/src/main/java/jadx/core/dex/instructions/InsnDecoder.java
3223	jadx.core.dex.instructions.InsnDecoder	arrayGet(jadx.api.plugins.input.insns.InsnData,jadx.core.dex.instructions.args.ArgType)	0	2	[false, false]	false	private	true	file:///private/tmp/projects/jadx/jadx-core/src/main/java/jadx/core/dex/instructions/InsnDecoder.java
3224	jadx.core.dex.instructions.InsnDecoder	arrayGet(jadx.api.plugins.input.insns.InsnData,jadx.core.dex.instructions.args.ArgType,jadx.core.dex.instructions.args.ArgType)	0	3	[false, false, false]	false	private	true	file:///private/tmp/projects/jadx/jadx-core/src/main/java/jadx/core/dex/instructions/InsnDecoder.java
3225	jadx.core.dex.instructions.InsnDecoder	arrayPut(jadx.api.plugins.input.insns.InsnData,jadx.core.dex.instructions.args.ArgType)	0	2	[false, false]	false	private	true	file:///private/tmp/projects/jadx/jadx-core/src/main/java/jadx/core/dex/instructions/InsnDecoder.java
3226	jadx.core.dex.instructions.InsnDecoder	arrayPut(jadx.api.plugins.input.insns.InsnData,jadx.core.dex.instructions.args.ArgType,jadx.core.dex.instructions.args.ArgType)	0	3	[false, false, false]	false	private	true	file:///private/tmp/projects/jadx/jadx-core/src/main/java/jadx/core/dex/instructions/InsnDecoder.java
3227	jadx.core.dex.instructions.InsnDecoder	arith(jadx.api.plugins.input.insns.InsnData,jadx.core.dex.instructions.ArithOp,jadx.core.dex.instructions.args.ArgType)	0	3	[false, false, false]	false	private	true	file:///private/tmp/projects/jadx/jadx-core/src/main/java/jadx/core/dex/instructions/InsnDecoder.java
3228	jadx.core.dex.instructions.InsnDecoder	arithLit(jadx.api.plugins.input.insns.InsnData,jadx.core.dex.instructions.ArithOp,jadx.core.dex.instructions.args.ArgType)	0	3	[false, false, false]	false	private	true	file:///private/tmp/projects/jadx/jadx-core/src/main/java/jadx/core/dex/instructions/InsnDecoder.java
3229	jadx.core.dex.instructions.InsnDecoder	neg(jadx.api.plugins.input.insns.InsnData,jadx.core.dex.instructions.args.ArgType)	0	2	[false, false]	false	private	true	file:///private/tmp/projects/jadx/jadx-core/src/main/java/jadx/core/dex/instructions/InsnDecoder.java
3230	jadx.core.dex.instructions.InsnDecoder	not(jadx.api.plugins.input.insns.InsnData,jadx.core.dex.instructions.args.ArgType)	0	2	[false, false]	false	private	true	file:///private/tmp/projects/jadx/jadx-core/src/main/java/jadx/core/dex/instructions/InsnDecoder.java
3231	jadx.core.dex.instructions.InsnDecoder	insn(jadx.core.dex.instructions.InsnType,jadx.core.dex.instructions.args.RegisterArg)	0	2	[false, false]	false	private	true	file:///private/tmp/projects/jadx/jadx-core/src/main/java/jadx/core/dex/instructions/InsnDecoder.java
3232	jadx.core.dex.instructions.InsnDecoder	insn(jadx.core.dex.instructions.InsnType,jadx.core.dex.instructions.args.RegisterArg,jadx.core.dex.instructions.args.InsnArg)	0	3	[false, true, false]	false	private	true	file:///private/tmp/projects/jadx/jadx-core/src/main/java/jadx/core/dex/instructions/InsnDecoder.java
3233	jadx.core.dex.instructions.SwitchInsn	SwitchInsn(jadx.core.dex.instructions.args.InsnArg,int,boolean)	0	3	[false, false, false]	false	public	false	file:///private/tmp/projects/jadx/jadx-core/src/main/java/jadx/core/dex/instructions/SwitchInsn.java
3234	jadx.core.dex.instructions.SwitchInsn	needData()	0	0	[]	false	public	false	file:///private/tmp/projects/jadx/jadx-core/src/main/java/jadx/core/dex/instructions/SwitchInsn.java
3235	jadx.core.dex.instructions.SwitchInsn	attachSwitchData(jadx.core.dex.instructions.SwitchData,int)	0	2	[false, false]	false	public	false	file:///private/tmp/projects/jadx/jadx-core/src/main/java/jadx/core/dex/instructions/SwitchInsn.java
3236	jadx.core.dex.instructions.SwitchInsn	initBlocks(jadx.core.dex.nodes.BlockNode)	1400	1	[false]	false	public	false	file:///private/tmp/projects/jadx/jadx-core/src/main/java/jadx/core/dex/instructions/SwitchInsn.java
3237	jadx.core.dex.instructions.SwitchInsn	replaceTargetBlock(jadx.core.dex.nodes.BlockNode,jadx.core.dex.nodes.BlockNode)	1402	2	[false, false]	false	public	false	file:///private/tmp/projects/jadx/jadx-core/src/main/java/jadx/core/dex/instructions/SwitchInsn.java
3238	jadx.core.dex.instructions.SwitchInsn	isSame(jadx.core.dex.nodes.InsnNode)	771	1	[false]	false	public	false	file:///private/tmp/projects/jadx/jadx-core/src/main/java/jadx/core/dex/instructions/SwitchInsn.java
3239	jadx.core.dex.instructions.SwitchInsn	copy()	775	0	[]	false	public	true	file:///private/tmp/projects/jadx/jadx-core/src/main/java/jadx/core/dex/instructions/SwitchInsn.java
3240	jadx.core.dex.instructions.SwitchInsn	toString()	786	0	[]	false	public	true	file:///private/tmp/projects/jadx/jadx-core/src/main/java/jadx/core/dex/instructions/SwitchInsn.java
3241	jadx.core.dex.instructions.SwitchInsn	getDataTarget()	0	0	[]	false	public	false	file:///private/tmp/projects/jadx/jadx-core/src/main/java/jadx/core/dex/instructions/SwitchInsn.java
3242	jadx.core.dex.instructions.SwitchInsn	isPacked()	0	0	[]	false	public	false	file:///private/tmp/projects/jadx/jadx-core/src/main/java/jadx/core/dex/instructions/SwitchInsn.java
3243	jadx.core.dex.instructions.SwitchInsn	getDefaultCaseOffset()	0	0	[]	false	public	false	file:///private/tmp/projects/jadx/jadx-core/src/main/java/jadx/core/dex/instructions/SwitchInsn.java
3244	jadx.core.dex.instructions.SwitchInsn	getSwitchData()	0	0	[]	false	private	true	file:///private/tmp/projects/jadx/jadx-core/src/main/java/jadx/core/dex/instructions/SwitchInsn.java
3245	jadx.core.dex.instructions.SwitchInsn	getTargets()	0	0	[]	false	public	true	file:///private/tmp/projects/jadx/jadx-core/src/main/java/jadx/core/dex/instructions/SwitchInsn.java
3246	jadx.core.dex.instructions.SwitchInsn	getKeys()	0	0	[]	false	public	true	file:///private/tmp/projects/jadx/jadx-core/src/main/java/jadx/core/dex/instructions/SwitchInsn.java
3247	jadx.core.dex.instructions.SwitchInsn	getKey(int)	0	1	[false]	false	public	true	file:///private/tmp/projects/jadx/jadx-core/src/main/java/jadx/core/dex/instructions/SwitchInsn.java
3248	jadx.core.dex.instructions.SwitchInsn	modifyKey(int,@org.jetbrains.annotations.Nullable java.lang.Object)	0	2	[false, true]	false	public	false	file:///private/tmp/projects/jadx/jadx-core/src/main/java/jadx/core/dex/instructions/SwitchInsn.java
3249	jadx.core.dex.instructions.SwitchInsn	getTargetBlocks()	0	0	[]	false	public	true	file:///private/tmp/projects/jadx/jadx-core/src/main/java/jadx/core/dex/instructions/SwitchInsn.java
3250	jadx.core.dex.instructions.SwitchInsn	getDefTargetBlock()	0	0	[]	true	public	true	file:///private/tmp/projects/jadx/jadx-core/src/main/java/jadx/core/dex/instructions/SwitchInsn.java
3251	jadx.core.dex.instructions.SwitchData	SwitchData(jadx.api.plugins.input.insns.custom.ISwitchPayload)	0	1	[false]	false	public	false	file:///private/tmp/projects/jadx/jadx-core/src/main/java/jadx/core/dex/instructions/SwitchData.java
3252	jadx.core.dex.instructions.SwitchData	fixTargets(int)	0	1	[false]	false	public	false	file:///private/tmp/projects/jadx/jadx-core/src/main/java/jadx/core/dex/instructions/SwitchData.java
3253	jadx.core.dex.instructions.SwitchData	getSize()	0	0	[]	false	public	false	file:///private/tmp/projects/jadx/jadx-core/src/main/java/jadx/core/dex/instructions/SwitchData.java
3254	jadx.core.dex.instructions.SwitchData	getKeys()	0	0	[]	false	public	true	file:///private/tmp/projects/jadx/jadx-core/src/main/java/jadx/core/dex/instructions/SwitchData.java
3255	jadx.core.dex.instructions.SwitchData	getTargets()	0	0	[]	false	public	true	file:///private/tmp/projects/jadx/jadx-core/src/main/java/jadx/core/dex/instructions/SwitchData.java
3256	jadx.core.dex.instructions.SwitchData	toString()	786	0	[]	false	public	true	file:///private/tmp/projects/jadx/jadx-core/src/main/java/jadx/core/dex/instructions/SwitchData.java
3257	jadx.core.dex.instructions.ConstClassNode	ConstClassNode(jadx.core.dex.instructions.args.ArgType)	0	1	[false]	false	public	false	file:///private/tmp/projects/jadx/jadx-core/src/main/java/jadx/core/dex/instructions/ConstClassNode.java
3258	jadx.core.dex.instructions.ConstClassNode	getClsType()	0	0	[]	false	public	true	file:///private/tmp/projects/jadx/jadx-core/src/main/java/jadx/core/dex/instructions/ConstClassNode.java
3259	jadx.core.dex.instructions.ConstClassNode	copy()	775	0	[]	false	public	true	file:///private/tmp/projects/jadx/jadx-core/src/main/java/jadx/core/dex/instructions/ConstClassNode.java
3260	jadx.core.dex.instructions.ConstClassNode	isSame(jadx.core.dex.nodes.InsnNode)	771	1	[false]	false	public	false	file:///private/tmp/projects/jadx/jadx-core/src/main/java/jadx/core/dex/instructions/ConstClassNode.java
3261	jadx.core.dex.instructions.ConstClassNode	toString()	786	0	[]	false	public	true	file:///private/tmp/projects/jadx/jadx-core/src/main/java/jadx/core/dex/instructions/ConstClassNode.java
3262	jadx.core.dex.instructions.ConstStringNode	ConstStringNode(java.lang.String)	0	1	[false]	false	public	false	file:///private/tmp/projects/jadx/jadx-core/src/main/java/jadx/core/dex/instructions/ConstStringNode.java
3263	jadx.core.dex.instructions.ConstStringNode	getString()	0	0	[]	false	public	true	file:///private/tmp/projects/jadx/jadx-core/src/main/java/jadx/core/dex/instructions/ConstStringNode.java
3264	jadx.core.dex.instructions.ConstStringNode	copy()	775	0	[]	false	public	true	file:///private/tmp/projects/jadx/jadx-core/src/main/java/jadx/core/dex/instructions/ConstStringNode.java
3265	jadx.core.dex.instructions.ConstStringNode	isSame(jadx.core.dex.nodes.InsnNode)	771	1	[false]	false	public	false	file:///private/tmp/projects/jadx/jadx-core/src/main/java/jadx/core/dex/instructions/ConstStringNode.java
3266	jadx.core.dex.instructions.ConstStringNode	toString()	786	0	[]	false	public	true	file:///private/tmp/projects/jadx/jadx-core/src/main/java/jadx/core/dex/instructions/ConstStringNode.java
3267	jadx.core.dex.instructions.NewArrayNode	NewArrayNode(jadx.core.dex.instructions.args.ArgType,int)	0	2	[false, false]	false	public	false	file:///private/tmp/projects/jadx/jadx-core/src/main/java/jadx/core/dex/instructions/NewArrayNode.java
3268	jadx.core.dex.instructions.NewArrayNode	getArrayType()	0	0	[]	false	public	true	file:///private/tmp/projects/jadx/jadx-core/src/main/java/jadx/core/dex/instructions/NewArrayNode.java
3269	jadx.core.dex.instructions.NewArrayNode	getDimension()	0	0	[]	false	public	false	file:///private/tmp/projects/jadx/jadx-core/src/main/java/jadx/core/dex/instructions/NewArrayNode.java
3270	jadx.core.dex.instructions.NewArrayNode	isSame(jadx.core.dex.nodes.InsnNode)	771	1	[false]	false	public	false	file:///private/tmp/projects/jadx/jadx-core/src/main/java/jadx/core/dex/instructions/NewArrayNode.java
3271	jadx.core.dex.instructions.NewArrayNode	copy()	775	0	[]	false	public	true	file:///private/tmp/projects/jadx/jadx-core/src/main/java/jadx/core/dex/instructions/NewArrayNode.java
3272	jadx.core.dex.instructions.NewArrayNode	toString()	786	0	[]	false	public	true	file:///private/tmp/projects/jadx/jadx-core/src/main/java/jadx/core/dex/instructions/NewArrayNode.java
3273	jadx.core.dex.instructions.IndexInsnNode	IndexInsnNode(jadx.core.dex.instructions.InsnType,java.lang.Object,int)	0	3	[false, false, false]	false	public	false	file:///private/tmp/projects/jadx/jadx-core/src/main/java/jadx/core/dex/instructions/IndexInsnNode.java
3274	jadx.core.dex.instructions.IndexInsnNode	getIndex()	0	0	[]	false	public	true	file:///private/tmp/projects/jadx/jadx-core/src/main/java/jadx/core/dex/instructions/IndexInsnNode.java
3275	jadx.core.dex.instructions.IndexInsnNode	updateIndex(java.lang.Object)	0	1	[false]	false	public	false	file:///private/tmp/projects/jadx/jadx-core/src/main/java/jadx/core/dex/instructions/IndexInsnNode.java
3276	jadx.core.dex.instructions.IndexInsnNode	copy()	775	0	[]	false	public	true	file:///private/tmp/projects/jadx/jadx-core/src/main/java/jadx/core/dex/instructions/IndexInsnNode.java
3277	jadx.core.dex.instructions.IndexInsnNode	isSame(jadx.core.dex.nodes.InsnNode)	771	1	[false]	false	public	false	file:///private/tmp/projects/jadx/jadx-core/src/main/java/jadx/core/dex/instructions/IndexInsnNode.java
3278	jadx.core.dex.instructions.IndexInsnNode	toString()	786	0	[]	false	public	true	file:///private/tmp/projects/jadx/jadx-core/src/main/java/jadx/core/dex/instructions/IndexInsnNode.java
3279	jadx.core.dex.instructions.invokedynamic.CustomLambdaCall	isLambdaInvoke(java.util.List<jadx.api.plugins.input.data.annotations.EncodedValue>)	0	1	[false]	false	public	false	file:///private/tmp/projects/jadx/jadx-core/src/main/java/jadx/core/dex/instructions/invokedynamic/CustomLambdaCall.java
3280	jadx.core.dex.instructions.invokedynamic.CustomLambdaCall	buildLambdaMethodCall(jadx.core.dex.nodes.MethodNode,jadx.api.plugins.input.insns.InsnData,boolean,java.util.List<jadx.api.plugins.input.data.annotations.EncodedValue>)	0	4	[false, false, false, false]	false	public	true	file:///private/tmp/projects/jadx/jadx-core/src/main/java/jadx/core/dex/instructions/invokedynamic/CustomLambdaCall.java
3281	jadx.core.dex.instructions.invokedynamic.CustomLambdaCall	buildMethodCall(jadx.core.dex.nodes.MethodNode,jadx.api.plugins.input.insns.InsnData,boolean,java.util.List<jadx.api.plugins.input.data.annotations.EncodedValue>,jadx.api.plugins.input.data.IMethodHandle)	0	5	[false, false, false, false, false]	false	private	true	file:///private/tmp/projects/jadx/jadx-core/src/main/java/jadx/core/dex/instructions/invokedynamic/CustomLambdaCall.java
3282	jadx.core.dex.instructions.invokedynamic.CustomLambdaCall	buildInvokeNode(jadx.api.plugins.input.data.MethodHandleType,jadx.core.dex.instructions.InvokeCustomNode,jadx.core.dex.info.MethodInfo)	0	3	[false, false, false]	false	private	true	file:///private/tmp/projects/jadx/jadx-core/src/main/java/jadx/core/dex/instructions/invokedynamic/CustomLambdaCall.java
3283	jadx.core.dex.instructions.invokedynamic.CustomLambdaCall	convertInvokeType(jadx.api.plugins.input.data.MethodHandleType)	0	1	[false]	false	private	true	file:///private/tmp/projects/jadx/jadx-core/src/main/java/jadx/core/dex/instructions/invokedynamic/CustomLambdaCall.java
3284	jadx.core.dex.instructions.invokedynamic.CustomStringConcat	isStringConcat(java.util.List<jadx.api.plugins.input.data.annotations.EncodedValue>)	0	1	[false]	false	public	false	file:///private/tmp/projects/jadx/jadx-core/src/main/java/jadx/core/dex/instructions/invokedynamic/CustomStringConcat.java
3285	jadx.core.dex.instructions.invokedynamic.CustomStringConcat	buildStringConcat(jadx.api.plugins.input.insns.InsnData,boolean,java.util.List<jadx.api.plugins.input.data.annotations.EncodedValue>)	0	3	[false, false, false]	false	public	true	file:///private/tmp/projects/jadx/jadx-core/src/main/java/jadx/core/dex/instructions/invokedynamic/CustomStringConcat.java
3286	jadx.core.dex.instructions.invokedynamic.CustomStringConcat	processRecipe(java.lang.String,jadx.core.dex.nodes.InsnNode,java.util.List<jadx.api.plugins.input.data.annotations.EncodedValue>,jadx.api.plugins.input.insns.InsnData)	0	4	[false, false, false, false]	false	private	false	file:///private/tmp/projects/jadx/jadx-core/src/main/java/jadx/core/dex/instructions/invokedynamic/CustomStringConcat.java
3287	jadx.core.dex.instructions.invokedynamic.CustomStringConcat	buildInsnArgFromEncodedValue(jadx.api.plugins.input.data.annotations.EncodedValue)	0	1	[false]	false	private	true	file:///private/tmp/projects/jadx/jadx-core/src/main/java/jadx/core/dex/instructions/invokedynamic/CustomStringConcat.java
3288	jadx.core.dex.instructions.args.VarName	getName()	0	0	[]	true	public	true	file:///private/tmp/projects/jadx/jadx-core/src/main/java/jadx/core/dex/instructions/args/VarName.java
3289	jadx.core.dex.instructions.args.VarName	setName(java.lang.String)	0	1	[false]	false	public	false	file:///private/tmp/projects/jadx/jadx-core/src/main/java/jadx/core/dex/instructions/args/VarName.java
3290	jadx.core.dex.instructions.args.VarName	toString()	83	0	[]	true	public	true	file:///private/tmp/projects/jadx/jadx-core/src/main/java/jadx/core/dex/instructions/args/VarName.java
3291	jadx.core.dex.visitors.blocks.DominatorTree	compute(jadx.core.dex.nodes.MethodNode)	0	1	[false]	false	public	false	file:///private/tmp/projects/jadx/jadx-core/src/main/java/jadx/core/dex/visitors/blocks/DominatorTree.java
3292	jadx.core.dex.visitors.blocks.DominatorTree	sortBlocks(jadx.core.dex.nodes.MethodNode)	0	1	[false]	false	private	true	file:///private/tmp/projects/jadx/jadx-core/src/main/java/jadx/core/dex/visitors/blocks/DominatorTree.java
3293	jadx.core.dex.visitors.blocks.DominatorTree	build(java.util.List<jadx.core.dex.nodes.BlockNode>)	0	1	[false]	false	private	true	file:///private/tmp/projects/jadx/jadx-core/src/main/java/jadx/core/dex/visitors/blocks/DominatorTree.java
3294	jadx.core.dex.visitors.blocks.DominatorTree	intersect(java.util.List<jadx.core.dex.nodes.BlockNode>,jadx.core.dex.nodes.BlockNode[],jadx.core.dex.nodes.BlockNode,jadx.core.dex.nodes.BlockNode)	0	4	[false, false, false, false]	false	private	true	file:///private/tmp/projects/jadx/jadx-core/src/main/java/jadx/core/dex/visitors/blocks/DominatorTree.java
3295	jadx.core.dex.visitors.blocks.DominatorTree	apply(java.util.List<jadx.core.dex.nodes.BlockNode>,jadx.core.dex.nodes.BlockNode[])	0	2	[false, false]	false	private	false	file:///private/tmp/projects/jadx/jadx-core/src/main/java/jadx/core/dex/visitors/blocks/DominatorTree.java
3296	jadx.core.dex.visitors.blocks.DominatorTree	collectDoms(jadx.core.dex.nodes.BlockNode[],jadx.core.dex.nodes.BlockNode)	0	2	[false, false]	false	private	true	file:///private/tmp/projects/jadx/jadx-core/src/main/java/jadx/core/dex/visitors/blocks/DominatorTree.java
3297	jadx.core.dex.visitors.blocks.DominatorTree	computeDominanceFrontier(jadx.core.dex.nodes.MethodNode)	0	1	[false]	false	public	false	file:///private/tmp/projects/jadx/jadx-core/src/main/java/jadx/core/dex/visitors/blocks/DominatorTree.java
3298	jadx.core.dex.visitors.blocks.DominatorTree	addToDF(jadx.core.dex.nodes.BlockNode,jadx.core.dex.nodes.BlockNode,int)	0	3	[false, false, false]	false	private	false	file:///private/tmp/projects/jadx/jadx-core/src/main/java/jadx/core/dex/visitors/blocks/DominatorTree.java
3299	jadx.core.dex.visitors.blocks.BlockSplitter	isSeparate(jadx.core.dex.instructions.InsnType)	0	1	[false]	false	public	false	file:///private/tmp/projects/jadx/jadx-core/src/main/java/jadx/core/dex/visitors/blocks/BlockSplitter.java
3300	jadx.core.dex.visitors.blocks.BlockSplitter	visit(jadx.core.dex.nodes.MethodNode)	2647	1	[false]	false	public	false	file:///private/tmp/projects/jadx/jadx-core/src/main/java/jadx/core/dex/visitors/blocks/BlockSplitter.java
3301	jadx.core.dex.visitors.blocks.BlockSplitter	splitBasicBlocks(jadx.core.dex.nodes.MethodNode)	0	1	[false]	false	private	true	file:///private/tmp/projects/jadx/jadx-core/src/main/java/jadx/core/dex/visitors/blocks/BlockSplitter.java
3302	jadx.core.dex.visitors.blocks.BlockSplitter	initBlocksInTargetNodes(jadx.core.dex.nodes.MethodNode)	0	1	[false]	false	private	false	file:///private/tmp/projects/jadx/jadx-core/src/main/java/jadx/core/dex/visitors/blocks/BlockSplitter.java
3303	jadx.core.dex.visitors.blocks.BlockSplitter	connectNewBlock(jadx.core.dex.nodes.MethodNode,jadx.core.dex.nodes.BlockNode,int)	0	3	[false, false, false]	false	package	true	file:///private/tmp/projects/jadx/jadx-core/src/main/java/jadx/core/dex/visitors/blocks/BlockSplitter.java
3304	jadx.core.dex.visitors.blocks.BlockSplitter	startNewBlock(jadx.core.dex.nodes.MethodNode,int)	0	2	[false, false]	false	package	true	file:///private/tmp/projects/jadx/jadx-core/src/main/java/jadx/core/dex/visitors/blocks/BlockSplitter.java
3305	jadx.core.dex.visitors.blocks.BlockSplitter	connect(jadx.core.dex.nodes.BlockNode,jadx.core.dex.nodes.BlockNode)	0	2	[false, false]	false	public	false	file:///private/tmp/projects/jadx/jadx-core/src/main/java/jadx/core/dex/visitors/blocks/BlockSplitter.java
3306	jadx.core.dex.visitors.blocks.BlockSplitter	removeConnection(jadx.core.dex.nodes.BlockNode,jadx.core.dex.nodes.BlockNode)	0	2	[false, false]	false	public	false	file:///private/tmp/projects/jadx/jadx-core/src/main/java/jadx/core/dex/visitors/blocks/BlockSplitter.java
3307	jadx.core.dex.visitors.blocks.BlockSplitter	removePredecessors(jadx.core.dex.nodes.BlockNode)	0	1	[false]	false	public	false	file:///private/tmp/projects/jadx/jadx-core/src/main/java/jadx/core/dex/visitors/blocks/BlockSplitter.java
3308	jadx.core.dex.visitors.blocks.BlockSplitter	replaceConnection(jadx.core.dex.nodes.BlockNode,jadx.core.dex.nodes.BlockNode,jadx.core.dex.nodes.BlockNode)	0	3	[false, false, false]	false	public	false	file:///private/tmp/projects/jadx/jadx-core/src/main/java/jadx/core/dex/visitors/blocks/BlockSplitter.java
3309	jadx.core.dex.visitors.blocks.BlockSplitter	insertBlockBetween(jadx.core.dex.nodes.MethodNode,jadx.core.dex.nodes.BlockNode,jadx.core.dex.nodes.BlockNode)	0	3	[false, false, false]	false	package	true	file:///private/tmp/projects/jadx/jadx-core/src/main/java/jadx/core/dex/visitors/blocks/BlockSplitter.java
3310	jadx.core.dex.visitors.blocks.BlockSplitter	blockSplitTop(jadx.core.dex.nodes.MethodNode,jadx.core.dex.nodes.BlockNode)	0	2	[false, false]	false	package	true	file:///private/tmp/projects/jadx/jadx-core/src/main/java/jadx/core/dex/visitors/blocks/BlockSplitter.java
3311	jadx.core.dex.visitors.blocks.BlockSplitter	copyBlockData(jadx.core.dex.nodes.BlockNode,jadx.core.dex.nodes.BlockNode)	0	2	[false, false]	false	package	false	file:///private/tmp/projects/jadx/jadx-core/src/main/java/jadx/core/dex/visitors/blocks/BlockSplitter.java
3312	jadx.core.dex.visitors.blocks.BlockSplitter	replaceTarget(jadx.core.dex.nodes.BlockNode,jadx.core.dex.nodes.BlockNode,jadx.core.dex.nodes.BlockNode)	0	3	[false, false, false]	false	package	false	file:///private/tmp/projects/jadx/jadx-core/src/main/java/jadx/core/dex/visitors/blocks/BlockSplitter.java
3313	jadx.core.dex.visitors.blocks.BlockSplitter	setupConnectionsFromJumps(jadx.core.dex.nodes.MethodNode,java.util.Map<java.lang.Integer,jadx.core.dex.nodes.BlockNode>)	0	2	[false, false]	false	private	false	file:///private/tmp/projects/jadx/jadx-core/src/main/java/jadx/core/dex/visitors/blocks/BlockSplitter.java
3314	jadx.core.dex.visitors.blocks.BlockSplitter	addTempConnectionsForExcHandlers(jadx.core.dex.nodes.MethodNode,java.util.Map<java.lang.Integer,jadx.core.dex.nodes.BlockNode>)	0	2	[false, false]	false	private	false	file:///private/tmp/projects/jadx/jadx-core/src/main/java/jadx/core/dex/visitors/blocks/BlockSplitter.java
3315	jadx.core.dex.visitors.blocks.BlockSplitter	setupExitConnections(jadx.core.dex.nodes.MethodNode)	0	1	[false]	false	private	false	file:///private/tmp/projects/jadx/jadx-core/src/main/java/jadx/core/dex/visitors/blocks/BlockSplitter.java
3316	jadx.core.dex.visitors.blocks.BlockSplitter	isSplitByJump(jadx.core.dex.nodes.InsnNode,jadx.core.dex.nodes.InsnNode)	0	2	[false, false]	false	private	false	file:///private/tmp/projects/jadx/jadx-core/src/main/java/jadx/core/dex/visitors/blocks/BlockSplitter.java
3317	jadx.core.dex.visitors.blocks.BlockSplitter	isDoWhile(java.util.Map<java.lang.Integer,jadx.core.dex.nodes.BlockNode>,jadx.core.dex.nodes.BlockNode,jadx.core.dex.nodes.InsnNode)	0	3	[false, false, false]	false	private	false	file:///private/tmp/projects/jadx/jadx-core/src/main/java/jadx/core/dex/visitors/blocks/BlockSplitter.java
3318	jadx.core.dex.visitors.blocks.BlockSplitter	getBlock(int,java.util.Map<java.lang.Integer,jadx.core.dex.nodes.BlockNode>)	0	2	[false, false]	false	private	true	file:///private/tmp/projects/jadx/jadx-core/src/main/java/jadx/core/dex/visitors/blocks/BlockSplitter.java
3319	jadx.core.dex.visitors.blocks.BlockSplitter	expandMoveMulti(jadx.core.dex.nodes.MethodNode)	0	1	[false]	false	private	false	file:///private/tmp/projects/jadx/jadx-core/src/main/java/jadx/core/dex/visitors/blocks/BlockSplitter.java
3320	jadx.core.dex.visitors.blocks.BlockSplitter	removeJumpAttr(jadx.core.dex.nodes.MethodNode)	0	1	[false]	false	private	false	file:///private/tmp/projects/jadx/jadx-core/src/main/java/jadx/core/dex/visitors/blocks/BlockSplitter.java
3321	jadx.core.dex.visitors.blocks.BlockSplitter	removeInsns(jadx.core.dex.nodes.MethodNode)	0	1	[false]	false	private	false	file:///private/tmp/projects/jadx/jadx-core/src/main/java/jadx/core/dex/visitors/blocks/BlockSplitter.java
3322	jadx.core.dex.visitors.blocks.BlockSplitter	detachMarkedBlocks(jadx.core.dex.nodes.MethodNode)	0	1	[false]	false	public	false	file:///private/tmp/projects/jadx/jadx-core/src/main/java/jadx/core/dex/visitors/blocks/BlockSplitter.java
3323	jadx.core.dex.visitors.blocks.BlockSplitter	removeEmptyDetachedBlocks(jadx.core.dex.nodes.MethodNode)	0	1	[false]	false	package	false	file:///private/tmp/projects/jadx/jadx-core/src/main/java/jadx/core/dex/visitors/blocks/BlockSplitter.java
3324	jadx.core.dex.visitors.blocks.BlockSplitter	removeEmptyBlock(jadx.core.dex.nodes.BlockNode)	0	1	[false]	false	package	false	file:///private/tmp/projects/jadx/jadx-core/src/main/java/jadx/core/dex/visitors/blocks/BlockSplitter.java
3325	jadx.core.dex.visitors.blocks.BlockSplitter	canRemoveBlock(jadx.core.dex.nodes.BlockNode)	0	1	[false]	false	private	false	file:///private/tmp/projects/jadx/jadx-core/src/main/java/jadx/core/dex/visitors/blocks/BlockSplitter.java
3326	jadx.core.dex.visitors.blocks.BlockSplitter	collectSuccessors(jadx.core.dex.nodes.BlockNode,jadx.core.dex.nodes.BlockNode,java.util.Set<jadx.core.dex.nodes.BlockNode>)	0	3	[false, false, false]	false	package	false	file:///private/tmp/projects/jadx/jadx-core/src/main/java/jadx/core/dex/visitors/blocks/BlockSplitter.java
3327	jadx.core.dex.visitors.blocks.BlockSplitter	detachBlock(jadx.core.dex.nodes.BlockNode)	0	1	[false]	false	package	false	file:///private/tmp/projects/jadx/jadx-core/src/main/java/jadx/core/dex/visitors/blocks/BlockSplitter.java
3328	jadx.core.dex.visitors.AbstractVisitor	init(jadx.core.dex.nodes.RootNode)	2014	1	[false]	false	public	false	file:///private/tmp/projects/jadx/jadx-core/src/main/java/jadx/core/dex/visitors/AbstractVisitor.java
3329	jadx.core.dex.visitors.AbstractVisitor	visit(jadx.core.dex.nodes.ClassNode)	2015	1	[false]	false	public	false	file:///private/tmp/projects/jadx/jadx-core/src/main/java/jadx/core/dex/visitors/AbstractVisitor.java
2647	jadx.core.dex.visitors.AbstractVisitor	visit(jadx.core.dex.nodes.MethodNode)	2016	1	[false]	false	public	false	file:///private/tmp/projects/jadx/jadx-core/src/main/java/jadx/core/dex/visitors/AbstractVisitor.java
3330	jadx.core.dex.visitors.blocks.BlockProcessor	visit(jadx.core.dex.nodes.MethodNode)	2647	1	[false]	false	public	false	file:///private/tmp/projects/jadx/jadx-core/src/main/java/jadx/core/dex/visitors/blocks/BlockProcessor.java
3331	jadx.core.dex.visitors.blocks.BlockProcessor	processBlocksTree(jadx.core.dex.nodes.MethodNode)	0	1	[false]	false	private	false	file:///private/tmp/projects/jadx/jadx-core/src/main/java/jadx/core/dex/visitors/blocks/BlockProcessor.java
3332	jadx.core.dex.visitors.blocks.BlockProcessor	updateCleanSuccessors(jadx.core.dex.nodes.MethodNode)	0	1	[false]	false	package	false	file:///private/tmp/projects/jadx/jadx-core/src/main/java/jadx/core/dex/visitors/blocks/BlockProcessor.java
3333	jadx.core.dex.visitors.blocks.BlockProcessor	checkForUnreachableBlocks(jadx.core.dex.nodes.MethodNode)	0	1	[false]	false	private	false	file:///private/tmp/projects/jadx/jadx-core/src/main/java/jadx/core/dex/visitors/blocks/BlockProcessor.java
3334	jadx.core.dex.visitors.blocks.BlockProcessor	deduplicateBlockInsns(jadx.core.dex.nodes.BlockNode)	0	1	[false]	false	private	false	file:///private/tmp/projects/jadx/jadx-core/src/main/java/jadx/core/dex/visitors/blocks/BlockProcessor.java
3335	jadx.core.dex.visitors.blocks.BlockProcessor	getLastInsns(jadx.core.dex.nodes.BlockNode,int)	0	2	[false, false]	false	private	true	file:///private/tmp/projects/jadx/jadx-core/src/main/java/jadx/core/dex/visitors/blocks/BlockProcessor.java
3336	jadx.core.dex.visitors.blocks.BlockProcessor	insertAtStart(jadx.core.dex.nodes.BlockNode,java.util.List<jadx.core.dex.nodes.InsnNode>)	0	2	[false, false]	false	private	false	file:///private/tmp/projects/jadx/jadx-core/src/main/java/jadx/core/dex/visitors/blocks/BlockProcessor.java
3337	jadx.core.dex.visitors.blocks.BlockProcessor	getSameLastInsnCount(java.util.List<jadx.core.dex.nodes.BlockNode>)	0	1	[false]	false	private	false	file:///private/tmp/projects/jadx/jadx-core/src/main/java/jadx/core/dex/visitors/blocks/BlockProcessor.java
3338	jadx.core.dex.visitors.blocks.BlockProcessor	isSame(jadx.core.dex.nodes.InsnNode,jadx.core.dex.nodes.InsnNode)	0	2	[false, false]	false	private	false	file:///private/tmp/projects/jadx/jadx-core/src/main/java/jadx/core/dex/visitors/blocks/BlockProcessor.java
3339	jadx.core.dex.visitors.blocks.BlockProcessor	isInsnsEquals(jadx.core.dex.nodes.InsnNode,jadx.core.dex.nodes.InsnNode)	0	2	[false, false]	false	private	false	file:///private/tmp/projects/jadx/jadx-core/src/main/java/jadx/core/dex/visitors/blocks/BlockProcessor.java
3340	jadx.core.dex.visitors.blocks.BlockProcessor	sameArgs(@org.jetbrains.annotations.Nullable jadx.core.dex.instructions.args.InsnArg,@org.jetbrains.annotations.Nullable jadx.core.dex.instructions.args.InsnArg)	0	2	[true, true]	false	private	false	file:///private/tmp/projects/jadx/jadx-core/src/main/java/jadx/core/dex/visitors/blocks/BlockProcessor.java
3341	jadx.core.dex.visitors.blocks.BlockProcessor	getInsnsFromEnd(jadx.core.dex.nodes.BlockNode,int)	0	2	[false, false]	true	private	true	file:///private/tmp/projects/jadx/jadx-core/src/main/java/jadx/core/dex/visitors/blocks/BlockProcessor.java
3342	jadx.core.dex.visitors.blocks.BlockProcessor	computeDominators(jadx.core.dex.nodes.MethodNode)	0	1	[false]	false	private	false	file:///private/tmp/projects/jadx/jadx-core/src/main/java/jadx/core/dex/visitors/blocks/BlockProcessor.java
3343	jadx.core.dex.visitors.blocks.BlockProcessor	markLoops(jadx.core.dex.nodes.MethodNode)	0	1	[false]	false	private	false	file:///private/tmp/projects/jadx/jadx-core/src/main/java/jadx/core/dex/visitors/blocks/BlockProcessor.java
3344	jadx.core.dex.visitors.blocks.BlockProcessor	registerLoops(jadx.core.dex.nodes.MethodNode)	0	1	[false]	false	private	false	file:///private/tmp/projects/jadx/jadx-core/src/main/java/jadx/core/dex/visitors/blocks/BlockProcessor.java
3345	jadx.core.dex.visitors.blocks.BlockProcessor	processNestedLoops(jadx.core.dex.nodes.MethodNode)	0	1	[false]	false	private	false	file:///private/tmp/projects/jadx/jadx-core/src/main/java/jadx/core/dex/visitors/blocks/BlockProcessor.java
3346	jadx.core.dex.visitors.blocks.BlockProcessor	modifyBlocksTree(jadx.core.dex.nodes.MethodNode)	0	1	[false]	false	private	false	file:///private/tmp/projects/jadx/jadx-core/src/main/java/jadx/core/dex/visitors/blocks/BlockProcessor.java
3347	jadx.core.dex.visitors.blocks.BlockProcessor	mergeConstReturn(jadx.core.dex.nodes.MethodNode)	0	1	[false]	false	private	false	file:///private/tmp/projects/jadx/jadx-core/src/main/java/jadx/core/dex/visitors/blocks/BlockProcessor.java
3348	jadx.core.dex.visitors.blocks.BlockProcessor	mergeConstAndReturnBlocks(jadx.core.dex.nodes.MethodNode,jadx.core.dex.nodes.BlockNode,jadx.core.dex.nodes.BlockNode)	0	3	[false, false, false]	false	private	false	file:///private/tmp/projects/jadx/jadx-core/src/main/java/jadx/core/dex/visitors/blocks/BlockProcessor.java
3349	jadx.core.dex.visitors.blocks.BlockProcessor	independentBlockTreeMod(jadx.core.dex.nodes.MethodNode)	0	1	[false]	false	private	false	file:///private/tmp/projects/jadx/jadx-core/src/main/java/jadx/core/dex/visitors/blocks/BlockProcessor.java
3350	jadx.core.dex.visitors.blocks.BlockProcessor	checkLoops(jadx.core.dex.nodes.MethodNode,jadx.core.dex.nodes.BlockNode)	0	2	[false, false]	false	private	false	file:///private/tmp/projects/jadx/jadx-core/src/main/java/jadx/core/dex/visitors/blocks/BlockProcessor.java
3351	jadx.core.dex.visitors.blocks.BlockProcessor	insertPreHeader(jadx.core.dex.nodes.MethodNode,jadx.core.dex.attributes.nodes.LoopInfo)	0	2	[false, false]	false	private	false	file:///private/tmp/projects/jadx/jadx-core/src/main/java/jadx/core/dex/visitors/blocks/BlockProcessor.java
3352	jadx.core.dex.visitors.blocks.BlockProcessor	insertBlocksForBreak(jadx.core.dex.nodes.MethodNode,jadx.core.dex.attributes.nodes.LoopInfo)	0	2	[false, false]	false	private	false	file:///private/tmp/projects/jadx/jadx-core/src/main/java/jadx/core/dex/visitors/blocks/BlockProcessor.java
3353	jadx.core.dex.visitors.blocks.BlockProcessor	insertBlocksForContinue(jadx.core.dex.nodes.MethodNode,jadx.core.dex.attributes.nodes.LoopInfo)	0	2	[false, false]	false	private	false	file:///private/tmp/projects/jadx/jadx-core/src/main/java/jadx/core/dex/visitors/blocks/BlockProcessor.java
3354	jadx.core.dex.visitors.blocks.BlockProcessor	insertBlockForPredecessors(jadx.core.dex.nodes.MethodNode,jadx.core.dex.attributes.nodes.LoopInfo)	0	2	[false, false]	false	private	false	file:///private/tmp/projects/jadx/jadx-core/src/main/java/jadx/core/dex/visitors/blocks/BlockProcessor.java
3355	jadx.core.dex.visitors.blocks.BlockProcessor	splitLoops(jadx.core.dex.nodes.MethodNode,jadx.core.dex.nodes.BlockNode,java.util.List<jadx.core.dex.attributes.nodes.LoopInfo>)	0	3	[false, false, false]	false	private	false	file:///private/tmp/projects/jadx/jadx-core/src/main/java/jadx/core/dex/visitors/blocks/BlockProcessor.java
3356	jadx.core.dex.visitors.blocks.BlockProcessor	splitReturnBlocks(jadx.core.dex.nodes.MethodNode)	0	1	[false]	false	private	false	file:///private/tmp/projects/jadx/jadx-core/src/main/java/jadx/core/dex/visitors/blocks/BlockProcessor.java
3357	jadx.core.dex.visitors.blocks.BlockProcessor	updateExitBlockConnections(jadx.core.dex.nodes.MethodNode)	0	1	[false]	false	private	false	file:///private/tmp/projects/jadx/jadx-core/src/main/java/jadx/core/dex/visitors/blocks/BlockProcessor.java
3358	jadx.core.dex.visitors.blocks.BlockProcessor	splitReturn(jadx.core.dex.nodes.MethodNode,jadx.core.dex.nodes.BlockNode)	0	2	[false, false]	false	private	false	file:///private/tmp/projects/jadx/jadx-core/src/main/java/jadx/core/dex/visitors/blocks/BlockProcessor.java
3359	jadx.core.dex.visitors.blocks.BlockProcessor	isReturnArgAssignInPred(java.util.List<jadx.core.dex.nodes.BlockNode>,jadx.core.dex.nodes.InsnNode)	0	2	[false, false]	false	private	false	file:///private/tmp/projects/jadx/jadx-core/src/main/java/jadx/core/dex/visitors/blocks/BlockProcessor.java
3360	jadx.core.dex.visitors.blocks.BlockProcessor	removeMarkedBlocks(jadx.core.dex.nodes.MethodNode)	0	1	[false]	false	public	false	file:///private/tmp/projects/jadx/jadx-core/src/main/java/jadx/core/dex/visitors/blocks/BlockProcessor.java
3361	jadx.core.dex.visitors.blocks.BlockProcessor	removeUnreachableBlocks(jadx.core.dex.nodes.MethodNode)	0	1	[false]	false	private	false	file:///private/tmp/projects/jadx/jadx-core/src/main/java/jadx/core/dex/visitors/blocks/BlockProcessor.java
3362	jadx.core.dex.visitors.blocks.BlockProcessor	clearBlocksState(jadx.core.dex.nodes.MethodNode)	0	1	[false]	false	private	false	file:///private/tmp/projects/jadx/jadx-core/src/main/java/jadx/core/dex/visitors/blocks/BlockProcessor.java
3363	jadx.core.dex.visitors.blocks.BlockExceptionHandler	process(jadx.core.dex.nodes.MethodNode)	0	1	[false]	false	public	false	file:///private/tmp/projects/jadx/jadx-core/src/main/java/jadx/core/dex/visitors/blocks/BlockExceptionHandler.java
3364	jadx.core.dex.visitors.blocks.BlockExceptionHandler	connectExcHandlers(jadx.core.dex.nodes.MethodNode,java.util.List<jadx.core.dex.trycatch.TryCatchBlockAttr>)	0	2	[false, false]	false	private	false	file:///private/tmp/projects/jadx/jadx-core/src/main/java/jadx/core/dex/visitors/blocks/BlockExceptionHandler.java
3365	jadx.core.dex.visitors.blocks.BlockExceptionHandler	processCatchAttr(jadx.core.dex.nodes.MethodNode)	0	1	[false]	false	private	false	file:///private/tmp/projects/jadx/jadx-core/src/main/java/jadx/core/dex/visitors/blocks/BlockExceptionHandler.java
3366	jadx.core.dex.visitors.blocks.BlockExceptionHandler	getCommonCatchAttr(jadx.core.dex.nodes.BlockNode)	0	1	[false]	true	private	true	file:///private/tmp/projects/jadx/jadx-core/src/main/java/jadx/core/dex/visitors/blocks/BlockExceptionHandler.java
3367	jadx.core.dex.visitors.blocks.BlockExceptionHandler	initExcHandlers(jadx.core.dex.nodes.MethodNode)	0	1	[false]	false	private	false	file:///private/tmp/projects/jadx/jadx-core/src/main/java/jadx/core/dex/visitors/blocks/BlockExceptionHandler.java
3368	jadx.core.dex.visitors.blocks.BlockExceptionHandler	removeTmpConnection(jadx.core.dex.nodes.BlockNode)	0	1	[false]	false	private	false	file:///private/tmp/projects/jadx/jadx-core/src/main/java/jadx/core/dex/visitors/blocks/BlockExceptionHandler.java
3369	jadx.core.dex.visitors.blocks.BlockExceptionHandler	prepareTryBlocks(jadx.core.dex.nodes.MethodNode)	0	1	[false]	false	private	true	file:///private/tmp/projects/jadx/jadx-core/src/main/java/jadx/core/dex/visitors/blocks/BlockExceptionHandler.java
3370	jadx.core.dex.visitors.blocks.BlockExceptionHandler	clearTryBlocks(jadx.core.dex.nodes.MethodNode,java.util.List<jadx.core.dex.trycatch.TryCatchBlockAttr>)	0	2	[false, false]	false	private	false	file:///private/tmp/projects/jadx/jadx-core/src/main/java/jadx/core/dex/visitors/blocks/BlockExceptionHandler.java
3371	jadx.core.dex.visitors.blocks.BlockExceptionHandler	combineTryCatchBlocks(java.util.List<jadx.core.dex.trycatch.TryCatchBlockAttr>)	0	1	[false]	false	private	false	file:///private/tmp/projects/jadx/jadx-core/src/main/java/jadx/core/dex/visitors/blocks/BlockExceptionHandler.java
3372	jadx.core.dex.visitors.blocks.BlockExceptionHandler	checkTryCatchRelation(java.util.List<jadx.core.dex.trycatch.TryCatchBlockAttr>,jadx.core.dex.trycatch.TryCatchBlockAttr,jadx.core.dex.trycatch.TryCatchBlockAttr)	0	3	[false, false, false]	false	private	false	file:///private/tmp/projects/jadx/jadx-core/src/main/java/jadx/core/dex/visitors/blocks/BlockExceptionHandler.java
3373	jadx.core.dex.visitors.blocks.BlockExceptionHandler	isHandlersIntersects(jadx.core.dex.trycatch.TryCatchBlockAttr)	0	1	[false]	false	private	true	file:///private/tmp/projects/jadx/jadx-core/src/main/java/jadx/core/dex/visitors/blocks/BlockExceptionHandler.java
3374	jadx.core.dex.visitors.blocks.BlockExceptionHandler	removeExcHandler(jadx.core.dex.nodes.MethodNode,jadx.core.dex.trycatch.ExceptionHandler)	0	2	[false, false]	false	private	false	file:///private/tmp/projects/jadx/jadx-core/src/main/java/jadx/core/dex/visitors/blocks/BlockExceptionHandler.java
3375	jadx.core.dex.visitors.blocks.BlockExceptionHandler	wrapBlocksWithTryCatch(jadx.core.dex.nodes.MethodNode,jadx.core.dex.trycatch.TryCatchBlockAttr)	0	2	[false, false]	false	private	false	file:///private/tmp/projects/jadx/jadx-core/src/main/java/jadx/core/dex/visitors/blocks/BlockExceptionHandler.java
3376	jadx.core.dex.visitors.blocks.BlockExceptionHandler	getTopSplitterBlock(jadx.core.dex.nodes.MethodNode,jadx.core.dex.nodes.BlockNode)	0	2	[false, false]	false	private	true	file:///private/tmp/projects/jadx/jadx-core/src/main/java/jadx/core/dex/visitors/blocks/BlockExceptionHandler.java
3377	jadx.core.dex.visitors.blocks.BlockExceptionHandler	searchTopBlock(jadx.core.dex.nodes.MethodNode,java.util.List<jadx.core.dex.nodes.BlockNode>)	0	2	[false, false]	false	private	true	file:///private/tmp/projects/jadx/jadx-core/src/main/java/jadx/core/dex/visitors/blocks/BlockExceptionHandler.java
3378	jadx.core.dex.visitors.blocks.BlockExceptionHandler	adjustTopBlock(jadx.core.dex.nodes.BlockNode)	0	1	[false]	false	private	true	file:///private/tmp/projects/jadx/jadx-core/src/main/java/jadx/core/dex/visitors/blocks/BlockExceptionHandler.java
3379	jadx.core.dex.visitors.blocks.BlockExceptionHandler	searchBottomBlock(jadx.core.dex.nodes.MethodNode,java.util.List<jadx.core.dex.nodes.BlockNode>)	0	2	[false, false]	true	private	true	file:///private/tmp/projects/jadx/jadx-core/src/main/java/jadx/core/dex/visitors/blocks/BlockExceptionHandler.java
3380	jadx.core.dex.visitors.blocks.BlockExceptionHandler	connectSplittersAndHandlers(jadx.core.dex.trycatch.TryCatchBlockAttr,jadx.core.dex.nodes.BlockNode,@org.jetbrains.annotations.Nullable jadx.core.dex.nodes.BlockNode)	0	3	[false, false, true]	false	private	false	file:///private/tmp/projects/jadx/jadx-core/src/main/java/jadx/core/dex/visitors/blocks/BlockExceptionHandler.java
3381	jadx.core.dex.visitors.blocks.BlockExceptionHandler	fixMoveExceptionInsn(jadx.core.dex.nodes.BlockNode,jadx.core.dex.trycatch.ExcHandlerAttr)	0	2	[false, false]	false	private	false	file:///private/tmp/projects/jadx/jadx-core/src/main/java/jadx/core/dex/visitors/blocks/BlockExceptionHandler.java
3382	jadx.core.dex.visitors.blocks.BlockExceptionHandler	removeMonitorExitFromExcHandler(jadx.core.dex.nodes.MethodNode,jadx.core.dex.trycatch.ExceptionHandler)	0	2	[false, false]	false	private	false	file:///private/tmp/projects/jadx/jadx-core/src/main/java/jadx/core/dex/visitors/blocks/BlockExceptionHandler.java
3383	jadx.core.dex.visitors.blocks.BlockExceptionHandler	checkForMultiCatch(jadx.core.dex.nodes.MethodNode,java.util.List<jadx.core.dex.trycatch.TryCatchBlockAttr>)	0	2	[false, false]	false	private	false	file:///private/tmp/projects/jadx/jadx-core/src/main/java/jadx/core/dex/visitors/blocks/BlockExceptionHandler.java
3384	jadx.core.dex.visitors.blocks.BlockExceptionHandler	mergeMultiCatch(jadx.core.dex.nodes.MethodNode,jadx.core.dex.trycatch.TryCatchBlockAttr)	0	2	[false, false]	false	private	false	file:///private/tmp/projects/jadx/jadx-core/src/main/java/jadx/core/dex/visitors/blocks/BlockExceptionHandler.java
3385	jadx.core.dex.visitors.blocks.BlockExceptionHandler	sortHandlers(jadx.core.dex.nodes.MethodNode,java.util.List<jadx.core.dex.trycatch.TryCatchBlockAttr>)	0	2	[false, false]	false	private	false	file:///private/tmp/projects/jadx/jadx-core/src/main/java/jadx/core/dex/visitors/blocks/BlockExceptionHandler.java
3386	jadx.core.dex.visitors.blocks.BlockExceptionHandler	compareByTypeAndName(java.util.Comparator<jadx.core.dex.instructions.args.ArgType>,jadx.core.dex.info.ClassInfo,jadx.core.dex.info.ClassInfo)	0	3	[false, false, false]	false	private	false	file:///private/tmp/projects/jadx/jadx-core/src/main/java/jadx/core/dex/visitors/blocks/BlockExceptionHandler.java
3387	jadx.core.dex.visitors.blocks.FixMultiEntryLoops	process(jadx.core.dex.nodes.MethodNode)	0	1	[false]	false	public	false	file:///private/tmp/projects/jadx/jadx-core/src/main/java/jadx/core/dex/visitors/blocks/FixMultiEntryLoops.java
3388	jadx.core.dex.visitors.blocks.FixMultiEntryLoops	fixLoop(jadx.core.dex.nodes.MethodNode,jadx.core.dex.attributes.nodes.SpecialEdgeAttr,java.util.List<jadx.core.dex.attributes.nodes.SpecialEdgeAttr>)	0	3	[false, false, false]	false	private	false	file:///private/tmp/projects/jadx/jadx-core/src/main/java/jadx/core/dex/visitors/blocks/FixMultiEntryLoops.java
3389	jadx.core.dex.visitors.blocks.FixMultiEntryLoops	isSupportedPattern(jadx.core.dex.nodes.BlockNode,jadx.core.dex.attributes.nodes.SpecialEdgeAttr)	0	2	[false, false]	false	private	false	file:///private/tmp/projects/jadx/jadx-core/src/main/java/jadx/core/dex/visitors/blocks/FixMultiEntryLoops.java
3390	jadx.core.dex.visitors.blocks.FixMultiEntryLoops	isSingleEntryLoop(jadx.core.dex.attributes.nodes.SpecialEdgeAttr)	0	1	[false]	false	private	false	file:///private/tmp/projects/jadx/jadx-core/src/main/java/jadx/core/dex/visitors/blocks/FixMultiEntryLoops.java
3391	jadx.core.dex.visitors.blocks.FixMultiEntryLoops	detectSpecialEdges(jadx.core.dex.nodes.MethodNode)	0	1	[false]	false	private	false	file:///private/tmp/projects/jadx/jadx-core/src/main/java/jadx/core/dex/visitors/blocks/FixMultiEntryLoops.java
3392	jadx.core.dex.visitors.blocks.FixMultiEntryLoops	colorDFS(jadx.core.dex.nodes.MethodNode,java.util.List<jadx.core.dex.nodes.BlockNode>,jadx.core.dex.visitors.blocks.FixMultiEntryLoops.BlockColor[],int)	0	4	[false, false, false, false]	false	private	false	file:///private/tmp/projects/jadx/jadx-core/src/main/java/jadx/core/dex/visitors/blocks/FixMultiEntryLoops.java
3393	jadx.core.dex.visitors.ProcessInstructionsVisitor	visit(jadx.core.dex.nodes.MethodNode)	2647	1	[false]	false	public	false	file:///private/tmp/projects/jadx/jadx-core/src/main/java/jadx/core/dex/visitors/ProcessInstructionsVisitor.java
3394	jadx.core.dex.visitors.ProcessInstructionsVisitor	initJumps(jadx.core.dex.nodes.MethodNode,jadx.core.dex.nodes.InsnNode[])	0	2	[false, false]	false	private	false	file:///private/tmp/projects/jadx/jadx-core/src/main/java/jadx/core/dex/visitors/ProcessInstructionsVisitor.java
3395	jadx.core.dex.visitors.ProcessInstructionsVisitor	attachSwitchData(jadx.core.dex.nodes.InsnNode[],int,jadx.core.dex.instructions.SwitchInsn)	0	3	[false, false, false]	false	private	false	file:///private/tmp/projects/jadx/jadx-core/src/main/java/jadx/core/dex/visitors/ProcessInstructionsVisitor.java
3396	jadx.core.dex.visitors.ProcessInstructionsVisitor	mergeMoveResult(jadx.core.dex.nodes.InsnNode[],int,jadx.core.dex.nodes.InsnNode,jadx.core.dex.instructions.args.ArgType)	0	4	[false, false, false, false]	false	private	false	file:///private/tmp/projects/jadx/jadx-core/src/main/java/jadx/core/dex/visitors/ProcessInstructionsVisitor.java
3397	jadx.core.dex.visitors.ProcessInstructionsVisitor	addJump(jadx.core.dex.nodes.MethodNode,jadx.core.dex.nodes.InsnNode[],int,int)	0	4	[false, false, false, false]	false	private	false	file:///private/tmp/projects/jadx/jadx-core/src/main/java/jadx/core/dex/visitors/ProcessInstructionsVisitor.java
3398	jadx.core.dex.visitors.ProcessInstructionsVisitor	getNextInsnOffset(jadx.core.dex.nodes.InsnNode[],int)	0	2	[false, false]	false	public	false	file:///private/tmp/projects/jadx/jadx-core/src/main/java/jadx/core/dex/visitors/ProcessInstructionsVisitor.java
3399	jadx.core.dex.visitors.ProcessInstructionsVisitor	getInsnAtOffset(jadx.core.dex.nodes.InsnNode[],int)	0	2	[false, false]	true	private	true	file:///private/tmp/projects/jadx/jadx-core/src/main/java/jadx/core/dex/visitors/ProcessInstructionsVisitor.java
3400	jadx.core.dex.visitors.ProcessInstructionsVisitor	removeInsn(jadx.core.dex.nodes.InsnNode[],jadx.core.dex.nodes.InsnNode)	0	2	[false, false]	false	private	false	file:///private/tmp/projects/jadx/jadx-core/src/main/java/jadx/core/dex/visitors/ProcessInstructionsVisitor.java
3401	jadx.core.dex.visitors.AttachTryCatchVisitor	visit(jadx.core.dex.nodes.MethodNode)	2647	1	[false]	false	public	false	file:///private/tmp/projects/jadx/jadx-core/src/main/java/jadx/core/dex/visitors/AttachTryCatchVisitor.java
3402	jadx.core.dex.visitors.AttachTryCatchVisitor	initTryCatches(jadx.core.dex.nodes.MethodNode,jadx.core.dex.nodes.InsnNode[],java.util.List<jadx.api.plugins.input.data.ITry>)	0	3	[false, false, false]	false	private	false	file:///private/tmp/projects/jadx/jadx-core/src/main/java/jadx/core/dex/visitors/AttachTryCatchVisitor.java
3403	jadx.core.dex.visitors.AttachTryCatchVisitor	markTryBounds(jadx.core.dex.nodes.InsnNode[],jadx.api.plugins.input.data.ITry,jadx.core.dex.trycatch.CatchAttr)	0	3	[false, false, false]	false	private	false	file:///private/tmp/projects/jadx/jadx-core/src/main/java/jadx/core/dex/visitors/AttachTryCatchVisitor.java
3404	jadx.core.dex.visitors.AttachTryCatchVisitor	attachCatchAttr(jadx.core.dex.trycatch.CatchAttr,jadx.core.dex.nodes.InsnNode)	0	2	[false, false]	false	private	false	file:///private/tmp/projects/jadx/jadx-core/src/main/java/jadx/core/dex/visitors/AttachTryCatchVisitor.java
3405	jadx.core.dex.visitors.AttachTryCatchVisitor	convertToHandlers(jadx.core.dex.nodes.MethodNode,jadx.api.plugins.input.data.ICatch,jadx.core.dex.nodes.InsnNode[])	0	3	[false, false, false]	false	private	true	file:///private/tmp/projects/jadx/jadx-core/src/main/java/jadx/core/dex/visitors/AttachTryCatchVisitor.java
3406	jadx.core.dex.visitors.AttachTryCatchVisitor	createHandler(jadx.core.dex.nodes.MethodNode,jadx.core.dex.nodes.InsnNode[],int,@org.jetbrains.annotations.Nullable jadx.core.dex.info.ClassInfo)	0	4	[false, false, false, true]	true	private	true	file:///private/tmp/projects/jadx/jadx-core/src/main/java/jadx/core/dex/visitors/AttachTryCatchVisitor.java
3407	jadx.core.dex.visitors.AttachTryCatchVisitor	checkAndFilterHandlers(jadx.core.dex.nodes.MethodNode,java.util.List<jadx.core.dex.trycatch.ExceptionHandler>)	0	2	[false, false]	false	private	false	file:///private/tmp/projects/jadx/jadx-core/src/main/java/jadx/core/dex/visitors/AttachTryCatchVisitor.java
3408	jadx.core.dex.visitors.AttachTryCatchVisitor	maxCatchFromHandler(jadx.core.dex.trycatch.ExceptionHandler,jadx.core.dex.visitors.typeinference.TypeCompare)	0	2	[false, false]	false	private	true	file:///private/tmp/projects/jadx/jadx-core/src/main/java/jadx/core/dex/visitors/AttachTryCatchVisitor.java
3409	jadx.core.dex.visitors.AttachTryCatchVisitor	insertNOP(jadx.core.dex.nodes.InsnNode[],int)	0	2	[false, false]	false	private	true	file:///private/tmp/projects/jadx/jadx-core/src/main/java/jadx/core/dex/visitors/AttachTryCatchVisitor.java
3410	jadx.core.dex.visitors.JadxVisitor	name()	0	0	[]	false	public	true	file:///private/tmp/projects/jadx/jadx-core/src/main/java/jadx/core/dex/visitors/JadxVisitor.java
3411	jadx.core.dex.visitors.JadxVisitor	desc()	0	0	[]	false	public	true	file:///private/tmp/projects/jadx/jadx-core/src/main/java/jadx/core/dex/visitors/JadxVisitor.java
3412	jadx.core.dex.visitors.JadxVisitor	runAfter()	0	0	[]	false	public	true	file:///private/tmp/projects/jadx/jadx-core/src/main/java/jadx/core/dex/visitors/JadxVisitor.java
3413	jadx.core.dex.visitors.JadxVisitor	runBefore()	0	0	[]	false	public	true	file:///private/tmp/projects/jadx/jadx-core/src/main/java/jadx/core/dex/visitors/JadxVisitor.java
3414	jadx.core.dex.visitors.SimplifyVisitor	init(jadx.core.dex.nodes.RootNode)	3328	1	[false]	false	public	false	file:///private/tmp/projects/jadx/jadx-core/src/main/java/jadx/core/dex/visitors/SimplifyVisitor.java
3415	jadx.core.dex.visitors.SimplifyVisitor	visit(jadx.core.dex.nodes.MethodNode)	2647	1	[false]	false	public	false	file:///private/tmp/projects/jadx/jadx-core/src/main/java/jadx/core/dex/visitors/SimplifyVisitor.java
3416	jadx.core.dex.visitors.SimplifyVisitor	simplifyBlock(jadx.core.dex.nodes.MethodNode,jadx.core.dex.nodes.BlockNode)	0	2	[false, false]	false	private	false	file:///private/tmp/projects/jadx/jadx-core/src/main/java/jadx/core/dex/visitors/SimplifyVisitor.java
3417	jadx.core.dex.visitors.SimplifyVisitor	simplifyArgs(jadx.core.dex.nodes.MethodNode,jadx.core.dex.nodes.InsnNode)	0	2	[false, false]	false	private	false	file:///private/tmp/projects/jadx/jadx-core/src/main/java/jadx/core/dex/visitors/SimplifyVisitor.java
3418	jadx.core.dex.visitors.SimplifyVisitor	simplifyInsn(jadx.core.dex.nodes.MethodNode,jadx.core.dex.nodes.InsnNode,@org.jetbrains.annotations.Nullable jadx.core.dex.nodes.InsnNode)	0	3	[false, false, true]	true	private	true	file:///private/tmp/projects/jadx/jadx-core/src/main/java/jadx/core/dex/visitors/SimplifyVisitor.java
3419	jadx.core.dex.visitors.SimplifyVisitor	simplifyStringConstructor(jadx.core.dex.nodes.MethodNode,jadx.core.dex.instructions.mods.ConstructorInsn)	0	2	[false, false]	true	private	true	file:///private/tmp/projects/jadx/jadx-core/src/main/java/jadx/core/dex/visitors/SimplifyVisitor.java
3420	jadx.core.dex.visitors.SimplifyVisitor	processCast(jadx.core.dex.nodes.MethodNode,jadx.core.dex.instructions.IndexInsnNode,@org.jetbrains.annotations.Nullable jadx.core.dex.nodes.InsnNode)	0	3	[false, false, true]	true	private	true	file:///private/tmp/projects/jadx/jadx-core/src/main/java/jadx/core/dex/visitors/SimplifyVisitor.java
3421	jadx.core.dex.visitors.SimplifyVisitor	isCastDuplicate(jadx.core.dex.instructions.IndexInsnNode)	0	1	[false]	false	private	false	file:///private/tmp/projects/jadx/jadx-core/src/main/java/jadx/core/dex/visitors/SimplifyVisitor.java
3422	jadx.core.dex.visitors.SimplifyVisitor	shadowedByOuterCast(jadx.core.dex.nodes.RootNode,jadx.core.dex.instructions.args.ArgType,@org.jetbrains.annotations.Nullable jadx.core.dex.nodes.InsnNode)	0	3	[false, false, true]	false	private	false	file:///private/tmp/projects/jadx/jadx-core/src/main/java/jadx/core/dex/visitors/SimplifyVisitor.java
3423	jadx.core.dex.visitors.SimplifyVisitor	simplifyIf(jadx.core.dex.nodes.MethodNode,jadx.core.dex.instructions.IfNode)	0	2	[false, false]	false	private	false	file:///private/tmp/projects/jadx/jadx-core/src/main/java/jadx/core/dex/visitors/SimplifyVisitor.java
3424	jadx.core.dex.visitors.SimplifyVisitor	simplifyTernary(jadx.core.dex.nodes.MethodNode,jadx.core.dex.instructions.mods.TernaryInsn)	0	2	[false, false]	false	private	false	file:///private/tmp/projects/jadx/jadx-core/src/main/java/jadx/core/dex/visitors/SimplifyVisitor.java
3425	jadx.core.dex.visitors.SimplifyVisitor	convertInvoke(jadx.core.dex.nodes.MethodNode,jadx.core.dex.instructions.InvokeNode)	0	2	[false, false]	true	private	true	file:///private/tmp/projects/jadx/jadx-core/src/main/java/jadx/core/dex/visitors/SimplifyVisitor.java
3426	jadx.core.dex.visitors.SimplifyVisitor	collectUseChain(jadx.core.dex.nodes.MethodNode,jadx.core.dex.instructions.InvokeNode,jadx.core.dex.instructions.args.RegisterArg)	0	3	[false, false, false]	false	private	true	file:///private/tmp/projects/jadx/jadx-core/src/main/java/jadx/core/dex/visitors/SimplifyVisitor.java
3427	jadx.core.dex.visitors.SimplifyVisitor	convertStringBuilderChain(jadx.core.dex.nodes.MethodNode,jadx.core.dex.instructions.InvokeNode,java.util.List<jadx.core.dex.nodes.InsnNode>)	0	3	[false, false, false]	true	private	true	file:///private/tmp/projects/jadx/jadx-core/src/main/java/jadx/core/dex/visitors/SimplifyVisitor.java
3428	jadx.core.dex.visitors.SimplifyVisitor	isConstConcatNeeded(java.util.List<jadx.core.dex.instructions.args.InsnArg>)	0	1	[false]	false	private	false	file:///private/tmp/projects/jadx/jadx-core/src/main/java/jadx/core/dex/visitors/SimplifyVisitor.java
3429	jadx.core.dex.visitors.SimplifyVisitor	concatConstArgs(java.util.List<jadx.core.dex.instructions.args.InsnArg>)	0	1	[false]	false	private	true	file:///private/tmp/projects/jadx/jadx-core/src/main/java/jadx/core/dex/visitors/SimplifyVisitor.java
3430	jadx.core.dex.visitors.SimplifyVisitor	getConcatArg(java.util.List<java.lang.String>,java.util.List<jadx.core.dex.instructions.args.InsnArg>,int)	0	3	[false, false, false]	false	private	true	file:///private/tmp/projects/jadx/jadx-core/src/main/java/jadx/core/dex/visitors/SimplifyVisitor.java
3431	jadx.core.dex.visitors.SimplifyVisitor	getConstString(jadx.core.dex.instructions.args.InsnArg)	0	1	[false]	true	private	true	file:///private/tmp/projects/jadx/jadx-core/src/main/java/jadx/core/dex/visitors/SimplifyVisitor.java
3432	jadx.core.dex.visitors.SimplifyVisitor	checkResult(jadx.core.dex.nodes.MethodNode,jadx.core.dex.nodes.InsnNode)	0	2	[false, false]	false	private	false	file:///private/tmp/projects/jadx/jadx-core/src/main/java/jadx/core/dex/visitors/SimplifyVisitor.java
3433	jadx.core.dex.visitors.SimplifyVisitor	removeStringBuilderInsns(jadx.core.dex.nodes.MethodNode,jadx.core.dex.instructions.InvokeNode,java.util.List<jadx.core.dex.nodes.InsnNode>)	0	3	[false, false, false]	false	private	false	file:///private/tmp/projects/jadx/jadx-core/src/main/java/jadx/core/dex/visitors/SimplifyVisitor.java
3434	jadx.core.dex.visitors.SimplifyVisitor	flattenInsnChainUntil(jadx.core.dex.nodes.InsnNode,jadx.core.dex.instructions.InsnType)	0	2	[false, false]	false	private	true	file:///private/tmp/projects/jadx/jadx-core/src/main/java/jadx/core/dex/visitors/SimplifyVisitor.java
3435	jadx.core.dex.visitors.SimplifyVisitor	getArgFromAppend(jadx.core.dex.nodes.InsnNode)	0	1	[false]	true	private	true	file:///private/tmp/projects/jadx/jadx-core/src/main/java/jadx/core/dex/visitors/SimplifyVisitor.java
3436	jadx.core.dex.visitors.SimplifyVisitor	simplifyArith(jadx.core.dex.instructions.ArithNode)	0	1	[false]	true	private	true	file:///private/tmp/projects/jadx/jadx-core/src/main/java/jadx/core/dex/visitors/SimplifyVisitor.java
3437	jadx.core.dex.visitors.SimplifyVisitor	convertFieldArith(jadx.core.dex.nodes.MethodNode,jadx.core.dex.nodes.InsnNode)	0	2	[false, false]	true	private	true	file:///private/tmp/projects/jadx/jadx-core/src/main/java/jadx/core/dex/visitors/SimplifyVisitor.java
3438	jadx.core.dex.visitors.regions.ReturnVisitor	visit(jadx.core.dex.nodes.MethodNode)	2647	1	[false]	false	public	false	file:///private/tmp/projects/jadx/jadx-core/src/main/java/jadx/core/dex/visitors/regions/ReturnVisitor.java
3439	jadx.core.dex.visitors.regions.ReturnVisitor$ReturnRemoverVisitor	enterRegion(jadx.core.dex.nodes.MethodNode,jadx.core.dex.nodes.IRegion)	3440	2	[false, false]	false	public	false	file:///private/tmp/projects/jadx/jadx-core/src/main/java/jadx/core/dex/visitors/regions/ReturnVisitor.java
3441	jadx.core.dex.visitors.regions.ReturnVisitor$ReturnRemoverVisitor	processBlockTraced(jadx.core.dex.nodes.MethodNode,jadx.core.dex.nodes.IBlock,jadx.core.dex.nodes.IRegion)	2653	3	[false, false, false]	false	public	false	file:///private/tmp/projects/jadx/jadx-core/src/main/java/jadx/core/dex/visitors/regions/ReturnVisitor.java
3442	jadx.core.dex.visitors.regions.ReturnVisitor$ReturnRemoverVisitor	blockNotInLoop(jadx.core.dex.nodes.MethodNode,jadx.core.dex.nodes.BlockNode)	0	2	[false, false]	false	private	false	file:///private/tmp/projects/jadx/jadx-core/src/main/java/jadx/core/dex/visitors/regions/ReturnVisitor.java
3443	jadx.core.dex.visitors.regions.ReturnVisitor$ReturnRemoverVisitor	noTrailInstructions(jadx.core.dex.nodes.BlockNode)	0	1	[false]	false	private	false	file:///private/tmp/projects/jadx/jadx-core/src/main/java/jadx/core/dex/visitors/regions/ReturnVisitor.java
3444	jadx.core.dex.visitors.regions.ReturnVisitor$ReturnRemoverVisitor	isEmpty(jadx.core.dex.nodes.IContainer)	0	1	[false]	false	private	false	file:///private/tmp/projects/jadx/jadx-core/src/main/java/jadx/core/dex/visitors/regions/ReturnVisitor.java
3440	jadx.core.dex.visitors.regions.TracedRegionVisitor	enterRegion(jadx.core.dex.nodes.MethodNode,jadx.core.dex.nodes.IRegion)	3445	2	[false, false]	false	public	false	file:///private/tmp/projects/jadx/jadx-core/src/main/java/jadx/core/dex/visitors/regions/TracedRegionVisitor.java
3446	jadx.core.dex.visitors.regions.TracedRegionVisitor	processBlock(jadx.core.dex.nodes.MethodNode,jadx.core.dex.nodes.IBlock)	3447	2	[false, false]	false	public	false	file:///private/tmp/projects/jadx/jadx-core/src/main/java/jadx/core/dex/visitors/regions/TracedRegionVisitor.java
2653	jadx.core.dex.visitors.regions.TracedRegionVisitor	processBlockTraced(jadx.core.dex.nodes.MethodNode,jadx.core.dex.nodes.IBlock,jadx.core.dex.nodes.IRegion)	0	3	[false, false, false]	false	public	false	file:///private/tmp/projects/jadx/jadx-core/src/main/java/jadx/core/dex/visitors/regions/TracedRegionVisitor.java
3448	jadx.core.dex.visitors.regions.TracedRegionVisitor	leaveRegion(jadx.core.dex.nodes.MethodNode,jadx.core.dex.nodes.IRegion)	3449	2	[false, false]	false	public	false	file:///private/tmp/projects/jadx/jadx-core/src/main/java/jadx/core/dex/visitors/regions/TracedRegionVisitor.java
3447	jadx.core.dex.visitors.regions.IRegionVisitor	processBlock(jadx.core.dex.nodes.MethodNode,jadx.core.dex.nodes.IBlock)	0	2	[false, false]	false	public	false	file:///private/tmp/projects/jadx/jadx-core/src/main/java/jadx/core/dex/visitors/regions/IRegionVisitor.java
3445	jadx.core.dex.visitors.regions.IRegionVisitor	enterRegion(jadx.core.dex.nodes.MethodNode,jadx.core.dex.nodes.IRegion)	0	2	[false, false]	false	public	false	file:///private/tmp/projects/jadx/jadx-core/src/main/java/jadx/core/dex/visitors/regions/IRegionVisitor.java
3449	jadx.core.dex.visitors.regions.IRegionVisitor	leaveRegion(jadx.core.dex.nodes.MethodNode,jadx.core.dex.nodes.IRegion)	0	2	[false, false]	false	public	false	file:///private/tmp/projects/jadx/jadx-core/src/main/java/jadx/core/dex/visitors/regions/IRegionVisitor.java
3450	jadx.core.dex.visitors.regions.RegionMaker	RegionMaker(jadx.core.dex.nodes.MethodNode)	0	1	[false]	false	public	false	file:///private/tmp/projects/jadx/jadx-core/src/main/java/jadx/core/dex/visitors/regions/RegionMaker.java
3451	jadx.core.dex.visitors.regions.RegionMaker	makeRegion(@org.jetbrains.annotations.Nullable jadx.core.dex.nodes.BlockNode,jadx.core.dex.visitors.regions.RegionStack)	0	2	[true, false]	false	public	true	file:///private/tmp/projects/jadx/jadx-core/src/main/java/jadx/core/dex/visitors/regions/RegionMaker.java
3452	jadx.core.dex.visitors.regions.RegionMaker	insertEdgeInsns(jadx.core.dex.regions.Region,jadx.core.dex.nodes.BlockNode)	0	2	[false, false]	false	private	false	file:///private/tmp/projects/jadx/jadx-core/src/main/java/jadx/core/dex/visitors/regions/RegionMaker.java
3453	jadx.core.dex.visitors.regions.RegionMaker	addOneInsnOfType(java.util.List<jadx.core.dex.nodes.InsnNode>,java.util.List<jadx.core.dex.attributes.nodes.EdgeInsnAttr>,jadx.core.dex.instructions.InsnType)	0	3	[false, false, false]	false	private	false	file:///private/tmp/projects/jadx/jadx-core/src/main/java/jadx/core/dex/visitors/regions/RegionMaker.java
3454	jadx.core.dex.visitors.regions.RegionMaker	traverse(jadx.core.dex.nodes.IRegion,jadx.core.dex.nodes.BlockNode,jadx.core.dex.visitors.regions.RegionStack)	0	3	[false, false, false]	true	private	true	file:///private/tmp/projects/jadx/jadx-core/src/main/java/jadx/core/dex/visitors/regions/RegionMaker.java
3455	jadx.core.dex.visitors.regions.RegionMaker	processLoop(jadx.core.dex.nodes.IRegion,jadx.core.dex.attributes.nodes.LoopInfo,jadx.core.dex.visitors.regions.RegionStack)	0	3	[false, false, false]	true	private	true	file:///private/tmp/projects/jadx/jadx-core/src/main/java/jadx/core/dex/visitors/regions/RegionMaker.java
3456	jadx.core.dex.visitors.regions.RegionMaker	makeLoopRegion(jadx.core.dex.nodes.IRegion,jadx.core.dex.attributes.nodes.LoopInfo,java.util.List<jadx.core.dex.nodes.BlockNode>)	0	3	[false, false, false]	true	private	true	file:///private/tmp/projects/jadx/jadx-core/src/main/java/jadx/core/dex/visitors/regions/RegionMaker.java
3457	jadx.core.dex.visitors.regions.RegionMaker	checkLoopExits(jadx.core.dex.attributes.nodes.LoopInfo,jadx.core.dex.nodes.BlockNode)	0	2	[false, false]	false	private	false	file:///private/tmp/projects/jadx/jadx-core/src/main/java/jadx/core/dex/visitors/regions/RegionMaker.java
3458	jadx.core.dex.visitors.regions.RegionMaker	makeEndlessLoop(jadx.core.dex.nodes.IRegion,jadx.core.dex.visitors.regions.RegionStack,jadx.core.dex.attributes.nodes.LoopInfo,jadx.core.dex.nodes.BlockNode)	0	4	[false, false, false, false]	true	private	true	file:///private/tmp/projects/jadx/jadx-core/src/main/java/jadx/core/dex/visitors/regions/RegionMaker.java
3459	jadx.core.dex.visitors.regions.RegionMaker	inExceptionHandlerBlocks(jadx.core.dex.nodes.BlockNode)	0	1	[false]	false	private	false	file:///private/tmp/projects/jadx/jadx-core/src/main/java/jadx/core/dex/visitors/regions/RegionMaker.java
3460	jadx.core.dex.visitors.regions.RegionMaker	canInsertBreak(jadx.core.dex.nodes.BlockNode)	0	1	[false]	false	private	false	file:///private/tmp/projects/jadx/jadx-core/src/main/java/jadx/core/dex/visitors/regions/RegionMaker.java
3461	jadx.core.dex.visitors.regions.RegionMaker	insertLoopBreak(jadx.core.dex.visitors.regions.RegionStack,jadx.core.dex.attributes.nodes.LoopInfo,jadx.core.dex.nodes.BlockNode,jadx.core.dex.nodes.Edge)	0	4	[false, false, false, false]	false	private	false	file:///private/tmp/projects/jadx/jadx-core/src/main/java/jadx/core/dex/visitors/regions/RegionMaker.java
3462	jadx.core.dex.visitors.regions.RegionMaker	addBreakLabel(jadx.core.dex.nodes.Edge,@org.jetbrains.annotations.Nullable jadx.core.dex.nodes.BlockNode,jadx.core.dex.nodes.InsnNode)	0	3	[false, true, false]	false	private	false	file:///private/tmp/projects/jadx/jadx-core/src/main/java/jadx/core/dex/visitors/regions/RegionMaker.java
3463	jadx.core.dex.visitors.regions.RegionMaker	insertContinue(jadx.core.dex.attributes.nodes.LoopInfo)	0	1	[false]	false	private	false	file:///private/tmp/projects/jadx/jadx-core/src/main/java/jadx/core/dex/visitors/regions/RegionMaker.java
3464	jadx.core.dex.visitors.regions.RegionMaker	canInsertContinue(jadx.core.dex.nodes.BlockNode,java.util.List<jadx.core.dex.nodes.BlockNode>,jadx.core.dex.nodes.BlockNode,java.util.Set<jadx.core.dex.nodes.BlockNode>)	0	4	[false, false, false, false]	false	private	false	file:///private/tmp/projects/jadx/jadx-core/src/main/java/jadx/core/dex/visitors/regions/RegionMaker.java
3465	jadx.core.dex.visitors.regions.RegionMaker	isDominatedOnBlocks(jadx.core.dex.nodes.BlockNode,java.util.List<jadx.core.dex.nodes.BlockNode>)	0	2	[false, false]	false	private	false	file:///private/tmp/projects/jadx/jadx-core/src/main/java/jadx/core/dex/visitors/regions/RegionMaker.java
3466	jadx.core.dex.visitors.regions.RegionMaker	processMonitorEnter(jadx.core.dex.nodes.IRegion,jadx.core.dex.nodes.BlockNode,jadx.core.dex.nodes.InsnNode,jadx.core.dex.visitors.regions.RegionStack)	0	4	[false, false, false, false]	true	private	true	file:///private/tmp/projects/jadx/jadx-core/src/main/java/jadx/core/dex/visitors/regions/RegionMaker.java
3467	jadx.core.dex.visitors.regions.RegionMaker	traverseMonitorExits(jadx.core.dex.regions.SynchronizedRegion,jadx.core.dex.instructions.args.InsnArg,jadx.core.dex.nodes.BlockNode,java.util.Set<jadx.core.dex.nodes.BlockNode>,java.util.Set<jadx.core.dex.nodes.BlockNode>)	0	5	[false, false, false, false, false]	false	private	false	file:///private/tmp/projects/jadx/jadx-core/src/main/java/jadx/core/dex/visitors/regions/RegionMaker.java
3468	jadx.core.dex.visitors.regions.RegionMaker	traverseMonitorExitsCross(jadx.core.dex.nodes.BlockNode,java.util.Set<jadx.core.dex.nodes.BlockNode>,java.util.Set<jadx.core.dex.nodes.BlockNode>)	0	3	[false, false, false]	true	private	true	file:///private/tmp/projects/jadx/jadx-core/src/main/java/jadx/core/dex/visitors/regions/RegionMaker.java
3469	jadx.core.dex.visitors.regions.RegionMaker	processIf(jadx.core.dex.nodes.IRegion,jadx.core.dex.nodes.BlockNode,jadx.core.dex.instructions.IfNode,jadx.core.dex.visitors.regions.RegionStack)	0	4	[false, false, false, false]	true	private	true	file:///private/tmp/projects/jadx/jadx-core/src/main/java/jadx/core/dex/visitors/regions/RegionMaker.java
3470	jadx.core.dex.visitors.regions.RegionMaker	addEdgeInsn(jadx.core.dex.regions.conditions.IfInfo,jadx.core.dex.regions.Region,jadx.core.dex.attributes.nodes.EdgeInsnAttr)	0	3	[false, false, false]	false	private	false	file:///private/tmp/projects/jadx/jadx-core/src/main/java/jadx/core/dex/visitors/regions/RegionMaker.java
3471	jadx.core.dex.visitors.regions.RegionMaker	processSwitch(jadx.core.dex.nodes.IRegion,jadx.core.dex.nodes.BlockNode,jadx.core.dex.instructions.SwitchInsn,jadx.core.dex.visitors.regions.RegionStack)	0	4	[false, false, false, false]	true	private	true	file:///private/tmp/projects/jadx/jadx-core/src/main/java/jadx/core/dex/visitors/regions/RegionMaker.java
3472	jadx.core.dex.visitors.regions.RegionMaker	searchFallThroughCase(jadx.core.dex.nodes.BlockNode,jadx.core.dex.nodes.BlockNode,java.util.BitSet)	0	3	[false, false, false]	true	private	true	file:///private/tmp/projects/jadx/jadx-core/src/main/java/jadx/core/dex/visitors/regions/RegionMaker.java
3473	jadx.core.dex.visitors.regions.RegionMaker	getOneIntersectionBlock(jadx.core.dex.nodes.BlockNode,java.util.BitSet,java.util.BitSet)	0	3	[false, false, false]	true	private	true	file:///private/tmp/projects/jadx/jadx-core/src/main/java/jadx/core/dex/visitors/regions/RegionMaker.java
3474	jadx.core.dex.visitors.regions.RegionMaker	calcPostDomOut(jadx.core.dex.nodes.MethodNode,jadx.core.dex.nodes.BlockNode,java.util.List<jadx.core.dex.nodes.BlockNode>)	0	3	[false, false, false]	true	private	true	file:///private/tmp/projects/jadx/jadx-core/src/main/java/jadx/core/dex/visitors/regions/RegionMaker.java
3475	jadx.core.dex.visitors.regions.RegionMaker	removeEmptyCases(jadx.core.dex.instructions.SwitchInsn,jadx.core.dex.regions.SwitchRegion,@org.jetbrains.annotations.Nullable jadx.core.dex.nodes.BlockNode)	0	3	[false, false, true]	false	private	false	file:///private/tmp/projects/jadx/jadx-core/src/main/java/jadx/core/dex/visitors/regions/RegionMaker.java
3476	jadx.core.dex.visitors.regions.RegionMaker	isBadCasesOrder(java.util.Map<jadx.core.dex.nodes.BlockNode,java.util.List<java.lang.Object>>,java.util.Map<jadx.core.dex.nodes.BlockNode,jadx.core.dex.nodes.BlockNode>)	0	2	[false, false]	false	private	false	file:///private/tmp/projects/jadx/jadx-core/src/main/java/jadx/core/dex/visitors/regions/RegionMaker.java
3477	jadx.core.dex.visitors.regions.RegionMaker	reOrderSwitchCases(java.util.Map<jadx.core.dex.nodes.BlockNode,java.util.List<java.lang.Object>>,java.util.Map<jadx.core.dex.nodes.BlockNode,jadx.core.dex.nodes.BlockNode>)	0	2	[false, false]	false	private	true	file:///private/tmp/projects/jadx/jadx-core/src/main/java/jadx/core/dex/visitors/regions/RegionMaker.java
3478	jadx.core.dex.visitors.regions.RegionMaker	insertContinueInSwitch(jadx.core.dex.nodes.BlockNode,jadx.core.dex.nodes.BlockNode,jadx.core.dex.nodes.BlockNode)	0	3	[false, false, false]	false	private	false	file:///private/tmp/projects/jadx/jadx-core/src/main/java/jadx/core/dex/visitors/regions/RegionMaker.java
3479	jadx.core.dex.visitors.regions.RegionMaker	processTryCatchBlocks(jadx.core.dex.nodes.MethodNode)	0	1	[false]	true	public	true	file:///private/tmp/projects/jadx/jadx-core/src/main/java/jadx/core/dex/visitors/regions/RegionMaker.java
3480	jadx.core.dex.visitors.regions.RegionMaker	processHandlersOutBlocks(jadx.core.dex.nodes.MethodNode,java.util.List<jadx.core.dex.trycatch.TryCatchBlockAttr>)	0	2	[false, false]	true	protected	true	file:///private/tmp/projects/jadx/jadx-core/src/main/java/jadx/core/dex/visitors/regions/RegionMaker.java
3481	jadx.core.dex.visitors.regions.RegionMaker	processExcHandler(jadx.core.dex.nodes.MethodNode,jadx.core.dex.trycatch.ExceptionHandler,java.util.Set<jadx.core.dex.nodes.BlockNode>)	0	3	[false, false, false]	false	private	false	file:///private/tmp/projects/jadx/jadx-core/src/main/java/jadx/core/dex/visitors/regions/RegionMaker.java
3482	jadx.core.dex.visitors.regions.RegionMaker	isEqualPaths(@org.jetbrains.annotations.Nullable jadx.core.dex.nodes.BlockNode,@org.jetbrains.annotations.Nullable jadx.core.dex.nodes.BlockNode)	0	2	[true, true]	false	package	false	file:///private/tmp/projects/jadx/jadx-core/src/main/java/jadx/core/dex/visitors/regions/RegionMaker.java
3483	jadx.core.dex.visitors.regions.RegionMaker	isEmptySyntheticPath(jadx.core.dex.nodes.BlockNode,jadx.core.dex.nodes.BlockNode)	0	2	[false, false]	false	private	false	file:///private/tmp/projects/jadx/jadx-core/src/main/java/jadx/core/dex/visitors/regions/RegionMaker.java
3484	jadx.core.dex.visitors.regions.RegionMaker	isEqualReturnBlocks(@org.jetbrains.annotations.Nullable jadx.core.dex.nodes.BlockNode,@org.jetbrains.annotations.Nullable jadx.core.dex.nodes.BlockNode)	0	2	[true, true]	false	public	false	file:///private/tmp/projects/jadx/jadx-core/src/main/java/jadx/core/dex/visitors/regions/RegionMaker.java
3485	jadx.core.dex.visitors.regions.IfMakerHelper	IfMakerHelper()	0	0	[]	false	private	false	file:///private/tmp/projects/jadx/jadx-core/src/main/java/jadx/core/dex/visitors/regions/IfMakerHelper.java
3486	jadx.core.dex.visitors.regions.IfMakerHelper	makeIfInfo(jadx.core.dex.nodes.MethodNode,@org.jetbrains.annotations.Nullable jadx.core.dex.nodes.BlockNode)	0	2	[false, true]	true	package	true	file:///private/tmp/projects/jadx/jadx-core/src/main/java/jadx/core/dex/visitors/regions/IfMakerHelper.java
3487	jadx.core.dex.visitors.regions.IfMakerHelper	searchNestedIf(@org.jetbrains.annotations.Nullable jadx.core.dex.regions.conditions.IfInfo)	0	1	[true]	false	package	true	file:///private/tmp/projects/jadx/jadx-core/src/main/java/jadx/core/dex/visitors/regions/IfMakerHelper.java
3488	jadx.core.dex.visitors.regions.IfMakerHelper	restructureIf(jadx.core.dex.nodes.MethodNode,jadx.core.dex.nodes.BlockNode,@org.jetbrains.annotations.Nullable jadx.core.dex.regions.conditions.IfInfo)	0	3	[false, false, true]	true	package	true	file:///private/tmp/projects/jadx/jadx-core/src/main/java/jadx/core/dex/visitors/regions/IfMakerHelper.java
3489	jadx.core.dex.visitors.regions.IfMakerHelper	isBadBranchBlock(jadx.core.dex.regions.conditions.IfInfo,jadx.core.dex.nodes.BlockNode)	0	2	[false, false]	false	private	false	file:///private/tmp/projects/jadx/jadx-core/src/main/java/jadx/core/dex/visitors/regions/IfMakerHelper.java
3490	jadx.core.dex.visitors.regions.IfMakerHelper	allPathsFromIf(jadx.core.dex.nodes.BlockNode,jadx.core.dex.regions.conditions.IfInfo)	0	2	[false, false]	false	private	false	file:///private/tmp/projects/jadx/jadx-core/src/main/java/jadx/core/dex/visitors/regions/IfMakerHelper.java
3491	jadx.core.dex.visitors.regions.IfMakerHelper	mergeNestedIfNodes(@org.jetbrains.annotations.Nullable jadx.core.dex.regions.conditions.IfInfo)	0	1	[true]	true	package	true	file:///private/tmp/projects/jadx/jadx-core/src/main/java/jadx/core/dex/visitors/regions/IfMakerHelper.java
3492	jadx.core.dex.visitors.regions.IfMakerHelper	checkForTernaryInCondition(jadx.core.dex.regions.conditions.IfInfo)	0	1	[false]	true	private	true	file:///private/tmp/projects/jadx/jadx-core/src/main/java/jadx/core/dex/visitors/regions/IfMakerHelper.java
3493	jadx.core.dex.visitors.regions.IfMakerHelper	mergeTernaryConditions(jadx.core.dex.regions.conditions.IfInfo,jadx.core.dex.regions.conditions.IfInfo,jadx.core.dex.regions.conditions.IfInfo)	0	3	[false, false, false]	false	private	true	file:///private/tmp/projects/jadx/jadx-core/src/main/java/jadx/core/dex/visitors/regions/IfMakerHelper.java
3494	jadx.core.dex.visitors.regions.IfMakerHelper	isInversionNeeded(jadx.core.dex.regions.conditions.IfInfo,jadx.core.dex.regions.conditions.IfInfo)	0	2	[false, false]	false	private	false	file:///private/tmp/projects/jadx/jadx-core/src/main/java/jadx/core/dex/visitors/regions/IfMakerHelper.java
3495	jadx.core.dex.visitors.regions.IfMakerHelper	canMerge(jadx.core.dex.regions.conditions.IfInfo,jadx.core.dex.regions.conditions.IfInfo,boolean)	0	3	[false, false, false]	false	private	false	file:///private/tmp/projects/jadx/jadx-core/src/main/java/jadx/core/dex/visitors/regions/IfMakerHelper.java
3496	jadx.core.dex.visitors.regions.IfMakerHelper	checkConditionBranches(@org.jetbrains.annotations.Nullable jadx.core.dex.nodes.BlockNode,@org.jetbrains.annotations.Nullable jadx.core.dex.nodes.BlockNode)	0	2	[true, true]	false	private	false	file:///private/tmp/projects/jadx/jadx-core/src/main/java/jadx/core/dex/visitors/regions/IfMakerHelper.java
3497	jadx.core.dex.visitors.regions.IfMakerHelper	mergeIfInfo(jadx.core.dex.regions.conditions.IfInfo,jadx.core.dex.regions.conditions.IfInfo,boolean)	0	3	[false, false, false]	false	private	true	file:///private/tmp/projects/jadx/jadx-core/src/main/java/jadx/core/dex/visitors/regions/IfMakerHelper.java
3498	jadx.core.dex.visitors.regions.IfMakerHelper	getBranchBlock(@org.jetbrains.annotations.Nullable jadx.core.dex.nodes.BlockNode,@org.jetbrains.annotations.Nullable jadx.core.dex.nodes.BlockNode,java.util.Set<jadx.core.dex.nodes.BlockNode>,jadx.core.dex.nodes.MethodNode)	0	4	[true, true, false, false]	true	private	true	file:///private/tmp/projects/jadx/jadx-core/src/main/java/jadx/core/dex/visitors/regions/IfMakerHelper.java
3499	jadx.core.dex.visitors.regions.IfMakerHelper	confirmMerge(jadx.core.dex.regions.conditions.IfInfo)	0	1	[false]	false	package	false	file:///private/tmp/projects/jadx/jadx-core/src/main/java/jadx/core/dex/visitors/regions/IfMakerHelper.java
3500	jadx.core.dex.visitors.regions.IfMakerHelper	getNextIf(jadx.core.dex.regions.conditions.IfInfo,@org.jetbrains.annotations.Nullable jadx.core.dex.nodes.BlockNode)	0	2	[false, true]	true	private	true	file:///private/tmp/projects/jadx/jadx-core/src/main/java/jadx/core/dex/visitors/regions/IfMakerHelper.java
3501	jadx.core.dex.visitors.regions.IfMakerHelper	canSelectNext(jadx.core.dex.regions.conditions.IfInfo,@org.jetbrains.annotations.Nullable jadx.core.dex.nodes.BlockNode)	0	2	[false, true]	false	private	false	file:///private/tmp/projects/jadx/jadx-core/src/main/java/jadx/core/dex/visitors/regions/IfMakerHelper.java
3502	jadx.core.dex.visitors.regions.IfMakerHelper	getNextIfNodeInfo(jadx.core.dex.regions.conditions.IfInfo,@org.jetbrains.annotations.Nullable jadx.core.dex.nodes.BlockNode)	0	2	[false, true]	true	private	true	file:///private/tmp/projects/jadx/jadx-core/src/main/java/jadx/core/dex/visitors/regions/IfMakerHelper.java
3503	jadx.core.dex.visitors.regions.RegionStack$State	State()	0	0	[]	false	public	false	file:///private/tmp/projects/jadx/jadx-core/src/main/java/jadx/core/dex/visitors/regions/RegionStack.java
3504	jadx.core.dex.visitors.regions.RegionStack$State	State(jadx.core.dex.visitors.regions.RegionStack.State,jadx.core.dex.nodes.IRegion)	0	2	[false, false]	false	private	false	file:///private/tmp/projects/jadx/jadx-core/src/main/java/jadx/core/dex/visitors/regions/RegionStack.java
3505	jadx.core.dex.visitors.regions.RegionStack$State	copyWith(jadx.core.dex.nodes.IRegion)	0	1	[false]	false	public	true	file:///private/tmp/projects/jadx/jadx-core/src/main/java/jadx/core/dex/visitors/regions/RegionStack.java
3506	jadx.core.dex.visitors.regions.RegionStack$State	toString()	83	0	[]	false	public	true	file:///private/tmp/projects/jadx/jadx-core/src/main/java/jadx/core/dex/visitors/regions/RegionStack.java
3507	jadx.core.dex.visitors.regions.RegionStack	RegionStack(jadx.core.dex.nodes.MethodNode)	0	1	[false]	false	public	false	file:///private/tmp/projects/jadx/jadx-core/src/main/java/jadx/core/dex/visitors/regions/RegionStack.java
3508	jadx.core.dex.visitors.regions.RegionStack	push(jadx.core.dex.nodes.IRegion)	0	1	[false]	false	public	false	file:///private/tmp/projects/jadx/jadx-core/src/main/java/jadx/core/dex/visitors/regions/RegionStack.java
3509	jadx.core.dex.visitors.regions.RegionStack	pop()	0	0	[]	false	public	false	file:///private/tmp/projects/jadx/jadx-core/src/main/java/jadx/core/dex/visitors/regions/RegionStack.java
3510	jadx.core.dex.visitors.regions.RegionStack	addExit(jadx.core.dex.nodes.BlockNode)	0	1	[true]	false	public	false	file:///private/tmp/projects/jadx/jadx-core/src/main/java/jadx/core/dex/visitors/regions/RegionStack.java
3511	jadx.core.dex.visitors.regions.RegionStack	addExits(java.util.Collection<jadx.core.dex.nodes.BlockNode>)	0	1	[false]	false	public	false	file:///private/tmp/projects/jadx/jadx-core/src/main/java/jadx/core/dex/visitors/regions/RegionStack.java
3512	jadx.core.dex.visitors.regions.RegionStack	removeExit(jadx.core.dex.nodes.BlockNode)	0	1	[true]	false	public	false	file:///private/tmp/projects/jadx/jadx-core/src/main/java/jadx/core/dex/visitors/regions/RegionStack.java
3513	jadx.core.dex.visitors.regions.RegionStack	containsExit(jadx.core.dex.nodes.BlockNode)	0	1	[false]	false	public	false	file:///private/tmp/projects/jadx/jadx-core/src/main/java/jadx/core/dex/visitors/regions/RegionStack.java
3514	jadx.core.dex.visitors.regions.RegionStack	peekRegion()	0	0	[]	true	public	true	file:///private/tmp/projects/jadx/jadx-core/src/main/java/jadx/core/dex/visitors/regions/RegionStack.java
3515	jadx.core.dex.visitors.regions.RegionStack	size()	0	0	[]	false	public	false	file:///private/tmp/projects/jadx/jadx-core/src/main/java/jadx/core/dex/visitors/regions/RegionStack.java
3516	jadx.core.dex.visitors.regions.RegionStack	toString()	83	0	[]	false	public	true	file:///private/tmp/projects/jadx/jadx-core/src/main/java/jadx/core/dex/visitors/regions/RegionStack.java
3517	jadx.core.dex.visitors.regions.IRegionIterativeVisitor	visitRegion(jadx.core.dex.nodes.MethodNode,jadx.core.dex.nodes.IRegion)	0	2	[false, false]	false	public	false	file:///private/tmp/projects/jadx/jadx-core/src/main/java/jadx/core/dex/visitors/regions/IRegionIterativeVisitor.java
3518	jadx.core.dex.visitors.regions.CleanRegions	visit(jadx.core.dex.nodes.MethodNode)	2647	1	[false]	false	public	false	file:///private/tmp/projects/jadx/jadx-core/src/main/java/jadx/core/dex/visitors/regions/CleanRegions.java
3519	jadx.core.dex.visitors.regions.CleanRegions	process(jadx.core.dex.nodes.MethodNode)	0	1	[false]	false	public	false	file:///private/tmp/projects/jadx/jadx-core/src/main/java/jadx/core/dex/visitors/regions/CleanRegions.java
3520	jadx.core.dex.visitors.regions.CleanRegions$RemoveRegionVisitor	enterRegion(jadx.core.dex.nodes.MethodNode,jadx.core.dex.nodes.IRegion)	3521	2	[false, false]	false	public	false	file:///private/tmp/projects/jadx/jadx-core/src/main/java/jadx/core/dex/visitors/regions/CleanRegions.java
3522	jadx.core.dex.visitors.regions.CleanRegions$RemoveRegionVisitor	canRemoveRegion(jadx.core.dex.nodes.IContainer)	0	1	[false]	false	private	false	file:///private/tmp/projects/jadx/jadx-core/src/main/java/jadx/core/dex/visitors/regions/CleanRegions.java
3521	jadx.core.dex.visitors.regions.AbstractRegionVisitor	enterRegion(jadx.core.dex.nodes.MethodNode,jadx.core.dex.nodes.IRegion)	3445	2	[false, false]	false	public	false	file:///private/tmp/projects/jadx/jadx-core/src/main/java/jadx/core/dex/visitors/regions/AbstractRegionVisitor.java
2702	jadx.core.dex.visitors.regions.AbstractRegionVisitor	processBlock(jadx.core.dex.nodes.MethodNode,jadx.core.dex.nodes.IBlock)	3447	2	[false, false]	false	public	false	file:///private/tmp/projects/jadx/jadx-core/src/main/java/jadx/core/dex/visitors/regions/AbstractRegionVisitor.java
3523	jadx.core.dex.visitors.regions.AbstractRegionVisitor	leaveRegion(jadx.core.dex.nodes.MethodNode,jadx.core.dex.nodes.IRegion)	3449	2	[false, false]	false	public	false	file:///private/tmp/projects/jadx/jadx-core/src/main/java/jadx/core/dex/visitors/regions/AbstractRegionVisitor.java
3524	jadx.core.dex.visitors.regions.LoopRegionVisitor	visit(jadx.core.dex.nodes.MethodNode)	2647	1	[false]	false	public	false	file:///private/tmp/projects/jadx/jadx-core/src/main/java/jadx/core/dex/visitors/regions/LoopRegionVisitor.java
3525	jadx.core.dex.visitors.regions.LoopRegionVisitor	enterRegion(jadx.core.dex.nodes.MethodNode,jadx.core.dex.nodes.IRegion)	3445	2	[false, false]	false	public	false	file:///private/tmp/projects/jadx/jadx-core/src/main/java/jadx/core/dex/visitors/regions/LoopRegionVisitor.java
3526	jadx.core.dex.visitors.regions.LoopRegionVisitor	processLoopRegion(jadx.core.dex.nodes.MethodNode,jadx.core.dex.regions.loops.LoopRegion)	0	2	[false, false]	false	private	false	file:///private/tmp/projects/jadx/jadx-core/src/main/java/jadx/core/dex/visitors/regions/LoopRegionVisitor.java
3527	jadx.core.dex.visitors.regions.LoopRegionVisitor	checkForIndexedLoop(jadx.core.dex.nodes.MethodNode,jadx.core.dex.regions.loops.LoopRegion,jadx.core.dex.regions.conditions.IfCondition)	0	3	[false, false, false]	false	private	false	file:///private/tmp/projects/jadx/jadx-core/src/main/java/jadx/core/dex/visitors/regions/LoopRegionVisitor.java
3528	jadx.core.dex.visitors.regions.LoopRegionVisitor	checkArrayForEach(jadx.core.dex.nodes.MethodNode,jadx.core.dex.regions.loops.LoopRegion,jadx.core.dex.nodes.InsnNode,jadx.core.dex.nodes.InsnNode,jadx.core.dex.regions.conditions.IfCondition)	0	5	[false, false, false, false, false]	true	private	true	file:///private/tmp/projects/jadx/jadx-core/src/main/java/jadx/core/dex/visitors/regions/LoopRegionVisitor.java
3529	jadx.core.dex.visitors.regions.LoopRegionVisitor	checkIterableForEach(jadx.core.dex.nodes.MethodNode,jadx.core.dex.regions.loops.LoopRegion,jadx.core.dex.regions.conditions.IfCondition)	0	3	[false, false, false]	false	private	false	file:///private/tmp/projects/jadx/jadx-core/src/main/java/jadx/core/dex/visitors/regions/LoopRegionVisitor.java
3530	jadx.core.dex.visitors.regions.LoopRegionVisitor	fixIterableType(jadx.core.dex.nodes.MethodNode,jadx.core.dex.instructions.args.InsnArg,jadx.core.dex.instructions.args.RegisterArg)	0	3	[false, false, false]	false	private	false	file:///private/tmp/projects/jadx/jadx-core/src/main/java/jadx/core/dex/visitors/regions/LoopRegionVisitor.java
3531	jadx.core.dex.visitors.regions.LoopRegionVisitor	checkInvoke(jadx.core.dex.nodes.InsnNode,java.lang.String,java.lang.String)	0	3	[true, true, false]	false	private	false	file:///private/tmp/projects/jadx/jadx-core/src/main/java/jadx/core/dex/visitors/regions/LoopRegionVisitor.java
3532	jadx.core.dex.visitors.regions.LoopRegionVisitor	assignOnlyInLoop(jadx.core.dex.nodes.MethodNode,jadx.core.dex.regions.loops.LoopRegion,jadx.core.dex.instructions.args.RegisterArg)	0	3	[false, false, false]	false	private	false	file:///private/tmp/projects/jadx/jadx-core/src/main/java/jadx/core/dex/visitors/regions/LoopRegionVisitor.java
3533	jadx.core.dex.visitors.regions.LoopRegionVisitor	usedOnlyInLoop(jadx.core.dex.nodes.MethodNode,jadx.core.dex.regions.loops.LoopRegion,jadx.core.dex.instructions.args.RegisterArg)	0	3	[false, false, false]	false	private	false	file:///private/tmp/projects/jadx/jadx-core/src/main/java/jadx/core/dex/visitors/regions/LoopRegionVisitor.java
3534	jadx.core.dex.visitors.regions.LoopRegionVisitor	argInLoop(jadx.core.dex.nodes.MethodNode,jadx.core.dex.regions.loops.LoopRegion,jadx.core.dex.instructions.args.RegisterArg)	0	3	[false, false, false]	false	private	false	file:///private/tmp/projects/jadx/jadx-core/src/main/java/jadx/core/dex/visitors/regions/LoopRegionVisitor.java
3535	jadx.core.dex.visitors.regions.LoopRegionVisitor	leaveRegion(jadx.core.dex.nodes.MethodNode,jadx.core.dex.nodes.IRegion)	3449	2	[false, false]	false	public	false	file:///private/tmp/projects/jadx/jadx-core/src/main/java/jadx/core/dex/visitors/regions/LoopRegionVisitor.java
3536	jadx.core.dex.visitors.regions.LoopRegionVisitor	processBlock(jadx.core.dex.nodes.MethodNode,jadx.core.dex.nodes.IBlock)	3447	2	[false, false]	false	public	false	file:///private/tmp/projects/jadx/jadx-core/src/main/java/jadx/core/dex/visitors/regions/LoopRegionVisitor.java
3537	jadx.core.dex.visitors.regions.RegionMakerVisitor	visit(jadx.core.dex.nodes.MethodNode)	2647	1	[false]	false	public	false	file:///private/tmp/projects/jadx/jadx-core/src/main/java/jadx/core/dex/visitors/regions/RegionMakerVisitor.java
3538	jadx.core.dex.visitors.regions.RegionMakerVisitor	postProcessRegions(jadx.core.dex.nodes.MethodNode)	0	1	[false]	false	private	false	file:///private/tmp/projects/jadx/jadx-core/src/main/java/jadx/core/dex/visitors/regions/RegionMakerVisitor.java
3539	jadx.core.dex.visitors.regions.RegionMakerVisitor	processForceInlineInsns(jadx.core.dex.nodes.MethodNode)	0	1	[false]	false	private	false	file:///private/tmp/projects/jadx/jadx-core/src/main/java/jadx/core/dex/visitors/regions/RegionMakerVisitor.java
3540	jadx.core.dex.visitors.regions.RegionMakerVisitor$PostRegionVisitor	leaveRegion(jadx.core.dex.nodes.MethodNode,jadx.core.dex.nodes.IRegion)	3523	2	[false, false]	false	public	false	file:///private/tmp/projects/jadx/jadx-core/src/main/java/jadx/core/dex/visitors/regions/RegionMakerVisitor.java
3541	jadx.core.dex.visitors.regions.RegionMakerVisitor$PostRegionVisitor	insertEdgeInsn(jadx.core.dex.regions.Region)	0	1	[false]	false	private	false	file:///private/tmp/projects/jadx/jadx-core/src/main/java/jadx/core/dex/visitors/regions/RegionMakerVisitor.java
3542	jadx.core.dex.visitors.regions.RegionMakerVisitor$PostRegionVisitor	processSwitch(jadx.core.dex.nodes.MethodNode,jadx.core.dex.regions.SwitchRegion)	0	2	[false, false]	false	private	false	file:///private/tmp/projects/jadx/jadx-core/src/main/java/jadx/core/dex/visitors/regions/RegionMakerVisitor.java
3543	jadx.core.dex.visitors.regions.RegionMakerVisitor$PostRegionVisitor	addBreakToContainer(jadx.core.dex.regions.Region)	0	1	[false]	false	private	false	file:///private/tmp/projects/jadx/jadx-core/src/main/java/jadx/core/dex/visitors/regions/RegionMakerVisitor.java
3544	jadx.core.dex.visitors.regions.RegionMakerVisitor$PostRegionVisitor	addBreakForBlock(jadx.core.dex.nodes.MethodNode,jadx.core.dex.nodes.IContainer,java.util.Set<jadx.core.dex.nodes.IBlock>,jadx.core.dex.nodes.BlockNode)	0	4	[false, false, false, false]	false	private	false	file:///private/tmp/projects/jadx/jadx-core/src/main/java/jadx/core/dex/visitors/regions/RegionMakerVisitor.java
3545	jadx.core.dex.visitors.regions.RegionMakerVisitor$PostRegionVisitor	addBreak(jadx.core.dex.nodes.MethodNode,jadx.core.dex.nodes.IContainer,jadx.core.dex.nodes.BlockNode)	0	3	[false, false, false]	false	private	false	file:///private/tmp/projects/jadx/jadx-core/src/main/java/jadx/core/dex/visitors/regions/RegionMakerVisitor.java
3546	jadx.core.dex.visitors.regions.RegionMakerVisitor	removeSynchronized(jadx.core.dex.nodes.MethodNode)	0	1	[false]	false	private	false	file:///private/tmp/projects/jadx/jadx-core/src/main/java/jadx/core/dex/visitors/regions/RegionMakerVisitor.java
3547	jadx.core.dex.visitors.regions.DepthRegionTraversal	DepthRegionTraversal()	0	0	[]	false	private	false	file:///private/tmp/projects/jadx/jadx-core/src/main/java/jadx/core/dex/visitors/regions/DepthRegionTraversal.java
3548	jadx.core.dex.visitors.regions.DepthRegionTraversal	traverse(jadx.core.dex.nodes.MethodNode,jadx.core.dex.visitors.regions.IRegionVisitor)	0	2	[false, false]	false	public	false	file:///private/tmp/projects/jadx/jadx-core/src/main/java/jadx/core/dex/visitors/regions/DepthRegionTraversal.java
3549	jadx.core.dex.visitors.regions.DepthRegionTraversal	traverse(jadx.core.dex.nodes.MethodNode,jadx.core.dex.nodes.IContainer,jadx.core.dex.visitors.regions.IRegionVisitor)	0	3	[false, false, false]	false	public	false	file:///private/tmp/projects/jadx/jadx-core/src/main/java/jadx/core/dex/visitors/regions/DepthRegionTraversal.java
3550	jadx.core.dex.visitors.regions.DepthRegionTraversal	traverseIterative(jadx.core.dex.nodes.MethodNode,jadx.core.dex.visitors.regions.IRegionIterativeVisitor)	0	2	[false, false]	false	public	false	file:///private/tmp/projects/jadx/jadx-core/src/main/java/jadx/core/dex/visitors/regions/DepthRegionTraversal.java
3551	jadx.core.dex.visitors.regions.DepthRegionTraversal	traverseIncludingExcHandlers(jadx.core.dex.nodes.MethodNode,jadx.core.dex.visitors.regions.IRegionIterativeVisitor)	0	2	[false, false]	false	public	false	file:///private/tmp/projects/jadx/jadx-core/src/main/java/jadx/core/dex/visitors/regions/DepthRegionTraversal.java
3552	jadx.core.dex.visitors.regions.DepthRegionTraversal	traverseInternal(jadx.core.dex.nodes.MethodNode,jadx.core.dex.visitors.regions.IRegionVisitor,jadx.core.dex.nodes.IContainer)	0	3	[false, false, false]	false	private	false	file:///private/tmp/projects/jadx/jadx-core/src/main/java/jadx/core/dex/visitors/regions/DepthRegionTraversal.java
3553	jadx.core.dex.visitors.regions.DepthRegionTraversal	traverseIterativeStepInternal(jadx.core.dex.nodes.MethodNode,jadx.core.dex.visitors.regions.IRegionIterativeVisitor,jadx.core.dex.nodes.IContainer)	0	3	[false, false, false]	false	private	false	file:///private/tmp/projects/jadx/jadx-core/src/main/java/jadx/core/dex/visitors/regions/DepthRegionTraversal.java
3554	jadx.core.dex.visitors.regions.variables.ProcessVariables	visit(jadx.core.dex.nodes.MethodNode)	2647	1	[false]	false	public	false	file:///private/tmp/projects/jadx/jadx-core/src/main/java/jadx/core/dex/visitors/regions/variables/ProcessVariables.java
3555	jadx.core.dex.visitors.regions.variables.ProcessVariables	removeUnusedResults(jadx.core.dex.nodes.MethodNode)	0	1	[false]	false	private	false	file:///private/tmp/projects/jadx/jadx-core/src/main/java/jadx/core/dex/visitors/regions/variables/ProcessVariables.java
3556	jadx.core.dex.visitors.regions.variables.ProcessVariables$1	processBlock(jadx.core.dex.nodes.MethodNode,jadx.core.dex.nodes.IBlock)	2702	2	[false, false]	false	public	false	file:///private/tmp/projects/jadx/jadx-core/src/main/java/jadx/core/dex/visitors/regions/variables/ProcessVariables.java
3557	jadx.core.dex.visitors.regions.variables.ProcessVariables	checkCodeVars(jadx.core.dex.nodes.MethodNode,java.util.List<jadx.core.dex.instructions.args.CodeVar>)	0	2	[false, false]	false	private	false	file:///private/tmp/projects/jadx/jadx-core/src/main/java/jadx/core/dex/visitors/regions/variables/ProcessVariables.java
3558	jadx.core.dex.visitors.regions.variables.ProcessVariables	declareVar(jadx.core.dex.nodes.MethodNode,jadx.core.dex.instructions.args.CodeVar,java.util.List<jadx.core.dex.visitors.regions.variables.VarUsage>)	0	3	[false, false, false]	false	private	false	file:///private/tmp/projects/jadx/jadx-core/src/main/java/jadx/core/dex/visitors/regions/variables/ProcessVariables.java
3559	jadx.core.dex.visitors.regions.variables.ProcessVariables	collectCodeVars(jadx.core.dex.nodes.MethodNode)	0	1	[false]	false	private	true	file:///private/tmp/projects/jadx/jadx-core/src/main/java/jadx/core/dex/visitors/regions/variables/ProcessVariables.java
3560	jadx.core.dex.visitors.regions.variables.ProcessVariables	mergeUsageMaps(java.util.List<jadx.core.dex.instructions.args.CodeVar>,java.util.Map<jadx.core.dex.instructions.args.SSAVar,jadx.core.dex.visitors.regions.variables.VarUsage>)	0	2	[false, false]	false	private	true	file:///private/tmp/projects/jadx/jadx-core/src/main/java/jadx/core/dex/visitors/regions/variables/ProcessVariables.java
3561	jadx.core.dex.visitors.regions.variables.ProcessVariables	checkDeclareAtAssign(java.util.List<jadx.core.dex.visitors.regions.variables.VarUsage>,jadx.core.dex.visitors.regions.variables.VarUsage)	0	2	[false, false]	false	private	false	file:///private/tmp/projects/jadx/jadx-core/src/main/java/jadx/core/dex/visitors/regions/variables/ProcessVariables.java
3562	jadx.core.dex.visitors.regions.variables.ProcessVariables	canDeclareAt(jadx.core.dex.visitors.regions.variables.VarUsage,jadx.core.dex.visitors.regions.variables.UsePlace)	0	2	[false, false]	false	private	false	file:///private/tmp/projects/jadx/jadx-core/src/main/java/jadx/core/dex/visitors/regions/variables/ProcessVariables.java
3563	jadx.core.dex.visitors.regions.variables.ProcessVariables	isAllUseAfter(jadx.core.dex.visitors.regions.variables.UsePlace,java.util.List<jadx.core.dex.visitors.regions.variables.UsePlace>)	0	2	[false, false]	false	private	false	file:///private/tmp/projects/jadx/jadx-core/src/main/java/jadx/core/dex/visitors/regions/variables/ProcessVariables.java
3564	jadx.core.dex.visitors.regions.variables.ProcessVariables	isContainerContainsUsePlace(jadx.core.dex.nodes.IContainer,jadx.core.dex.visitors.regions.variables.UsePlace)	0	2	[false, false]	false	private	false	file:///private/tmp/projects/jadx/jadx-core/src/main/java/jadx/core/dex/visitors/regions/variables/ProcessVariables.java
3565	jadx.core.dex.visitors.regions.variables.ProcessVariables	checkDeclareAtAssign(jadx.core.dex.instructions.args.SSAVar)	0	1	[true]	false	private	false	file:///private/tmp/projects/jadx/jadx-core/src/main/java/jadx/core/dex/visitors/regions/variables/ProcessVariables.java
3566	jadx.core.dex.visitors.regions.variables.ProcessVariables	declareVarInRegion(jadx.core.dex.nodes.IContainer,jadx.core.dex.instructions.args.CodeVar)	0	2	[false, false]	false	private	false	file:///private/tmp/projects/jadx/jadx-core/src/main/java/jadx/core/dex/visitors/regions/variables/ProcessVariables.java
3567	jadx.core.dex.visitors.regions.variables.VarUsage	VarUsage(jadx.core.dex.instructions.args.SSAVar)	0	1	[true]	false	package	false	file:///private/tmp/projects/jadx/jadx-core/src/main/java/jadx/core/dex/visitors/regions/variables/VarUsage.java
3568	jadx.core.dex.visitors.regions.variables.VarUsage	getVar()	0	0	[]	true	public	true	file:///private/tmp/projects/jadx/jadx-core/src/main/java/jadx/core/dex/visitors/regions/variables/VarUsage.java
3569	jadx.core.dex.visitors.regions.variables.VarUsage	getAssigns()	0	0	[]	false	public	true	file:///private/tmp/projects/jadx/jadx-core/src/main/java/jadx/core/dex/visitors/regions/variables/VarUsage.java
3570	jadx.core.dex.visitors.regions.variables.VarUsage	getUses()	0	0	[]	false	public	true	file:///private/tmp/projects/jadx/jadx-core/src/main/java/jadx/core/dex/visitors/regions/variables/VarUsage.java
3571	jadx.core.dex.visitors.regions.variables.VarUsage	toString()	83	0	[]	false	public	true	file:///private/tmp/projects/jadx/jadx-core/src/main/java/jadx/core/dex/visitors/regions/variables/VarUsage.java
3572	jadx.core.dex.visitors.regions.variables.UsePlace	UsePlace(jadx.core.dex.nodes.IRegion,jadx.core.dex.nodes.IBlock)	0	2	[false, false]	false	public	false	file:///private/tmp/projects/jadx/jadx-core/src/main/java/jadx/core/dex/visitors/regions/variables/UsePlace.java
3573	jadx.core.dex.visitors.regions.variables.UsePlace	getRegion()	0	0	[]	false	public	true	file:///private/tmp/projects/jadx/jadx-core/src/main/java/jadx/core/dex/visitors/regions/variables/UsePlace.java
3574	jadx.core.dex.visitors.regions.variables.UsePlace	getBlock()	0	0	[]	false	public	true	file:///private/tmp/projects/jadx/jadx-core/src/main/java/jadx/core/dex/visitors/regions/variables/UsePlace.java
3575	jadx.core.dex.visitors.regions.variables.UsePlace	equals(java.lang.Object)	188	1	[false]	false	public	false	file:///private/tmp/projects/jadx/jadx-core/src/main/java/jadx/core/dex/visitors/regions/variables/UsePlace.java
3576	jadx.core.dex.visitors.regions.variables.UsePlace	hashCode()	186	0	[]	false	public	false	file:///private/tmp/projects/jadx/jadx-core/src/main/java/jadx/core/dex/visitors/regions/variables/UsePlace.java
3577	jadx.core.dex.visitors.regions.variables.UsePlace	toString()	83	0	[]	false	public	true	file:///private/tmp/projects/jadx/jadx-core/src/main/java/jadx/core/dex/visitors/regions/variables/UsePlace.java
3578	jadx.core.dex.visitors.regions.variables.CollectUsageRegionVisitor	getUsageMap()	0	0	[]	false	public	true	file:///private/tmp/projects/jadx/jadx-core/src/main/java/jadx/core/dex/visitors/regions/variables/CollectUsageRegionVisitor.java
3579	jadx.core.dex.visitors.regions.variables.CollectUsageRegionVisitor	processBlockTraced(jadx.core.dex.nodes.MethodNode,jadx.core.dex.nodes.IBlock,jadx.core.dex.nodes.IRegion)	2653	3	[false, false, false]	false	public	false	file:///private/tmp/projects/jadx/jadx-core/src/main/java/jadx/core/dex/visitors/regions/variables/CollectUsageRegionVisitor.java
3580	jadx.core.dex.visitors.regions.variables.CollectUsageRegionVisitor	regionProcess(jadx.core.dex.visitors.regions.variables.UsePlace)	0	1	[false]	false	private	false	file:///private/tmp/projects/jadx/jadx-core/src/main/java/jadx/core/dex/visitors/regions/variables/CollectUsageRegionVisitor.java
3581	jadx.core.dex.visitors.regions.variables.CollectUsageRegionVisitor	processInsn(jadx.core.dex.nodes.InsnNode,jadx.core.dex.visitors.regions.variables.UsePlace)	0	2	[false, false]	false	package	false	file:///private/tmp/projects/jadx/jadx-core/src/main/java/jadx/core/dex/visitors/regions/variables/CollectUsageRegionVisitor.java
3582	jadx.core.dex.visitors.regions.variables.CollectUsageRegionVisitor	getUsage(jadx.core.dex.instructions.args.SSAVar)	0	1	[false]	false	private	true	file:///private/tmp/projects/jadx/jadx-core/src/main/java/jadx/core/dex/visitors/regions/variables/CollectUsageRegionVisitor.java
3583	jadx.core.dex.visitors.regions.CheckRegions	visit(jadx.core.dex.nodes.MethodNode)	2647	1	[false]	false	public	false	file:///private/tmp/projects/jadx/jadx-core/src/main/java/jadx/core/dex/visitors/regions/CheckRegions.java
3584	jadx.core.dex.visitors.regions.CheckRegions$1	processBlock(jadx.core.dex.nodes.MethodNode,jadx.core.dex.nodes.IBlock)	2702	2	[false, false]	false	public	false	file:///private/tmp/projects/jadx/jadx-core/src/main/java/jadx/core/dex/visitors/regions/CheckRegions.java
3585	jadx.core.dex.visitors.regions.CheckRegions$2	enterRegion(jadx.core.dex.nodes.MethodNode,jadx.core.dex.nodes.IRegion)	3521	2	[false, false]	false	public	false	file:///private/tmp/projects/jadx/jadx-core/src/main/java/jadx/core/dex/visitors/regions/CheckRegions.java
3586	jadx.core.dex.visitors.regions.CheckRegions	getBlockInsnStr(jadx.core.dex.nodes.MethodNode,jadx.core.dex.nodes.IBlock)	0	2	[false, false]	false	private	true	file:///private/tmp/projects/jadx/jadx-core/src/main/java/jadx/core/dex/visitors/regions/CheckRegions.java
3587	jadx.core.dex.visitors.regions.ProcessTryCatchRegions	process(jadx.core.dex.nodes.MethodNode)	0	1	[false]	false	public	false	file:///private/tmp/projects/jadx/jadx-core/src/main/java/jadx/core/dex/visitors/regions/ProcessTryCatchRegions.java
3588	jadx.core.dex.visitors.regions.ProcessTryCatchRegions	collectTryCatchBlocks(jadx.core.dex.nodes.MethodNode)	0	1	[false]	false	private	true	file:///private/tmp/projects/jadx/jadx-core/src/main/java/jadx/core/dex/visitors/regions/ProcessTryCatchRegions.java
3589	jadx.core.dex.visitors.regions.ProcessTryCatchRegions	checkAndWrap(jadx.core.dex.nodes.MethodNode,java.util.List<jadx.core.dex.trycatch.TryCatchBlockAttr>,jadx.core.dex.nodes.IRegion)	0	3	[false, false, false]	false	private	false	file:///private/tmp/projects/jadx/jadx-core/src/main/java/jadx/core/dex/visitors/regions/ProcessTryCatchRegions.java
3590	jadx.core.dex.visitors.regions.ProcessTryCatchRegions	wrapBlocks(jadx.core.dex.nodes.IRegion,jadx.core.dex.trycatch.TryCatchBlockAttr,jadx.core.dex.nodes.BlockNode)	0	3	[false, false, true]	false	private	false	file:///private/tmp/projects/jadx/jadx-core/src/main/java/jadx/core/dex/visitors/regions/ProcessTryCatchRegions.java
3591	jadx.core.dex.visitors.regions.ProcessTryCatchRegions	isHandlerPath(jadx.core.dex.trycatch.TryCatchBlockAttr,jadx.core.dex.nodes.IContainer)	0	2	[false, false]	false	private	false	file:///private/tmp/projects/jadx/jadx-core/src/main/java/jadx/core/dex/visitors/regions/ProcessTryCatchRegions.java
3592	jadx.core.dex.visitors.regions.TernaryMod	process(jadx.core.dex.nodes.MethodNode)	0	1	[false]	false	public	false	file:///private/tmp/projects/jadx/jadx-core/src/main/java/jadx/core/dex/visitors/regions/TernaryMod.java
3593	jadx.core.dex.visitors.regions.TernaryMod	enterRegion(jadx.core.dex.nodes.MethodNode,jadx.core.dex.nodes.IRegion)	3521	2	[false, false]	false	public	false	file:///private/tmp/projects/jadx/jadx-core/src/main/java/jadx/core/dex/visitors/regions/TernaryMod.java
3594	jadx.core.dex.visitors.regions.TernaryMod	visitRegion(jadx.core.dex.nodes.MethodNode,jadx.core.dex.nodes.IRegion)	3517	2	[false, false]	false	public	false	file:///private/tmp/projects/jadx/jadx-core/src/main/java/jadx/core/dex/visitors/regions/TernaryMod.java
3595	jadx.core.dex.visitors.regions.TernaryMod	processRegion(jadx.core.dex.nodes.MethodNode,jadx.core.dex.nodes.IRegion)	0	2	[false, false]	false	private	false	file:///private/tmp/projects/jadx/jadx-core/src/main/java/jadx/core/dex/visitors/regions/TernaryMod.java
3596	jadx.core.dex.visitors.regions.TernaryMod	makeTernaryInsn(jadx.core.dex.nodes.MethodNode,jadx.core.dex.regions.conditions.IfRegion)	0	2	[false, false]	false	private	false	file:///private/tmp/projects/jadx/jadx-core/src/main/java/jadx/core/dex/visitors/regions/TernaryMod.java
3597	jadx.core.dex.visitors.regions.TernaryMod	verifyLineHints(jadx.core.dex.nodes.MethodNode,jadx.core.dex.nodes.InsnNode,jadx.core.dex.nodes.InsnNode)	0	3	[false, false, false]	false	private	false	file:///private/tmp/projects/jadx/jadx-core/src/main/java/jadx/core/dex/visitors/regions/TernaryMod.java
3598	jadx.core.dex.visitors.regions.TernaryMod	clearConditionBlocks(java.util.List<jadx.core.dex.nodes.BlockNode>,jadx.core.dex.nodes.BlockNode)	0	2	[false, false]	false	private	false	file:///private/tmp/projects/jadx/jadx-core/src/main/java/jadx/core/dex/visitors/regions/TernaryMod.java
3599	jadx.core.dex.visitors.regions.TernaryMod	getTernaryInsnBlock(jadx.core.dex.nodes.IContainer)	0	1	[true]	true	private	true	file:///private/tmp/projects/jadx/jadx-core/src/main/java/jadx/core/dex/visitors/regions/TernaryMod.java
3600	jadx.core.dex.visitors.regions.TernaryMod	containsTernary(jadx.core.dex.nodes.InsnNode)	0	1	[false]	false	private	false	file:///private/tmp/projects/jadx/jadx-core/src/main/java/jadx/core/dex/visitors/regions/TernaryMod.java
3601	jadx.core.dex.visitors.regions.TernaryMod	checkLineStats(jadx.core.dex.nodes.InsnNode,jadx.core.dex.nodes.InsnNode)	0	2	[false, false]	false	private	false	file:///private/tmp/projects/jadx/jadx-core/src/main/java/jadx/core/dex/visitors/regions/TernaryMod.java
3602	jadx.core.dex.visitors.regions.TernaryMod	processOneBranchTernary(jadx.core.dex.nodes.MethodNode,jadx.core.dex.regions.conditions.IfRegion)	0	2	[false, false]	false	private	false	file:///private/tmp/projects/jadx/jadx-core/src/main/java/jadx/core/dex/visitors/regions/TernaryMod.java
3603	jadx.core.dex.visitors.regions.TernaryMod	replaceWithTernary(jadx.core.dex.nodes.MethodNode,jadx.core.dex.regions.conditions.IfRegion,jadx.core.dex.nodes.BlockNode,jadx.core.dex.nodes.InsnNode)	0	4	[false, false, false, false]	false	private	false	file:///private/tmp/projects/jadx/jadx-core/src/main/java/jadx/core/dex/visitors/regions/TernaryMod.java
3604	jadx.core.dex.visitors.regions.TernaryMod	TernaryMod()	0	0	[]	false	private	false	file:///private/tmp/projects/jadx/jadx-core/src/main/java/jadx/core/dex/visitors/regions/TernaryMod.java
3605	jadx.core.dex.visitors.regions.IfRegionVisitor	visit(jadx.core.dex.nodes.MethodNode)	2647	1	[false]	false	public	false	file:///private/tmp/projects/jadx/jadx-core/src/main/java/jadx/core/dex/visitors/regions/IfRegionVisitor.java
3606	jadx.core.dex.visitors.regions.IfRegionVisitor	process(jadx.core.dex.nodes.MethodNode)	0	1	[false]	false	public	false	file:///private/tmp/projects/jadx/jadx-core/src/main/java/jadx/core/dex/visitors/regions/IfRegionVisitor.java
3607	jadx.core.dex.visitors.regions.IfRegionVisitor$ProcessIfRegionVisitor	enterRegion(jadx.core.dex.nodes.MethodNode,jadx.core.dex.nodes.IRegion)	3521	2	[false, false]	false	public	false	file:///private/tmp/projects/jadx/jadx-core/src/main/java/jadx/core/dex/visitors/regions/IfRegionVisitor.java
3608	jadx.core.dex.visitors.regions.IfRegionVisitor	orderBranches(jadx.core.dex.nodes.MethodNode,jadx.core.dex.regions.conditions.IfRegion)	0	2	[false, false]	false	private	false	file:///private/tmp/projects/jadx/jadx-core/src/main/java/jadx/core/dex/visitors/regions/IfRegionVisitor.java
3609	jadx.core.dex.visitors.regions.IfRegionVisitor	isIfRegion(jadx.core.dex.nodes.IContainer)	0	1	[true]	false	private	false	file:///private/tmp/projects/jadx/jadx-core/src/main/java/jadx/core/dex/visitors/regions/IfRegionVisitor.java
3610	jadx.core.dex.visitors.regions.IfRegionVisitor	markElseIfChains(jadx.core.dex.nodes.MethodNode,jadx.core.dex.regions.conditions.IfRegion)	0	2	[false, false]	false	private	false	file:///private/tmp/projects/jadx/jadx-core/src/main/java/jadx/core/dex/visitors/regions/IfRegionVisitor.java
3611	jadx.core.dex.visitors.regions.IfRegionVisitor$RemoveRedundantElseVisitor	visitRegion(jadx.core.dex.nodes.MethodNode,jadx.core.dex.nodes.IRegion)	3517	2	[false, false]	false	public	false	file:///private/tmp/projects/jadx/jadx-core/src/main/java/jadx/core/dex/visitors/regions/IfRegionVisitor.java
3612	jadx.core.dex.visitors.regions.IfRegionVisitor	removeRedundantElseBlock(jadx.core.dex.nodes.MethodNode,jadx.core.dex.regions.conditions.IfRegion)	0	2	[false, false]	false	private	false	file:///private/tmp/projects/jadx/jadx-core/src/main/java/jadx/core/dex/visitors/regions/IfRegionVisitor.java
3613	jadx.core.dex.visitors.regions.IfRegionVisitor	invertIfRegion(jadx.core.dex.regions.conditions.IfRegion)	0	1	[false]	false	private	false	file:///private/tmp/projects/jadx/jadx-core/src/main/java/jadx/core/dex/visitors/regions/IfRegionVisitor.java
3614	jadx.core.dex.visitors.regions.IfRegionVisitor	isSimpleExitBlock(jadx.core.dex.nodes.MethodNode,jadx.core.dex.nodes.IContainer)	0	2	[false, true]	false	private	false	file:///private/tmp/projects/jadx/jadx-core/src/main/java/jadx/core/dex/visitors/regions/IfRegionVisitor.java
3615	jadx.core.dex.visitors.methods.MutableMethodDetails	MutableMethodDetails(jadx.core.dex.nodes.IMethodDetails)	0	1	[false]	false	public	false	file:///private/tmp/projects/jadx/jadx-core/src/main/java/jadx/core/dex/visitors/methods/MutableMethodDetails.java
3616	jadx.core.dex.visitors.methods.MutableMethodDetails	getMethodInfo()	594	0	[]	false	public	true	file:///private/tmp/projects/jadx/jadx-core/src/main/java/jadx/core/dex/visitors/methods/MutableMethodDetails.java
3617	jadx.core.dex.visitors.methods.MutableMethodDetails	getReturnType()	535	0	[]	false	public	true	file:///private/tmp/projects/jadx/jadx-core/src/main/java/jadx/core/dex/visitors/methods/MutableMethodDetails.java
3618	jadx.core.dex.visitors.methods.MutableMethodDetails	getArgTypes()	531	0	[]	false	public	true	file:///private/tmp/projects/jadx/jadx-core/src/main/java/jadx/core/dex/visitors/methods/MutableMethodDetails.java
3619	jadx.core.dex.visitors.methods.MutableMethodDetails	getTypeParameters()	543	0	[]	false	public	true	file:///private/tmp/projects/jadx/jadx-core/src/main/java/jadx/core/dex/visitors/methods/MutableMethodDetails.java
3620	jadx.core.dex.visitors.methods.MutableMethodDetails	getThrows()	573	0	[]	false	public	true	file:///private/tmp/projects/jadx/jadx-core/src/main/java/jadx/core/dex/visitors/methods/MutableMethodDetails.java
3621	jadx.core.dex.visitors.methods.MutableMethodDetails	isVarArg()	601	0	[]	false	public	false	file:///private/tmp/projects/jadx/jadx-core/src/main/java/jadx/core/dex/visitors/methods/MutableMethodDetails.java
3622	jadx.core.dex.visitors.methods.MutableMethodDetails	setRetType(jadx.core.dex.instructions.args.ArgType)	0	1	[false]	false	public	false	file:///private/tmp/projects/jadx/jadx-core/src/main/java/jadx/core/dex/visitors/methods/MutableMethodDetails.java
3623	jadx.core.dex.visitors.methods.MutableMethodDetails	setArgTypes(java.util.List<jadx.core.dex.instructions.args.ArgType>)	0	1	[false]	false	public	false	file:///private/tmp/projects/jadx/jadx-core/src/main/java/jadx/core/dex/visitors/methods/MutableMethodDetails.java
3624	jadx.core.dex.visitors.methods.MutableMethodDetails	setTypeParams(java.util.List<jadx.core.dex.instructions.args.ArgType>)	0	1	[false]	false	public	false	file:///private/tmp/projects/jadx/jadx-core/src/main/java/jadx/core/dex/visitors/methods/MutableMethodDetails.java
3625	jadx.core.dex.visitors.methods.MutableMethodDetails	setThrowTypes(java.util.List<jadx.core.dex.instructions.args.ArgType>)	0	1	[false]	false	public	false	file:///private/tmp/projects/jadx/jadx-core/src/main/java/jadx/core/dex/visitors/methods/MutableMethodDetails.java
3626	jadx.core.dex.visitors.methods.MutableMethodDetails	setVarArg(boolean)	0	1	[false]	false	public	false	file:///private/tmp/projects/jadx/jadx-core/src/main/java/jadx/core/dex/visitors/methods/MutableMethodDetails.java
3627	jadx.core.dex.visitors.methods.MutableMethodDetails	getRawAccessFlags()	585	0	[]	false	public	false	file:///private/tmp/projects/jadx/jadx-core/src/main/java/jadx/core/dex/visitors/methods/MutableMethodDetails.java
3628	jadx.core.dex.visitors.methods.MutableMethodDetails	setRawAccessFlags(int)	0	1	[false]	false	public	false	file:///private/tmp/projects/jadx/jadx-core/src/main/java/jadx/core/dex/visitors/methods/MutableMethodDetails.java
3629	jadx.core.dex.visitors.methods.MutableMethodDetails	toAttrString()	611	0	[]	false	public	true	file:///private/tmp/projects/jadx/jadx-core/src/main/java/jadx/core/dex/visitors/methods/MutableMethodDetails.java
3630	jadx.core.dex.visitors.methods.MutableMethodDetails	toString()	83	0	[]	false	public	true	file:///private/tmp/projects/jadx/jadx-core/src/main/java/jadx/core/dex/visitors/methods/MutableMethodDetails.java
3631	jadx.core.dex.visitors.ConstInlineVisitor	visit(jadx.core.dex.nodes.MethodNode)	2647	1	[false]	false	public	false	file:///private/tmp/projects/jadx/jadx-core/src/main/java/jadx/core/dex/visitors/ConstInlineVisitor.java
3632	jadx.core.dex.visitors.ConstInlineVisitor	process(jadx.core.dex.nodes.MethodNode)	0	1	[false]	false	public	false	file:///private/tmp/projects/jadx/jadx-core/src/main/java/jadx/core/dex/visitors/ConstInlineVisitor.java
3633	jadx.core.dex.visitors.ConstInlineVisitor	checkInsn(jadx.core.dex.nodes.MethodNode,jadx.core.dex.nodes.InsnNode,java.util.List<jadx.core.dex.nodes.InsnNode>)	0	3	[false, false, false]	false	private	false	file:///private/tmp/projects/jadx/jadx-core/src/main/java/jadx/core/dex/visitors/ConstInlineVisitor.java
3634	jadx.core.dex.visitors.ConstInlineVisitor	forbidNullInlines(jadx.core.dex.instructions.args.SSAVar)	0	1	[false]	false	private	false	file:///private/tmp/projects/jadx/jadx-core/src/main/java/jadx/core/dex/visitors/ConstInlineVisitor.java
3635	jadx.core.dex.visitors.ConstInlineVisitor	canUseNull(jadx.core.dex.nodes.InsnNode,jadx.core.dex.instructions.args.RegisterArg)	0	2	[false, false]	false	private	false	file:///private/tmp/projects/jadx/jadx-core/src/main/java/jadx/core/dex/visitors/ConstInlineVisitor.java
3636	jadx.core.dex.visitors.ConstInlineVisitor	replaceConst(jadx.core.dex.nodes.MethodNode,jadx.core.dex.nodes.InsnNode,jadx.core.dex.instructions.args.InsnArg)	0	3	[false, false, false]	false	private	false	file:///private/tmp/projects/jadx/jadx-core/src/main/java/jadx/core/dex/visitors/ConstInlineVisitor.java
3637	jadx.core.dex.visitors.ConstInlineVisitor	canIgnoreInsn(jadx.core.dex.instructions.args.RegisterArg)	0	1	[false]	false	private	false	file:///private/tmp/projects/jadx/jadx-core/src/main/java/jadx/core/dex/visitors/ConstInlineVisitor.java
3638	jadx.core.dex.visitors.ConstInlineVisitor	canInline(jadx.core.dex.instructions.args.RegisterArg)	0	1	[false]	false	private	false	file:///private/tmp/projects/jadx/jadx-core/src/main/java/jadx/core/dex/visitors/ConstInlineVisitor.java
3639	jadx.core.dex.visitors.ConstInlineVisitor	replaceArg(jadx.core.dex.nodes.MethodNode,jadx.core.dex.instructions.args.RegisterArg,jadx.core.dex.instructions.args.InsnArg,jadx.core.dex.nodes.InsnNode)	0	4	[false, false, false, false]	false	private	false	file:///private/tmp/projects/jadx/jadx-core/src/main/java/jadx/core/dex/visitors/ConstInlineVisitor.java
3640	jadx.core.dex.visitors.ConstInlineVisitor	needExplicitCast(jadx.core.dex.nodes.InsnNode,jadx.core.dex.instructions.args.LiteralArg)	0	2	[false, false]	false	private	false	file:///private/tmp/projects/jadx/jadx-core/src/main/java/jadx/core/dex/visitors/ConstInlineVisitor.java
3641	jadx.core.dex.visitors.typeinference.TypeSearch	TypeSearch(jadx.core.dex.nodes.MethodNode)	0	1	[false]	false	public	false	file:///private/tmp/projects/jadx/jadx-core/src/main/java/jadx/core/dex/visitors/typeinference/TypeSearch.java
3642	jadx.core.dex.visitors.typeinference.TypeSearch	run()	0	0	[]	false	public	false	file:///private/tmp/projects/jadx/jadx-core/src/main/java/jadx/core/dex/visitors/typeinference/TypeSearch.java
3643	jadx.core.dex.visitors.typeinference.TypeSearch	applyResolvedVars()	0	0	[]	false	private	false	file:///private/tmp/projects/jadx/jadx-core/src/main/java/jadx/core/dex/visitors/typeinference/TypeSearch.java
3644	jadx.core.dex.visitors.typeinference.TypeSearch	search(java.util.List<jadx.core.dex.visitors.typeinference.TypeSearchVarInfo>)	0	1	[false]	false	private	false	file:///private/tmp/projects/jadx/jadx-core/src/main/java/jadx/core/dex/visitors/typeinference/TypeSearch.java
3645	jadx.core.dex.visitors.typeinference.TypeSearch	resolveIndependentVariables(jadx.core.dex.visitors.typeinference.TypeSearchVarInfo)	0	1	[false]	false	private	false	file:///private/tmp/projects/jadx/jadx-core/src/main/java/jadx/core/dex/visitors/typeinference/TypeSearch.java
3646	jadx.core.dex.visitors.typeinference.TypeSearch	fullCheck(java.util.List<jadx.core.dex.visitors.typeinference.TypeSearchVarInfo>)	0	1	[false]	false	private	false	file:///private/tmp/projects/jadx/jadx-core/src/main/java/jadx/core/dex/visitors/typeinference/TypeSearch.java
3647	jadx.core.dex.visitors.typeinference.TypeSearch	singleCheck(jadx.core.dex.visitors.typeinference.TypeSearchVarInfo)	0	1	[false]	false	private	false	file:///private/tmp/projects/jadx/jadx-core/src/main/java/jadx/core/dex/visitors/typeinference/TypeSearch.java
3648	jadx.core.dex.visitors.typeinference.TypeSearch	fillTypeCandidates(jadx.core.dex.instructions.args.SSAVar)	0	1	[false]	false	private	false	file:///private/tmp/projects/jadx/jadx-core/src/main/java/jadx/core/dex/visitors/typeinference/TypeSearch.java
3649	jadx.core.dex.visitors.typeinference.TypeSearch	addUsageTypeCandidates(jadx.core.dex.instructions.args.SSAVar,java.util.Set<jadx.core.dex.visitors.typeinference.ITypeBound>,java.util.Set<jadx.core.dex.instructions.args.ArgType>)	0	3	[false, false, false]	false	private	false	file:///private/tmp/projects/jadx/jadx-core/src/main/java/jadx/core/dex/visitors/typeinference/TypeSearch.java
3650	jadx.core.dex.visitors.typeinference.TypeSearch	addCandidateTypes(java.util.Set<jadx.core.dex.visitors.typeinference.ITypeBound>,java.util.Set<jadx.core.dex.instructions.args.ArgType>,java.util.Collection<jadx.core.dex.instructions.args.ArgType>)	0	3	[false, false, false]	false	private	false	file:///private/tmp/projects/jadx/jadx-core/src/main/java/jadx/core/dex/visitors/typeinference/TypeSearch.java
3651	jadx.core.dex.visitors.typeinference.TypeSearch	addCandidateType(java.util.Set<jadx.core.dex.visitors.typeinference.ITypeBound>,java.util.Set<jadx.core.dex.instructions.args.ArgType>,jadx.core.dex.instructions.args.ArgType)	0	3	[false, false, false]	false	private	false	file:///private/tmp/projects/jadx/jadx-core/src/main/java/jadx/core/dex/visitors/typeinference/TypeSearch.java
3652	jadx.core.dex.visitors.typeinference.TypeSearch	getWiderTypes(jadx.core.dex.instructions.args.ArgType)	0	1	[false]	false	private	true	file:///private/tmp/projects/jadx/jadx-core/src/main/java/jadx/core/dex/visitors/typeinference/TypeSearch.java
3653	jadx.core.dex.visitors.typeinference.TypeSearch	getNarrowTypes(jadx.core.dex.instructions.args.ArgType)	0	1	[false]	false	private	true	file:///private/tmp/projects/jadx/jadx-core/src/main/java/jadx/core/dex/visitors/typeinference/TypeSearch.java
3654	jadx.core.dex.visitors.typeinference.TypeSearch	expandUnknownType(jadx.core.dex.instructions.args.ArgType)	0	1	[false]	false	private	true	file:///private/tmp/projects/jadx/jadx-core/src/main/java/jadx/core/dex/visitors/typeinference/TypeSearch.java
3655	jadx.core.dex.visitors.typeinference.TypeSearch	collectConstraints(jadx.core.dex.instructions.args.SSAVar)	0	1	[false]	false	private	false	file:///private/tmp/projects/jadx/jadx-core/src/main/java/jadx/core/dex/visitors/typeinference/TypeSearch.java
3656	jadx.core.dex.visitors.typeinference.TypeSearch	addConstraint(jadx.core.dex.visitors.typeinference.TypeSearchVarInfo,@org.jetbrains.annotations.Nullable jadx.core.dex.visitors.typeinference.ITypeConstraint)	0	2	[false, true]	false	private	false	file:///private/tmp/projects/jadx/jadx-core/src/main/java/jadx/core/dex/visitors/typeinference/TypeSearch.java
3657	jadx.core.dex.visitors.typeinference.TypeSearch	makeConstraint(jadx.core.dex.instructions.args.RegisterArg)	0	1	[false]	true	private	true	file:///private/tmp/projects/jadx/jadx-core/src/main/java/jadx/core/dex/visitors/typeinference/TypeSearch.java
3658	jadx.core.dex.visitors.typeinference.TypeSearch	makeMoveConstraint(jadx.core.dex.nodes.InsnNode,jadx.core.dex.instructions.args.RegisterArg)	0	2	[false, false]	true	private	true	file:///private/tmp/projects/jadx/jadx-core/src/main/java/jadx/core/dex/visitors/typeinference/TypeSearch.java
3659	jadx.core.dex.visitors.typeinference.TypeSearch$1	check(jadx.core.dex.visitors.typeinference.TypeSearchState)	3660	1	[false]	false	public	false	file:///private/tmp/projects/jadx/jadx-core/src/main/java/jadx/core/dex/visitors/typeinference/TypeSearch.java
3661	jadx.core.dex.visitors.typeinference.TypeSearch	makePhiConstraint(jadx.core.dex.nodes.InsnNode,jadx.core.dex.instructions.args.RegisterArg)	0	2	[false, false]	false	private	true	file:///private/tmp/projects/jadx/jadx-core/src/main/java/jadx/core/dex/visitors/typeinference/TypeSearch.java
3662	jadx.core.dex.visitors.typeinference.TypeSearch$2	check(jadx.core.dex.visitors.typeinference.TypeSearchState)	3660	1	[false]	false	public	false	file:///private/tmp/projects/jadx/jadx-core/src/main/java/jadx/core/dex/visitors/typeinference/TypeSearch.java
3663	jadx.core.dex.visitors.typeinference.TypeSearchState	TypeSearchState(jadx.core.dex.nodes.MethodNode)	0	1	[false]	false	public	false	file:///private/tmp/projects/jadx/jadx-core/src/main/java/jadx/core/dex/visitors/typeinference/TypeSearchState.java
3664	jadx.core.dex.visitors.typeinference.TypeSearchState	getVarInfo(jadx.core.dex.instructions.args.SSAVar)	0	1	[false]	false	public	true	file:///private/tmp/projects/jadx/jadx-core/src/main/java/jadx/core/dex/visitors/typeinference/TypeSearchState.java
3665	jadx.core.dex.visitors.typeinference.TypeSearchState	getArgType(jadx.core.dex.instructions.args.InsnArg)	0	1	[false]	false	public	true	file:///private/tmp/projects/jadx/jadx-core/src/main/java/jadx/core/dex/visitors/typeinference/TypeSearchState.java
3666	jadx.core.dex.visitors.typeinference.TypeSearchState	getAllVars()	0	0	[]	false	public	true	file:///private/tmp/projects/jadx/jadx-core/src/main/java/jadx/core/dex/visitors/typeinference/TypeSearchState.java
3667	jadx.core.dex.visitors.typeinference.TypeSearchState	getUnresolvedVars()	0	0	[]	false	public	true	file:///private/tmp/projects/jadx/jadx-core/src/main/java/jadx/core/dex/visitors/typeinference/TypeSearchState.java
3668	jadx.core.dex.visitors.typeinference.TypeSearchState	getResolvedVars()	0	0	[]	false	public	true	file:///private/tmp/projects/jadx/jadx-core/src/main/java/jadx/core/dex/visitors/typeinference/TypeSearchState.java
3669	jadx.core.dex.visitors.typeinference.TypeSearchVarInfo	TypeSearchVarInfo(jadx.core.dex.instructions.args.SSAVar)	0	1	[false]	false	public	false	file:///private/tmp/projects/jadx/jadx-core/src/main/java/jadx/core/dex/visitors/typeinference/TypeSearchVarInfo.java
3670	jadx.core.dex.visitors.typeinference.TypeSearchVarInfo	markResolved(jadx.core.dex.instructions.args.ArgType)	0	1	[false]	false	public	false	file:///private/tmp/projects/jadx/jadx-core/src/main/java/jadx/core/dex/visitors/typeinference/TypeSearchVarInfo.java
3671	jadx.core.dex.visitors.typeinference.TypeSearchVarInfo	reset()	0	0	[]	false	public	false	file:///private/tmp/projects/jadx/jadx-core/src/main/java/jadx/core/dex/visitors/typeinference/TypeSearchVarInfo.java
3672	jadx.core.dex.visitors.typeinference.TypeSearchVarInfo	nextType()	0	0	[]	false	public	false	file:///private/tmp/projects/jadx/jadx-core/src/main/java/jadx/core/dex/visitors/typeinference/TypeSearchVarInfo.java
3673	jadx.core.dex.visitors.typeinference.TypeSearchVarInfo	getVar()	0	0	[]	false	public	true	file:///private/tmp/projects/jadx/jadx-core/src/main/java/jadx/core/dex/visitors/typeinference/TypeSearchVarInfo.java
3674	jadx.core.dex.visitors.typeinference.TypeSearchVarInfo	isTypeResolved()	0	0	[]	false	public	false	file:///private/tmp/projects/jadx/jadx-core/src/main/java/jadx/core/dex/visitors/typeinference/TypeSearchVarInfo.java
3675	jadx.core.dex.visitors.typeinference.TypeSearchVarInfo	setTypeResolved(boolean)	0	1	[false]	false	public	false	file:///private/tmp/projects/jadx/jadx-core/src/main/java/jadx/core/dex/visitors/typeinference/TypeSearchVarInfo.java
3676	jadx.core.dex.visitors.typeinference.TypeSearchVarInfo	getCurrentType()	0	0	[]	false	public	true	file:///private/tmp/projects/jadx/jadx-core/src/main/java/jadx/core/dex/visitors/typeinference/TypeSearchVarInfo.java
3677	jadx.core.dex.visitors.typeinference.TypeSearchVarInfo	setCurrentType(jadx.core.dex.instructions.args.ArgType)	0	1	[false]	false	public	false	file:///private/tmp/projects/jadx/jadx-core/src/main/java/jadx/core/dex/visitors/typeinference/TypeSearchVarInfo.java
3678	jadx.core.dex.visitors.typeinference.TypeSearchVarInfo	getCandidateTypes()	0	0	[]	false	public	true	file:///private/tmp/projects/jadx/jadx-core/src/main/java/jadx/core/dex/visitors/typeinference/TypeSearchVarInfo.java
3679	jadx.core.dex.visitors.typeinference.TypeSearchVarInfo	setCandidateTypes(java.util.List<jadx.core.dex.instructions.args.ArgType>)	0	1	[false]	false	public	false	file:///private/tmp/projects/jadx/jadx-core/src/main/java/jadx/core/dex/visitors/typeinference/TypeSearchVarInfo.java
3680	jadx.core.dex.visitors.typeinference.TypeSearchVarInfo	getConstraints()	0	0	[]	false	public	true	file:///private/tmp/projects/jadx/jadx-core/src/main/java/jadx/core/dex/visitors/typeinference/TypeSearchVarInfo.java
3681	jadx.core.dex.visitors.typeinference.TypeSearchVarInfo	setConstraints(java.util.List<jadx.core.dex.visitors.typeinference.ITypeConstraint>)	0	1	[false]	false	public	false	file:///private/tmp/projects/jadx/jadx-core/src/main/java/jadx/core/dex/visitors/typeinference/TypeSearchVarInfo.java
3682	jadx.core.dex.visitors.typeinference.TypeSearchVarInfo	toString()	83	0	[]	false	public	true	file:///private/tmp/projects/jadx/jadx-core/src/main/java/jadx/core/dex/visitors/typeinference/TypeSearchVarInfo.java
3683	jadx.core.dex.visitors.typeinference.ITypeConstraint	getRelatedVars()	0	0	[]	false	public	true	file:///private/tmp/projects/jadx/jadx-core/src/main/java/jadx/core/dex/visitors/typeinference/ITypeConstraint.java
3660	jadx.core.dex.visitors.typeinference.ITypeConstraint	check(jadx.core.dex.visitors.typeinference.TypeSearchState)	0	1	[false]	false	public	false	file:///private/tmp/projects/jadx/jadx-core/src/main/java/jadx/core/dex/visitors/typeinference/ITypeConstraint.java
3684	jadx.core.dex.visitors.typeinference.TypeBoundInvokeUse	TypeBoundInvokeUse(jadx.core.dex.nodes.RootNode,jadx.core.dex.instructions.BaseInvokeNode,jadx.core.dex.instructions.args.RegisterArg,jadx.core.dex.instructions.args.ArgType)	0	4	[false, false, false, false]	false	public	false	file:///private/tmp/projects/jadx/jadx-core/src/main/java/jadx/core/dex/visitors/typeinference/TypeBoundInvokeUse.java
3685	jadx.core.dex.visitors.typeinference.TypeBoundInvokeUse	getBound()	931	0	[]	false	public	true	file:///private/tmp/projects/jadx/jadx-core/src/main/java/jadx/core/dex/visitors/typeinference/TypeBoundInvokeUse.java
3686	jadx.core.dex.visitors.typeinference.TypeBoundInvokeUse	getType(jadx.core.dex.visitors.typeinference.TypeUpdateInfo)	3687	1	[false]	false	public	true	file:///private/tmp/projects/jadx/jadx-core/src/main/java/jadx/core/dex/visitors/typeinference/TypeBoundInvokeUse.java
3688	jadx.core.dex.visitors.typeinference.TypeBoundInvokeUse	getType()	932	0	[]	false	public	true	file:///private/tmp/projects/jadx/jadx-core/src/main/java/jadx/core/dex/visitors/typeinference/TypeBoundInvokeUse.java
3689	jadx.core.dex.visitors.typeinference.TypeBoundInvokeUse	getArgType(jadx.core.dex.instructions.args.ArgType,jadx.core.dex.instructions.args.ArgType)	0	2	[false, false]	false	private	true	file:///private/tmp/projects/jadx/jadx-core/src/main/java/jadx/core/dex/visitors/typeinference/TypeBoundInvokeUse.java
3690	jadx.core.dex.visitors.typeinference.TypeBoundInvokeUse	getArg()	933	0	[]	false	public	true	file:///private/tmp/projects/jadx/jadx-core/src/main/java/jadx/core/dex/visitors/typeinference/TypeBoundInvokeUse.java
3691	jadx.core.dex.visitors.typeinference.TypeBoundInvokeUse	equals(java.lang.Object)	188	1	[false]	false	public	false	file:///private/tmp/projects/jadx/jadx-core/src/main/java/jadx/core/dex/visitors/typeinference/TypeBoundInvokeUse.java
3692	jadx.core.dex.visitors.typeinference.TypeBoundInvokeUse	hashCode()	186	0	[]	false	public	false	file:///private/tmp/projects/jadx/jadx-core/src/main/java/jadx/core/dex/visitors/typeinference/TypeBoundInvokeUse.java
3693	jadx.core.dex.visitors.typeinference.TypeBoundInvokeUse	toString()	83	0	[]	false	public	true	file:///private/tmp/projects/jadx/jadx-core/src/main/java/jadx/core/dex/visitors/typeinference/TypeBoundInvokeUse.java
3687	jadx.core.dex.visitors.typeinference.ITypeBoundDynamic	getType(jadx.core.dex.visitors.typeinference.TypeUpdateInfo)	0	1	[false]	false	public	true	file:///private/tmp/projects/jadx/jadx-core/src/main/java/jadx/core/dex/visitors/typeinference/ITypeBoundDynamic.java
3694	jadx.core.dex.visitors.typeinference.TypeBoundCheckCastAssign	TypeBoundCheckCastAssign(jadx.core.dex.nodes.RootNode,jadx.core.dex.instructions.IndexInsnNode)	0	2	[false, false]	false	public	false	file:///private/tmp/projects/jadx/jadx-core/src/main/java/jadx/core/dex/visitors/typeinference/TypeBoundCheckCastAssign.java
3695	jadx.core.dex.visitors.typeinference.TypeBoundCheckCastAssign	getBound()	931	0	[]	false	public	true	file:///private/tmp/projects/jadx/jadx-core/src/main/java/jadx/core/dex/visitors/typeinference/TypeBoundCheckCastAssign.java
3696	jadx.core.dex.visitors.typeinference.TypeBoundCheckCastAssign	getType(jadx.core.dex.visitors.typeinference.TypeUpdateInfo)	3687	1	[false]	false	public	true	file:///private/tmp/projects/jadx/jadx-core/src/main/java/jadx/core/dex/visitors/typeinference/TypeBoundCheckCastAssign.java
3697	jadx.core.dex.visitors.typeinference.TypeBoundCheckCastAssign	getType()	932	0	[]	false	public	true	file:///private/tmp/projects/jadx/jadx-core/src/main/java/jadx/core/dex/visitors/typeinference/TypeBoundCheckCastAssign.java
3698	jadx.core.dex.visitors.typeinference.TypeBoundCheckCastAssign	getReturnType(jadx.core.dex.instructions.args.ArgType)	0	1	[false]	false	private	true	file:///private/tmp/projects/jadx/jadx-core/src/main/java/jadx/core/dex/visitors/typeinference/TypeBoundCheckCastAssign.java
3699	jadx.core.dex.visitors.typeinference.TypeBoundCheckCastAssign	getArg()	933	0	[]	true	public	true	file:///private/tmp/projects/jadx/jadx-core/src/main/java/jadx/core/dex/visitors/typeinference/TypeBoundCheckCastAssign.java
3700	jadx.core.dex.visitors.typeinference.TypeBoundCheckCastAssign	getInsn()	0	0	[]	false	public	true	file:///private/tmp/projects/jadx/jadx-core/src/main/java/jadx/core/dex/visitors/typeinference/TypeBoundCheckCastAssign.java
3701	jadx.core.dex.visitors.typeinference.TypeBoundCheckCastAssign	toString()	83	0	[]	false	public	true	file:///private/tmp/projects/jadx/jadx-core/src/main/java/jadx/core/dex/visitors/typeinference/TypeBoundCheckCastAssign.java
3702	jadx.core.dex.visitors.typeinference.FinishTypeInference	visit(jadx.core.dex.nodes.MethodNode)	2647	1	[false]	false	public	false	file:///private/tmp/projects/jadx/jadx-core/src/main/java/jadx/core/dex/visitors/typeinference/FinishTypeInference.java
3703	jadx.core.dex.visitors.typeinference.TypeBoundInvokeAssign	TypeBoundInvokeAssign(jadx.core.dex.nodes.RootNode,jadx.core.dex.instructions.InvokeNode,jadx.core.dex.instructions.args.ArgType)	0	3	[false, false, false]	false	public	false	file:///private/tmp/projects/jadx/jadx-core/src/main/java/jadx/core/dex/visitors/typeinference/TypeBoundInvokeAssign.java
3704	jadx.core.dex.visitors.typeinference.TypeBoundInvokeAssign	getBound()	931	0	[]	false	public	true	file:///private/tmp/projects/jadx/jadx-core/src/main/java/jadx/core/dex/visitors/typeinference/TypeBoundInvokeAssign.java
3705	jadx.core.dex.visitors.typeinference.TypeBoundInvokeAssign	getType(jadx.core.dex.visitors.typeinference.TypeUpdateInfo)	3687	1	[false]	false	public	true	file:///private/tmp/projects/jadx/jadx-core/src/main/java/jadx/core/dex/visitors/typeinference/TypeBoundInvokeAssign.java
3706	jadx.core.dex.visitors.typeinference.TypeBoundInvokeAssign	getType()	932	0	[]	false	public	true	file:///private/tmp/projects/jadx/jadx-core/src/main/java/jadx/core/dex/visitors/typeinference/TypeBoundInvokeAssign.java
3707	jadx.core.dex.visitors.typeinference.TypeBoundInvokeAssign	getReturnType(jadx.core.dex.instructions.args.ArgType)	0	1	[false]	false	private	true	file:///private/tmp/projects/jadx/jadx-core/src/main/java/jadx/core/dex/visitors/typeinference/TypeBoundInvokeAssign.java
3708	jadx.core.dex.visitors.typeinference.TypeBoundInvokeAssign	processResultType(@org.jetbrains.annotations.Nullable jadx.core.dex.instructions.args.ArgType)	0	1	[true]	true	private	true	file:///private/tmp/projects/jadx/jadx-core/src/main/java/jadx/core/dex/visitors/typeinference/TypeBoundInvokeAssign.java
3709	jadx.core.dex.visitors.typeinference.TypeBoundInvokeAssign	getInstanceArg()	0	0	[]	false	private	true	file:///private/tmp/projects/jadx/jadx-core/src/main/java/jadx/core/dex/visitors/typeinference/TypeBoundInvokeAssign.java
3710	jadx.core.dex.visitors.typeinference.TypeBoundInvokeAssign	getArg()	933	0	[]	false	public	true	file:///private/tmp/projects/jadx/jadx-core/src/main/java/jadx/core/dex/visitors/typeinference/TypeBoundInvokeAssign.java
3711	jadx.core.dex.visitors.typeinference.TypeBoundInvokeAssign	equals(java.lang.Object)	188	1	[false]	false	public	false	file:///private/tmp/projects/jadx/jadx-core/src/main/java/jadx/core/dex/visitors/typeinference/TypeBoundInvokeAssign.java
3712	jadx.core.dex.visitors.typeinference.TypeBoundInvokeAssign	hashCode()	186	0	[]	false	public	false	file:///private/tmp/projects/jadx/jadx-core/src/main/java/jadx/core/dex/visitors/typeinference/TypeBoundInvokeAssign.java
3713	jadx.core.dex.visitors.typeinference.TypeBoundInvokeAssign	toString()	83	0	[]	false	public	true	file:///private/tmp/projects/jadx/jadx-core/src/main/java/jadx/core/dex/visitors/typeinference/TypeBoundInvokeAssign.java
3714	jadx.core.dex.visitors.typeinference.TypeBoundFieldGetAssign	TypeBoundFieldGetAssign(jadx.core.dex.nodes.RootNode,jadx.core.dex.instructions.IndexInsnNode,jadx.core.dex.instructions.args.ArgType)	0	3	[false, false, false]	false	public	false	file:///private/tmp/projects/jadx/jadx-core/src/main/java/jadx/core/dex/visitors/typeinference/TypeBoundFieldGetAssign.java
3715	jadx.core.dex.visitors.typeinference.TypeBoundFieldGetAssign	getBound()	931	0	[]	false	public	true	file:///private/tmp/projects/jadx/jadx-core/src/main/java/jadx/core/dex/visitors/typeinference/TypeBoundFieldGetAssign.java
3716	jadx.core.dex.visitors.typeinference.TypeBoundFieldGetAssign	getType(jadx.core.dex.visitors.typeinference.TypeUpdateInfo)	3687	1	[false]	false	public	true	file:///private/tmp/projects/jadx/jadx-core/src/main/java/jadx/core/dex/visitors/typeinference/TypeBoundFieldGetAssign.java
3717	jadx.core.dex.visitors.typeinference.TypeBoundFieldGetAssign	getType()	932	0	[]	false	public	true	file:///private/tmp/projects/jadx/jadx-core/src/main/java/jadx/core/dex/visitors/typeinference/TypeBoundFieldGetAssign.java
3718	jadx.core.dex.visitors.typeinference.TypeBoundFieldGetAssign	getResultType(jadx.core.dex.instructions.args.ArgType)	0	1	[false]	false	private	true	file:///private/tmp/projects/jadx/jadx-core/src/main/java/jadx/core/dex/visitors/typeinference/TypeBoundFieldGetAssign.java
3719	jadx.core.dex.visitors.typeinference.TypeBoundFieldGetAssign	getInstanceArg()	0	0	[]	false	private	true	file:///private/tmp/projects/jadx/jadx-core/src/main/java/jadx/core/dex/visitors/typeinference/TypeBoundFieldGetAssign.java
3720	jadx.core.dex.visitors.typeinference.TypeBoundFieldGetAssign	getArg()	933	0	[]	false	public	true	file:///private/tmp/projects/jadx/jadx-core/src/main/java/jadx/core/dex/visitors/typeinference/TypeBoundFieldGetAssign.java
3721	jadx.core.dex.visitors.typeinference.TypeBoundFieldGetAssign	equals(java.lang.Object)	188	1	[false]	false	public	false	file:///private/tmp/projects/jadx/jadx-core/src/main/java/jadx/core/dex/visitors/typeinference/TypeBoundFieldGetAssign.java
3722	jadx.core.dex.visitors.typeinference.TypeBoundFieldGetAssign	hashCode()	186	0	[]	false	public	false	file:///private/tmp/projects/jadx/jadx-core/src/main/java/jadx/core/dex/visitors/typeinference/TypeBoundFieldGetAssign.java
3723	jadx.core.dex.visitors.typeinference.TypeBoundFieldGetAssign	toString()	83	0	[]	false	public	true	file:///private/tmp/projects/jadx/jadx-core/src/main/java/jadx/core/dex/visitors/typeinference/TypeBoundFieldGetAssign.java
3724	jadx.core.dex.visitors.typeinference.AbstractTypeConstraint	AbstractTypeConstraint(jadx.core.dex.nodes.InsnNode,jadx.core.dex.instructions.args.InsnArg)	0	2	[false, false]	false	public	false	file:///private/tmp/projects/jadx/jadx-core/src/main/java/jadx/core/dex/visitors/typeinference/AbstractTypeConstraint.java
3725	jadx.core.dex.visitors.typeinference.AbstractTypeConstraint	collectRelatedVars(jadx.core.dex.nodes.InsnNode,jadx.core.dex.instructions.args.InsnArg)	0	2	[false, false]	false	private	true	file:///private/tmp/projects/jadx/jadx-core/src/main/java/jadx/core/dex/visitors/typeinference/AbstractTypeConstraint.java
3726	jadx.core.dex.visitors.typeinference.AbstractTypeConstraint	getRelatedVars()	3683	0	[]	false	public	true	file:///private/tmp/projects/jadx/jadx-core/src/main/java/jadx/core/dex/visitors/typeinference/AbstractTypeConstraint.java
3727	jadx.core.dex.visitors.typeinference.AbstractTypeConstraint	toString()	83	0	[]	false	public	true	file:///private/tmp/projects/jadx/jadx-core/src/main/java/jadx/core/dex/visitors/typeinference/AbstractTypeConstraint.java
3728	jadx.core.dex.visitors.typeinference.TypeUpdateRegistry	add(jadx.core.dex.instructions.InsnType,jadx.core.dex.visitors.typeinference.ITypeListener)	0	2	[false, false]	false	public	false	file:///private/tmp/projects/jadx/jadx-core/src/main/java/jadx/core/dex/visitors/typeinference/TypeUpdateRegistry.java
3729	jadx.core.dex.visitors.typeinference.TypeUpdateRegistry	getListenersForInsn(jadx.core.dex.instructions.InsnType)	0	1	[false]	false	public	true	file:///private/tmp/projects/jadx/jadx-core/src/main/java/jadx/core/dex/visitors/typeinference/TypeUpdateRegistry.java
3730	jadx.core.dex.visitors.typeinference.TypeBoundConst	TypeBoundConst(jadx.core.dex.visitors.typeinference.BoundEnum,jadx.core.dex.instructions.args.ArgType)	0	2	[false, false]	false	public	false	file:///private/tmp/projects/jadx/jadx-core/src/main/java/jadx/core/dex/visitors/typeinference/TypeBoundConst.java
3731	jadx.core.dex.visitors.typeinference.TypeBoundConst	TypeBoundConst(jadx.core.dex.visitors.typeinference.BoundEnum,jadx.core.dex.instructions.args.ArgType,jadx.core.dex.instructions.args.RegisterArg)	0	3	[false, false, true]	false	public	false	file:///private/tmp/projects/jadx/jadx-core/src/main/java/jadx/core/dex/visitors/typeinference/TypeBoundConst.java
3732	jadx.core.dex.visitors.typeinference.TypeBoundConst	getBound()	931	0	[]	false	public	true	file:///private/tmp/projects/jadx/jadx-core/src/main/java/jadx/core/dex/visitors/typeinference/TypeBoundConst.java
3733	jadx.core.dex.visitors.typeinference.TypeBoundConst	getType()	932	0	[]	false	public	true	file:///private/tmp/projects/jadx/jadx-core/src/main/java/jadx/core/dex/visitors/typeinference/TypeBoundConst.java
3734	jadx.core.dex.visitors.typeinference.TypeBoundConst	getArg()	933	0	[]	true	public	true	file:///private/tmp/projects/jadx/jadx-core/src/main/java/jadx/core/dex/visitors/typeinference/TypeBoundConst.java
3735	jadx.core.dex.visitors.typeinference.TypeBoundConst	equals(java.lang.Object)	188	1	[false]	false	public	false	file:///private/tmp/projects/jadx/jadx-core/src/main/java/jadx/core/dex/visitors/typeinference/TypeBoundConst.java
3736	jadx.core.dex.visitors.typeinference.TypeBoundConst	hashCode()	186	0	[]	false	public	false	file:///private/tmp/projects/jadx/jadx-core/src/main/java/jadx/core/dex/visitors/typeinference/TypeBoundConst.java
3737	jadx.core.dex.visitors.typeinference.TypeBoundConst	toString()	83	0	[]	false	public	true	file:///private/tmp/projects/jadx/jadx-core/src/main/java/jadx/core/dex/visitors/typeinference/TypeBoundConst.java
3738	jadx.core.dex.visitors.typeinference.TypeInferenceVisitor	init(jadx.core.dex.nodes.RootNode)	3328	1	[false]	false	public	false	file:///private/tmp/projects/jadx/jadx-core/src/main/java/jadx/core/dex/visitors/typeinference/TypeInferenceVisitor.java
3739	jadx.core.dex.visitors.typeinference.TypeInferenceVisitor	visit(jadx.core.dex.nodes.MethodNode)	2647	1	[false]	false	public	false	file:///private/tmp/projects/jadx/jadx-core/src/main/java/jadx/core/dex/visitors/typeinference/TypeInferenceVisitor.java
3740	jadx.core.dex.visitors.typeinference.TypeInferenceVisitor	checkTypes(jadx.core.dex.nodes.MethodNode)	0	1	[false]	false	private	false	file:///private/tmp/projects/jadx/jadx-core/src/main/java/jadx/core/dex/visitors/typeinference/TypeInferenceVisitor.java
3741	jadx.core.dex.visitors.typeinference.TypeInferenceVisitor	initTypeBounds(jadx.core.dex.nodes.MethodNode)	0	1	[false]	false	private	false	file:///private/tmp/projects/jadx/jadx-core/src/main/java/jadx/core/dex/visitors/typeinference/TypeInferenceVisitor.java
3742	jadx.core.dex.visitors.typeinference.TypeInferenceVisitor	runTypePropagation(jadx.core.dex.nodes.MethodNode)	0	1	[false]	false	private	false	file:///private/tmp/projects/jadx/jadx-core/src/main/java/jadx/core/dex/visitors/typeinference/TypeInferenceVisitor.java
3743	jadx.core.dex.visitors.typeinference.TypeInferenceVisitor	runMultiVariableSearch(jadx.core.dex.nodes.MethodNode)	0	1	[false]	false	private	false	file:///private/tmp/projects/jadx/jadx-core/src/main/java/jadx/core/dex/visitors/typeinference/TypeInferenceVisitor.java
3744	jadx.core.dex.visitors.typeinference.TypeInferenceVisitor	setImmutableType(jadx.core.dex.nodes.MethodNode,jadx.core.dex.instructions.args.SSAVar)	0	2	[false, false]	false	private	false	file:///private/tmp/projects/jadx/jadx-core/src/main/java/jadx/core/dex/visitors/typeinference/TypeInferenceVisitor.java
3745	jadx.core.dex.visitors.typeinference.TypeInferenceVisitor	setBestType(jadx.core.dex.nodes.MethodNode,jadx.core.dex.instructions.args.SSAVar)	0	2	[false, false]	false	private	false	file:///private/tmp/projects/jadx/jadx-core/src/main/java/jadx/core/dex/visitors/typeinference/TypeInferenceVisitor.java
3746	jadx.core.dex.visitors.typeinference.TypeInferenceVisitor	calculateFromBounds(jadx.core.dex.nodes.MethodNode,jadx.core.dex.instructions.args.SSAVar)	0	2	[false, false]	false	private	false	file:///private/tmp/projects/jadx/jadx-core/src/main/java/jadx/core/dex/visitors/typeinference/TypeInferenceVisitor.java
3747	jadx.core.dex.visitors.typeinference.TypeInferenceVisitor	selectBestTypeFromBounds(java.util.Set<jadx.core.dex.visitors.typeinference.ITypeBound>)	0	1	[false]	false	private	true	file:///private/tmp/projects/jadx/jadx-core/src/main/java/jadx/core/dex/visitors/typeinference/TypeInferenceVisitor.java
3748	jadx.core.dex.visitors.typeinference.TypeInferenceVisitor	attachBounds(jadx.core.dex.instructions.args.SSAVar)	0	1	[false]	false	private	false	file:///private/tmp/projects/jadx/jadx-core/src/main/java/jadx/core/dex/visitors/typeinference/TypeInferenceVisitor.java
3749	jadx.core.dex.visitors.typeinference.TypeInferenceVisitor	mergePhiBounds(jadx.core.dex.instructions.args.SSAVar)	0	1	[false]	false	private	false	file:///private/tmp/projects/jadx/jadx-core/src/main/java/jadx/core/dex/visitors/typeinference/TypeInferenceVisitor.java
3750	jadx.core.dex.visitors.typeinference.TypeInferenceVisitor	addBound(jadx.core.dex.visitors.typeinference.TypeInfo,@org.jetbrains.annotations.Nullable jadx.core.dex.visitors.typeinference.ITypeBound)	0	2	[false, true]	false	private	false	file:///private/tmp/projects/jadx/jadx-core/src/main/java/jadx/core/dex/visitors/typeinference/TypeInferenceVisitor.java
3751	jadx.core.dex.visitors.typeinference.TypeInferenceVisitor	addAssignBound(jadx.core.dex.visitors.typeinference.TypeInfo,jadx.core.dex.instructions.args.RegisterArg)	0	2	[false, false]	false	private	false	file:///private/tmp/projects/jadx/jadx-core/src/main/java/jadx/core/dex/visitors/typeinference/TypeInferenceVisitor.java
3752	jadx.core.dex.visitors.typeinference.TypeInferenceVisitor	replaceAnonymousType(jadx.core.dex.instructions.mods.ConstructorInsn)	0	1	[false]	false	private	true	file:///private/tmp/projects/jadx/jadx-core/src/main/java/jadx/core/dex/visitors/typeinference/TypeInferenceVisitor.java
3753	jadx.core.dex.visitors.typeinference.TypeInferenceVisitor	makeAssignFieldGetBound(jadx.core.dex.instructions.IndexInsnNode)	0	1	[false]	false	private	true	file:///private/tmp/projects/jadx/jadx-core/src/main/java/jadx/core/dex/visitors/typeinference/TypeInferenceVisitor.java
3754	jadx.core.dex.visitors.typeinference.TypeInferenceVisitor	makeAssignInvokeBound(jadx.core.dex.instructions.InvokeNode)	0	1	[false]	false	private	true	file:///private/tmp/projects/jadx/jadx-core/src/main/java/jadx/core/dex/visitors/typeinference/TypeInferenceVisitor.java
3755	jadx.core.dex.visitors.typeinference.TypeInferenceVisitor	makeUseBound(jadx.core.dex.instructions.args.RegisterArg)	0	1	[false]	true	private	true	file:///private/tmp/projects/jadx/jadx-core/src/main/java/jadx/core/dex/visitors/typeinference/TypeInferenceVisitor.java
3756	jadx.core.dex.visitors.typeinference.TypeInferenceVisitor	makeInvokeUseBound(jadx.core.dex.instructions.args.RegisterArg,jadx.core.dex.instructions.BaseInvokeNode)	0	2	[false, false]	true	private	true	file:///private/tmp/projects/jadx/jadx-core/src/main/java/jadx/core/dex/visitors/typeinference/TypeInferenceVisitor.java
3757	jadx.core.dex.visitors.typeinference.TypeInferenceVisitor	tryPossibleTypes(jadx.core.dex.nodes.MethodNode,jadx.core.dex.instructions.args.SSAVar,jadx.core.dex.instructions.args.ArgType)	0	3	[false, false, false]	false	private	false	file:///private/tmp/projects/jadx/jadx-core/src/main/java/jadx/core/dex/visitors/typeinference/TypeInferenceVisitor.java
3758	jadx.core.dex.visitors.typeinference.TypeInferenceVisitor	makePossibleTypesList(jadx.core.dex.instructions.args.ArgType,@org.jetbrains.annotations.Nullable jadx.core.dex.instructions.args.SSAVar)	0	2	[false, true]	false	private	true	file:///private/tmp/projects/jadx/jadx-core/src/main/java/jadx/core/dex/visitors/typeinference/TypeInferenceVisitor.java
3759	jadx.core.dex.visitors.typeinference.TypeInferenceVisitor	tryDeduceTypes(jadx.core.dex.nodes.MethodNode)	0	1	[false]	false	private	false	file:///private/tmp/projects/jadx/jadx-core/src/main/java/jadx/core/dex/visitors/typeinference/TypeInferenceVisitor.java
3760	jadx.core.dex.visitors.typeinference.TypeInferenceVisitor	deduceType(jadx.core.dex.nodes.MethodNode,jadx.core.dex.instructions.args.SSAVar)	0	2	[false, false]	false	private	false	file:///private/tmp/projects/jadx/jadx-core/src/main/java/jadx/core/dex/visitors/typeinference/TypeInferenceVisitor.java
3761	jadx.core.dex.visitors.typeinference.TypeInferenceVisitor	tryRemoveGenerics(jadx.core.dex.nodes.MethodNode)	0	1	[false]	false	private	false	file:///private/tmp/projects/jadx/jadx-core/src/main/java/jadx/core/dex/visitors/typeinference/TypeInferenceVisitor.java
3762	jadx.core.dex.visitors.typeinference.TypeInferenceVisitor	tryRawType(jadx.core.dex.nodes.MethodNode,jadx.core.dex.instructions.args.SSAVar)	0	2	[false, false]	false	private	false	file:///private/tmp/projects/jadx/jadx-core/src/main/java/jadx/core/dex/visitors/typeinference/TypeInferenceVisitor.java
3763	jadx.core.dex.visitors.typeinference.TypeInferenceVisitor	checkRawType(jadx.core.dex.nodes.MethodNode,jadx.core.dex.instructions.args.SSAVar,jadx.core.dex.instructions.args.ArgType)	0	3	[false, false, false]	false	private	false	file:///private/tmp/projects/jadx/jadx-core/src/main/java/jadx/core/dex/visitors/typeinference/TypeInferenceVisitor.java
3764	jadx.core.dex.visitors.typeinference.TypeInferenceVisitor	tryRestoreTypeVarCasts(jadx.core.dex.nodes.MethodNode)	0	1	[false]	false	private	false	file:///private/tmp/projects/jadx/jadx-core/src/main/java/jadx/core/dex/visitors/typeinference/TypeInferenceVisitor.java
3765	jadx.core.dex.visitors.typeinference.TypeInferenceVisitor	restoreTypeVarCasts(jadx.core.dex.instructions.args.SSAVar)	0	1	[false]	false	private	false	file:///private/tmp/projects/jadx/jadx-core/src/main/java/jadx/core/dex/visitors/typeinference/TypeInferenceVisitor.java
3766	jadx.core.dex.visitors.typeinference.TypeInferenceVisitor	tryInsertCasts(jadx.core.dex.nodes.MethodNode)	0	1	[false]	false	private	false	file:///private/tmp/projects/jadx/jadx-core/src/main/java/jadx/core/dex/visitors/typeinference/TypeInferenceVisitor.java
3767	jadx.core.dex.visitors.typeinference.TypeInferenceVisitor	tryInsertVarCast(jadx.core.dex.nodes.MethodNode,jadx.core.dex.instructions.args.SSAVar)	0	2	[false, false]	false	private	false	file:///private/tmp/projects/jadx/jadx-core/src/main/java/jadx/core/dex/visitors/typeinference/TypeInferenceVisitor.java
3768	jadx.core.dex.visitors.typeinference.TypeInferenceVisitor	insertUseCasts(jadx.core.dex.nodes.MethodNode,jadx.core.dex.instructions.args.SSAVar)	0	2	[false, false]	false	private	false	file:///private/tmp/projects/jadx/jadx-core/src/main/java/jadx/core/dex/visitors/typeinference/TypeInferenceVisitor.java
3769	jadx.core.dex.visitors.typeinference.TypeInferenceVisitor	insertAssignCast(jadx.core.dex.nodes.MethodNode,jadx.core.dex.instructions.args.SSAVar,jadx.core.dex.instructions.args.ArgType)	0	3	[false, false, false]	false	private	false	file:///private/tmp/projects/jadx/jadx-core/src/main/java/jadx/core/dex/visitors/typeinference/TypeInferenceVisitor.java
3770	jadx.core.dex.visitors.typeinference.TypeInferenceVisitor	insertSoftUseCast(jadx.core.dex.nodes.MethodNode,jadx.core.dex.instructions.args.RegisterArg)	0	2	[false, false]	false	private	false	file:///private/tmp/projects/jadx/jadx-core/src/main/java/jadx/core/dex/visitors/typeinference/TypeInferenceVisitor.java
3771	jadx.core.dex.visitors.typeinference.TypeInferenceVisitor	makeSoftCastInsn(jadx.core.dex.instructions.args.RegisterArg,jadx.core.dex.instructions.args.RegisterArg,jadx.core.dex.instructions.args.ArgType)	0	3	[false, false, false]	false	private	true	file:///private/tmp/projects/jadx/jadx-core/src/main/java/jadx/core/dex/visitors/typeinference/TypeInferenceVisitor.java
3772	jadx.core.dex.visitors.typeinference.TypeInferenceVisitor	trySplitConstInsns(jadx.core.dex.nodes.MethodNode)	0	1	[false]	false	private	false	file:///private/tmp/projects/jadx/jadx-core/src/main/java/jadx/core/dex/visitors/typeinference/TypeInferenceVisitor.java
3773	jadx.core.dex.visitors.typeinference.TypeInferenceVisitor	checkAndSplitConstInsn(jadx.core.dex.nodes.MethodNode,jadx.core.dex.instructions.args.SSAVar)	0	2	[false, false]	false	private	false	file:///private/tmp/projects/jadx/jadx-core/src/main/java/jadx/core/dex/visitors/typeinference/TypeInferenceVisitor.java
3774	jadx.core.dex.visitors.typeinference.TypeInferenceVisitor	tryInsertAdditionalMove(jadx.core.dex.nodes.MethodNode)	0	1	[false]	false	private	false	file:///private/tmp/projects/jadx/jadx-core/src/main/java/jadx/core/dex/visitors/typeinference/TypeInferenceVisitor.java
3775	jadx.core.dex.visitors.typeinference.TypeInferenceVisitor	tryInsertAdditionalInsn(jadx.core.dex.nodes.MethodNode,jadx.core.dex.instructions.PhiInsn)	0	2	[false, false]	false	private	false	file:///private/tmp/projects/jadx/jadx-core/src/main/java/jadx/core/dex/visitors/typeinference/TypeInferenceVisitor.java
3776	jadx.core.dex.visitors.typeinference.TypeInferenceVisitor	getCommonTypeForPhiArgs(jadx.core.dex.instructions.PhiInsn)	0	1	[false]	true	private	true	file:///private/tmp/projects/jadx/jadx-core/src/main/java/jadx/core/dex/visitors/typeinference/TypeInferenceVisitor.java
3777	jadx.core.dex.visitors.typeinference.TypeInferenceVisitor	insertMovesForPhi(jadx.core.dex.nodes.MethodNode,jadx.core.dex.instructions.PhiInsn,boolean)	0	3	[false, false, false]	false	private	false	file:///private/tmp/projects/jadx/jadx-core/src/main/java/jadx/core/dex/visitors/typeinference/TypeInferenceVisitor.java
3778	jadx.core.dex.visitors.typeinference.TypeInferenceVisitor	insertMove(jadx.core.dex.nodes.MethodNode,jadx.core.dex.nodes.BlockNode,jadx.core.dex.instructions.PhiInsn,jadx.core.dex.instructions.args.RegisterArg)	0	4	[false, false, false, false]	false	private	false	file:///private/tmp/projects/jadx/jadx-core/src/main/java/jadx/core/dex/visitors/typeinference/TypeInferenceVisitor.java
3779	jadx.core.dex.visitors.typeinference.TypeInferenceVisitor	checkBlockForInsnInsert(jadx.core.dex.nodes.BlockNode)	0	1	[false]	true	private	true	file:///private/tmp/projects/jadx/jadx-core/src/main/java/jadx/core/dex/visitors/typeinference/TypeInferenceVisitor.java
3780	jadx.core.dex.visitors.typeinference.TypeInferenceVisitor	tryWiderObjects(jadx.core.dex.nodes.MethodNode,jadx.core.dex.instructions.args.SSAVar)	0	2	[false, false]	false	private	false	file:///private/tmp/projects/jadx/jadx-core/src/main/java/jadx/core/dex/visitors/typeinference/TypeInferenceVisitor.java
3781	jadx.core.dex.visitors.typeinference.TypeInferenceVisitor	tryToFixIncompatiblePrimitives(jadx.core.dex.nodes.MethodNode)	0	1	[false]	false	private	false	file:///private/tmp/projects/jadx/jadx-core/src/main/java/jadx/core/dex/visitors/typeinference/TypeInferenceVisitor.java
3782	jadx.core.dex.visitors.typeinference.TypeInferenceVisitor	processIncompatiblePrimitives(jadx.core.dex.nodes.MethodNode,jadx.core.dex.instructions.args.SSAVar)	0	2	[false, false]	false	private	false	file:///private/tmp/projects/jadx/jadx-core/src/main/java/jadx/core/dex/visitors/typeinference/TypeInferenceVisitor.java
3783	jadx.core.dex.visitors.typeinference.TypeInferenceVisitor	fixBooleanUsage(jadx.core.dex.nodes.MethodNode,jadx.core.dex.instructions.args.RegisterArg)	0	2	[false, false]	false	private	false	file:///private/tmp/projects/jadx/jadx-core/src/main/java/jadx/core/dex/visitors/typeinference/TypeInferenceVisitor.java
3784	jadx.core.dex.visitors.typeinference.TypeInferenceVisitor	notBooleanToInt(jadx.core.dex.instructions.ArithNode,jadx.core.dex.instructions.args.RegisterArg)	0	2	[false, false]	false	private	true	file:///private/tmp/projects/jadx/jadx-core/src/main/java/jadx/core/dex/visitors/typeinference/TypeInferenceVisitor.java
3785	jadx.core.dex.visitors.typeinference.TypeInferenceVisitor	prepareBooleanConvertInsn(jadx.core.dex.instructions.args.RegisterArg,jadx.core.dex.instructions.args.RegisterArg,jadx.core.dex.instructions.args.ArgType)	0	3	[false, false, false]	false	private	true	file:///private/tmp/projects/jadx/jadx-core/src/main/java/jadx/core/dex/visitors/typeinference/TypeInferenceVisitor.java
3786	jadx.core.dex.visitors.typeinference.TypeInferenceVisitor	tryToForceImmutableTypes(jadx.core.dex.nodes.MethodNode)	0	1	[false]	false	private	false	file:///private/tmp/projects/jadx/jadx-core/src/main/java/jadx/core/dex/visitors/typeinference/TypeInferenceVisitor.java
3787	jadx.core.dex.visitors.typeinference.TypeInferenceVisitor	forceImmutableType(jadx.core.dex.instructions.args.SSAVar)	0	1	[false]	false	private	false	file:///private/tmp/projects/jadx/jadx-core/src/main/java/jadx/core/dex/visitors/typeinference/TypeInferenceVisitor.java
3788	jadx.core.dex.visitors.typeinference.TypeInferenceVisitor	assignImmutableTypes(jadx.core.dex.nodes.MethodNode)	0	1	[false]	false	private	false	file:///private/tmp/projects/jadx/jadx-core/src/main/java/jadx/core/dex/visitors/typeinference/TypeInferenceVisitor.java
3789	jadx.core.dex.visitors.typeinference.TypeInferenceVisitor	getSsaImmutableType(jadx.core.dex.instructions.args.SSAVar)	0	1	[false]	true	private	true	file:///private/tmp/projects/jadx/jadx-core/src/main/java/jadx/core/dex/visitors/typeinference/TypeInferenceVisitor.java
3790	jadx.core.dex.visitors.MethodVisitor	MethodVisitor(java.util.function.Consumer<jadx.core.dex.nodes.MethodNode>)	0	1	[false]	false	public	false	file:///private/tmp/projects/jadx/jadx-core/src/main/java/jadx/core/dex/visitors/MethodVisitor.java
3791	jadx.core.dex.visitors.MethodVisitor	visit(jadx.core.dex.nodes.MethodNode)	2016	1	[false]	false	public	false	file:///private/tmp/projects/jadx/jadx-core/src/main/java/jadx/core/dex/visitors/MethodVisitor.java
3792	jadx.core.dex.visitors.MethodVisitor	init(jadx.core.dex.nodes.RootNode)	2014	1	[false]	false	public	false	file:///private/tmp/projects/jadx/jadx-core/src/main/java/jadx/core/dex/visitors/MethodVisitor.java
3793	jadx.core.dex.visitors.MethodVisitor	visit(jadx.core.dex.nodes.ClassNode)	2015	1	[false]	false	public	false	file:///private/tmp/projects/jadx/jadx-core/src/main/java/jadx/core/dex/visitors/MethodVisitor.java
3794	jadx.core.dex.visitors.GenericTypesVisitor	visit(jadx.core.dex.nodes.MethodNode)	2647	1	[false]	false	public	false	file:///private/tmp/projects/jadx/jadx-core/src/main/java/jadx/core/dex/visitors/GenericTypesVisitor.java
3795	jadx.core.dex.visitors.GenericTypesVisitor	attachGenericTypesInfo(jadx.core.dex.nodes.MethodNode,jadx.core.dex.instructions.mods.ConstructorInsn)	0	2	[false, false]	false	private	false	file:///private/tmp/projects/jadx/jadx-core/src/main/java/jadx/core/dex/visitors/GenericTypesVisitor.java
3796	jadx.core.dex.visitors.OverrideMethodVisitor	visit(jadx.core.dex.nodes.ClassNode)	3329	1	[false]	false	public	false	file:///private/tmp/projects/jadx/jadx-core/src/main/java/jadx/core/dex/visitors/OverrideMethodVisitor.java
3797	jadx.core.dex.visitors.OverrideMethodVisitor	processMth(jadx.core.dex.nodes.MethodNode,jadx.core.dex.visitors.OverrideMethodVisitor.SuperTypesData)	0	2	[false, false]	false	private	false	file:///private/tmp/projects/jadx/jadx-core/src/main/java/jadx/core/dex/visitors/OverrideMethodVisitor.java
3798	jadx.core.dex.visitors.OverrideMethodVisitor	processOverrideMethods(jadx.core.dex.nodes.MethodNode,jadx.core.dex.visitors.OverrideMethodVisitor.SuperTypesData)	0	2	[false, false]	true	private	true	file:///private/tmp/projects/jadx/jadx-core/src/main/java/jadx/core/dex/visitors/OverrideMethodVisitor.java
3799	jadx.core.dex.visitors.OverrideMethodVisitor	addBaseMethod(jadx.core.dex.visitors.OverrideMethodVisitor.SuperTypesData,java.util.List<jadx.core.dex.nodes.IMethodDetails>,java.util.Set<jadx.core.dex.nodes.IMethodDetails>,jadx.core.dex.instructions.args.ArgType)	0	4	[false, false, false, false]	false	private	false	file:///private/tmp/projects/jadx/jadx-core/src/main/java/jadx/core/dex/visitors/OverrideMethodVisitor.java
3800	jadx.core.dex.visitors.OverrideMethodVisitor	searchOverriddenMethod(jadx.core.dex.nodes.ClassNode,java.lang.String)	0	2	[false, false]	true	private	true	file:///private/tmp/projects/jadx/jadx-core/src/main/java/jadx/core/dex/visitors/OverrideMethodVisitor.java
3801	jadx.core.dex.visitors.OverrideMethodVisitor	buildOverrideAttr(jadx.core.dex.nodes.MethodNode,java.util.List<jadx.core.dex.nodes.IMethodDetails>,java.util.Set<jadx.core.dex.nodes.IMethodDetails>,@org.jetbrains.annotations.Nullable jadx.core.dex.attributes.nodes.MethodOverrideAttr)	0	4	[false, false, false, true]	true	private	true	file:///private/tmp/projects/jadx/jadx-core/src/main/java/jadx/core/dex/visitors/OverrideMethodVisitor.java
3802	jadx.core.dex.visitors.OverrideMethodVisitor	applyOverrideAttr(jadx.core.dex.nodes.MethodNode,java.util.List<jadx.core.dex.nodes.IMethodDetails>,java.util.Set<jadx.core.dex.nodes.IMethodDetails>,boolean)	0	4	[false, false, false, false]	false	private	true	file:///private/tmp/projects/jadx/jadx-core/src/main/java/jadx/core/dex/visitors/OverrideMethodVisitor.java
3803	jadx.core.dex.visitors.OverrideMethodVisitor	getMethodNodes(jadx.core.dex.nodes.MethodNode,java.util.List<jadx.core.dex.nodes.IMethodDetails>)	0	2	[false, false]	false	private	true	file:///private/tmp/projects/jadx/jadx-core/src/main/java/jadx/core/dex/visitors/OverrideMethodVisitor.java
3804	jadx.core.dex.visitors.OverrideMethodVisitor	isMethodVisibleInCls(jadx.core.dex.nodes.MethodNode,jadx.core.dex.nodes.ClassNode)	0	2	[false, false]	false	private	false	file:///private/tmp/projects/jadx/jadx-core/src/main/java/jadx/core/dex/visitors/OverrideMethodVisitor.java
3805	jadx.core.dex.visitors.OverrideMethodVisitor$SuperTypesData	SuperTypesData(java.util.List<jadx.core.dex.instructions.args.ArgType>,java.util.Set<java.lang.String>)	0	2	[false, false]	false	private	false	file:///private/tmp/projects/jadx/jadx-core/src/main/java/jadx/core/dex/visitors/OverrideMethodVisitor.java
3806	jadx.core.dex.visitors.OverrideMethodVisitor$SuperTypesData	getSuperTypes()	0	0	[]	false	public	true	file:///private/tmp/projects/jadx/jadx-core/src/main/java/jadx/core/dex/visitors/OverrideMethodVisitor.java
3807	jadx.core.dex.visitors.OverrideMethodVisitor$SuperTypesData	getEndTypes()	0	0	[]	false	public	true	file:///private/tmp/projects/jadx/jadx-core/src/main/java/jadx/core/dex/visitors/OverrideMethodVisitor.java
3808	jadx.core.dex.visitors.OverrideMethodVisitor	collectSuperTypes(jadx.core.dex.nodes.ClassNode)	0	1	[false]	true	private	true	file:///private/tmp/projects/jadx/jadx-core/src/main/java/jadx/core/dex/visitors/OverrideMethodVisitor.java
3809	jadx.core.dex.visitors.OverrideMethodVisitor	collectSuperTypes(jadx.core.dex.nodes.ClassNode,java.util.List<jadx.core.dex.instructions.args.ArgType>,java.util.Set<java.lang.String>)	0	3	[false, false, false]	false	private	false	file:///private/tmp/projects/jadx/jadx-core/src/main/java/jadx/core/dex/visitors/OverrideMethodVisitor.java
3810	jadx.core.dex.visitors.OverrideMethodVisitor	addSuperType(jadx.core.dex.nodes.RootNode,java.util.List<jadx.core.dex.instructions.args.ArgType>,java.util.Set<java.lang.String>,jadx.core.dex.instructions.args.ArgType)	0	4	[false, false, false, false]	false	private	false	file:///private/tmp/projects/jadx/jadx-core/src/main/java/jadx/core/dex/visitors/OverrideMethodVisitor.java
3811	jadx.core.dex.visitors.OverrideMethodVisitor	fixMethodReturnType(jadx.core.dex.nodes.MethodNode,jadx.core.dex.nodes.IMethodDetails,jadx.core.dex.visitors.OverrideMethodVisitor.SuperTypesData)	0	3	[false, false, false]	false	private	false	file:///private/tmp/projects/jadx/jadx-core/src/main/java/jadx/core/dex/visitors/OverrideMethodVisitor.java
3812	jadx.core.dex.visitors.OverrideMethodVisitor	updateReturnType(jadx.core.dex.nodes.MethodNode,jadx.core.dex.nodes.IMethodDetails,jadx.core.dex.visitors.OverrideMethodVisitor.SuperTypesData)	0	3	[false, false, false]	false	private	false	file:///private/tmp/projects/jadx/jadx-core/src/main/java/jadx/core/dex/visitors/OverrideMethodVisitor.java
3813	jadx.core.dex.visitors.OverrideMethodVisitor	fixMethodArgTypes(jadx.core.dex.nodes.MethodNode,jadx.core.dex.nodes.IMethodDetails,jadx.core.dex.visitors.OverrideMethodVisitor.SuperTypesData)	0	3	[false, false, false]	false	private	false	file:///private/tmp/projects/jadx/jadx-core/src/main/java/jadx/core/dex/visitors/OverrideMethodVisitor.java
3814	jadx.core.dex.visitors.OverrideMethodVisitor	updateArgType(jadx.core.dex.nodes.MethodNode,jadx.core.dex.nodes.IMethodDetails,jadx.core.dex.visitors.OverrideMethodVisitor.SuperTypesData,int)	0	4	[false, false, false, false]	true	private	true	file:///private/tmp/projects/jadx/jadx-core/src/main/java/jadx/core/dex/visitors/OverrideMethodVisitor.java
3815	jadx.core.dex.visitors.OverrideMethodVisitor	checkMethodSignatureCollisions(jadx.core.dex.nodes.MethodNode,boolean)	0	2	[false, false]	false	private	false	file:///private/tmp/projects/jadx/jadx-core/src/main/java/jadx/core/dex/visitors/OverrideMethodVisitor.java
3816	jadx.core.dex.visitors.OverrideMethodVisitor	makeNewAlias(jadx.core.dex.nodes.MethodNode)	0	1	[false]	false	private	true	file:///private/tmp/projects/jadx/jadx-core/src/main/java/jadx/core/dex/visitors/OverrideMethodVisitor.java
3817	jadx.core.dex.visitors.ConstructorVisitor	visit(jadx.core.dex.nodes.MethodNode)	2647	1	[false]	false	public	false	file:///private/tmp/projects/jadx/jadx-core/src/main/java/jadx/core/dex/visitors/ConstructorVisitor.java
3818	jadx.core.dex.visitors.ConstructorVisitor	replaceInvoke(jadx.core.dex.nodes.MethodNode)	0	1	[false]	false	private	false	file:///private/tmp/projects/jadx/jadx-core/src/main/java/jadx/core/dex/visitors/ConstructorVisitor.java
3819	jadx.core.dex.visitors.ConstructorVisitor	processInvoke(jadx.core.dex.nodes.MethodNode,jadx.core.dex.nodes.BlockNode,int,jadx.core.utils.InsnRemover)	0	4	[false, false, false, false]	false	private	false	file:///private/tmp/projects/jadx/jadx-core/src/main/java/jadx/core/dex/visitors/ConstructorVisitor.java
3820	jadx.core.dex.visitors.ConstructorVisitor	canRemoveConstructor(jadx.core.dex.nodes.MethodNode,jadx.core.dex.instructions.mods.ConstructorInsn)	0	2	[false, false]	false	private	false	file:///private/tmp/projects/jadx/jadx-core/src/main/java/jadx/core/dex/visitors/ConstructorVisitor.java
3821	jadx.core.dex.visitors.ConstructorVisitor	processConstructor(jadx.core.dex.nodes.MethodNode,jadx.core.dex.instructions.mods.ConstructorInsn)	0	2	[false, false]	true	private	true	file:///private/tmp/projects/jadx/jadx-core/src/main/java/jadx/core/dex/visitors/ConstructorVisitor.java
3822	jadx.core.dex.visitors.ConstructorVisitor	allArgsNull(jadx.core.dex.instructions.mods.ConstructorInsn)	0	1	[false]	false	private	false	file:///private/tmp/projects/jadx/jadx-core/src/main/java/jadx/core/dex/visitors/ConstructorVisitor.java
3823	jadx.core.dex.visitors.ConstructorVisitor	removeAssignChain(jadx.core.dex.nodes.MethodNode,@org.jetbrains.annotations.Nullable jadx.core.dex.nodes.InsnNode,jadx.core.utils.InsnRemover,jadx.core.dex.instructions.InsnType)	0	4	[false, true, false, false]	true	private	true	file:///private/tmp/projects/jadx/jadx-core/src/main/java/jadx/core/dex/visitors/ConstructorVisitor.java
3824	jadx.core.dex.visitors.EnumVisitor	init(jadx.core.dex.nodes.RootNode)	3328	1	[false]	false	public	false	file:///private/tmp/projects/jadx/jadx-core/src/main/java/jadx/core/dex/visitors/EnumVisitor.java
3825	jadx.core.dex.visitors.EnumVisitor	visit(jadx.core.dex.nodes.ClassNode)	3329	1	[false]	false	public	false	file:///private/tmp/projects/jadx/jadx-core/src/main/java/jadx/core/dex/visitors/EnumVisitor.java
3826	jadx.core.dex.visitors.EnumVisitor	convertToEnum(jadx.core.dex.nodes.ClassNode)	0	1	[false]	false	private	false	file:///private/tmp/projects/jadx/jadx-core/src/main/java/jadx/core/dex/visitors/EnumVisitor.java
3827	jadx.core.dex.visitors.EnumVisitor	searchValuesField(jadx.core.dex.visitors.EnumVisitor.EnumData)	0	1	[false]	false	private	false	file:///private/tmp/projects/jadx/jadx-core/src/main/java/jadx/core/dex/visitors/EnumVisitor.java
3828	jadx.core.dex.visitors.EnumVisitor	processConstructorInsn(jadx.core.dex.visitors.EnumVisitor.EnumData,jadx.core.dex.attributes.nodes.EnumClassAttr.EnumField,jadx.core.dex.nodes.MethodNode)	0	3	[false, false, false]	false	private	false	file:///private/tmp/projects/jadx/jadx-core/src/main/java/jadx/core/dex/visitors/EnumVisitor.java
3829	jadx.core.dex.visitors.EnumVisitor	extractEnumFieldsFromInsn(jadx.core.dex.visitors.EnumVisitor.EnumData,jadx.core.dex.nodes.InsnNode)	0	2	[false, false]	true	private	true	file:///private/tmp/projects/jadx/jadx-core/src/main/java/jadx/core/dex/visitors/EnumVisitor.java
3830	jadx.core.dex.visitors.EnumVisitor	extractEnumFieldsFromInvoke(jadx.core.dex.visitors.EnumVisitor.EnumData,jadx.core.dex.instructions.InvokeNode)	0	2	[false, false]	true	private	true	file:///private/tmp/projects/jadx/jadx-core/src/main/java/jadx/core/dex/visitors/EnumVisitor.java
3831	jadx.core.dex.visitors.EnumVisitor	getValuesInitInsn(jadx.core.dex.visitors.EnumVisitor.EnumData)	0	1	[false]	true	private	true	file:///private/tmp/projects/jadx/jadx-core/src/main/java/jadx/core/dex/visitors/EnumVisitor.java
3832	jadx.core.dex.visitors.EnumVisitor	extractEnumFieldsFromFilledArray(jadx.core.dex.visitors.EnumVisitor.EnumData,jadx.core.dex.nodes.InsnNode)	0	2	[false, false]	true	private	true	file:///private/tmp/projects/jadx/jadx-core/src/main/java/jadx/core/dex/visitors/EnumVisitor.java
3833	jadx.core.dex.visitors.EnumVisitor	processEnumFieldByWrappedInsn(jadx.core.dex.visitors.EnumVisitor.EnumData,jadx.core.dex.nodes.InsnNode)	0	2	[false, false]	true	private	true	file:///private/tmp/projects/jadx/jadx-core/src/main/java/jadx/core/dex/visitors/EnumVisitor.java
3834	jadx.core.dex.visitors.EnumVisitor	processEnumFieldByField(jadx.core.dex.visitors.EnumVisitor.EnumData,jadx.core.dex.nodes.InsnNode)	0	2	[false, false]	true	private	true	file:///private/tmp/projects/jadx/jadx-core/src/main/java/jadx/core/dex/visitors/EnumVisitor.java
3835	jadx.core.dex.visitors.EnumVisitor	processEnumFieldByRegister(jadx.core.dex.visitors.EnumVisitor.EnumData,jadx.core.dex.instructions.args.RegisterArg)	0	2	[false, false]	true	private	true	file:///private/tmp/projects/jadx/jadx-core/src/main/java/jadx/core/dex/visitors/EnumVisitor.java
3836	jadx.core.dex.visitors.EnumVisitor	createFakeField(jadx.core.dex.nodes.ClassNode,java.lang.String)	0	2	[false, false]	false	private	true	file:///private/tmp/projects/jadx/jadx-core/src/main/java/jadx/core/dex/visitors/EnumVisitor.java
3837	jadx.core.dex.visitors.EnumVisitor	searchEnumField(jadx.core.dex.visitors.EnumVisitor.EnumData,jadx.core.dex.instructions.args.SSAVar)	0	2	[false, false]	true	private	true	file:///private/tmp/projects/jadx/jadx-core/src/main/java/jadx/core/dex/visitors/EnumVisitor.java
3838	jadx.core.dex.visitors.EnumVisitor	createEnumFieldByConstructor(jadx.core.dex.nodes.ClassNode,jadx.core.dex.nodes.FieldNode,jadx.core.dex.instructions.mods.ConstructorInsn)	0	3	[false, false, false]	true	private	true	file:///private/tmp/projects/jadx/jadx-core/src/main/java/jadx/core/dex/visitors/EnumVisitor.java
3839	jadx.core.dex.visitors.EnumVisitor	searchFieldPutInsn(jadx.core.dex.visitors.EnumVisitor.EnumData,jadx.core.dex.nodes.FieldNode)	0	2	[false, false]	true	private	true	file:///private/tmp/projects/jadx/jadx-core/src/main/java/jadx/core/dex/visitors/EnumVisitor.java
3840	jadx.core.dex.visitors.EnumVisitor	removeEnumMethods(jadx.core.dex.nodes.ClassNode,jadx.core.dex.nodes.FieldNode)	0	2	[false, false]	false	private	false	file:///private/tmp/projects/jadx/jadx-core/src/main/java/jadx/core/dex/visitors/EnumVisitor.java
3841	jadx.core.dex.visitors.EnumVisitor	markArgsForSkip(jadx.core.dex.nodes.MethodNode)	0	1	[false]	false	private	false	file:///private/tmp/projects/jadx/jadx-core/src/main/java/jadx/core/dex/visitors/EnumVisitor.java
3842	jadx.core.dex.visitors.EnumVisitor	isDefaultConstructor(jadx.core.dex.nodes.MethodNode,java.lang.String)	0	2	[false, false]	false	private	false	file:///private/tmp/projects/jadx/jadx-core/src/main/java/jadx/core/dex/visitors/EnumVisitor.java
3843	jadx.core.dex.visitors.EnumVisitor	isValuesMethod(jadx.core.dex.nodes.MethodNode,jadx.core.dex.instructions.args.ArgType)	0	2	[false, false]	false	private	false	file:///private/tmp/projects/jadx/jadx-core/src/main/java/jadx/core/dex/visitors/EnumVisitor.java
3844	jadx.core.dex.visitors.EnumVisitor	simpleValueOfMth(jadx.core.dex.nodes.MethodNode,jadx.core.dex.instructions.args.ArgType)	0	2	[false, false]	false	private	false	file:///private/tmp/projects/jadx/jadx-core/src/main/java/jadx/core/dex/visitors/EnumVisitor.java
3845	jadx.core.dex.visitors.EnumVisitor	fixValuesAccess(jadx.core.dex.nodes.MethodNode,jadx.core.dex.info.FieldInfo,jadx.core.dex.instructions.args.ArgType,@org.jetbrains.annotations.Nullable jadx.core.dex.nodes.MethodNode)	0	4	[false, false, false, true]	false	private	false	file:///private/tmp/projects/jadx/jadx-core/src/main/java/jadx/core/dex/visitors/EnumVisitor.java
3846	jadx.core.dex.visitors.EnumVisitor	getValueMthInfo(jadx.core.dex.nodes.RootNode,jadx.core.dex.instructions.args.ArgType)	0	2	[false, false]	false	private	true	file:///private/tmp/projects/jadx/jadx-core/src/main/java/jadx/core/dex/visitors/EnumVisitor.java
3847	jadx.core.dex.visitors.EnumVisitor	processEnumCls(jadx.core.dex.nodes.ClassNode,jadx.core.dex.attributes.nodes.EnumClassAttr.EnumField,jadx.core.dex.nodes.ClassNode)	0	3	[false, false, false]	false	private	false	file:///private/tmp/projects/jadx/jadx-core/src/main/java/jadx/core/dex/visitors/EnumVisitor.java
3848	jadx.core.dex.visitors.EnumVisitor	getConstructorInsn(jadx.core.dex.nodes.InsnNode)	0	1	[false]	true	private	true	file:///private/tmp/projects/jadx/jadx-core/src/main/java/jadx/core/dex/visitors/EnumVisitor.java
3849	jadx.core.dex.visitors.EnumVisitor	castConstructorInsn(@org.jetbrains.annotations.Nullable jadx.core.dex.nodes.InsnNode)	0	1	[true]	true	private	true	file:///private/tmp/projects/jadx/jadx-core/src/main/java/jadx/core/dex/visitors/EnumVisitor.java
3850	jadx.core.dex.visitors.EnumVisitor	getConstString(jadx.core.dex.nodes.RootNode,jadx.core.dex.instructions.args.InsnArg)	0	2	[false, false]	true	private	true	file:///private/tmp/projects/jadx/jadx-core/src/main/java/jadx/core/dex/visitors/EnumVisitor.java
3851	jadx.core.dex.visitors.EnumVisitor$EnumData	EnumData(jadx.core.dex.nodes.ClassNode,jadx.core.dex.nodes.MethodNode,java.util.List<jadx.core.dex.nodes.BlockNode>)	0	3	[false, false, false]	false	public	false	file:///private/tmp/projects/jadx/jadx-core/src/main/java/jadx/core/dex/visitors/EnumVisitor.java
3852	jadx.core.dex.visitors.SaveCode	SaveCode()	0	0	[]	false	private	false	file:///private/tmp/projects/jadx/jadx-core/src/main/java/jadx/core/dex/visitors/SaveCode.java
3853	jadx.core.dex.visitors.SaveCode	save(java.io.File,jadx.core.dex.nodes.ClassNode,jadx.api.ICodeInfo)	0	3	[false, false, false]	false	public	false	file:///private/tmp/projects/jadx/jadx-core/src/main/java/jadx/core/dex/visitors/SaveCode.java
3854	jadx.core.dex.visitors.SaveCode	save(java.lang.String,java.io.File,java.lang.String)	0	3	[false, false, false]	false	public	false	file:///private/tmp/projects/jadx/jadx-core/src/main/java/jadx/core/dex/visitors/SaveCode.java
3855	jadx.core.dex.visitors.SaveCode	save(jadx.api.ICodeInfo,java.io.File)	0	2	[false, false]	false	public	false	file:///private/tmp/projects/jadx/jadx-core/src/main/java/jadx/core/dex/visitors/SaveCode.java
3856	jadx.core.dex.visitors.SaveCode	save(java.lang.String,java.io.File)	0	2	[false, false]	false	public	false	file:///private/tmp/projects/jadx/jadx-core/src/main/java/jadx/core/dex/visitors/SaveCode.java
3857	jadx.core.dex.visitors.SaveCode	getFileExtension(jadx.core.dex.nodes.RootNode)	0	1	[false]	false	public	true	file:///private/tmp/projects/jadx/jadx-core/src/main/java/jadx/core/dex/visitors/SaveCode.java
3858	jadx.core.dex.visitors.ClassModifier	visit(jadx.core.dex.nodes.ClassNode)	3329	1	[false]	false	public	false	file:///private/tmp/projects/jadx/jadx-core/src/main/java/jadx/core/dex/visitors/ClassModifier.java
3859	jadx.core.dex.visitors.ClassModifier	isEmptySyntheticClass(jadx.core.dex.nodes.ClassNode)	0	1	[false]	false	private	false	file:///private/tmp/projects/jadx/jadx-core/src/main/java/jadx/core/dex/visitors/ClassModifier.java
3860	jadx.core.dex.visitors.ClassModifier	removeSyntheticFields(jadx.core.dex.nodes.ClassNode)	0	1	[false]	false	private	false	file:///private/tmp/projects/jadx/jadx-core/src/main/java/jadx/core/dex/visitors/ClassModifier.java
3861	jadx.core.dex.visitors.ClassModifier	removeFieldUsageFromConstructor(jadx.core.dex.nodes.MethodNode,jadx.core.dex.nodes.FieldNode,jadx.core.dex.nodes.ClassNode)	0	3	[false, false, false]	false	private	false	file:///private/tmp/projects/jadx/jadx-core/src/main/java/jadx/core/dex/visitors/ClassModifier.java
3862	jadx.core.dex.visitors.ClassModifier	removeSyntheticMethods(jadx.core.dex.nodes.MethodNode)	0	1	[false]	false	private	false	file:///private/tmp/projects/jadx/jadx-core/src/main/java/jadx/core/dex/visitors/ClassModifier.java
3863	jadx.core.dex.visitors.ClassModifier	isRemovedClassInArgs(jadx.core.dex.nodes.ClassNode,java.util.List<jadx.core.dex.instructions.args.RegisterArg>)	0	2	[false, false]	false	private	false	file:///private/tmp/projects/jadx/jadx-core/src/main/java/jadx/core/dex/visitors/ClassModifier.java
3864	jadx.core.dex.visitors.ClassModifier	modifySyntheticMethod(jadx.core.dex.nodes.ClassNode,jadx.core.dex.nodes.MethodNode,jadx.core.dex.nodes.InsnNode,java.util.List<jadx.core.dex.instructions.args.RegisterArg>)	0	4	[false, false, false, false]	false	private	false	file:///private/tmp/projects/jadx/jadx-core/src/main/java/jadx/core/dex/visitors/ClassModifier.java
3865	jadx.core.dex.visitors.ClassModifier	removeBridgeMethod(jadx.core.dex.nodes.ClassNode,jadx.core.dex.nodes.MethodNode)	0	2	[false, false]	false	private	false	file:///private/tmp/projects/jadx/jadx-core/src/main/java/jadx/core/dex/visitors/ClassModifier.java
3866	jadx.core.dex.visitors.ClassModifier	checkSyntheticWrapper(jadx.core.dex.nodes.MethodNode,jadx.core.dex.nodes.InsnNode)	0	2	[false, false]	false	private	false	file:///private/tmp/projects/jadx/jadx-core/src/main/java/jadx/core/dex/visitors/ClassModifier.java
3867	jadx.core.dex.visitors.ClassModifier	registersAndCastsOnly(jadx.core.dex.instructions.args.InsnArg)	0	1	[false]	false	private	false	file:///private/tmp/projects/jadx/jadx-core/src/main/java/jadx/core/dex/visitors/ClassModifier.java
3868	jadx.core.dex.visitors.ClassModifier	removeEmptyMethods(jadx.core.dex.nodes.MethodNode)	0	1	[false]	false	private	false	file:///private/tmp/projects/jadx/jadx-core/src/main/java/jadx/core/dex/visitors/ClassModifier.java
3869	jadx.core.dex.visitors.ClassModifier	processAnonymousConstructor(jadx.core.dex.nodes.MethodNode)	0	1	[false]	false	private	false	file:///private/tmp/projects/jadx/jadx-core/src/main/java/jadx/core/dex/visitors/ClassModifier.java
3870	jadx.core.dex.visitors.ClassModifier	getArgsToFieldsMapping(jadx.core.dex.nodes.MethodNode,java.util.List<jadx.core.dex.nodes.InsnNode>)	0	2	[false, false]	false	private	true	file:///private/tmp/projects/jadx/jadx-core/src/main/java/jadx/core/dex/visitors/ClassModifier.java
3871	jadx.core.dex.visitors.ClassModifier	getParentInsnSkipMove(jadx.core.dex.instructions.args.RegisterArg)	0	1	[false]	true	private	true	file:///private/tmp/projects/jadx/jadx-core/src/main/java/jadx/core/dex/visitors/ClassModifier.java
3872	jadx.core.dex.visitors.ClassModifier	isNonDefaultConstructorExists(jadx.core.dex.nodes.MethodNode)	0	1	[false]	false	private	false	file:///private/tmp/projects/jadx/jadx-core/src/main/java/jadx/core/dex/visitors/ClassModifier.java
3873	jadx.core.dex.visitors.usage.UsageInfoVisitor	init(jadx.core.dex.nodes.RootNode)	3328	1	[false]	false	public	false	file:///private/tmp/projects/jadx/jadx-core/src/main/java/jadx/core/dex/visitors/usage/UsageInfoVisitor.java
3874	jadx.core.dex.visitors.usage.UsageInfoVisitor	processClass(jadx.core.dex.nodes.ClassNode,jadx.core.dex.visitors.usage.UsageInfo)	0	2	[false, false]	false	private	false	file:///private/tmp/projects/jadx/jadx-core/src/main/java/jadx/core/dex/visitors/usage/UsageInfoVisitor.java
3875	jadx.core.dex.visitors.usage.UsageInfoVisitor	processMethod(jadx.core.dex.nodes.MethodNode,jadx.core.dex.visitors.usage.UsageInfo)	0	2	[false, false]	false	private	false	file:///private/tmp/projects/jadx/jadx-core/src/main/java/jadx/core/dex/visitors/usage/UsageInfoVisitor.java
3876	jadx.core.dex.visitors.usage.UsageInfoVisitor	processInstructions(jadx.core.dex.nodes.MethodNode,jadx.core.dex.visitors.usage.UsageInfo)	0	2	[false, false]	false	private	false	file:///private/tmp/projects/jadx/jadx-core/src/main/java/jadx/core/dex/visitors/usage/UsageInfoVisitor.java
3877	jadx.core.dex.visitors.usage.UsageInfoVisitor	processInsn(jadx.core.dex.nodes.RootNode,jadx.core.dex.nodes.MethodNode,jadx.api.plugins.input.insns.InsnData,jadx.core.dex.visitors.usage.UsageInfo)	0	4	[false, false, false, false]	false	private	false	file:///private/tmp/projects/jadx/jadx-core/src/main/java/jadx/core/dex/visitors/usage/UsageInfoVisitor.java
3878	jadx.core.dex.visitors.usage.UsageInfoVisitor	replaceMethodUsage(jadx.core.dex.nodes.MethodNode,jadx.core.dex.nodes.MethodNode)	0	2	[false, false]	false	public	false	file:///private/tmp/projects/jadx/jadx-core/src/main/java/jadx/core/dex/visitors/usage/UsageInfoVisitor.java
3879	jadx.core.dex.visitors.usage.UsageInfo	UsageInfo(jadx.core.dex.nodes.RootNode)	0	1	[false]	false	public	false	file:///private/tmp/projects/jadx/jadx-core/src/main/java/jadx/core/dex/visitors/usage/UsageInfo.java
3880	jadx.core.dex.visitors.usage.UsageInfo	apply()	0	0	[]	false	public	false	file:///private/tmp/projects/jadx/jadx-core/src/main/java/jadx/core/dex/visitors/usage/UsageInfo.java
3881	jadx.core.dex.visitors.usage.UsageInfo	clsUse(jadx.core.dex.nodes.ClassNode,jadx.core.dex.instructions.args.ArgType)	0	2	[false, true]	false	public	false	file:///private/tmp/projects/jadx/jadx-core/src/main/java/jadx/core/dex/visitors/usage/UsageInfo.java
3882	jadx.core.dex.visitors.usage.UsageInfo	clsUse(jadx.core.dex.nodes.MethodNode,jadx.core.dex.instructions.args.ArgType)	0	2	[false, false]	false	public	false	file:///private/tmp/projects/jadx/jadx-core/src/main/java/jadx/core/dex/visitors/usage/UsageInfo.java
3883	jadx.core.dex.visitors.usage.UsageInfo	clsUse(jadx.core.dex.nodes.MethodNode,jadx.core.dex.nodes.ClassNode)	0	2	[false, false]	false	public	false	file:///private/tmp/projects/jadx/jadx-core/src/main/java/jadx/core/dex/visitors/usage/UsageInfo.java
3884	jadx.core.dex.visitors.usage.UsageInfo	clsUse(jadx.core.dex.nodes.ClassNode,jadx.core.dex.nodes.ClassNode)	0	2	[false, false]	false	public	false	file:///private/tmp/projects/jadx/jadx-core/src/main/java/jadx/core/dex/visitors/usage/UsageInfo.java
3885	jadx.core.dex.visitors.usage.UsageInfo	methodUse(jadx.core.dex.nodes.MethodNode,jadx.core.dex.nodes.MethodNode)	0	2	[false, false]	false	public	false	file:///private/tmp/projects/jadx/jadx-core/src/main/java/jadx/core/dex/visitors/usage/UsageInfo.java
3886	jadx.core.dex.visitors.usage.UsageInfo	fieldUse(jadx.core.dex.nodes.MethodNode,jadx.core.dex.nodes.FieldNode)	0	2	[false, false]	false	public	false	file:///private/tmp/projects/jadx/jadx-core/src/main/java/jadx/core/dex/visitors/usage/UsageInfo.java
3887	jadx.core.dex.visitors.usage.UsageInfo	processType(jadx.core.dex.instructions.args.ArgType,java.util.function.Consumer<jadx.core.dex.nodes.ClassNode>)	0	2	[true, false]	false	private	false	file:///private/tmp/projects/jadx/jadx-core/src/main/java/jadx/core/dex/visitors/usage/UsageInfo.java
3888	jadx.core.dex.visitors.usage.UsageInfo	<T>sortedList(java.util.Set<T>)	0	1	[false]	false	private	true	file:///private/tmp/projects/jadx/jadx-core/src/main/java/jadx/core/dex/visitors/usage/UsageInfo.java
3889	jadx.core.dex.visitors.usage.UseSet	add(K,V)	0	2	[false, false]	false	public	false	file:///private/tmp/projects/jadx/jadx-core/src/main/java/jadx/core/dex/visitors/usage/UseSet.java
3890	jadx.core.dex.visitors.usage.UseSet	get(K)	0	1	[false]	true	public	true	file:///private/tmp/projects/jadx/jadx-core/src/main/java/jadx/core/dex/visitors/usage/UseSet.java
3891	jadx.core.dex.visitors.usage.UseSet	visit(java.util.function.BiConsumer<K,java.util.Set<V>>)	0	1	[false]	false	public	false	file:///private/tmp/projects/jadx/jadx-core/src/main/java/jadx/core/dex/visitors/usage/UseSet.java
3892	jadx.core.dex.visitors.kotlin.ProcessKotlinInternals	init(jadx.core.dex.nodes.RootNode)	3328	1	[false]	false	public	false	file:///private/tmp/projects/jadx/jadx-core/src/main/java/jadx/core/dex/visitors/kotlin/ProcessKotlinInternals.java
3893	jadx.core.dex.visitors.kotlin.ProcessKotlinInternals	visit(jadx.core.dex.nodes.ClassNode)	3329	1	[false]	false	public	false	file:///private/tmp/projects/jadx/jadx-core/src/main/java/jadx/core/dex/visitors/kotlin/ProcessKotlinInternals.java
3894	jadx.core.dex.visitors.kotlin.ProcessKotlinInternals	processMth(jadx.core.dex.nodes.MethodNode)	0	1	[false]	false	private	false	file:///private/tmp/projects/jadx/jadx-core/src/main/java/jadx/core/dex/visitors/kotlin/ProcessKotlinInternals.java
3895	jadx.core.dex.visitors.kotlin.ProcessKotlinInternals	processInvoke(jadx.core.dex.nodes.MethodNode,jadx.core.dex.nodes.InsnNode)	0	2	[false, false]	false	private	false	file:///private/tmp/projects/jadx/jadx-core/src/main/java/jadx/core/dex/visitors/kotlin/ProcessKotlinInternals.java
3896	jadx.core.dex.visitors.kotlin.ProcessKotlinInternals	checkAndRename(jadx.core.dex.instructions.args.RegisterArg,java.lang.String)	0	2	[false, false]	false	private	false	file:///private/tmp/projects/jadx/jadx-core/src/main/java/jadx/core/dex/visitors/kotlin/ProcessKotlinInternals.java
3897	jadx.core.dex.visitors.kotlin.ProcessKotlinInternals	getConstString(jadx.core.dex.nodes.MethodNode,jadx.core.dex.nodes.InsnNode,int)	0	3	[false, false, false]	true	private	true	file:///private/tmp/projects/jadx/jadx-core/src/main/java/jadx/core/dex/visitors/kotlin/ProcessKotlinInternals.java
3898	jadx.core.dex.visitors.kotlin.ProcessKotlinInternals	trimName(java.lang.String)	0	1	[false]	false	private	true	file:///private/tmp/projects/jadx/jadx-core/src/main/java/jadx/core/dex/visitors/kotlin/ProcessKotlinInternals.java
3899	jadx.core.dex.visitors.kotlin.ProcessKotlinInternals	searchKotlinIntrinsicsClass(jadx.core.dex.nodes.RootNode)	0	1	[false]	true	private	true	file:///private/tmp/projects/jadx/jadx-core/src/main/java/jadx/core/dex/visitors/kotlin/ProcessKotlinInternals.java
3900	jadx.core.dex.visitors.kotlin.ProcessKotlinInternals	isKotlinIntrinsicsClass(jadx.core.dex.nodes.ClassNode)	0	1	[false]	false	private	false	file:///private/tmp/projects/jadx/jadx-core/src/main/java/jadx/core/dex/visitors/kotlin/ProcessKotlinInternals.java
3901	jadx.core.dex.visitors.kotlin.ProcessKotlinInternals	collectMethods(jadx.core.dex.nodes.ClassNode)	0	1	[false]	false	private	true	file:///private/tmp/projects/jadx/jadx-core/src/main/java/jadx/core/dex/visitors/kotlin/ProcessKotlinInternals.java
3902	jadx.core.dex.visitors.DotGraphVisitor	dump()	0	0	[]	false	public	true	file:///private/tmp/projects/jadx/jadx-core/src/main/java/jadx/core/dex/visitors/DotGraphVisitor.java
3903	jadx.core.dex.visitors.DotGraphVisitor	dumpRaw()	0	0	[]	false	public	true	file:///private/tmp/projects/jadx/jadx-core/src/main/java/jadx/core/dex/visitors/DotGraphVisitor.java
3904	jadx.core.dex.visitors.DotGraphVisitor	dumpRegions()	0	0	[]	false	public	true	file:///private/tmp/projects/jadx/jadx-core/src/main/java/jadx/core/dex/visitors/DotGraphVisitor.java
3905	jadx.core.dex.visitors.DotGraphVisitor	dumpRawRegions()	0	0	[]	false	public	true	file:///private/tmp/projects/jadx/jadx-core/src/main/java/jadx/core/dex/visitors/DotGraphVisitor.java
3906	jadx.core.dex.visitors.DotGraphVisitor	DotGraphVisitor(boolean,boolean)	0	2	[false, false]	false	private	false	file:///private/tmp/projects/jadx/jadx-core/src/main/java/jadx/core/dex/visitors/DotGraphVisitor.java
3907	jadx.core.dex.visitors.DotGraphVisitor	visit(jadx.core.dex.nodes.MethodNode)	2647	1	[false]	false	public	false	file:///private/tmp/projects/jadx/jadx-core/src/main/java/jadx/core/dex/visitors/DotGraphVisitor.java
3908	jadx.core.dex.visitors.DotGraphVisitor	save(java.io.File,jadx.core.dex.nodes.MethodNode)	0	2	[false, false]	false	public	false	file:///private/tmp/projects/jadx/jadx-core/src/main/java/jadx/core/dex/visitors/DotGraphVisitor.java
3909	jadx.core.dex.visitors.DotGraphVisitor$DumpDotGraph	DumpDotGraph(java.io.File)	0	1	[false]	false	public	false	file:///private/tmp/projects/jadx/jadx-core/src/main/java/jadx/core/dex/visitors/DotGraphVisitor.java
3910	jadx.core.dex.visitors.DotGraphVisitor$DumpDotGraph	process(jadx.core.dex.nodes.MethodNode)	0	1	[false]	false	public	false	file:///private/tmp/projects/jadx/jadx-core/src/main/java/jadx/core/dex/visitors/DotGraphVisitor.java
3911	jadx.core.dex.visitors.DotGraphVisitor$DumpDotGraph	processMethodRegion(jadx.core.dex.nodes.MethodNode)	0	1	[false]	false	private	false	file:///private/tmp/projects/jadx/jadx-core/src/main/java/jadx/core/dex/visitors/DotGraphVisitor.java
3912	jadx.core.dex.visitors.DotGraphVisitor$DumpDotGraph	processRegion(jadx.core.dex.nodes.MethodNode,jadx.core.dex.nodes.IContainer)	0	2	[false, false]	false	private	false	file:///private/tmp/projects/jadx/jadx-core/src/main/java/jadx/core/dex/visitors/DotGraphVisitor.java
3913	jadx.core.dex.visitors.DotGraphVisitor$DumpDotGraph	processBlock(jadx.core.dex.nodes.MethodNode,jadx.core.dex.nodes.BlockNode,boolean)	0	3	[false, false, false]	false	private	false	file:///private/tmp/projects/jadx/jadx-core/src/main/java/jadx/core/dex/visitors/DotGraphVisitor.java
3914	jadx.core.dex.visitors.DotGraphVisitor$DumpDotGraph	processIBlock(jadx.core.dex.nodes.MethodNode,jadx.core.dex.nodes.IBlock,boolean)	0	3	[false, false, false]	false	private	false	file:///private/tmp/projects/jadx/jadx-core/src/main/java/jadx/core/dex/visitors/DotGraphVisitor.java
3915	jadx.core.dex.visitors.DotGraphVisitor$DumpDotGraph	addEdge(jadx.core.dex.nodes.BlockNode,jadx.core.dex.nodes.BlockNode,java.lang.String)	0	3	[false, false, false]	false	private	false	file:///private/tmp/projects/jadx/jadx-core/src/main/java/jadx/core/dex/visitors/DotGraphVisitor.java
3916	jadx.core.dex.visitors.DotGraphVisitor$DumpDotGraph	attributesString(jadx.core.dex.attributes.IAttributeNode)	0	1	[false]	false	private	true	file:///private/tmp/projects/jadx/jadx-core/src/main/java/jadx/core/dex/visitors/DotGraphVisitor.java
3917	jadx.core.dex.visitors.DotGraphVisitor$DumpDotGraph	makeName(jadx.core.dex.nodes.IContainer)	0	1	[false]	false	private	true	file:///private/tmp/projects/jadx/jadx-core/src/main/java/jadx/core/dex/visitors/DotGraphVisitor.java
3918	jadx.core.dex.visitors.DotGraphVisitor$DumpDotGraph	insertInsns(jadx.core.dex.nodes.MethodNode,jadx.core.dex.nodes.IBlock)	0	2	[false, false]	false	private	true	file:///private/tmp/projects/jadx/jadx-core/src/main/java/jadx/core/dex/visitors/DotGraphVisitor.java
3919	jadx.core.dex.visitors.DotGraphVisitor$DumpDotGraph	escape(java.lang.Object)	0	1	[false]	false	private	true	file:///private/tmp/projects/jadx/jadx-core/src/main/java/jadx/core/dex/visitors/DotGraphVisitor.java
3920	jadx.core.dex.visitors.DotGraphVisitor$DumpDotGraph	escape(java.lang.String)	0	1	[false]	false	private	true	file:///private/tmp/projects/jadx/jadx-core/src/main/java/jadx/core/dex/visitors/DotGraphVisitor.java
3921	jadx.core.dex.visitors.InlineMethods	visit(jadx.core.dex.nodes.MethodNode)	2647	1	[false]	false	public	false	file:///private/tmp/projects/jadx/jadx-core/src/main/java/jadx/core/dex/visitors/InlineMethods.java
3922	jadx.core.dex.visitors.InlineMethods	processInvokeInsn(jadx.core.dex.nodes.MethodNode,jadx.core.dex.nodes.BlockNode,jadx.core.dex.instructions.InvokeNode)	0	3	[false, false, false]	false	private	false	file:///private/tmp/projects/jadx/jadx-core/src/main/java/jadx/core/dex/visitors/InlineMethods.java
3923	jadx.core.dex.visitors.InlineMethods	inlineMethod(jadx.core.dex.nodes.MethodNode,jadx.core.dex.nodes.MethodNode,jadx.core.dex.attributes.nodes.MethodInlineAttr,jadx.core.dex.nodes.BlockNode,jadx.core.dex.instructions.InvokeNode)	0	5	[false, false, false, false, false]	false	private	false	file:///private/tmp/projects/jadx/jadx-core/src/main/java/jadx/core/dex/visitors/InlineMethods.java
3924	jadx.core.dex.visitors.InlineMethods	isAssignNeeded(jadx.core.dex.nodes.InsnNode,jadx.core.dex.instructions.InvokeNode,jadx.core.dex.nodes.MethodNode)	0	3	[false, false, false]	false	private	false	file:///private/tmp/projects/jadx/jadx-core/src/main/java/jadx/core/dex/visitors/InlineMethods.java
3925	jadx.core.dex.visitors.InlineMethods	makeFakeArg(jadx.core.dex.nodes.MethodNode,jadx.core.dex.instructions.args.ArgType,java.lang.String)	0	3	[false, false, false]	false	private	true	file:///private/tmp/projects/jadx/jadx-core/src/main/java/jadx/core/dex/visitors/InlineMethods.java
3926	jadx.core.dex.visitors.InlineMethods	updateUsageInfo(jadx.core.dex.nodes.MethodNode,jadx.core.dex.nodes.MethodNode,jadx.core.dex.nodes.InsnNode)	0	3	[false, false, false]	false	private	false	file:///private/tmp/projects/jadx/jadx-core/src/main/java/jadx/core/dex/visitors/InlineMethods.java
3927	jadx.core.dex.visitors.InlineMethods	replaceClsUsage(jadx.core.dex.nodes.MethodNode,jadx.core.dex.nodes.MethodNode,jadx.core.dex.nodes.ClassNode)	0	3	[false, false, false]	false	private	false	file:///private/tmp/projects/jadx/jadx-core/src/main/java/jadx/core/dex/visitors/InlineMethods.java
3928	jadx.core.dex.visitors.InitCodeVariables	visit(jadx.core.dex.nodes.MethodNode)	2647	1	[false]	false	public	false	file:///private/tmp/projects/jadx/jadx-core/src/main/java/jadx/core/dex/visitors/InitCodeVariables.java
3929	jadx.core.dex.visitors.InitCodeVariables	rerun(jadx.core.dex.nodes.MethodNode)	0	1	[false]	false	public	false	file:///private/tmp/projects/jadx/jadx-core/src/main/java/jadx/core/dex/visitors/InitCodeVariables.java
3930	jadx.core.dex.visitors.InitCodeVariables	initCodeVars(jadx.core.dex.nodes.MethodNode)	0	1	[false]	false	private	false	file:///private/tmp/projects/jadx/jadx-core/src/main/java/jadx/core/dex/visitors/InitCodeVariables.java
3931	jadx.core.dex.visitors.InitCodeVariables	initCodeVar(jadx.core.dex.nodes.MethodNode,jadx.core.dex.instructions.args.RegisterArg)	0	2	[false, false]	false	public	false	file:///private/tmp/projects/jadx/jadx-core/src/main/java/jadx/core/dex/visitors/InitCodeVariables.java
3932	jadx.core.dex.visitors.InitCodeVariables	initCodeVar(jadx.core.dex.instructions.args.SSAVar)	0	1	[false]	false	public	false	file:///private/tmp/projects/jadx/jadx-core/src/main/java/jadx/core/dex/visitors/InitCodeVariables.java
3933	jadx.core.dex.visitors.InitCodeVariables	setCodeVar(jadx.core.dex.instructions.args.SSAVar,jadx.core.dex.instructions.args.CodeVar)	0	2	[false, false]	false	private	false	file:///private/tmp/projects/jadx/jadx-core/src/main/java/jadx/core/dex/visitors/InitCodeVariables.java
3934	jadx.core.dex.visitors.InitCodeVariables	setCodeVarType(jadx.core.dex.instructions.args.CodeVar,java.util.Set<jadx.core.dex.instructions.args.SSAVar>)	0	2	[false, false]	false	private	false	file:///private/tmp/projects/jadx/jadx-core/src/main/java/jadx/core/dex/visitors/InitCodeVariables.java
3935	jadx.core.dex.visitors.InitCodeVariables	collectConnectedVars(java.util.List<jadx.core.dex.instructions.PhiInsn>,java.util.Set<jadx.core.dex.instructions.args.SSAVar>)	0	2	[false, false]	false	private	false	file:///private/tmp/projects/jadx/jadx-core/src/main/java/jadx/core/dex/visitors/InitCodeVariables.java
3936	jadx.core.dex.visitors.DepthTraversal	visit(jadx.core.dex.visitors.IDexTreeVisitor,jadx.core.dex.nodes.ClassNode)	0	2	[false, false]	false	public	false	file:///private/tmp/projects/jadx/jadx-core/src/main/java/jadx/core/dex/visitors/DepthTraversal.java
3937	jadx.core.dex.visitors.DepthTraversal	visit(jadx.core.dex.visitors.IDexTreeVisitor,jadx.core.dex.nodes.MethodNode)	0	2	[false, false]	false	public	false	file:///private/tmp/projects/jadx/jadx-core/src/main/java/jadx/core/dex/visitors/DepthTraversal.java
3938	jadx.core.dex.visitors.DepthTraversal	DepthTraversal()	0	0	[]	false	private	false	file:///private/tmp/projects/jadx/jadx-core/src/main/java/jadx/core/dex/visitors/DepthTraversal.java
3939	jadx.core.dex.visitors.AttachMethodDetails	init(jadx.core.dex.nodes.RootNode)	3328	1	[false]	false	public	false	file:///private/tmp/projects/jadx/jadx-core/src/main/java/jadx/core/dex/visitors/AttachMethodDetails.java
3940	jadx.core.dex.visitors.AttachMethodDetails	visit(jadx.core.dex.nodes.MethodNode)	2647	1	[false]	false	public	false	file:///private/tmp/projects/jadx/jadx-core/src/main/java/jadx/core/dex/visitors/AttachMethodDetails.java
3941	jadx.core.dex.visitors.AttachMethodDetails	attachMethodDetails(jadx.core.dex.instructions.BaseInvokeNode)	0	1	[false]	false	private	false	file:///private/tmp/projects/jadx/jadx-core/src/main/java/jadx/core/dex/visitors/AttachMethodDetails.java
3942	jadx.core.dex.visitors.shrink.ArgsInfo	ArgsInfo(jadx.core.dex.nodes.InsnNode,java.util.List<jadx.core.dex.visitors.shrink.ArgsInfo>,int)	0	3	[false, false, false]	false	public	false	file:///private/tmp/projects/jadx/jadx-core/src/main/java/jadx/core/dex/visitors/shrink/ArgsInfo.java
3943	jadx.core.dex.visitors.shrink.ArgsInfo	getArgs(jadx.core.dex.nodes.InsnNode)	0	1	[false]	false	public	true	file:///private/tmp/projects/jadx/jadx-core/src/main/java/jadx/core/dex/visitors/shrink/ArgsInfo.java
3944	jadx.core.dex.visitors.shrink.ArgsInfo	addArgs(jadx.core.dex.nodes.InsnNode,java.util.List<jadx.core.dex.instructions.args.RegisterArg>)	0	2	[false, false]	false	private	false	file:///private/tmp/projects/jadx/jadx-core/src/main/java/jadx/core/dex/visitors/shrink/ArgsInfo.java
3945	jadx.core.dex.visitors.shrink.ArgsInfo	getInsn()	0	0	[]	false	public	true	file:///private/tmp/projects/jadx/jadx-core/src/main/java/jadx/core/dex/visitors/shrink/ArgsInfo.java
3946	jadx.core.dex.visitors.shrink.ArgsInfo	getArgs()	0	0	[]	false	package	true	file:///private/tmp/projects/jadx/jadx-core/src/main/java/jadx/core/dex/visitors/shrink/ArgsInfo.java
3947	jadx.core.dex.visitors.shrink.ArgsInfo	checkInline(int,jadx.core.dex.instructions.args.RegisterArg)	0	2	[false, false]	true	public	true	file:///private/tmp/projects/jadx/jadx-core/src/main/java/jadx/core/dex/visitors/shrink/ArgsInfo.java
3948	jadx.core.dex.visitors.shrink.ArgsInfo	canMove(int,int)	0	2	[false, false]	false	private	false	file:///private/tmp/projects/jadx/jadx-core/src/main/java/jadx/core/dex/visitors/shrink/ArgsInfo.java
3949	jadx.core.dex.visitors.shrink.ArgsInfo	usedArgAssign(jadx.core.dex.nodes.InsnNode,java.util.BitSet)	0	2	[false, false]	false	package	false	file:///private/tmp/projects/jadx/jadx-core/src/main/java/jadx/core/dex/visitors/shrink/ArgsInfo.java
3950	jadx.core.dex.visitors.shrink.ArgsInfo	inline(int,jadx.core.dex.instructions.args.RegisterArg)	0	2	[false, false]	false	package	true	file:///private/tmp/projects/jadx/jadx-core/src/main/java/jadx/core/dex/visitors/shrink/ArgsInfo.java
3951	jadx.core.dex.visitors.shrink.ArgsInfo	getInlinedInsn()	0	0	[]	true	package	true	file:///private/tmp/projects/jadx/jadx-core/src/main/java/jadx/core/dex/visitors/shrink/ArgsInfo.java
3952	jadx.core.dex.visitors.shrink.ArgsInfo	toString()	83	0	[]	false	public	true	file:///private/tmp/projects/jadx/jadx-core/src/main/java/jadx/core/dex/visitors/shrink/ArgsInfo.java
3953	jadx.core.dex.visitors.shrink.WrapInfo	WrapInfo(jadx.core.dex.nodes.InsnNode,jadx.core.dex.instructions.args.RegisterArg)	0	2	[false, false]	false	package	false	file:///private/tmp/projects/jadx/jadx-core/src/main/java/jadx/core/dex/visitors/shrink/WrapInfo.java
3954	jadx.core.dex.visitors.shrink.WrapInfo	getInsn()	0	0	[]	false	package	true	file:///private/tmp/projects/jadx/jadx-core/src/main/java/jadx/core/dex/visitors/shrink/WrapInfo.java
3955	jadx.core.dex.visitors.shrink.WrapInfo	getArg()	0	0	[]	false	package	true	file:///private/tmp/projects/jadx/jadx-core/src/main/java/jadx/core/dex/visitors/shrink/WrapInfo.java
3956	jadx.core.dex.visitors.shrink.WrapInfo	toString()	83	0	[]	false	public	true	file:///private/tmp/projects/jadx/jadx-core/src/main/java/jadx/core/dex/visitors/shrink/WrapInfo.java
3957	jadx.core.dex.visitors.shrink.CodeShrinkVisitor	visit(jadx.core.dex.nodes.MethodNode)	2647	1	[false]	false	public	false	file:///private/tmp/projects/jadx/jadx-core/src/main/java/jadx/core/dex/visitors/shrink/CodeShrinkVisitor.java
3958	jadx.core.dex.visitors.shrink.CodeShrinkVisitor	shrinkMethod(jadx.core.dex.nodes.MethodNode)	0	1	[false]	false	public	false	file:///private/tmp/projects/jadx/jadx-core/src/main/java/jadx/core/dex/visitors/shrink/CodeShrinkVisitor.java
3959	jadx.core.dex.visitors.shrink.CodeShrinkVisitor	shrinkBlock(jadx.core.dex.nodes.MethodNode,jadx.core.dex.nodes.BlockNode)	0	2	[false, false]	false	private	false	file:///private/tmp/projects/jadx/jadx-core/src/main/java/jadx/core/dex/visitors/shrink/CodeShrinkVisitor.java
3960	jadx.core.dex.visitors.shrink.CodeShrinkVisitor	checkInline(jadx.core.dex.nodes.MethodNode,jadx.core.dex.nodes.BlockNode,jadx.core.utils.InsnList,java.util.List<jadx.core.dex.visitors.shrink.WrapInfo>,jadx.core.dex.visitors.shrink.ArgsInfo,jadx.core.dex.instructions.args.RegisterArg)	0	6	[false, false, false, false, false, false]	false	private	false	file:///private/tmp/projects/jadx/jadx-core/src/main/java/jadx/core/dex/visitors/shrink/CodeShrinkVisitor.java
3961	jadx.core.dex.visitors.shrink.CodeShrinkVisitor	varWithSameNameExists(jadx.core.dex.nodes.MethodNode,jadx.core.dex.instructions.args.SSAVar)	0	2	[false, false]	false	private	false	file:///private/tmp/projects/jadx/jadx-core/src/main/java/jadx/core/dex/visitors/shrink/CodeShrinkVisitor.java
3962	jadx.core.dex.visitors.shrink.CodeShrinkVisitor	searchArgWithName(jadx.core.dex.nodes.InsnNode,java.lang.String)	0	2	[false, false]	false	private	false	file:///private/tmp/projects/jadx/jadx-core/src/main/java/jadx/core/dex/visitors/shrink/CodeShrinkVisitor.java
3963	jadx.core.dex.visitors.shrink.CodeShrinkVisitor	assignInline(jadx.core.dex.nodes.MethodNode,jadx.core.dex.instructions.args.RegisterArg,jadx.core.dex.nodes.InsnNode,jadx.core.dex.nodes.BlockNode)	0	4	[false, false, false, false]	false	private	false	file:///private/tmp/projects/jadx/jadx-core/src/main/java/jadx/core/dex/visitors/shrink/CodeShrinkVisitor.java
3964	jadx.core.dex.visitors.shrink.CodeShrinkVisitor	inline(jadx.core.dex.nodes.MethodNode,jadx.core.dex.instructions.args.RegisterArg,jadx.core.dex.nodes.InsnNode,jadx.core.dex.nodes.BlockNode)	0	4	[false, false, false, false]	false	private	false	file:///private/tmp/projects/jadx/jadx-core/src/main/java/jadx/core/dex/visitors/shrink/CodeShrinkVisitor.java
3965	jadx.core.dex.visitors.shrink.CodeShrinkVisitor	canMoveBetweenBlocks(jadx.core.dex.nodes.MethodNode,jadx.core.dex.nodes.InsnNode,jadx.core.dex.nodes.BlockNode,jadx.core.dex.nodes.BlockNode,jadx.core.dex.nodes.InsnNode)	0	5	[false, false, false, false, false]	false	private	false	file:///private/tmp/projects/jadx/jadx-core/src/main/java/jadx/core/dex/visitors/shrink/CodeShrinkVisitor.java
3966	jadx.core.dex.visitors.shrink.CodeShrinkVisitor	simplifyMoveInsns(jadx.core.dex.nodes.MethodNode,jadx.core.dex.nodes.BlockNode)	0	2	[false, false]	false	private	false	file:///private/tmp/projects/jadx/jadx-core/src/main/java/jadx/core/dex/visitors/shrink/CodeShrinkVisitor.java
3967	jadx.core.dex.visitors.ExtractFieldInit	visit(jadx.core.dex.nodes.ClassNode)	3329	1	[false]	false	public	false	file:///private/tmp/projects/jadx/jadx-core/src/main/java/jadx/core/dex/visitors/ExtractFieldInit.java
3968	jadx.core.dex.visitors.ExtractFieldInit$FieldInitInfo	FieldInitInfo(jadx.core.dex.nodes.FieldNode,jadx.core.dex.instructions.IndexInsnNode,boolean)	0	3	[false, false, false]	false	public	false	file:///private/tmp/projects/jadx/jadx-core/src/main/java/jadx/core/dex/visitors/ExtractFieldInit.java
3969	jadx.core.dex.visitors.ExtractFieldInit$ConstructorInitInfo	ConstructorInitInfo(jadx.core.dex.nodes.MethodNode,java.util.List<jadx.core.dex.visitors.ExtractFieldInit.FieldInitInfo>)	0	2	[false, false]	false	private	false	file:///private/tmp/projects/jadx/jadx-core/src/main/java/jadx/core/dex/visitors/ExtractFieldInit.java
3970	jadx.core.dex.visitors.ExtractFieldInit	moveStaticFieldsInit(jadx.core.dex.nodes.ClassNode)	0	1	[false]	false	private	false	file:///private/tmp/projects/jadx/jadx-core/src/main/java/jadx/core/dex/visitors/ExtractFieldInit.java
3971	jadx.core.dex.visitors.ExtractFieldInit	processStaticFields(jadx.core.dex.nodes.ClassNode,jadx.core.dex.nodes.MethodNode)	0	2	[false, false]	false	private	false	file:///private/tmp/projects/jadx/jadx-core/src/main/java/jadx/core/dex/visitors/ExtractFieldInit.java
3972	jadx.core.dex.visitors.ExtractFieldInit	moveCommonFieldsInit(jadx.core.dex.nodes.ClassNode)	0	1	[false]	false	private	false	file:///private/tmp/projects/jadx/jadx-core/src/main/java/jadx/core/dex/visitors/ExtractFieldInit.java
3973	jadx.core.dex.visitors.ExtractFieldInit	collectFieldsInit(jadx.core.dex.nodes.ClassNode,jadx.core.dex.nodes.MethodNode,jadx.core.dex.instructions.InsnType)	0	3	[false, false, false]	false	private	true	file:///private/tmp/projects/jadx/jadx-core/src/main/java/jadx/core/dex/visitors/ExtractFieldInit.java
3974	jadx.core.dex.visitors.ExtractFieldInit	filterFieldsInit(java.util.List<jadx.core.dex.visitors.ExtractFieldInit.FieldInitInfo>)	0	1	[false]	false	private	false	file:///private/tmp/projects/jadx/jadx-core/src/main/java/jadx/core/dex/visitors/ExtractFieldInit.java
3975	jadx.core.dex.visitors.ExtractFieldInit	checkInsn(jadx.core.dex.visitors.ExtractFieldInit.FieldInitInfo)	0	1	[false]	false	private	false	file:///private/tmp/projects/jadx/jadx-core/src/main/java/jadx/core/dex/visitors/ExtractFieldInit.java
3976	jadx.core.dex.visitors.ExtractFieldInit	insnUseExcludedField(jadx.core.dex.visitors.ExtractFieldInit.FieldInitInfo,java.util.Set<jadx.core.dex.info.FieldInfo>)	0	2	[false, false]	false	private	false	file:///private/tmp/projects/jadx/jadx-core/src/main/java/jadx/core/dex/visitors/ExtractFieldInit.java
3977	jadx.core.dex.visitors.ExtractFieldInit	fixFieldsOrder(jadx.core.dex.nodes.ClassNode,java.util.List<jadx.core.dex.visitors.ExtractFieldInit.FieldInitInfo>)	0	2	[false, false]	false	private	false	file:///private/tmp/projects/jadx/jadx-core/src/main/java/jadx/core/dex/visitors/ExtractFieldInit.java
3978	jadx.core.dex.visitors.ExtractFieldInit	processFieldsDependencies(jadx.core.dex.nodes.ClassNode,java.util.List<jadx.core.dex.visitors.ExtractFieldInit.FieldInitInfo>)	0	2	[false, false]	false	private	true	file:///private/tmp/projects/jadx/jadx-core/src/main/java/jadx/core/dex/visitors/ExtractFieldInit.java
3979	jadx.core.dex.visitors.ExtractFieldInit	applyFieldsOrder(jadx.core.dex.nodes.ClassNode,java.util.List<jadx.core.dex.nodes.FieldNode>)	0	2	[false, false]	false	private	false	file:///private/tmp/projects/jadx/jadx-core/src/main/java/jadx/core/dex/visitors/ExtractFieldInit.java
3980	jadx.core.dex.visitors.ExtractFieldInit	compareFieldInits(java.util.List<jadx.core.dex.visitors.ExtractFieldInit.FieldInitInfo>,java.util.List<jadx.core.dex.visitors.ExtractFieldInit.FieldInitInfo>)	0	2	[false, false]	false	private	false	file:///private/tmp/projects/jadx/jadx-core/src/main/java/jadx/core/dex/visitors/ExtractFieldInit.java
3981	jadx.core.dex.visitors.ExtractFieldInit	getConstructorsList(jadx.core.dex.nodes.ClassNode)	0	1	[false]	false	private	true	file:///private/tmp/projects/jadx/jadx-core/src/main/java/jadx/core/dex/visitors/ExtractFieldInit.java
3982	jadx.core.dex.visitors.ExtractFieldInit	addFieldInitAttr(jadx.core.dex.nodes.MethodNode,jadx.core.dex.nodes.FieldNode,jadx.core.dex.nodes.InsnNode)	0	3	[false, false, false]	false	private	false	file:///private/tmp/projects/jadx/jadx-core/src/main/java/jadx/core/dex/visitors/ExtractFieldInit.java
3983	jadx.core.dex.visitors.ProcessAnonymous	init(jadx.core.dex.nodes.RootNode)	3328	1	[false]	false	public	false	file:///private/tmp/projects/jadx/jadx-core/src/main/java/jadx/core/dex/visitors/ProcessAnonymous.java
3984	jadx.core.dex.visitors.ProcessAnonymous	visit(jadx.core.dex.nodes.ClassNode)	3329	1	[false]	false	public	false	file:///private/tmp/projects/jadx/jadx-core/src/main/java/jadx/core/dex/visitors/ProcessAnonymous.java
3985	jadx.core.dex.visitors.ProcessAnonymous	visitClassAndInners(jadx.core.dex.nodes.ClassNode)	0	1	[false]	false	private	false	file:///private/tmp/projects/jadx/jadx-core/src/main/java/jadx/core/dex/visitors/ProcessAnonymous.java
3986	jadx.core.dex.visitors.ProcessAnonymous	markAnonymousClass(jadx.core.dex.nodes.ClassNode)	0	1	[false]	false	private	false	file:///private/tmp/projects/jadx/jadx-core/src/main/java/jadx/core/dex/visitors/ProcessAnonymous.java
3987	jadx.core.dex.visitors.ProcessAnonymous	undoAnonymousMark(jadx.core.dex.nodes.ClassNode)	0	1	[false]	false	private	false	file:///private/tmp/projects/jadx/jadx-core/src/main/java/jadx/core/dex/visitors/ProcessAnonymous.java
3988	jadx.core.dex.visitors.ProcessAnonymous	mergeAnonymousDeps(jadx.core.dex.nodes.RootNode)	0	1	[false]	false	private	false	file:///private/tmp/projects/jadx/jadx-core/src/main/java/jadx/core/dex/visitors/ProcessAnonymous.java
3989	jadx.core.dex.visitors.ProcessAnonymous	updateDeps(jadx.core.dex.nodes.ClassNode,java.util.Map<jadx.core.dex.nodes.ClassNode,jadx.core.dex.nodes.ClassNode>,java.util.Set<jadx.core.dex.nodes.ClassNode>)	0	3	[false, false, false]	false	private	false	file:///private/tmp/projects/jadx/jadx-core/src/main/java/jadx/core/dex/visitors/ProcessAnonymous.java
3990	jadx.core.dex.visitors.ProcessAnonymous	canBeAnonymous(jadx.core.dex.nodes.ClassNode)	0	1	[false]	false	private	false	file:///private/tmp/projects/jadx/jadx-core/src/main/java/jadx/core/dex/visitors/ProcessAnonymous.java
3991	jadx.core.dex.visitors.ProcessAnonymous	checkUsage(jadx.core.dex.nodes.ClassNode)	0	1	[false]	true	private	true	file:///private/tmp/projects/jadx/jadx-core/src/main/java/jadx/core/dex/visitors/ProcessAnonymous.java
3992	jadx.core.dex.visitors.ProcessAnonymous	badMethodUsage(jadx.core.dex.nodes.ClassNode,jadx.core.dex.nodes.MethodNode,jadx.core.dex.info.AccessInfo)	0	3	[false, false, false]	false	private	false	file:///private/tmp/projects/jadx/jadx-core/src/main/java/jadx/core/dex/visitors/ProcessAnonymous.java
3993	jadx.core.dex.visitors.ProcessAnonymous	checkForCommonFieldInit(jadx.core.dex.nodes.MethodNode)	0	1	[false]	false	private	false	file:///private/tmp/projects/jadx/jadx-core/src/main/java/jadx/core/dex/visitors/ProcessAnonymous.java
3994	jadx.core.dex.visitors.ProcessAnonymous	getBaseType(jadx.core.dex.nodes.ClassNode)	0	1	[false]	true	private	true	file:///private/tmp/projects/jadx/jadx-core/src/main/java/jadx/core/dex/visitors/ProcessAnonymous.java
3995	jadx.core.dex.visitors.ShadowFieldVisitor	init(jadx.core.dex.nodes.RootNode)	3328	1	[false]	false	public	false	file:///private/tmp/projects/jadx/jadx-core/src/main/java/jadx/core/dex/visitors/ShadowFieldVisitor.java
3996	jadx.core.dex.visitors.ShadowFieldVisitor	visit(jadx.core.dex.nodes.MethodNode)	2647	1	[false]	false	public	false	file:///private/tmp/projects/jadx/jadx-core/src/main/java/jadx/core/dex/visitors/ShadowFieldVisitor.java
3997	jadx.core.dex.visitors.ShadowFieldVisitor	searchShadowedFields(jadx.core.dex.nodes.ClassNode)	0	1	[false]	false	private	true	file:///private/tmp/projects/jadx/jadx-core/src/main/java/jadx/core/dex/visitors/ShadowFieldVisitor.java
3998	jadx.core.dex.visitors.ShadowFieldVisitor	groupByName(java.util.List<jadx.core.dex.nodes.FieldNode>)	0	1	[false]	false	private	true	file:///private/tmp/projects/jadx/jadx-core/src/main/java/jadx/core/dex/visitors/ShadowFieldVisitor.java
3999	jadx.core.dex.visitors.ShadowFieldVisitor	collectAllInstanceFields(jadx.core.dex.nodes.ClassNode)	0	1	[false]	false	private	true	file:///private/tmp/projects/jadx/jadx-core/src/main/java/jadx/core/dex/visitors/ShadowFieldVisitor.java
4000	jadx.core.dex.visitors.ShadowFieldVisitor	fixShadowFieldAccess(jadx.core.dex.nodes.MethodNode,@org.jetbrains.annotations.Nullable java.util.Map<java.lang.String,jadx.core.dex.visitors.ShadowFieldVisitor.FieldFixInfo>)	0	2	[false, true]	false	private	false	file:///private/tmp/projects/jadx/jadx-core/src/main/java/jadx/core/dex/visitors/ShadowFieldVisitor.java
4001	jadx.core.dex.visitors.ShadowFieldVisitor	processInsn(jadx.core.dex.nodes.MethodNode,jadx.core.dex.nodes.InsnNode,@org.jetbrains.annotations.Nullable java.util.Map<java.lang.String,jadx.core.dex.visitors.ShadowFieldVisitor.FieldFixInfo>)	0	3	[false, false, true]	false	private	false	file:///private/tmp/projects/jadx/jadx-core/src/main/java/jadx/core/dex/visitors/ShadowFieldVisitor.java
4002	jadx.core.dex.visitors.ShadowFieldVisitor	getFieldInfo(jadx.core.dex.nodes.InsnNode)	0	1	[false]	true	private	true	file:///private/tmp/projects/jadx/jadx-core/src/main/java/jadx/core/dex/visitors/ShadowFieldVisitor.java
4003	jadx.core.dex.visitors.ShadowFieldVisitor	fixFieldAccess(jadx.core.dex.nodes.MethodNode,jadx.core.dex.info.FieldInfo,jadx.core.dex.visitors.ShadowFieldVisitor.FieldFixType,jadx.core.dex.instructions.args.InsnArg)	0	4	[false, false, false, false]	false	private	false	file:///private/tmp/projects/jadx/jadx-core/src/main/java/jadx/core/dex/visitors/ShadowFieldVisitor.java
4004	jadx.core.dex.visitors.PrepareForCodeGen	visit(jadx.core.dex.nodes.ClassNode)	3329	1	[false]	false	public	false	file:///private/tmp/projects/jadx/jadx-core/src/main/java/jadx/core/dex/visitors/PrepareForCodeGen.java
4005	jadx.core.dex.visitors.PrepareForCodeGen	visit(jadx.core.dex.nodes.MethodNode)	2647	1	[false]	false	public	false	file:///private/tmp/projects/jadx/jadx-core/src/main/java/jadx/core/dex/visitors/PrepareForCodeGen.java
4006	jadx.core.dex.visitors.PrepareForCodeGen	removeInstructions(jadx.core.dex.nodes.BlockNode)	0	1	[false]	false	private	false	file:///private/tmp/projects/jadx/jadx-core/src/main/java/jadx/core/dex/visitors/PrepareForCodeGen.java
4007	jadx.core.dex.visitors.PrepareForCodeGen	checkInline(jadx.core.dex.nodes.BlockNode)	0	1	[false]	false	private	false	file:///private/tmp/projects/jadx/jadx-core/src/main/java/jadx/core/dex/visitors/PrepareForCodeGen.java
4008	jadx.core.dex.visitors.PrepareForCodeGen	checkConstUsage(jadx.core.dex.nodes.BlockNode)	0	1	[false]	false	private	false	file:///private/tmp/projects/jadx/jadx-core/src/main/java/jadx/core/dex/visitors/PrepareForCodeGen.java
4009	jadx.core.dex.visitors.PrepareForCodeGen	forbidExplicitType(jadx.core.dex.instructions.InsnType)	0	1	[false]	false	private	false	file:///private/tmp/projects/jadx/jadx-core/src/main/java/jadx/core/dex/visitors/PrepareForCodeGen.java
4010	jadx.core.dex.visitors.PrepareForCodeGen	removeParenthesis(jadx.core.dex.nodes.BlockNode)	0	1	[false]	false	private	false	file:///private/tmp/projects/jadx/jadx-core/src/main/java/jadx/core/dex/visitors/PrepareForCodeGen.java
4011	jadx.core.dex.visitors.PrepareForCodeGen	removeParenthesis(jadx.core.dex.nodes.InsnNode)	0	1	[false]	false	private	false	file:///private/tmp/projects/jadx/jadx-core/src/main/java/jadx/core/dex/visitors/PrepareForCodeGen.java
4012	jadx.core.dex.visitors.PrepareForCodeGen	removeParenthesis(jadx.core.dex.regions.conditions.IfCondition)	0	1	[false]	false	private	false	file:///private/tmp/projects/jadx/jadx-core/src/main/java/jadx/core/dex/visitors/PrepareForCodeGen.java
4013	jadx.core.dex.visitors.PrepareForCodeGen	modifyArith(jadx.core.dex.nodes.BlockNode)	0	1	[false]	false	private	false	file:///private/tmp/projects/jadx/jadx-core/src/main/java/jadx/core/dex/visitors/PrepareForCodeGen.java
4014	jadx.core.dex.visitors.PrepareForCodeGen	moveConstructorInConstructor(jadx.core.dex.nodes.MethodNode)	0	1	[false]	false	private	false	file:///private/tmp/projects/jadx/jadx-core/src/main/java/jadx/core/dex/visitors/PrepareForCodeGen.java
4015	jadx.core.dex.visitors.PrepareForCodeGen	searchConstructorCall(jadx.core.dex.nodes.MethodNode)	0	1	[false]	true	private	true	file:///private/tmp/projects/jadx/jadx-core/src/main/java/jadx/core/dex/visitors/PrepareForCodeGen.java
4016	jadx.core.dex.visitors.PrepareForCodeGen	setClassSourceLine(jadx.core.dex.nodes.ClassNode)	0	1	[false]	false	private	false	file:///private/tmp/projects/jadx/jadx-core/src/main/java/jadx/core/dex/visitors/PrepareForCodeGen.java
4017	jadx.core.dex.visitors.PrepareForCodeGen	collectFieldsUsageInAnnotations(jadx.core.dex.nodes.ClassNode)	0	1	[false]	false	private	false	file:///private/tmp/projects/jadx/jadx-core/src/main/java/jadx/core/dex/visitors/PrepareForCodeGen.java
4018	jadx.core.dex.visitors.PrepareForCodeGen	collectFieldsUsageInAnnotations(jadx.core.dex.nodes.MethodNode,jadx.core.dex.attributes.AttrNode)	0	2	[false, false]	false	private	false	file:///private/tmp/projects/jadx/jadx-core/src/main/java/jadx/core/dex/visitors/PrepareForCodeGen.java
4019	jadx.core.dex.visitors.PrepareForCodeGen	checkEncodedValue(jadx.core.dex.nodes.MethodNode,jadx.api.plugins.input.data.annotations.EncodedValue)	0	2	[false, false]	false	private	false	file:///private/tmp/projects/jadx/jadx-core/src/main/java/jadx/core/dex/visitors/PrepareForCodeGen.java
4020	jadx.core.dex.visitors.ssa.LiveVarAnalysis	LiveVarAnalysis(jadx.core.dex.nodes.MethodNode)	0	1	[false]	false	public	false	file:///private/tmp/projects/jadx/jadx-core/src/main/java/jadx/core/dex/visitors/ssa/LiveVarAnalysis.java
4021	jadx.core.dex.visitors.ssa.LiveVarAnalysis	runAnalysis()	0	0	[]	false	public	false	file:///private/tmp/projects/jadx/jadx-core/src/main/java/jadx/core/dex/visitors/ssa/LiveVarAnalysis.java
4022	jadx.core.dex.visitors.ssa.LiveVarAnalysis	getAssignBlocks(int)	0	1	[false]	false	public	true	file:///private/tmp/projects/jadx/jadx-core/src/main/java/jadx/core/dex/visitors/ssa/LiveVarAnalysis.java
4023	jadx.core.dex.visitors.ssa.LiveVarAnalysis	isLive(int,int)	0	2	[false, false]	false	public	false	file:///private/tmp/projects/jadx/jadx-core/src/main/java/jadx/core/dex/visitors/ssa/LiveVarAnalysis.java
4024	jadx.core.dex.visitors.ssa.LiveVarAnalysis	isLive(jadx.core.dex.nodes.BlockNode,int)	0	2	[false, false]	false	public	false	file:///private/tmp/projects/jadx/jadx-core/src/main/java/jadx/core/dex/visitors/ssa/LiveVarAnalysis.java
4025	jadx.core.dex.visitors.ssa.LiveVarAnalysis	fillBasicBlockInfo()	0	0	[]	false	private	false	file:///private/tmp/projects/jadx/jadx-core/src/main/java/jadx/core/dex/visitors/ssa/LiveVarAnalysis.java
4026	jadx.core.dex.visitors.ssa.LiveVarAnalysis	processLiveInfo()	0	0	[]	false	private	false	file:///private/tmp/projects/jadx/jadx-core/src/main/java/jadx/core/dex/visitors/ssa/LiveVarAnalysis.java
4027	jadx.core.dex.visitors.ssa.LiveVarAnalysis	initBitSetArray(int,int)	0	2	[false, false]	false	private	true	file:///private/tmp/projects/jadx/jadx-core/src/main/java/jadx/core/dex/visitors/ssa/LiveVarAnalysis.java
4028	jadx.core.dex.visitors.ssa.RenameState	init(jadx.core.dex.nodes.MethodNode)	0	1	[false]	false	public	true	file:///private/tmp/projects/jadx/jadx-core/src/main/java/jadx/core/dex/visitors/ssa/RenameState.java
4029	jadx.core.dex.visitors.ssa.RenameState	copyFrom(jadx.core.dex.visitors.ssa.RenameState,jadx.core.dex.nodes.BlockNode)	0	2	[false, false]	false	public	true	file:///private/tmp/projects/jadx/jadx-core/src/main/java/jadx/core/dex/visitors/ssa/RenameState.java
4030	jadx.core.dex.visitors.ssa.RenameState	RenameState(jadx.core.dex.nodes.MethodNode,jadx.core.dex.nodes.BlockNode,jadx.core.dex.instructions.args.SSAVar[],int[])	0	4	[false, false, false, false]	false	private	false	file:///private/tmp/projects/jadx/jadx-core/src/main/java/jadx/core/dex/visitors/ssa/RenameState.java
4031	jadx.core.dex.visitors.ssa.RenameState	getBlock()	0	0	[]	false	public	true	file:///private/tmp/projects/jadx/jadx-core/src/main/java/jadx/core/dex/visitors/ssa/RenameState.java
4032	jadx.core.dex.visitors.ssa.RenameState	getVar(int)	0	1	[false]	false	public	true	file:///private/tmp/projects/jadx/jadx-core/src/main/java/jadx/core/dex/visitors/ssa/RenameState.java
4033	jadx.core.dex.visitors.ssa.RenameState	startVar(jadx.core.dex.instructions.args.RegisterArg)	0	1	[false]	false	public	true	file:///private/tmp/projects/jadx/jadx-core/src/main/java/jadx/core/dex/visitors/ssa/RenameState.java
4034	jadx.core.dex.visitors.ssa.SSATransform	visit(jadx.core.dex.nodes.MethodNode)	2647	1	[false]	false	public	false	file:///private/tmp/projects/jadx/jadx-core/src/main/java/jadx/core/dex/visitors/ssa/SSATransform.java
4035	jadx.core.dex.visitors.ssa.SSATransform	rerun(jadx.core.dex.nodes.MethodNode)	0	1	[false]	false	public	false	file:///private/tmp/projects/jadx/jadx-core/src/main/java/jadx/core/dex/visitors/ssa/SSATransform.java
4036	jadx.core.dex.visitors.ssa.SSATransform	process(jadx.core.dex.nodes.MethodNode)	0	1	[false]	false	private	false	file:///private/tmp/projects/jadx/jadx-core/src/main/java/jadx/core/dex/visitors/ssa/SSATransform.java
4037	jadx.core.dex.visitors.ssa.SSATransform	placePhi(jadx.core.dex.nodes.MethodNode,int,jadx.core.dex.visitors.ssa.LiveVarAnalysis)	0	3	[false, false, false]	false	private	false	file:///private/tmp/projects/jadx/jadx-core/src/main/java/jadx/core/dex/visitors/ssa/SSATransform.java
4038	jadx.core.dex.visitors.ssa.SSATransform	addPhi(jadx.core.dex.nodes.MethodNode,jadx.core.dex.nodes.BlockNode,int)	0	3	[false, false, false]	false	public	true	file:///private/tmp/projects/jadx/jadx-core/src/main/java/jadx/core/dex/visitors/ssa/SSATransform.java
4039	jadx.core.dex.visitors.ssa.SSATransform	renameVariables(jadx.core.dex.nodes.MethodNode)	0	1	[false]	false	private	false	file:///private/tmp/projects/jadx/jadx-core/src/main/java/jadx/core/dex/visitors/ssa/SSATransform.java
4040	jadx.core.dex.visitors.ssa.SSATransform	initPhiInEnterBlock(jadx.core.dex.visitors.ssa.RenameState)	0	1	[false]	false	private	false	file:///private/tmp/projects/jadx/jadx-core/src/main/java/jadx/core/dex/visitors/ssa/SSATransform.java
4041	jadx.core.dex.visitors.ssa.SSATransform	renameVarsInBlock(jadx.core.dex.nodes.MethodNode,jadx.core.dex.visitors.ssa.RenameState)	0	2	[false, false]	false	private	false	file:///private/tmp/projects/jadx/jadx-core/src/main/java/jadx/core/dex/visitors/ssa/SSATransform.java
4042	jadx.core.dex.visitors.ssa.SSATransform	bindPhiArg(jadx.core.dex.visitors.ssa.RenameState,jadx.core.dex.instructions.PhiInsn)	0	2	[false, false]	false	private	false	file:///private/tmp/projects/jadx/jadx-core/src/main/java/jadx/core/dex/visitors/ssa/SSATransform.java
4043	jadx.core.dex.visitors.ssa.SSATransform	fixLastAssignInTry(jadx.core.dex.nodes.MethodNode)	0	1	[false]	false	private	false	file:///private/tmp/projects/jadx/jadx-core/src/main/java/jadx/core/dex/visitors/ssa/SSATransform.java
4044	jadx.core.dex.visitors.ssa.SSATransform	fixPhiInTryCatch(jadx.core.dex.instructions.PhiInsn)	0	1	[false]	false	private	false	file:///private/tmp/projects/jadx/jadx-core/src/main/java/jadx/core/dex/visitors/ssa/SSATransform.java
4045	jadx.core.dex.visitors.ssa.SSATransform	removeBlockerInsns(jadx.core.dex.nodes.MethodNode)	0	1	[false]	false	private	false	file:///private/tmp/projects/jadx/jadx-core/src/main/java/jadx/core/dex/visitors/ssa/SSATransform.java
4046	jadx.core.dex.visitors.ssa.SSATransform	fixUselessPhi(jadx.core.dex.nodes.MethodNode)	0	1	[false]	false	private	false	file:///private/tmp/projects/jadx/jadx-core/src/main/java/jadx/core/dex/visitors/ssa/SSATransform.java
4047	jadx.core.dex.visitors.ssa.SSATransform	fixPhiWithSameArgs(jadx.core.dex.nodes.MethodNode,jadx.core.dex.nodes.BlockNode,jadx.core.dex.instructions.PhiInsn)	0	3	[false, false, false]	false	private	false	file:///private/tmp/projects/jadx/jadx-core/src/main/java/jadx/core/dex/visitors/ssa/SSATransform.java
4048	jadx.core.dex.visitors.ssa.SSATransform	isSameArgs(jadx.core.dex.instructions.PhiInsn)	0	1	[false]	false	private	false	file:///private/tmp/projects/jadx/jadx-core/src/main/java/jadx/core/dex/visitors/ssa/SSATransform.java
4049	jadx.core.dex.visitors.ssa.SSATransform	removePhiList(jadx.core.dex.nodes.MethodNode,java.util.List<jadx.core.dex.instructions.PhiInsn>)	0	2	[false, false]	false	private	false	file:///private/tmp/projects/jadx/jadx-core/src/main/java/jadx/core/dex/visitors/ssa/SSATransform.java
4050	jadx.core.dex.visitors.ssa.SSATransform	replacePhiWithMove(jadx.core.dex.nodes.MethodNode,jadx.core.dex.nodes.BlockNode,jadx.core.dex.instructions.PhiInsn,jadx.core.dex.instructions.args.RegisterArg)	0	4	[false, false, false, false]	false	private	false	file:///private/tmp/projects/jadx/jadx-core/src/main/java/jadx/core/dex/visitors/ssa/SSATransform.java
4051	jadx.core.dex.visitors.ssa.SSATransform	inlinePhiInsn(jadx.core.dex.nodes.MethodNode,jadx.core.dex.nodes.BlockNode,jadx.core.dex.instructions.PhiInsn)	0	3	[false, false, false]	false	private	false	file:///private/tmp/projects/jadx/jadx-core/src/main/java/jadx/core/dex/visitors/ssa/SSATransform.java
4052	jadx.core.dex.visitors.ssa.SSATransform	markThisArgs(jadx.core.dex.instructions.args.RegisterArg)	0	1	[true]	false	private	false	file:///private/tmp/projects/jadx/jadx-core/src/main/java/jadx/core/dex/visitors/ssa/SSATransform.java
4053	jadx.core.dex.visitors.ssa.SSATransform	markOneArgAsThis(jadx.core.dex.instructions.args.RegisterArg)	0	1	[false]	false	private	false	file:///private/tmp/projects/jadx/jadx-core/src/main/java/jadx/core/dex/visitors/ssa/SSATransform.java
4054	jadx.core.dex.visitors.ssa.SSATransform	hidePhiInsns(jadx.core.dex.nodes.MethodNode)	0	1	[false]	false	private	false	file:///private/tmp/projects/jadx/jadx-core/src/main/java/jadx/core/dex/visitors/ssa/SSATransform.java
4055	jadx.core.dex.visitors.ssa.SSATransform	resetSSAVars(jadx.core.dex.nodes.MethodNode)	0	1	[false]	false	private	false	file:///private/tmp/projects/jadx/jadx-core/src/main/java/jadx/core/dex/visitors/ssa/SSATransform.java
4056	jadx.core.dex.visitors.ssa.SSATransform	removeUnusedInvokeResults(jadx.core.dex.nodes.MethodNode)	0	1	[false]	false	private	false	file:///private/tmp/projects/jadx/jadx-core/src/main/java/jadx/core/dex/visitors/ssa/SSATransform.java
4057	jadx.core.dex.visitors.CheckCode	visit(jadx.core.dex.nodes.MethodNode)	2647	1	[false]	false	public	false	file:///private/tmp/projects/jadx/jadx-core/src/main/java/jadx/core/dex/visitors/CheckCode.java
4058	jadx.core.dex.visitors.CheckCode	canRemoveMethod(jadx.core.dex.nodes.MethodNode)	0	1	[false]	false	private	false	file:///private/tmp/projects/jadx/jadx-core/src/main/java/jadx/core/dex/visitors/CheckCode.java
4059	jadx.core.dex.visitors.CheckCode	checkInstructions(jadx.core.dex.nodes.MethodNode)	0	1	[false]	false	public	false	file:///private/tmp/projects/jadx/jadx-core/src/main/java/jadx/core/dex/visitors/CheckCode.java
4060	jadx.core.dex.visitors.SignatureProcessor	init(jadx.core.dex.nodes.RootNode)	3328	1	[false]	false	public	false	file:///private/tmp/projects/jadx/jadx-core/src/main/java/jadx/core/dex/visitors/SignatureProcessor.java
4061	jadx.core.dex.visitors.SignatureProcessor	visit(jadx.core.dex.nodes.ClassNode)	3329	1	[false]	false	public	false	file:///private/tmp/projects/jadx/jadx-core/src/main/java/jadx/core/dex/visitors/SignatureProcessor.java
4062	jadx.core.dex.visitors.SignatureProcessor	parseClassSignature(jadx.core.dex.nodes.ClassNode)	0	1	[false]	false	private	false	file:///private/tmp/projects/jadx/jadx-core/src/main/java/jadx/core/dex/visitors/SignatureProcessor.java
4063	jadx.core.dex.visitors.SignatureProcessor	validateClsType(jadx.core.dex.nodes.ClassNode,jadx.core.dex.instructions.args.ArgType,jadx.core.dex.instructions.args.ArgType)	0	3	[false, false, true]	true	private	true	file:///private/tmp/projects/jadx/jadx-core/src/main/java/jadx/core/dex/visitors/SignatureProcessor.java
4064	jadx.core.dex.visitors.SignatureProcessor	parseFieldSignature(jadx.core.dex.nodes.FieldNode)	0	1	[false]	false	private	false	file:///private/tmp/projects/jadx/jadx-core/src/main/java/jadx/core/dex/visitors/SignatureProcessor.java
4065	jadx.core.dex.visitors.SignatureProcessor	parseMethodSignature(jadx.core.dex.nodes.MethodNode)	0	1	[false]	false	private	false	file:///private/tmp/projects/jadx/jadx-core/src/main/java/jadx/core/dex/visitors/SignatureProcessor.java
4066	jadx.core.dex.visitors.SignatureProcessor	validateAndApplyTypes(jadx.core.dex.nodes.MethodNode,jadx.core.dex.nodes.parser.SignatureParser,jadx.core.dex.instructions.args.ArgType,java.util.List<jadx.core.dex.instructions.args.ArgType>)	0	4	[false, false, false, false]	false	private	false	file:///private/tmp/projects/jadx/jadx-core/src/main/java/jadx/core/dex/visitors/SignatureProcessor.java
4067	jadx.core.dex.visitors.SignatureProcessor	checkArgTypes(jadx.core.dex.nodes.MethodNode,jadx.core.dex.nodes.parser.SignatureParser,java.util.List<jadx.core.dex.instructions.args.ArgType>)	0	3	[false, false, false]	true	private	true	file:///private/tmp/projects/jadx/jadx-core/src/main/java/jadx/core/dex/visitors/SignatureProcessor.java
4068	jadx.core.dex.visitors.SignatureProcessor	validateParsedType(jadx.core.dex.instructions.args.ArgType,jadx.core.dex.instructions.args.ArgType)	0	2	[false, false]	false	private	false	file:///private/tmp/projects/jadx/jadx-core/src/main/java/jadx/core/dex/visitors/SignatureProcessor.java
4069	jadx.core.dex.visitors.SignatureProcessor	validateInnerType(java.util.List<jadx.core.dex.instructions.args.ArgType>)	0	1	[false]	false	private	false	file:///private/tmp/projects/jadx/jadx-core/src/main/java/jadx/core/dex/visitors/SignatureProcessor.java
4070	jadx.core.dex.visitors.SignatureProcessor	validateInnerType(jadx.core.dex.instructions.args.ArgType)	0	1	[false]	false	private	false	file:///private/tmp/projects/jadx/jadx-core/src/main/java/jadx/core/dex/visitors/SignatureProcessor.java
4071	jadx.core.dex.nodes.parser.SignatureParser	SignatureParser(java.lang.String)	0	1	[false]	false	public	false	file:///private/tmp/projects/jadx/jadx-core/src/main/java/jadx/core/dex/nodes/parser/SignatureParser.java
4072	jadx.core.dex.nodes.parser.SignatureParser	fromNode(jadx.core.dex.attributes.IAttributeNode)	0	1	[false]	true	public	true	file:///private/tmp/projects/jadx/jadx-core/src/main/java/jadx/core/dex/nodes/parser/SignatureParser.java
4073	jadx.core.dex.nodes.parser.SignatureParser	getSignature(jadx.core.dex.attributes.IAttributeNode)	0	1	[false]	true	public	true	file:///private/tmp/projects/jadx/jadx-core/src/main/java/jadx/core/dex/nodes/parser/SignatureParser.java
4074	jadx.core.dex.nodes.parser.SignatureParser	next()	0	0	[]	false	private	false	file:///private/tmp/projects/jadx/jadx-core/src/main/java/jadx/core/dex/nodes/parser/SignatureParser.java
4075	jadx.core.dex.nodes.parser.SignatureParser	lookAhead(char)	0	1	[false]	false	private	false	file:///private/tmp/projects/jadx/jadx-core/src/main/java/jadx/core/dex/nodes/parser/SignatureParser.java
4076	jadx.core.dex.nodes.parser.SignatureParser	mark()	0	0	[]	false	private	false	file:///private/tmp/projects/jadx/jadx-core/src/main/java/jadx/core/dex/nodes/parser/SignatureParser.java
4077	jadx.core.dex.nodes.parser.SignatureParser	slice()	0	0	[]	false	private	true	file:///private/tmp/projects/jadx/jadx-core/src/main/java/jadx/core/dex/nodes/parser/SignatureParser.java
4078	jadx.core.dex.nodes.parser.SignatureParser	inclusiveSlice()	0	0	[]	false	private	true	file:///private/tmp/projects/jadx/jadx-core/src/main/java/jadx/core/dex/nodes/parser/SignatureParser.java
4079	jadx.core.dex.nodes.parser.SignatureParser	skipUntil(char)	0	1	[false]	false	private	false	file:///private/tmp/projects/jadx/jadx-core/src/main/java/jadx/core/dex/nodes/parser/SignatureParser.java
4080	jadx.core.dex.nodes.parser.SignatureParser	consume(char)	0	1	[false]	false	private	false	file:///private/tmp/projects/jadx/jadx-core/src/main/java/jadx/core/dex/nodes/parser/SignatureParser.java
4081	jadx.core.dex.nodes.parser.SignatureParser	tryConsume(char)	0	1	[false]	false	private	false	file:///private/tmp/projects/jadx/jadx-core/src/main/java/jadx/core/dex/nodes/parser/SignatureParser.java
4082	jadx.core.dex.nodes.parser.SignatureParser	consumeUntil(char)	0	1	[false]	true	public	true	file:///private/tmp/projects/jadx/jadx-core/src/main/java/jadx/core/dex/nodes/parser/SignatureParser.java
4083	jadx.core.dex.nodes.parser.SignatureParser	consumeType()	0	0	[]	false	public	true	file:///private/tmp/projects/jadx/jadx-core/src/main/java/jadx/core/dex/nodes/parser/SignatureParser.java
4084	jadx.core.dex.nodes.parser.SignatureParser	consumeObjectType(boolean)	0	1	[false]	true	private	true	file:///private/tmp/projects/jadx/jadx-core/src/main/java/jadx/core/dex/nodes/parser/SignatureParser.java
4085	jadx.core.dex.nodes.parser.SignatureParser	consumeGenericArgs()	0	0	[]	false	private	true	file:///private/tmp/projects/jadx/jadx-core/src/main/java/jadx/core/dex/nodes/parser/SignatureParser.java
4086	jadx.core.dex.nodes.parser.SignatureParser	consumeGenericTypeParameters()	0	0	[]	false	public	true	file:///private/tmp/projects/jadx/jadx-core/src/main/java/jadx/core/dex/nodes/parser/SignatureParser.java
4087	jadx.core.dex.nodes.parser.SignatureParser	consumeExtendsTypesList()	0	0	[]	false	private	true	file:///private/tmp/projects/jadx/jadx-core/src/main/java/jadx/core/dex/nodes/parser/SignatureParser.java
4088	jadx.core.dex.nodes.parser.SignatureParser	consumeMethodArgs(int)	0	1	[false]	false	public	true	file:///private/tmp/projects/jadx/jadx-core/src/main/java/jadx/core/dex/nodes/parser/SignatureParser.java
4089	jadx.core.dex.nodes.parser.SignatureParser	mergeSignature(java.util.List<java.lang.String>)	0	1	[false]	false	private	true	file:///private/tmp/projects/jadx/jadx-core/src/main/java/jadx/core/dex/nodes/parser/SignatureParser.java
4090	jadx.core.dex.nodes.parser.SignatureParser	getSignature()	0	0	[]	false	public	true	file:///private/tmp/projects/jadx/jadx-core/src/main/java/jadx/core/dex/nodes/parser/SignatureParser.java
4091	jadx.core.dex.nodes.parser.SignatureParser	debugString()	0	0	[]	false	private	true	file:///private/tmp/projects/jadx/jadx-core/src/main/java/jadx/core/dex/nodes/parser/SignatureParser.java
4092	jadx.core.dex.nodes.parser.SignatureParser	toString()	83	0	[]	false	public	true	file:///private/tmp/projects/jadx/jadx-core/src/main/java/jadx/core/dex/nodes/parser/SignatureParser.java
4093	jadx.core.dex.visitors.FixAccessModifiers	init(jadx.core.dex.nodes.RootNode)	3328	1	[false]	false	public	false	file:///private/tmp/projects/jadx/jadx-core/src/main/java/jadx/core/dex/visitors/FixAccessModifiers.java
4094	jadx.core.dex.visitors.FixAccessModifiers	visit(jadx.core.dex.nodes.ClassNode)	3329	1	[false]	false	public	false	file:///private/tmp/projects/jadx/jadx-core/src/main/java/jadx/core/dex/visitors/FixAccessModifiers.java
4095	jadx.core.dex.visitors.FixAccessModifiers	visit(jadx.core.dex.nodes.MethodNode)	2647	1	[false]	false	public	false	file:///private/tmp/projects/jadx/jadx-core/src/main/java/jadx/core/dex/visitors/FixAccessModifiers.java
4096	jadx.core.dex.visitors.FixAccessModifiers	changeVisibility(jadx.core.dex.attributes.nodes.NotificationAttrNode,int)	0	2	[false, false]	false	public	false	file:///private/tmp/projects/jadx/jadx-core/src/main/java/jadx/core/dex/visitors/FixAccessModifiers.java
4097	jadx.core.dex.visitors.FixAccessModifiers	fixClassVisibility(jadx.core.dex.nodes.ClassNode)	0	1	[false]	false	private	false	file:///private/tmp/projects/jadx/jadx-core/src/main/java/jadx/core/dex/visitors/FixAccessModifiers.java
4098	jadx.core.dex.visitors.FixAccessModifiers	fixMethodVisibility(jadx.core.dex.nodes.MethodNode)	0	1	[false]	false	private	false	file:///private/tmp/projects/jadx/jadx-core/src/main/java/jadx/core/dex/visitors/FixAccessModifiers.java
4099	jadx.core.dex.visitors.MarkMethodsForInline	visit(jadx.core.dex.nodes.MethodNode)	2647	1	[false]	false	public	false	file:///private/tmp/projects/jadx/jadx-core/src/main/java/jadx/core/dex/visitors/MarkMethodsForInline.java
4100	jadx.core.dex.visitors.MarkMethodsForInline	process(jadx.core.dex.nodes.MethodNode)	0	1	[false]	true	public	true	file:///private/tmp/projects/jadx/jadx-core/src/main/java/jadx/core/dex/visitors/MarkMethodsForInline.java
4101	jadx.core.dex.visitors.MarkMethodsForInline	inlineMth(jadx.core.dex.nodes.MethodNode)	0	1	[false]	true	private	true	file:///private/tmp/projects/jadx/jadx-core/src/main/java/jadx/core/dex/visitors/MarkMethodsForInline.java
4102	jadx.core.dex.visitors.MarkMethodsForInline	addInlineAttr(jadx.core.dex.nodes.MethodNode,jadx.core.dex.nodes.InsnNode)	0	2	[false, false]	true	private	true	file:///private/tmp/projects/jadx/jadx-core/src/main/java/jadx/core/dex/visitors/MarkMethodsForInline.java
4103	jadx.core.dex.visitors.MarkMethodsForInline	fixVisibilityOfInlineCode(jadx.core.dex.nodes.MethodNode,jadx.core.dex.nodes.InsnNode)	0	2	[false, false]	false	private	false	file:///private/tmp/projects/jadx/jadx-core/src/main/java/jadx/core/dex/visitors/MarkMethodsForInline.java
4104	jadx.core.dex.visitors.debuginfo.DebugInfoApplyVisitor	visit(jadx.core.dex.nodes.MethodNode)	2647	1	[false]	false	public	false	file:///private/tmp/projects/jadx/jadx-core/src/main/java/jadx/core/dex/visitors/debuginfo/DebugInfoApplyVisitor.java
4105	jadx.core.dex.visitors.debuginfo.DebugInfoApplyVisitor	applyDebugInfo(jadx.core.dex.nodes.MethodNode)	0	1	[false]	false	private	false	file:///private/tmp/projects/jadx/jadx-core/src/main/java/jadx/core/dex/visitors/debuginfo/DebugInfoApplyVisitor.java
4106	jadx.core.dex.visitors.debuginfo.DebugInfoApplyVisitor	searchAndApplyVarDebugInfo(jadx.core.dex.nodes.MethodNode,jadx.core.dex.instructions.args.SSAVar)	0	2	[false, false]	false	private	false	file:///private/tmp/projects/jadx/jadx-core/src/main/java/jadx/core/dex/visitors/debuginfo/DebugInfoApplyVisitor.java
4107	jadx.core.dex.visitors.debuginfo.DebugInfoApplyVisitor	searchDebugInfoByOffset(jadx.core.dex.nodes.MethodNode,jadx.core.dex.instructions.args.SSAVar)	0	2	[false, false]	false	private	false	file:///private/tmp/projects/jadx/jadx-core/src/main/java/jadx/core/dex/visitors/debuginfo/DebugInfoApplyVisitor.java
4108	jadx.core.dex.visitors.debuginfo.DebugInfoApplyVisitor	isInside(int,int,int)	0	3	[false, false, false]	false	private	false	file:///private/tmp/projects/jadx/jadx-core/src/main/java/jadx/core/dex/visitors/debuginfo/DebugInfoApplyVisitor.java
4109	jadx.core.dex.visitors.debuginfo.DebugInfoApplyVisitor	getInsnOffsetByArg(jadx.core.dex.instructions.args.InsnArg)	0	1	[false]	false	private	false	file:///private/tmp/projects/jadx/jadx-core/src/main/java/jadx/core/dex/visitors/debuginfo/DebugInfoApplyVisitor.java
4110	jadx.core.dex.visitors.debuginfo.DebugInfoApplyVisitor	applyDebugInfo(jadx.core.dex.nodes.MethodNode,jadx.core.dex.instructions.args.SSAVar,jadx.core.dex.instructions.args.RegisterArg)	0	3	[false, false, false]	false	public	false	file:///private/tmp/projects/jadx/jadx-core/src/main/java/jadx/core/dex/visitors/debuginfo/DebugInfoApplyVisitor.java
4111	jadx.core.dex.visitors.debuginfo.DebugInfoApplyVisitor	applyDebugInfo(jadx.core.dex.nodes.MethodNode,jadx.core.dex.instructions.args.SSAVar,jadx.core.dex.instructions.args.ArgType,java.lang.String)	0	4	[false, false, false, true]	false	public	false	file:///private/tmp/projects/jadx/jadx-core/src/main/java/jadx/core/dex/visitors/debuginfo/DebugInfoApplyVisitor.java
4112	jadx.core.dex.visitors.debuginfo.DebugInfoApplyVisitor	fixLinesForReturn(jadx.core.dex.nodes.MethodNode)	0	1	[false]	false	private	false	file:///private/tmp/projects/jadx/jadx-core/src/main/java/jadx/core/dex/visitors/debuginfo/DebugInfoApplyVisitor.java
4113	jadx.core.dex.visitors.debuginfo.DebugInfoApplyVisitor	fixNamesForPhiInsns(jadx.core.dex.nodes.MethodNode)	0	1	[false]	false	private	false	file:///private/tmp/projects/jadx/jadx-core/src/main/java/jadx/core/dex/visitors/debuginfo/DebugInfoApplyVisitor.java
4114	jadx.core.dex.visitors.debuginfo.DebugInfoApplyVisitor	addArgName(jadx.core.dex.instructions.args.InsnArg,java.util.Set<java.lang.String>)	0	2	[false, false]	false	private	false	file:///private/tmp/projects/jadx/jadx-core/src/main/java/jadx/core/dex/visitors/debuginfo/DebugInfoApplyVisitor.java
4115	jadx.core.dex.visitors.debuginfo.DebugInfoApplyVisitor	setNameForInsn(jadx.core.dex.instructions.PhiInsn,java.lang.String)	0	2	[false, false]	false	private	false	file:///private/tmp/projects/jadx/jadx-core/src/main/java/jadx/core/dex/visitors/debuginfo/DebugInfoApplyVisitor.java
4116	jadx.core.dex.visitors.debuginfo.DebugInfoApplyVisitor	processMethodParametersAttribute(jadx.core.dex.nodes.MethodNode)	0	1	[false]	false	private	false	file:///private/tmp/projects/jadx/jadx-core/src/main/java/jadx/core/dex/visitors/debuginfo/DebugInfoApplyVisitor.java
4117	jadx.core.dex.visitors.debuginfo.DebugInfoAttachVisitor	visit(jadx.core.dex.nodes.MethodNode)	2647	1	[false]	false	public	false	file:///private/tmp/projects/jadx/jadx-core/src/main/java/jadx/core/dex/visitors/debuginfo/DebugInfoAttachVisitor.java
4118	jadx.core.dex.visitors.debuginfo.DebugInfoAttachVisitor	processDebugInfo(jadx.core.dex.nodes.MethodNode,jadx.api.plugins.input.data.IDebugInfo)	0	2	[false, false]	false	private	false	file:///private/tmp/projects/jadx/jadx-core/src/main/java/jadx/core/dex/visitors/debuginfo/DebugInfoAttachVisitor.java
4119	jadx.core.dex.visitors.debuginfo.DebugInfoAttachVisitor	attachSourceLines(jadx.core.dex.nodes.MethodNode,java.util.Map<java.lang.Integer,java.lang.Integer>,jadx.core.dex.nodes.InsnNode[])	0	3	[false, false, false]	false	private	false	file:///private/tmp/projects/jadx/jadx-core/src/main/java/jadx/core/dex/visitors/debuginfo/DebugInfoAttachVisitor.java
4120	jadx.core.dex.visitors.debuginfo.DebugInfoAttachVisitor	attachDebugInfo(jadx.core.dex.nodes.MethodNode,java.util.List<jadx.api.plugins.input.data.ILocalVar>,jadx.core.dex.nodes.InsnNode[])	0	3	[false, false, false]	false	private	false	file:///private/tmp/projects/jadx/jadx-core/src/main/java/jadx/core/dex/visitors/debuginfo/DebugInfoAttachVisitor.java
4121	jadx.core.dex.visitors.debuginfo.DebugInfoAttachVisitor	attachDebugInfo(jadx.core.dex.instructions.args.InsnArg,jadx.core.dex.attributes.nodes.RegDebugInfoAttr,int)	0	3	[false, false, false]	false	private	false	file:///private/tmp/projects/jadx/jadx-core/src/main/java/jadx/core/dex/visitors/debuginfo/DebugInfoAttachVisitor.java
4122	jadx.core.dex.visitors.debuginfo.DebugInfoAttachVisitor	getVarType(jadx.core.dex.nodes.MethodNode,jadx.api.plugins.input.data.ILocalVar)	0	2	[false, false]	false	public	true	file:///private/tmp/projects/jadx/jadx-core/src/main/java/jadx/core/dex/visitors/debuginfo/DebugInfoAttachVisitor.java
4123	jadx.core.dex.visitors.debuginfo.DebugInfoAttachVisitor	checkSignature(jadx.core.dex.nodes.MethodNode,jadx.core.dex.instructions.args.ArgType,jadx.core.dex.instructions.args.ArgType)	0	3	[false, false, false]	false	private	false	file:///private/tmp/projects/jadx/jadx-core/src/main/java/jadx/core/dex/visitors/debuginfo/DebugInfoAttachVisitor.java
4124	jadx.core.dex.visitors.debuginfo.DebugInfoAttachVisitor	setMethodSourceLine(jadx.core.dex.nodes.MethodNode,jadx.core.dex.nodes.InsnNode[])	0	2	[false, false]	false	private	false	file:///private/tmp/projects/jadx/jadx-core/src/main/java/jadx/core/dex/visitors/debuginfo/DebugInfoAttachVisitor.java
4125	jadx.core.dex.visitors.ReSugarCode	visit(jadx.core.dex.nodes.ClassNode)	3329	1	[false]	false	public	false	file:///private/tmp/projects/jadx/jadx-core/src/main/java/jadx/core/dex/visitors/ReSugarCode.java
4126	jadx.core.dex.visitors.ReSugarCode	visit(jadx.core.dex.nodes.MethodNode)	2647	1	[false]	false	public	false	file:///private/tmp/projects/jadx/jadx-core/src/main/java/jadx/core/dex/visitors/ReSugarCode.java
4127	jadx.core.dex.visitors.ReSugarCode	process(jadx.core.dex.nodes.MethodNode,java.util.List<jadx.core.dex.nodes.InsnNode>,int,jadx.core.utils.InsnRemover)	0	4	[false, false, false, false]	false	private	false	file:///private/tmp/projects/jadx/jadx-core/src/main/java/jadx/core/dex/visitors/ReSugarCode.java
4128	jadx.core.dex.visitors.ReSugarCode	processNewArray(jadx.core.dex.nodes.MethodNode,jadx.core.dex.instructions.NewArrayNode,java.util.List<jadx.core.dex.nodes.InsnNode>,jadx.core.utils.InsnRemover)	0	4	[false, false, false, false]	false	private	false	file:///private/tmp/projects/jadx/jadx-core/src/main/java/jadx/core/dex/visitors/ReSugarCode.java
4129	jadx.core.dex.visitors.ReSugarCode	replaceConstInArg(jadx.core.dex.nodes.MethodNode,jadx.core.dex.instructions.args.InsnArg)	0	2	[false, false]	false	private	true	file:///private/tmp/projects/jadx/jadx-core/src/main/java/jadx/core/dex/visitors/ReSugarCode.java
4130	jadx.core.dex.visitors.ReSugarCode	processEnumSwitch(jadx.core.dex.nodes.MethodNode,jadx.core.dex.instructions.SwitchInsn)	0	2	[false, false]	false	private	false	file:///private/tmp/projects/jadx/jadx-core/src/main/java/jadx/core/dex/visitors/ReSugarCode.java
4131	jadx.core.dex.visitors.ReSugarCode	initClsEnumMap(jadx.core.dex.nodes.ClassNode)	0	1	[false]	false	private	false	file:///private/tmp/projects/jadx/jadx-core/src/main/java/jadx/core/dex/visitors/ReSugarCode.java
4132	jadx.core.dex.visitors.ReSugarCode	getEnumMap(jadx.core.dex.nodes.MethodNode,jadx.core.dex.nodes.FieldNode)	0	2	[false, false]	true	private	true	file:///private/tmp/projects/jadx/jadx-core/src/main/java/jadx/core/dex/visitors/ReSugarCode.java
4133	jadx.core.dex.visitors.ReSugarCode	addToEnumMap(jadx.core.dex.nodes.RootNode,jadx.core.dex.attributes.nodes.EnumMapAttr,jadx.core.dex.nodes.InsnNode)	0	3	[false, false, false]	false	private	false	file:///private/tmp/projects/jadx/jadx-core/src/main/java/jadx/core/dex/visitors/ReSugarCode.java
4134	jadx.core.dex.visitors.ReSugarCode	checkEnumMapAccess(jadx.core.dex.nodes.RootNode,jadx.core.dex.nodes.InsnNode)	0	2	[false, false]	true	public	true	file:///private/tmp/projects/jadx/jadx-core/src/main/java/jadx/core/dex/visitors/ReSugarCode.java
4135	jadx.core.dex.visitors.ReSugarCode	checkAndHideClass(jadx.core.dex.nodes.ClassNode)	0	1	[false]	false	private	false	file:///private/tmp/projects/jadx/jadx-core/src/main/java/jadx/core/dex/visitors/ReSugarCode.java
4136	jadx.core.dex.visitors.ReSugarCode$EnumMapInfo	EnumMapInfo(jadx.core.dex.instructions.args.InsnArg,jadx.core.dex.nodes.FieldNode)	0	2	[false, false]	false	public	false	file:///private/tmp/projects/jadx/jadx-core/src/main/java/jadx/core/dex/visitors/ReSugarCode.java
4137	jadx.core.dex.visitors.ReSugarCode$EnumMapInfo	getArg()	0	0	[]	false	public	true	file:///private/tmp/projects/jadx/jadx-core/src/main/java/jadx/core/dex/visitors/ReSugarCode.java
4138	jadx.core.dex.visitors.ReSugarCode$EnumMapInfo	getMapField()	0	0	[]	false	public	true	file:///private/tmp/projects/jadx/jadx-core/src/main/java/jadx/core/dex/visitors/ReSugarCode.java
4139	jadx.core.dex.visitors.MoveInlineVisitor	visit(jadx.core.dex.nodes.MethodNode)	2647	1	[false]	false	public	false	file:///private/tmp/projects/jadx/jadx-core/src/main/java/jadx/core/dex/visitors/MoveInlineVisitor.java
4140	jadx.core.dex.visitors.MoveInlineVisitor	moveInline(jadx.core.dex.nodes.MethodNode)	0	1	[false]	false	public	false	file:///private/tmp/projects/jadx/jadx-core/src/main/java/jadx/core/dex/visitors/MoveInlineVisitor.java
4141	jadx.core.dex.visitors.MoveInlineVisitor	processMove(jadx.core.dex.nodes.MethodNode,jadx.core.dex.nodes.InsnNode)	0	2	[false, false]	false	private	false	file:///private/tmp/projects/jadx/jadx-core/src/main/java/jadx/core/dex/visitors/MoveInlineVisitor.java
4142	jadx.core.dex.visitors.MoveInlineVisitor	deleteMove(jadx.core.dex.nodes.MethodNode,jadx.core.dex.nodes.InsnNode)	0	2	[false, false]	false	private	false	file:///private/tmp/projects/jadx/jadx-core/src/main/java/jadx/core/dex/visitors/MoveInlineVisitor.java
4143	jadx.core.dex.visitors.ModVisitor	visit(jadx.core.dex.nodes.ClassNode)	3329	1	[false]	false	public	false	file:///private/tmp/projects/jadx/jadx-core/src/main/java/jadx/core/dex/visitors/ModVisitor.java
4144	jadx.core.dex.visitors.ModVisitor	visit(jadx.core.dex.nodes.MethodNode)	2647	1	[false]	false	public	false	file:///private/tmp/projects/jadx/jadx-core/src/main/java/jadx/core/dex/visitors/ModVisitor.java
4145	jadx.core.dex.visitors.ModVisitor	replaceStep(jadx.core.dex.nodes.MethodNode,jadx.core.utils.InsnRemover)	0	2	[false, false]	false	private	false	file:///private/tmp/projects/jadx/jadx-core/src/main/java/jadx/core/dex/visitors/ModVisitor.java
4146	jadx.core.dex.visitors.ModVisitor	fixFieldUsage(jadx.core.dex.nodes.MethodNode,jadx.core.dex.instructions.IndexInsnNode)	0	2	[false, false]	false	private	false	file:///private/tmp/projects/jadx/jadx-core/src/main/java/jadx/core/dex/visitors/ModVisitor.java
4147	jadx.core.dex.visitors.ModVisitor	isFieldVisibleInMethod(jadx.core.dex.nodes.FieldNode,jadx.core.dex.nodes.MethodNode)	0	2	[false, false]	false	private	false	file:///private/tmp/projects/jadx/jadx-core/src/main/java/jadx/core/dex/visitors/ModVisitor.java
4148	jadx.core.dex.visitors.ModVisitor	replaceConstKeys(jadx.core.dex.nodes.MethodNode,jadx.core.dex.nodes.ClassNode,jadx.core.dex.instructions.SwitchInsn)	0	3	[false, false, false]	false	private	false	file:///private/tmp/projects/jadx/jadx-core/src/main/java/jadx/core/dex/visitors/ModVisitor.java
4149	jadx.core.dex.visitors.ModVisitor	fixPrimitiveCast(jadx.core.dex.nodes.MethodNode,jadx.core.dex.nodes.BlockNode,int,jadx.core.dex.nodes.InsnNode)	0	4	[false, false, false, false]	false	private	false	file:///private/tmp/projects/jadx/jadx-core/src/main/java/jadx/core/dex/visitors/ModVisitor.java
4150	jadx.core.dex.visitors.ModVisitor	makeBooleanConvertInsn(jadx.core.dex.instructions.args.RegisterArg,jadx.core.dex.instructions.args.InsnArg,jadx.core.dex.instructions.args.ArgType)	0	3	[false, false, false]	false	public	true	file:///private/tmp/projects/jadx/jadx-core/src/main/java/jadx/core/dex/visitors/ModVisitor.java
4151	jadx.core.dex.visitors.ModVisitor	replaceConstInAnnotations(jadx.core.dex.nodes.ClassNode)	0	1	[false]	false	private	false	file:///private/tmp/projects/jadx/jadx-core/src/main/java/jadx/core/dex/visitors/ModVisitor.java
4152	jadx.core.dex.visitors.ModVisitor	replaceConstsInAnnotationForAttrNode(jadx.core.dex.nodes.ClassNode,jadx.core.dex.attributes.AttrNode)	0	2	[false, false]	false	private	false	file:///private/tmp/projects/jadx/jadx-core/src/main/java/jadx/core/dex/visitors/ModVisitor.java
4153	jadx.core.dex.visitors.ModVisitor	replaceConstValue(jadx.core.dex.nodes.ClassNode,jadx.api.plugins.input.data.annotations.EncodedValue)	0	2	[false, false]	false	private	true	file:///private/tmp/projects/jadx/jadx-core/src/main/java/jadx/core/dex/visitors/ModVisitor.java
4154	jadx.core.dex.visitors.ModVisitor	replaceConst(jadx.core.dex.nodes.MethodNode,jadx.core.dex.nodes.ClassNode,jadx.core.dex.nodes.BlockNode,int,jadx.core.dex.nodes.InsnNode)	0	5	[false, false, false, false, false]	false	private	false	file:///private/tmp/projects/jadx/jadx-core/src/main/java/jadx/core/dex/visitors/ModVisitor.java
4155	jadx.core.dex.visitors.ModVisitor	processArith(jadx.core.dex.nodes.MethodNode,jadx.core.dex.nodes.ClassNode,jadx.core.dex.instructions.ArithNode)	0	3	[false, false, false]	false	private	false	file:///private/tmp/projects/jadx/jadx-core/src/main/java/jadx/core/dex/visitors/ModVisitor.java
4156	jadx.core.dex.visitors.ModVisitor	checkArrSizes(jadx.core.dex.nodes.MethodNode,jadx.core.dex.instructions.NewArrayNode,jadx.core.dex.instructions.FillArrayInsn)	0	3	[false, false, false]	false	private	false	file:///private/tmp/projects/jadx/jadx-core/src/main/java/jadx/core/dex/visitors/ModVisitor.java
4157	jadx.core.dex.visitors.ModVisitor	removeCheckCast(jadx.core.dex.nodes.MethodNode,jadx.core.dex.nodes.BlockNode,int,jadx.core.dex.instructions.IndexInsnNode)	0	4	[false, false, false, false]	false	private	false	file:///private/tmp/projects/jadx/jadx-core/src/main/java/jadx/core/dex/visitors/ModVisitor.java
4158	jadx.core.dex.visitors.ModVisitor	isCastDuplicate(jadx.core.dex.instructions.IndexInsnNode)	0	1	[false]	true	private	true	file:///private/tmp/projects/jadx/jadx-core/src/main/java/jadx/core/dex/visitors/ModVisitor.java
4159	jadx.core.dex.visitors.ModVisitor	removeStep(jadx.core.dex.nodes.MethodNode,jadx.core.utils.InsnRemover)	0	2	[false, false]	false	private	false	file:///private/tmp/projects/jadx/jadx-core/src/main/java/jadx/core/dex/visitors/ModVisitor.java
4160	jadx.core.dex.visitors.ModVisitor	iterativeRemoveStep(jadx.core.dex.nodes.MethodNode)	0	1	[false]	false	private	false	file:///private/tmp/projects/jadx/jadx-core/src/main/java/jadx/core/dex/visitors/ModVisitor.java
4161	jadx.core.dex.visitors.ModVisitor	isResultArgNotUsed(jadx.core.dex.nodes.InsnNode)	0	1	[false]	false	private	false	file:///private/tmp/projects/jadx/jadx-core/src/main/java/jadx/core/dex/visitors/ModVisitor.java
4162	jadx.core.dex.visitors.ModVisitor	processAnonymousConstructor(jadx.core.dex.nodes.MethodNode,jadx.core.dex.instructions.mods.ConstructorInsn)	0	2	[false, false]	false	private	false	file:///private/tmp/projects/jadx/jadx-core/src/main/java/jadx/core/dex/visitors/ModVisitor.java
4163	jadx.core.dex.visitors.ModVisitor	anonymousCallArgMod(jadx.core.dex.instructions.args.InsnArg)	0	1	[false]	false	private	false	file:///private/tmp/projects/jadx/jadx-core/src/main/java/jadx/core/dex/visitors/ModVisitor.java
4164	jadx.core.dex.visitors.ModVisitor	getFirstUseSkipMove(jadx.core.dex.instructions.args.RegisterArg)	0	1	[false]	true	private	true	file:///private/tmp/projects/jadx/jadx-core/src/main/java/jadx/core/dex/visitors/ModVisitor.java
4165	jadx.core.dex.visitors.ModVisitor	makeFilledArrayInsn(jadx.core.dex.nodes.MethodNode,jadx.core.dex.instructions.NewArrayNode,jadx.core.dex.instructions.FillArrayInsn)	0	3	[false, false, false]	false	private	true	file:///private/tmp/projects/jadx/jadx-core/src/main/java/jadx/core/dex/visitors/ModVisitor.java
4166	jadx.core.dex.visitors.ModVisitor	processMoveException(jadx.core.dex.nodes.MethodNode,jadx.core.dex.nodes.BlockNode,jadx.core.dex.nodes.InsnNode,jadx.core.utils.InsnRemover)	0	4	[false, false, false, false]	false	private	false	file:///private/tmp/projects/jadx/jadx-core/src/main/java/jadx/core/dex/visitors/ModVisitor.java
4167	jadx.core.dex.visitors.ProcessMethodsForInline	init(jadx.core.dex.nodes.RootNode)	3328	1	[false]	false	public	false	file:///private/tmp/projects/jadx/jadx-core/src/main/java/jadx/core/dex/visitors/ProcessMethodsForInline.java
4168	jadx.core.dex.visitors.ProcessMethodsForInline	visit(jadx.core.dex.nodes.ClassNode)	3329	1	[false]	false	public	false	file:///private/tmp/projects/jadx/jadx-core/src/main/java/jadx/core/dex/visitors/ProcessMethodsForInline.java
4169	jadx.core.dex.visitors.ProcessMethodsForInline	canInline(jadx.core.dex.nodes.MethodNode)	0	1	[false]	false	private	false	file:///private/tmp/projects/jadx/jadx-core/src/main/java/jadx/core/dex/visitors/ProcessMethodsForInline.java
4170	jadx.core.dex.visitors.ProcessMethodsForInline	canInlineMethod(jadx.core.dex.nodes.MethodNode,jadx.core.dex.info.AccessInfo)	0	2	[false, false]	false	private	false	file:///private/tmp/projects/jadx/jadx-core/src/main/java/jadx/core/dex/visitors/ProcessMethodsForInline.java
4171	jadx.core.dex.visitors.ProcessMethodsForInline	fixClassDependencies(jadx.core.dex.nodes.MethodNode)	0	1	[false]	false	private	false	file:///private/tmp/projects/jadx/jadx-core/src/main/java/jadx/core/dex/visitors/ProcessMethodsForInline.java
4172	jadx.core.dex.visitors.rename.CodeRenameVisitor	init(jadx.core.dex.nodes.RootNode)	3328	1	[false]	false	public	false	file:///private/tmp/projects/jadx/jadx-core/src/main/java/jadx/core/dex/visitors/rename/CodeRenameVisitor.java
4173	jadx.core.dex.visitors.rename.CodeRenameVisitor	visit(jadx.core.dex.nodes.ClassNode)	3329	1	[false]	false	public	false	file:///private/tmp/projects/jadx/jadx-core/src/main/java/jadx/core/dex/visitors/rename/CodeRenameVisitor.java
4174	jadx.core.dex.visitors.rename.CodeRenameVisitor	applyRenames(jadx.core.dex.nodes.ClassNode,java.util.List<jadx.api.data.ICodeRename>)	0	2	[false, false]	false	private	false	file:///private/tmp/projects/jadx/jadx-core/src/main/java/jadx/core/dex/visitors/rename/CodeRenameVisitor.java
4175	jadx.core.dex.visitors.rename.CodeRenameVisitor	processRename(jadx.core.dex.nodes.MethodNode,jadx.api.data.IJavaCodeRef,jadx.api.data.ICodeRename)	0	3	[false, false, false]	false	private	false	file:///private/tmp/projects/jadx/jadx-core/src/main/java/jadx/core/dex/visitors/rename/CodeRenameVisitor.java
4176	jadx.core.dex.visitors.rename.CodeRenameVisitor	getRenames(jadx.core.dex.nodes.ClassNode)	0	1	[false]	false	private	true	file:///private/tmp/projects/jadx/jadx-core/src/main/java/jadx/core/dex/visitors/rename/CodeRenameVisitor.java
4177	jadx.core.dex.visitors.rename.CodeRenameVisitor	updateRenamesMap(@org.jetbrains.annotations.Nullable jadx.api.data.ICodeData)	0	1	[true]	false	private	false	file:///private/tmp/projects/jadx/jadx-core/src/main/java/jadx/core/dex/visitors/rename/CodeRenameVisitor.java
4178	jadx.core.dex.visitors.rename.UserRenames	applyForNodes(jadx.core.dex.nodes.RootNode)	0	1	[false]	false	public	false	file:///private/tmp/projects/jadx/jadx-core/src/main/java/jadx/core/dex/visitors/rename/UserRenames.java
4179	jadx.core.dex.visitors.rename.UserRenames	applyRename(jadx.core.dex.nodes.ClassNode,jadx.api.data.ICodeRename)	0	2	[false, false]	false	private	false	file:///private/tmp/projects/jadx/jadx-core/src/main/java/jadx/core/dex/visitors/rename/UserRenames.java
4180	jadx.core.dex.visitors.rename.UserRenames	applyMethodRename(jadx.core.dex.nodes.MethodNode,jadx.api.data.ICodeRename)	0	2	[false, false]	false	private	false	file:///private/tmp/projects/jadx/jadx-core/src/main/java/jadx/core/dex/visitors/rename/UserRenames.java
4181	jadx.core.dex.visitors.rename.UserRenames	renameMethod(jadx.core.dex.nodes.MethodNode,jadx.api.data.ICodeRename)	0	2	[false, false]	false	private	false	file:///private/tmp/projects/jadx/jadx-core/src/main/java/jadx/core/dex/visitors/rename/UserRenames.java
4182	jadx.core.dex.visitors.rename.UserRenames	applyPkgRenames(jadx.core.dex.nodes.RootNode,java.util.List<jadx.api.data.ICodeRename>)	0	2	[false, false]	false	private	false	file:///private/tmp/projects/jadx/jadx-core/src/main/java/jadx/core/dex/visitors/rename/UserRenames.java
4183	jadx.core.dex.visitors.rename.UserRenames	cutLastPkgPart(java.lang.String)	0	1	[true]	false	private	true	file:///private/tmp/projects/jadx/jadx-core/src/main/java/jadx/core/dex/visitors/rename/UserRenames.java
4184	jadx.core.dex.visitors.rename.UserRenames	rebuildPkgMiddle(java.lang.String,java.lang.String,java.lang.String)	0	3	[true, false, false]	false	private	true	file:///private/tmp/projects/jadx/jadx-core/src/main/java/jadx/core/dex/visitors/rename/UserRenames.java
4185	jadx.core.dex.visitors.rename.RenameVisitor	init(jadx.core.dex.nodes.RootNode)	3328	1	[false]	false	public	false	file:///private/tmp/projects/jadx/jadx-core/src/main/java/jadx/core/dex/visitors/rename/RenameVisitor.java
4186	jadx.core.dex.visitors.rename.RenameVisitor	process(jadx.core.dex.nodes.RootNode)	0	1	[false]	false	private	false	file:///private/tmp/projects/jadx/jadx-core/src/main/java/jadx/core/dex/visitors/rename/RenameVisitor.java
4187	jadx.core.dex.visitors.rename.RenameVisitor	checkClasses(jadx.core.deobf.Deobfuscator,jadx.core.dex.nodes.RootNode,jadx.api.JadxArgs)	0	3	[false, false, false]	false	private	false	file:///private/tmp/projects/jadx/jadx-core/src/main/java/jadx/core/dex/visitors/rename/RenameVisitor.java
4188	jadx.core.dex.visitors.rename.RenameVisitor	checkClassName(jadx.core.deobf.Deobfuscator,jadx.core.dex.nodes.ClassNode,jadx.api.JadxArgs)	0	3	[false, false, false]	false	private	false	file:///private/tmp/projects/jadx/jadx-core/src/main/java/jadx/core/dex/visitors/rename/RenameVisitor.java
4189	jadx.core.dex.visitors.rename.RenameVisitor	checkPackage(jadx.core.deobf.Deobfuscator,jadx.core.dex.nodes.ClassNode,jadx.core.dex.info.ClassInfo,jadx.api.JadxArgs)	0	4	[false, false, false, false]	false	private	false	file:///private/tmp/projects/jadx/jadx-core/src/main/java/jadx/core/dex/visitors/rename/RenameVisitor.java
4190	jadx.core.dex.visitors.rename.RenameVisitor	fixClsShortName(jadx.api.JadxArgs,java.lang.String)	0	2	[false, false]	true	private	true	file:///private/tmp/projects/jadx/jadx-core/src/main/java/jadx/core/dex/visitors/rename/RenameVisitor.java
4191	jadx.core.dex.visitors.rename.RenameVisitor	checkFields(jadx.core.deobf.Deobfuscator,jadx.core.dex.nodes.ClassNode,jadx.api.JadxArgs)	0	3	[false, false, false]	false	private	false	file:///private/tmp/projects/jadx/jadx-core/src/main/java/jadx/core/dex/visitors/rename/RenameVisitor.java
4192	jadx.core.dex.visitors.rename.RenameVisitor	checkMethods(jadx.core.deobf.Deobfuscator,jadx.core.dex.nodes.ClassNode,jadx.api.JadxArgs)	0	3	[false, false, false]	false	private	false	file:///private/tmp/projects/jadx/jadx-core/src/main/java/jadx/core/dex/visitors/rename/RenameVisitor.java
4193	jadx.core.dex.visitors.rename.RenameVisitor	canRename(jadx.core.dex.nodes.MethodNode)	0	1	[false]	false	private	false	file:///private/tmp/projects/jadx/jadx-core/src/main/java/jadx/core/dex/visitors/rename/RenameVisitor.java
4194	jadx.core.dex.visitors.rename.RenameVisitor	processRootPackages(jadx.core.deobf.Deobfuscator,jadx.core.dex.nodes.RootNode,java.util.List<jadx.core.dex.nodes.ClassNode>)	0	3	[false, false, false]	false	private	false	file:///private/tmp/projects/jadx/jadx-core/src/main/java/jadx/core/dex/visitors/rename/RenameVisitor.java
4195	jadx.core.dex.visitors.rename.RenameVisitor	collectRootPkgs(java.util.List<jadx.core.dex.nodes.ClassNode>)	0	1	[false]	false	private	true	file:///private/tmp/projects/jadx/jadx-core/src/main/java/jadx/core/dex/visitors/rename/RenameVisitor.java
4196	jadx.core.dex.visitors.rename.RenameVisitor	getRootPkg(java.lang.String)	0	1	[false]	true	private	true	file:///private/tmp/projects/jadx/jadx-core/src/main/java/jadx/core/dex/visitors/rename/RenameVisitor.java
4197	jadx.core.dex.visitors.AttachCommentsVisitor	init(jadx.core.dex.nodes.RootNode)	3328	1	[false]	false	public	false	file:///private/tmp/projects/jadx/jadx-core/src/main/java/jadx/core/dex/visitors/AttachCommentsVisitor.java
4198	jadx.core.dex.visitors.AttachCommentsVisitor	visit(jadx.core.dex.nodes.ClassNode)	3329	1	[false]	false	public	false	file:///private/tmp/projects/jadx/jadx-core/src/main/java/jadx/core/dex/visitors/AttachCommentsVisitor.java
4199	jadx.core.dex.visitors.AttachCommentsVisitor	applyComments(jadx.core.dex.nodes.ClassNode,java.util.List<jadx.api.data.ICodeComment>)	0	2	[false, false]	false	private	false	file:///private/tmp/projects/jadx/jadx-core/src/main/java/jadx/core/dex/visitors/AttachCommentsVisitor.java
4200	jadx.core.dex.visitors.AttachCommentsVisitor	getInsnByOffset(jadx.core.dex.nodes.MethodNode,int)	0	2	[false, false]	true	private	true	file:///private/tmp/projects/jadx/jadx-core/src/main/java/jadx/core/dex/visitors/AttachCommentsVisitor.java
4201	jadx.core.dex.visitors.AttachCommentsVisitor	processCustomAttach(jadx.core.dex.nodes.MethodNode,jadx.api.data.IJavaCodeRef,jadx.api.data.ICodeComment)	0	3	[false, false, false]	false	private	false	file:///private/tmp/projects/jadx/jadx-core/src/main/java/jadx/core/dex/visitors/AttachCommentsVisitor.java
4202	jadx.core.dex.visitors.AttachCommentsVisitor	addComment(@org.jetbrains.annotations.Nullable jadx.core.dex.attributes.IAttributeNode,java.lang.String)	0	2	[true, false]	false	private	false	file:///private/tmp/projects/jadx/jadx-core/src/main/java/jadx/core/dex/visitors/AttachCommentsVisitor.java
4203	jadx.core.dex.visitors.AttachCommentsVisitor	getCommentsData(jadx.core.dex.nodes.ClassNode)	0	1	[false]	false	private	true	file:///private/tmp/projects/jadx/jadx-core/src/main/java/jadx/core/dex/visitors/AttachCommentsVisitor.java
4204	jadx.core.dex.visitors.AttachCommentsVisitor	updateCommentsData(@org.jetbrains.annotations.Nullable jadx.api.data.ICodeData)	0	1	[true]	false	private	false	file:///private/tmp/projects/jadx/jadx-core/src/main/java/jadx/core/dex/visitors/AttachCommentsVisitor.java
4205	jadx.core.dex.visitors.DeboxingVisitor	init(jadx.core.dex.nodes.RootNode)	3328	1	[false]	false	public	false	file:///private/tmp/projects/jadx/jadx-core/src/main/java/jadx/core/dex/visitors/DeboxingVisitor.java
4206	jadx.core.dex.visitors.DeboxingVisitor	valueOfMth(jadx.core.dex.nodes.RootNode,jadx.core.dex.instructions.args.ArgType,java.lang.String)	0	3	[false, false, false]	false	private	true	file:///private/tmp/projects/jadx/jadx-core/src/main/java/jadx/core/dex/visitors/DeboxingVisitor.java
4207	jadx.core.dex.visitors.DeboxingVisitor	visit(jadx.core.dex.nodes.MethodNode)	2647	1	[false]	false	public	false	file:///private/tmp/projects/jadx/jadx-core/src/main/java/jadx/core/dex/visitors/DeboxingVisitor.java
4208	jadx.core.dex.visitors.DeboxingVisitor	checkForReplace(jadx.core.dex.instructions.InvokeNode)	0	1	[false]	true	private	true	file:///private/tmp/projects/jadx/jadx-core/src/main/java/jadx/core/dex/visitors/DeboxingVisitor.java
4209	jadx.core.dex.visitors.DeboxingVisitor	isNeedExplicitCast(jadx.core.dex.instructions.args.RegisterArg,jadx.core.dex.instructions.args.ArgType,jadx.core.dex.instructions.args.ArgType)	0	3	[false, false, false]	false	private	false	file:///private/tmp/projects/jadx/jadx-core/src/main/java/jadx/core/dex/visitors/DeboxingVisitor.java
4210	jadx.core.dex.visitors.DeboxingVisitor	canChangeTypeToPrimitive(jadx.core.dex.instructions.args.RegisterArg)	0	1	[false]	false	private	false	file:///private/tmp/projects/jadx/jadx-core/src/main/java/jadx/core/dex/visitors/DeboxingVisitor.java
4211	jadx.core.dex.visitors.DeboxingVisitor	collectUseTypes(jadx.core.dex.instructions.args.RegisterArg)	0	1	[false]	false	private	true	file:///private/tmp/projects/jadx/jadx-core/src/main/java/jadx/core/dex/visitors/DeboxingVisitor.java
4212	jadx.core.dex.visitors.MethodInvokeVisitor	init(jadx.core.dex.nodes.RootNode)	3328	1	[false]	false	public	false	file:///private/tmp/projects/jadx/jadx-core/src/main/java/jadx/core/dex/visitors/MethodInvokeVisitor.java
4213	jadx.core.dex.visitors.MethodInvokeVisitor	visit(jadx.core.dex.nodes.MethodNode)	2647	1	[false]	false	public	false	file:///private/tmp/projects/jadx/jadx-core/src/main/java/jadx/core/dex/visitors/MethodInvokeVisitor.java
4214	jadx.core.dex.visitors.MethodInvokeVisitor	processInvoke(jadx.core.dex.nodes.MethodNode,jadx.core.dex.instructions.BaseInvokeNode)	0	2	[false, false]	false	private	false	file:///private/tmp/projects/jadx/jadx-core/src/main/java/jadx/core/dex/visitors/MethodInvokeVisitor.java
4215	jadx.core.dex.visitors.MethodInvokeVisitor	processOverloaded(jadx.core.dex.nodes.MethodNode,jadx.core.dex.instructions.BaseInvokeNode,jadx.core.dex.nodes.IMethodDetails)	0	3	[false, false, false]	false	private	false	file:///private/tmp/projects/jadx/jadx-core/src/main/java/jadx/core/dex/visitors/MethodInvokeVisitor.java
4216	jadx.core.dex.visitors.MethodInvokeVisitor	processUnknown(jadx.core.dex.instructions.BaseInvokeNode)	0	1	[false]	false	private	false	file:///private/tmp/projects/jadx/jadx-core/src/main/java/jadx/core/dex/visitors/MethodInvokeVisitor.java
4217	jadx.core.dex.visitors.MethodInvokeVisitor	getCallClassFromInvoke(jadx.core.dex.nodes.MethodNode,jadx.core.dex.instructions.BaseInvokeNode,jadx.core.dex.info.MethodInfo)	0	3	[false, false, false]	true	private	true	file:///private/tmp/projects/jadx/jadx-core/src/main/java/jadx/core/dex/visitors/MethodInvokeVisitor.java
4218	jadx.core.dex.visitors.MethodInvokeVisitor	getTypeVarsMapping(jadx.core.dex.instructions.BaseInvokeNode)	0	1	[false]	false	private	true	file:///private/tmp/projects/jadx/jadx-core/src/main/java/jadx/core/dex/visitors/MethodInvokeVisitor.java
4219	jadx.core.dex.visitors.MethodInvokeVisitor	getClsCallType(jadx.core.dex.instructions.BaseInvokeNode,jadx.core.dex.instructions.args.ArgType)	0	2	[false, false]	false	private	true	file:///private/tmp/projects/jadx/jadx-core/src/main/java/jadx/core/dex/visitors/MethodInvokeVisitor.java
4220	jadx.core.dex.visitors.MethodInvokeVisitor	applyArgsCast(jadx.core.dex.instructions.BaseInvokeNode,int,java.util.List<jadx.core.dex.instructions.args.ArgType>,java.util.List<jadx.core.dex.instructions.args.ArgType>)	0	4	[false, false, false, false]	false	private	false	file:///private/tmp/projects/jadx/jadx-core/src/main/java/jadx/core/dex/visitors/MethodInvokeVisitor.java
4221	jadx.core.dex.visitors.MethodInvokeVisitor	resolveTypeVars(jadx.core.dex.nodes.IMethodDetails,java.util.Map<jadx.core.dex.instructions.args.ArgType,jadx.core.dex.instructions.args.ArgType>)	0	2	[false, false]	false	private	true	file:///private/tmp/projects/jadx/jadx-core/src/main/java/jadx/core/dex/visitors/MethodInvokeVisitor.java
4222	jadx.core.dex.visitors.MethodInvokeVisitor	searchCastTypes(jadx.core.dex.nodes.MethodNode,jadx.core.dex.nodes.IMethodDetails,java.util.List<jadx.core.dex.nodes.IMethodDetails>,java.util.List<jadx.core.dex.instructions.args.ArgType>)	0	4	[false, false, false, false]	false	private	true	file:///private/tmp/projects/jadx/jadx-core/src/main/java/jadx/core/dex/visitors/MethodInvokeVisitor.java
4223	jadx.core.dex.visitors.MethodInvokeVisitor	replaceUnknownTypes(java.util.List<jadx.core.dex.instructions.args.ArgType>,java.util.List<jadx.core.dex.instructions.args.ArgType>)	0	2	[false, false]	false	private	false	file:///private/tmp/projects/jadx/jadx-core/src/main/java/jadx/core/dex/visitors/MethodInvokeVisitor.java
4224	jadx.core.dex.visitors.MethodInvokeVisitor	isOverloadResolved(jadx.core.dex.nodes.IMethodDetails,java.util.List<jadx.core.dex.nodes.IMethodDetails>,java.util.List<jadx.core.dex.instructions.args.ArgType>)	0	3	[false, false, false]	false	private	false	file:///private/tmp/projects/jadx/jadx-core/src/main/java/jadx/core/dex/visitors/MethodInvokeVisitor.java
4225	jadx.core.dex.visitors.MethodInvokeVisitor	isStrictTypes(jadx.core.dex.visitors.typeinference.TypeCompareEnum)	0	1	[false]	false	private	false	file:///private/tmp/projects/jadx/jadx-core/src/main/java/jadx/core/dex/visitors/MethodInvokeVisitor.java
4226	jadx.core.dex.visitors.MethodInvokeVisitor	isTypeApplicable(jadx.core.dex.visitors.typeinference.TypeCompareEnum)	0	1	[false]	false	private	false	file:///private/tmp/projects/jadx/jadx-core/src/main/java/jadx/core/dex/visitors/MethodInvokeVisitor.java
4227	jadx.core.dex.visitors.MethodInvokeVisitor	filterApplicableMethods(java.util.List<jadx.core.dex.nodes.IMethodDetails>,java.util.List<jadx.core.dex.instructions.args.ArgType>,java.util.function.Function<jadx.core.dex.visitors.typeinference.TypeCompareEnum,java.lang.Boolean>)	0	3	[false, false, false]	false	private	true	file:///private/tmp/projects/jadx/jadx-core/src/main/java/jadx/core/dex/visitors/MethodInvokeVisitor.java
4228	jadx.core.dex.visitors.MethodInvokeVisitor	isMethodAcceptable(jadx.core.dex.nodes.IMethodDetails,java.util.List<jadx.core.dex.instructions.args.ArgType>,java.util.function.Function<jadx.core.dex.visitors.typeinference.TypeCompareEnum,java.lang.Boolean>)	0	3	[false, false, false]	false	private	false	file:///private/tmp/projects/jadx/jadx-core/src/main/java/jadx/core/dex/visitors/MethodInvokeVisitor.java
4229	jadx.core.dex.visitors.MethodInvokeVisitor	collectCompilerVarTypes(jadx.core.dex.instructions.BaseInvokeNode,int)	0	2	[false, false]	false	private	true	file:///private/tmp/projects/jadx/jadx-core/src/main/java/jadx/core/dex/visitors/MethodInvokeVisitor.java
4230	jadx.core.dex.visitors.MethodInvokeVisitor	getCompilerVarType(jadx.core.dex.instructions.args.InsnArg)	0	1	[false]	false	private	true	file:///private/tmp/projects/jadx/jadx-core/src/main/java/jadx/core/dex/visitors/MethodInvokeVisitor.java
4231	jadx.core.dex.visitors.FallbackModeVisitor	init(jadx.core.dex.nodes.RootNode)	3328	1	[false]	false	public	false	file:///private/tmp/projects/jadx/jadx-core/src/main/java/jadx/core/dex/visitors/FallbackModeVisitor.java
4232	jadx.core.dex.visitors.FallbackModeVisitor	visit(jadx.core.dex.nodes.MethodNode)	2647	1	[false]	false	public	false	file:///private/tmp/projects/jadx/jadx-core/src/main/java/jadx/core/dex/visitors/FallbackModeVisitor.java
4233	jadx.core.dex.visitors.finaly.InsnsSlice	addInsn(jadx.core.dex.nodes.InsnNode,jadx.core.dex.nodes.BlockNode)	0	2	[false, false]	false	public	false	file:///private/tmp/projects/jadx/jadx-core/src/main/java/jadx/core/dex/visitors/finaly/InsnsSlice.java
4234	jadx.core.dex.visitors.finaly.InsnsSlice	addBlock(jadx.core.dex.nodes.BlockNode)	0	1	[false]	false	public	false	file:///private/tmp/projects/jadx/jadx-core/src/main/java/jadx/core/dex/visitors/finaly/InsnsSlice.java
4235	jadx.core.dex.visitors.finaly.InsnsSlice	addInsns(jadx.core.dex.nodes.BlockNode,int,int)	0	3	[false, false, false]	false	public	false	file:///private/tmp/projects/jadx/jadx-core/src/main/java/jadx/core/dex/visitors/finaly/InsnsSlice.java
4236	jadx.core.dex.visitors.finaly.InsnsSlice	getBlock(jadx.core.dex.nodes.InsnNode)	0	1	[false]	true	public	true	file:///private/tmp/projects/jadx/jadx-core/src/main/java/jadx/core/dex/visitors/finaly/InsnsSlice.java
4237	jadx.core.dex.visitors.finaly.InsnsSlice	getInsnsList()	0	0	[]	false	public	true	file:///private/tmp/projects/jadx/jadx-core/src/main/java/jadx/core/dex/visitors/finaly/InsnsSlice.java
4238	jadx.core.dex.visitors.finaly.InsnsSlice	getBlocks()	0	0	[]	false	public	true	file:///private/tmp/projects/jadx/jadx-core/src/main/java/jadx/core/dex/visitors/finaly/InsnsSlice.java
4239	jadx.core.dex.visitors.finaly.InsnsSlice	resetIncomplete()	0	0	[]	false	public	false	file:///private/tmp/projects/jadx/jadx-core/src/main/java/jadx/core/dex/visitors/finaly/InsnsSlice.java
4240	jadx.core.dex.visitors.finaly.InsnsSlice	isComplete()	0	0	[]	false	public	false	file:///private/tmp/projects/jadx/jadx-core/src/main/java/jadx/core/dex/visitors/finaly/InsnsSlice.java
4241	jadx.core.dex.visitors.finaly.InsnsSlice	setComplete(boolean)	0	1	[false]	false	public	false	file:///private/tmp/projects/jadx/jadx-core/src/main/java/jadx/core/dex/visitors/finaly/InsnsSlice.java
4242	jadx.core.dex.visitors.finaly.InsnsSlice	toString()	83	0	[]	false	public	true	file:///private/tmp/projects/jadx/jadx-core/src/main/java/jadx/core/dex/visitors/finaly/InsnsSlice.java
4243	jadx.core.dex.visitors.finaly.FinallyExtractInfo	FinallyExtractInfo(jadx.core.dex.nodes.MethodNode,jadx.core.dex.trycatch.ExceptionHandler,jadx.core.dex.nodes.BlockNode,java.util.List<jadx.core.dex.nodes.BlockNode>)	0	4	[false, false, true, false]	false	public	false	file:///private/tmp/projects/jadx/jadx-core/src/main/java/jadx/core/dex/visitors/finaly/FinallyExtractInfo.java
4244	jadx.core.dex.visitors.finaly.FinallyExtractInfo	getMth()	0	0	[]	false	public	true	file:///private/tmp/projects/jadx/jadx-core/src/main/java/jadx/core/dex/visitors/finaly/FinallyExtractInfo.java
4245	jadx.core.dex.visitors.finaly.FinallyExtractInfo	getFinallyHandler()	0	0	[]	false	public	true	file:///private/tmp/projects/jadx/jadx-core/src/main/java/jadx/core/dex/visitors/finaly/FinallyExtractInfo.java
4246	jadx.core.dex.visitors.finaly.FinallyExtractInfo	getAllHandlerBlocks()	0	0	[]	false	public	true	file:///private/tmp/projects/jadx/jadx-core/src/main/java/jadx/core/dex/visitors/finaly/FinallyExtractInfo.java
4247	jadx.core.dex.visitors.finaly.FinallyExtractInfo	getFinallyInsnsSlice()	0	0	[]	false	public	true	file:///private/tmp/projects/jadx/jadx-core/src/main/java/jadx/core/dex/visitors/finaly/FinallyExtractInfo.java
4248	jadx.core.dex.visitors.finaly.FinallyExtractInfo	getDuplicateSlices()	0	0	[]	false	public	true	file:///private/tmp/projects/jadx/jadx-core/src/main/java/jadx/core/dex/visitors/finaly/FinallyExtractInfo.java
4249	jadx.core.dex.visitors.finaly.FinallyExtractInfo	getCheckedBlocks()	0	0	[]	false	public	true	file:///private/tmp/projects/jadx/jadx-core/src/main/java/jadx/core/dex/visitors/finaly/FinallyExtractInfo.java
4250	jadx.core.dex.visitors.finaly.FinallyExtractInfo	getStartBlock()	0	0	[]	true	public	true	file:///private/tmp/projects/jadx/jadx-core/src/main/java/jadx/core/dex/visitors/finaly/FinallyExtractInfo.java
4251	jadx.core.dex.visitors.finaly.FinallyExtractInfo	getCurDupSlice()	0	0	[]	true	public	true	file:///private/tmp/projects/jadx/jadx-core/src/main/java/jadx/core/dex/visitors/finaly/FinallyExtractInfo.java
4252	jadx.core.dex.visitors.finaly.FinallyExtractInfo	setCurDupSlice(jadx.core.dex.visitors.finaly.InsnsSlice)	0	1	[true]	false	public	false	file:///private/tmp/projects/jadx/jadx-core/src/main/java/jadx/core/dex/visitors/finaly/FinallyExtractInfo.java
4253	jadx.core.dex.visitors.finaly.FinallyExtractInfo	getCurDupInsns()	0	0	[]	false	public	true	file:///private/tmp/projects/jadx/jadx-core/src/main/java/jadx/core/dex/visitors/finaly/FinallyExtractInfo.java
4254	jadx.core.dex.visitors.finaly.FinallyExtractInfo	getCurDupInsnsOffset()	0	0	[]	false	public	false	file:///private/tmp/projects/jadx/jadx-core/src/main/java/jadx/core/dex/visitors/finaly/FinallyExtractInfo.java
4255	jadx.core.dex.visitors.finaly.FinallyExtractInfo	setCurDupInsns(java.util.List<jadx.core.dex.nodes.InsnNode>,int)	0	2	[false, false]	false	public	false	file:///private/tmp/projects/jadx/jadx-core/src/main/java/jadx/core/dex/visitors/finaly/FinallyExtractInfo.java
4256	jadx.core.dex.visitors.finaly.FinallyExtractInfo	toString()	83	0	[]	false	public	true	file:///private/tmp/projects/jadx/jadx-core/src/main/java/jadx/core/dex/visitors/finaly/FinallyExtractInfo.java
4257	jadx.core.dex.visitors.finaly.MarkFinallyVisitor	visit(jadx.core.dex.nodes.MethodNode)	2647	1	[false]	false	public	false	file:///private/tmp/projects/jadx/jadx-core/src/main/java/jadx/core/dex/visitors/finaly/MarkFinallyVisitor.java
4258	jadx.core.dex.visitors.finaly.MarkFinallyVisitor	processTryBlock(jadx.core.dex.nodes.MethodNode,jadx.core.dex.trycatch.TryCatchBlockAttr)	0	2	[false, false]	false	private	false	file:///private/tmp/projects/jadx/jadx-core/src/main/java/jadx/core/dex/visitors/finaly/MarkFinallyVisitor.java
4259	jadx.core.dex.visitors.finaly.MarkFinallyVisitor	extractFinally(jadx.core.dex.nodes.MethodNode,jadx.core.dex.trycatch.TryCatchBlockAttr,jadx.core.dex.trycatch.ExceptionHandler)	0	3	[false, false, false]	false	private	false	file:///private/tmp/projects/jadx/jadx-core/src/main/java/jadx/core/dex/visitors/finaly/MarkFinallyVisitor.java
4260	jadx.core.dex.visitors.finaly.MarkFinallyVisitor	cutPathEnds(jadx.core.dex.nodes.MethodNode,java.util.List<jadx.core.dex.nodes.BlockNode>)	0	2	[false, false]	false	private	false	file:///private/tmp/projects/jadx/jadx-core/src/main/java/jadx/core/dex/visitors/finaly/MarkFinallyVisitor.java
4261	jadx.core.dex.visitors.finaly.MarkFinallyVisitor	removeEmptyUpPath(java.util.List<jadx.core.dex.nodes.BlockNode>,jadx.core.dex.nodes.BlockNode)	0	2	[false, false]	false	private	false	file:///private/tmp/projects/jadx/jadx-core/src/main/java/jadx/core/dex/visitors/finaly/MarkFinallyVisitor.java
4262	jadx.core.dex.visitors.finaly.MarkFinallyVisitor	getPathStarts(jadx.core.dex.nodes.MethodNode,jadx.core.dex.nodes.BlockNode,@org.jetbrains.annotations.Nullable jadx.core.dex.nodes.BlockNode)	0	3	[false, false, true]	false	private	true	file:///private/tmp/projects/jadx/jadx-core/src/main/java/jadx/core/dex/visitors/finaly/MarkFinallyVisitor.java
4263	jadx.core.dex.visitors.finaly.MarkFinallyVisitor	checkSlices(jadx.core.dex.visitors.finaly.FinallyExtractInfo)	0	1	[false]	false	private	false	file:///private/tmp/projects/jadx/jadx-core/src/main/java/jadx/core/dex/visitors/finaly/MarkFinallyVisitor.java
4264	jadx.core.dex.visitors.finaly.MarkFinallyVisitor	apply(jadx.core.dex.visitors.finaly.FinallyExtractInfo)	0	1	[false]	false	private	false	file:///private/tmp/projects/jadx/jadx-core/src/main/java/jadx/core/dex/visitors/finaly/MarkFinallyVisitor.java
4265	jadx.core.dex.visitors.finaly.MarkFinallyVisitor	markSlice(jadx.core.dex.visitors.finaly.InsnsSlice,jadx.core.dex.attributes.AFlag)	0	2	[false, false]	false	private	false	file:///private/tmp/projects/jadx/jadx-core/src/main/java/jadx/core/dex/visitors/finaly/MarkFinallyVisitor.java
4266	jadx.core.dex.visitors.finaly.MarkFinallyVisitor	copyCodeVars(jadx.core.dex.nodes.InsnNode,jadx.core.dex.nodes.InsnNode)	0	2	[false, false]	false	private	false	file:///private/tmp/projects/jadx/jadx-core/src/main/java/jadx/core/dex/visitors/finaly/MarkFinallyVisitor.java
4267	jadx.core.dex.visitors.finaly.MarkFinallyVisitor	copyCodeVars(jadx.core.dex.instructions.args.InsnArg,jadx.core.dex.instructions.args.InsnArg)	0	2	[false, false]	false	private	false	file:///private/tmp/projects/jadx/jadx-core/src/main/java/jadx/core/dex/visitors/finaly/MarkFinallyVisitor.java
4268	jadx.core.dex.visitors.finaly.MarkFinallyVisitor	searchDuplicateInsns(jadx.core.dex.nodes.BlockNode,jadx.core.dex.visitors.finaly.FinallyExtractInfo)	0	2	[false, false]	false	private	false	file:///private/tmp/projects/jadx/jadx-core/src/main/java/jadx/core/dex/visitors/finaly/MarkFinallyVisitor.java
4269	jadx.core.dex.visitors.finaly.MarkFinallyVisitor	searchFromFirstBlock(jadx.core.dex.nodes.BlockNode,@org.jetbrains.annotations.Nullable jadx.core.dex.nodes.BlockNode,jadx.core.dex.visitors.finaly.FinallyExtractInfo)	0	3	[false, true, false]	true	private	true	file:///private/tmp/projects/jadx/jadx-core/src/main/java/jadx/core/dex/visitors/finaly/MarkFinallyVisitor.java
4270	jadx.core.dex.visitors.finaly.MarkFinallyVisitor	checkTempSlice(jadx.core.dex.visitors.finaly.InsnsSlice)	0	1	[false]	true	private	true	file:///private/tmp/projects/jadx/jadx-core/src/main/java/jadx/core/dex/visitors/finaly/MarkFinallyVisitor.java
4271	jadx.core.dex.visitors.finaly.MarkFinallyVisitor	isStartBlock(jadx.core.dex.nodes.BlockNode,@org.jetbrains.annotations.Nullable jadx.core.dex.nodes.BlockNode,jadx.core.dex.visitors.finaly.FinallyExtractInfo)	0	3	[false, true, false]	true	private	true	file:///private/tmp/projects/jadx/jadx-core/src/main/java/jadx/core/dex/visitors/finaly/MarkFinallyVisitor.java
4272	jadx.core.dex.visitors.finaly.MarkFinallyVisitor	checkInsns(jadx.core.dex.visitors.finaly.FinallyExtractInfo,java.util.List<jadx.core.dex.nodes.InsnNode>,java.util.List<jadx.core.dex.nodes.InsnNode>,int)	0	4	[false, false, false, false]	false	private	false	file:///private/tmp/projects/jadx/jadx-core/src/main/java/jadx/core/dex/visitors/finaly/MarkFinallyVisitor.java
4273	jadx.core.dex.visitors.finaly.MarkFinallyVisitor	checkBlocksTree(jadx.core.dex.nodes.BlockNode,@org.jetbrains.annotations.Nullable jadx.core.dex.nodes.BlockNode,jadx.core.dex.visitors.finaly.InsnsSlice,jadx.core.dex.visitors.finaly.FinallyExtractInfo)	0	4	[false, true, false, false]	false	private	false	file:///private/tmp/projects/jadx/jadx-core/src/main/java/jadx/core/dex/visitors/finaly/MarkFinallyVisitor.java
4274	jadx.core.dex.visitors.finaly.MarkFinallyVisitor	getSuccessorsWithoutLoop(@org.jetbrains.annotations.Nullable jadx.core.dex.nodes.BlockNode)	0	1	[true]	false	private	true	file:///private/tmp/projects/jadx/jadx-core/src/main/java/jadx/core/dex/visitors/finaly/MarkFinallyVisitor.java
4275	jadx.core.dex.visitors.finaly.MarkFinallyVisitor	compareBlocks(jadx.core.dex.nodes.BlockNode,jadx.core.dex.nodes.BlockNode,jadx.core.dex.visitors.finaly.InsnsSlice,jadx.core.dex.visitors.finaly.FinallyExtractInfo)	0	4	[false, false, false, false]	false	private	false	file:///private/tmp/projects/jadx/jadx-core/src/main/java/jadx/core/dex/visitors/finaly/MarkFinallyVisitor.java
4276	jadx.core.dex.visitors.finaly.MarkFinallyVisitor	sameInsns(jadx.core.dex.visitors.finaly.FinallyExtractInfo,jadx.core.dex.nodes.InsnNode,jadx.core.dex.nodes.InsnNode)	0	3	[false, false, false]	false	private	false	file:///private/tmp/projects/jadx/jadx-core/src/main/java/jadx/core/dex/visitors/finaly/MarkFinallyVisitor.java
4277	jadx.core.dex.visitors.finaly.MarkFinallyVisitor	isSameArgs(jadx.core.dex.visitors.finaly.FinallyExtractInfo,jadx.core.dex.instructions.args.InsnArg,jadx.core.dex.instructions.args.InsnArg)	0	3	[false, false, false]	false	private	false	file:///private/tmp/projects/jadx/jadx-core/src/main/java/jadx/core/dex/visitors/finaly/MarkFinallyVisitor.java
4278	jadx.core.dex.visitors.finaly.MarkFinallyVisitor	sameDebugInfo(jadx.core.dex.instructions.args.RegisterArg,jadx.core.dex.instructions.args.RegisterArg)	0	2	[false, false]	false	private	false	file:///private/tmp/projects/jadx/jadx-core/src/main/java/jadx/core/dex/visitors/finaly/MarkFinallyVisitor.java
4279	jadx.core.dex.visitors.finaly.MarkFinallyVisitor	assignInsnDifferent(jadx.core.dex.instructions.args.RegisterArg,jadx.core.dex.instructions.args.RegisterArg)	0	2	[false, false]	false	private	false	file:///private/tmp/projects/jadx/jadx-core/src/main/java/jadx/core/dex/visitors/finaly/MarkFinallyVisitor.java
4280	jadx.core.dex.visitors.finaly.MarkFinallyVisitor	assignedOutsideHandler(jadx.core.dex.visitors.finaly.FinallyExtractInfo,jadx.core.dex.instructions.args.RegisterArg,jadx.core.dex.instructions.args.RegisterArg)	0	3	[false, false, false]	false	private	false	file:///private/tmp/projects/jadx/jadx-core/src/main/java/jadx/core/dex/visitors/finaly/MarkFinallyVisitor.java
4281	jadx.core.dex.visitors.finaly.MarkFinallyVisitor	undoFinallyVisitor(jadx.core.dex.nodes.MethodNode)	0	1	[false]	false	private	false	file:///private/tmp/projects/jadx/jadx-core/src/main/java/jadx/core/dex/visitors/finaly/MarkFinallyVisitor.java
4282	jadx.core.dex.visitors.AnonymousClassVisitor	visit(jadx.core.dex.nodes.ClassNode)	3329	1	[false]	false	public	false	file:///private/tmp/projects/jadx/jadx-core/src/main/java/jadx/core/dex/visitors/AnonymousClassVisitor.java
4283	jadx.core.dex.visitors.AnonymousClassVisitor	processAnonymousConstructor(jadx.core.dex.nodes.MethodNode)	0	1	[false]	false	private	false	file:///private/tmp/projects/jadx/jadx-core/src/main/java/jadx/core/dex/visitors/AnonymousClassVisitor.java
4284	jadx.core.dex.visitors.AnonymousClassVisitor	getArgsToFieldsMapping(jadx.core.dex.nodes.MethodNode,java.util.List<jadx.core.dex.nodes.InsnNode>)	0	2	[false, false]	false	private	true	file:///private/tmp/projects/jadx/jadx-core/src/main/java/jadx/core/dex/visitors/AnonymousClassVisitor.java
4285	jadx.core.dex.visitors.AnonymousClassVisitor	getParentInsnSkipMove(jadx.core.dex.instructions.args.RegisterArg)	0	1	[false]	true	private	true	file:///private/tmp/projects/jadx/jadx-core/src/main/java/jadx/core/dex/visitors/AnonymousClassVisitor.java
4286	jadx.core.dex.regions.loops.ForLoop	ForLoop(jadx.core.dex.nodes.InsnNode,jadx.core.dex.nodes.InsnNode)	0	2	[false, false]	false	public	false	file:///private/tmp/projects/jadx/jadx-core/src/main/java/jadx/core/dex/regions/loops/ForLoop.java
4287	jadx.core.dex.regions.loops.ForLoop	getInitInsn()	0	0	[]	false	public	true	file:///private/tmp/projects/jadx/jadx-core/src/main/java/jadx/core/dex/regions/loops/ForLoop.java
4288	jadx.core.dex.regions.loops.ForLoop	getIncrInsn()	0	0	[]	false	public	true	file:///private/tmp/projects/jadx/jadx-core/src/main/java/jadx/core/dex/regions/loops/ForLoop.java
4289	jadx.core.dex.regions.loops.ForEachLoop	ForEachLoop(jadx.core.dex.instructions.args.RegisterArg,jadx.core.dex.instructions.args.InsnArg)	0	2	[false, false]	false	public	false	file:///private/tmp/projects/jadx/jadx-core/src/main/java/jadx/core/dex/regions/loops/ForEachLoop.java
4290	jadx.core.dex.regions.loops.ForEachLoop	injectFakeInsns(jadx.core.dex.regions.loops.LoopRegion)	0	1	[false]	false	public	false	file:///private/tmp/projects/jadx/jadx-core/src/main/java/jadx/core/dex/regions/loops/ForEachLoop.java
4291	jadx.core.dex.regions.loops.ForEachLoop	getVarArg()	0	0	[]	false	public	true	file:///private/tmp/projects/jadx/jadx-core/src/main/java/jadx/core/dex/regions/loops/ForEachLoop.java
4292	jadx.core.dex.regions.loops.ForEachLoop	getIterableArg()	0	0	[]	false	public	true	file:///private/tmp/projects/jadx/jadx-core/src/main/java/jadx/core/dex/regions/loops/ForEachLoop.java
4293	jadx.core.dex.nodes.InsnContainer	InsnContainer(jadx.core.dex.nodes.InsnNode)	0	1	[false]	false	public	false	file:///private/tmp/projects/jadx/jadx-core/src/main/java/jadx/core/dex/nodes/InsnContainer.java
4294	jadx.core.dex.nodes.InsnContainer	InsnContainer(java.util.List<jadx.core.dex.nodes.InsnNode>)	0	1	[false]	false	public	false	file:///private/tmp/projects/jadx/jadx-core/src/main/java/jadx/core/dex/nodes/InsnContainer.java
4295	jadx.core.dex.nodes.InsnContainer	getInstructions()	945	0	[]	false	public	true	file:///private/tmp/projects/jadx/jadx-core/src/main/java/jadx/core/dex/nodes/InsnContainer.java
4296	jadx.core.dex.nodes.InsnContainer	baseString()	963	0	[]	false	public	true	file:///private/tmp/projects/jadx/jadx-core/src/main/java/jadx/core/dex/nodes/InsnContainer.java
4297	jadx.core.dex.nodes.InsnContainer	toString()	83	0	[]	false	public	true	file:///private/tmp/projects/jadx/jadx-core/src/main/java/jadx/core/dex/nodes/InsnContainer.java
4298	jadx.core.dex.attributes.EmptyAttrStorage	contains(jadx.core.dex.attributes.AFlag)	2526	1	[false]	false	public	false	file:///private/tmp/projects/jadx/jadx-core/src/main/java/jadx/core/dex/attributes/EmptyAttrStorage.java
4299	jadx.core.dex.attributes.EmptyAttrStorage	<T>contains(jadx.api.plugins.input.data.attributes.IJadxAttrType<T>)	2527	1	[false]	false	public	false	file:///private/tmp/projects/jadx/jadx-core/src/main/java/jadx/core/dex/attributes/EmptyAttrStorage.java
4300	jadx.core.dex.attributes.EmptyAttrStorage	<T>get(jadx.api.plugins.input.data.attributes.IJadxAttrType<T>)	2528	1	[false]	true	public	true	file:///private/tmp/projects/jadx/jadx-core/src/main/java/jadx/core/dex/attributes/EmptyAttrStorage.java
4301	jadx.core.dex.attributes.EmptyAttrStorage	getAnnotation(java.lang.String)	2529	1	[false]	true	public	true	file:///private/tmp/projects/jadx/jadx-core/src/main/java/jadx/core/dex/attributes/EmptyAttrStorage.java
4302	jadx.core.dex.attributes.EmptyAttrStorage	<T>getAll(jadx.api.plugins.input.data.attributes.IJadxAttrType<jadx.core.dex.attributes.AttrList<T>>)	2530	1	[false]	false	public	true	file:///private/tmp/projects/jadx/jadx-core/src/main/java/jadx/core/dex/attributes/EmptyAttrStorage.java
4303	jadx.core.dex.attributes.EmptyAttrStorage	clear()	2535	0	[]	false	public	false	file:///private/tmp/projects/jadx/jadx-core/src/main/java/jadx/core/dex/attributes/EmptyAttrStorage.java
4304	jadx.core.dex.attributes.EmptyAttrStorage	remove(jadx.core.dex.attributes.AFlag)	2531	1	[false]	false	public	false	file:///private/tmp/projects/jadx/jadx-core/src/main/java/jadx/core/dex/attributes/EmptyAttrStorage.java
4305	jadx.core.dex.attributes.EmptyAttrStorage	<T>remove(jadx.api.plugins.input.data.attributes.IJadxAttrType<T>)	2532	1	[false]	false	public	false	file:///private/tmp/projects/jadx/jadx-core/src/main/java/jadx/core/dex/attributes/EmptyAttrStorage.java
4306	jadx.core.dex.attributes.EmptyAttrStorage	remove(jadx.api.plugins.input.data.attributes.IJadxAttribute)	2533	1	[false]	false	public	false	file:///private/tmp/projects/jadx/jadx-core/src/main/java/jadx/core/dex/attributes/EmptyAttrStorage.java
4307	jadx.core.dex.attributes.EmptyAttrStorage	getAttributeStrings()	2537	0	[]	false	public	true	file:///private/tmp/projects/jadx/jadx-core/src/main/java/jadx/core/dex/attributes/EmptyAttrStorage.java
4308	jadx.core.dex.attributes.EmptyAttrStorage	isEmpty()	2538	0	[]	false	public	false	file:///private/tmp/projects/jadx/jadx-core/src/main/java/jadx/core/dex/attributes/EmptyAttrStorage.java
4309	jadx.core.dex.attributes.EmptyAttrStorage	toString()	2539	0	[]	false	public	true	file:///private/tmp/projects/jadx/jadx-core/src/main/java/jadx/core/dex/attributes/EmptyAttrStorage.java
4310	jadx.core.export.TemplateFile	fromResources(java.lang.String)	0	1	[false]	false	public	true	file:///private/tmp/projects/jadx/jadx-core/src/main/java/jadx/core/export/TemplateFile.java
4311	jadx.core.export.TemplateFile	TemplateFile(java.lang.String,java.io.InputStream)	0	2	[false, false]	false	private	false	file:///private/tmp/projects/jadx/jadx-core/src/main/java/jadx/core/export/TemplateFile.java
4312	jadx.core.export.TemplateFile	add(java.lang.String,@org.jetbrains.annotations.NotNull java.lang.Object)	0	2	[false, false]	false	public	false	file:///private/tmp/projects/jadx/jadx-core/src/main/java/jadx/core/export/TemplateFile.java
4313	jadx.core.export.TemplateFile	build()	0	0	[]	false	public	true	file:///private/tmp/projects/jadx/jadx-core/src/main/java/jadx/core/export/TemplateFile.java
4314	jadx.core.export.TemplateFile	save(java.io.File)	0	1	[false]	false	public	false	file:///private/tmp/projects/jadx/jadx-core/src/main/java/jadx/core/export/TemplateFile.java
4315	jadx.core.export.TemplateFile	process(java.io.OutputStream)	0	1	[false]	false	private	false	file:///private/tmp/projects/jadx/jadx-core/src/main/java/jadx/core/export/TemplateFile.java
4316	jadx.core.export.TemplateFile	process(jadx.core.export.TemplateFile.ParserState,char)	0	2	[false, false]	true	private	true	file:///private/tmp/projects/jadx/jadx-core/src/main/java/jadx/core/export/TemplateFile.java
4317	jadx.core.export.TemplateFile	processVar(java.lang.String)	0	1	[false]	false	private	true	file:///private/tmp/projects/jadx/jadx-core/src/main/java/jadx/core/export/TemplateFile.java
4318	jadx.core.export.ExportGradleProject	ExportGradleProject(jadx.core.dex.nodes.RootNode,java.io.File,jadx.api.ResourceFile,jadx.core.xmlgen.ResContainer)	0	4	[false, false, false, false]	false	public	false	file:///private/tmp/projects/jadx/jadx-core/src/main/java/jadx/core/export/ExportGradleProject.java
4319	jadx.core.export.ExportGradleProject	init()	0	0	[]	false	public	false	file:///private/tmp/projects/jadx/jadx-core/src/main/java/jadx/core/export/ExportGradleProject.java
4320	jadx.core.export.ExportGradleProject	saveProjectBuildGradle()	0	0	[]	false	private	false	file:///private/tmp/projects/jadx/jadx-core/src/main/java/jadx/core/export/ExportGradleProject.java
4321	jadx.core.export.ExportGradleProject	saveSettingsGradle()	0	0	[]	false	private	false	file:///private/tmp/projects/jadx/jadx-core/src/main/java/jadx/core/export/ExportGradleProject.java
4322	jadx.core.export.ExportGradleProject	saveApplicationBuildGradle()	0	0	[]	false	private	false	file:///private/tmp/projects/jadx/jadx-core/src/main/java/jadx/core/export/ExportGradleProject.java
4323	jadx.core.export.ExportGradleProject	skipGeneratedClasses()	0	0	[]	false	private	false	file:///private/tmp/projects/jadx/jadx-core/src/main/java/jadx/core/export/ExportGradleProject.java
4324	jadx.core.export.ExportGradleProject	getApplicationParams(org.w3c.dom.Document,org.w3c.dom.Document)	0	2	[false, false]	false	private	true	file:///private/tmp/projects/jadx/jadx-core/src/main/java/jadx/core/export/ExportGradleProject.java
4325	jadx.core.export.ExportGradleProject	parseXml(java.lang.String)	0	1	[false]	false	private	true	file:///private/tmp/projects/jadx/jadx-core/src/main/java/jadx/core/export/ExportGradleProject.java
4326	jadx.core.export.ExportGradleProject	parseAppStrings(jadx.core.xmlgen.ResContainer)	0	1	[false]	false	private	true	file:///private/tmp/projects/jadx/jadx-core/src/main/java/jadx/core/export/ExportGradleProject.java
4327	jadx.core.export.ExportGradleProject	parseAndroidManifest(jadx.api.ResourceFile)	0	1	[false]	false	private	true	file:///private/tmp/projects/jadx/jadx-core/src/main/java/jadx/core/export/ExportGradleProject.java
4328	jadx.core.export.ExportGradleProject	getSrcOutDir()	0	0	[]	false	public	true	file:///private/tmp/projects/jadx/jadx-core/src/main/java/jadx/core/export/ExportGradleProject.java
4329	jadx.core.export.ExportGradleProject	getResOutDir()	0	0	[]	false	public	true	file:///private/tmp/projects/jadx/jadx-core/src/main/java/jadx/core/export/ExportGradleProject.java
4330	jadx.core.export.ApplicationParams	ApplicationParams(java.lang.String,java.lang.Integer,java.lang.Integer,java.lang.Integer,java.lang.String)	0	5	[false, false, false, false, false]	false	public	false	file:///private/tmp/projects/jadx/jadx-core/src/main/java/jadx/core/export/ApplicationParams.java
4331	jadx.core.export.ApplicationParams	getApplicationName()	0	0	[]	false	public	true	file:///private/tmp/projects/jadx/jadx-core/src/main/java/jadx/core/export/ApplicationParams.java
4332	jadx.core.export.ApplicationParams	getMinSdkVersion()	0	0	[]	false	public	true	file:///private/tmp/projects/jadx/jadx-core/src/main/java/jadx/core/export/ApplicationParams.java
4333	jadx.core.export.ApplicationParams	getTargetSdkVersion()	0	0	[]	false	public	true	file:///private/tmp/projects/jadx/jadx-core/src/main/java/jadx/core/export/ApplicationParams.java
4334	jadx.core.export.ApplicationParams	getVersionCode()	0	0	[]	false	public	true	file:///private/tmp/projects/jadx/jadx-core/src/main/java/jadx/core/export/ApplicationParams.java
4335	jadx.core.export.ApplicationParams	getVersionName()	0	0	[]	false	public	true	file:///private/tmp/projects/jadx/jadx-core/src/main/java/jadx/core/export/ApplicationParams.java
4336	jadx.api.ResourcesLoader	ResourcesLoader(jadx.api.JadxDecompiler)	0	1	[false]	false	package	false	file:///private/tmp/projects/jadx/jadx-core/src/main/java/jadx/api/ResourcesLoader.java
4337	jadx.api.ResourcesLoader	load()	0	0	[]	false	package	true	file:///private/tmp/projects/jadx/jadx-core/src/main/java/jadx/api/ResourcesLoader.java
4338	jadx.api.ResourcesLoader$ResourceDecoder	decode(long,java.io.InputStream)	0	2	[false, false]	false	public	true	file:///private/tmp/projects/jadx/jadx-core/src/main/java/jadx/api/ResourcesLoader.java
4339	jadx.api.ResourcesLoader	<T>decodeStream(jadx.api.ResourceFile,jadx.api.ResourcesLoader.ResourceDecoder<T>)	0	2	[false, false]	false	public	true	file:///private/tmp/projects/jadx/jadx-core/src/main/java/jadx/api/ResourcesLoader.java
4340	jadx.api.ResourcesLoader	loadContent(jadx.api.JadxDecompiler,jadx.api.ResourceFile)	0	2	[false, false]	false	package	true	file:///private/tmp/projects/jadx/jadx-core/src/main/java/jadx/api/ResourcesLoader.java
4341	jadx.api.ResourcesLoader	loadContent(jadx.api.JadxDecompiler,jadx.api.ResourceFile,java.io.InputStream)	0	3	[false, false, false]	false	private	true	file:///private/tmp/projects/jadx/jadx-core/src/main/java/jadx/api/ResourcesLoader.java
4342	jadx.api.ResourcesLoader	decodeImage(jadx.api.ResourceFile,java.io.InputStream)	0	2	[false, false]	false	private	true	file:///private/tmp/projects/jadx/jadx-core/src/main/java/jadx/api/ResourcesLoader.java
4343	jadx.api.ResourcesLoader	loadFile(java.util.List<jadx.api.ResourceFile>,java.io.File)	0	2	[false, false]	false	private	false	file:///private/tmp/projects/jadx/jadx-core/src/main/java/jadx/api/ResourcesLoader.java
4344	jadx.api.ResourcesLoader	addEntry(java.util.List<jadx.api.ResourceFile>,java.io.File,java.util.zip.ZipEntry)	0	3	[false, false, false]	false	private	false	file:///private/tmp/projects/jadx/jadx-core/src/main/java/jadx/api/ResourcesLoader.java
4345	jadx.api.ResourcesLoader	loadToCodeWriter(java.io.InputStream)	0	1	[false]	false	public	true	file:///private/tmp/projects/jadx/jadx-core/src/main/java/jadx/api/ResourcesLoader.java
4346	jadx.api.impl.InMemoryCodeCache	add(java.lang.String,jadx.api.ICodeInfo)	1817	2	[false, false]	false	public	false	file:///private/tmp/projects/jadx/jadx-core/src/main/java/jadx/api/impl/InMemoryCodeCache.java
4347	jadx.api.impl.InMemoryCodeCache	remove(java.lang.String)	1818	1	[false]	false	public	false	file:///private/tmp/projects/jadx/jadx-core/src/main/java/jadx/api/impl/InMemoryCodeCache.java
4348	jadx.api.impl.InMemoryCodeCache	get(java.lang.String)	1819	1	[false]	false	public	true	file:///private/tmp/projects/jadx/jadx-core/src/main/java/jadx/api/impl/InMemoryCodeCache.java
4349	jadx.api.impl.InMemoryCodeCache	getCode(java.lang.String)	1820	1	[false]	true	public	true	file:///private/tmp/projects/jadx/jadx-core/src/main/java/jadx/api/impl/InMemoryCodeCache.java
4350	jadx.api.impl.InMemoryCodeCache	contains(java.lang.String)	1821	1	[false]	false	public	false	file:///private/tmp/projects/jadx/jadx-core/src/main/java/jadx/api/impl/InMemoryCodeCache.java
4351	jadx.api.impl.InMemoryCodeCache	close()	2189	0	[]	false	public	false	file:///private/tmp/projects/jadx/jadx-core/src/main/java/jadx/api/impl/InMemoryCodeCache.java
4352	jadx.api.impl.InMemoryCodeCache	toString()	83	0	[]	false	public	true	file:///private/tmp/projects/jadx/jadx-core/src/main/java/jadx/api/impl/InMemoryCodeCache.java
4353	jadx.api.impl.NoOpCodeCache	add(java.lang.String,jadx.api.ICodeInfo)	1817	2	[false, false]	false	public	false	file:///private/tmp/projects/jadx/jadx-core/src/main/java/jadx/api/impl/NoOpCodeCache.java
4354	jadx.api.impl.NoOpCodeCache	remove(java.lang.String)	1818	1	[false]	false	public	false	file:///private/tmp/projects/jadx/jadx-core/src/main/java/jadx/api/impl/NoOpCodeCache.java
4355	jadx.api.impl.NoOpCodeCache	get(java.lang.String)	1819	1	[false]	false	public	true	file:///private/tmp/projects/jadx/jadx-core/src/main/java/jadx/api/impl/NoOpCodeCache.java
4356	jadx.api.impl.NoOpCodeCache	getCode(java.lang.String)	1820	1	[false]	true	public	true	file:///private/tmp/projects/jadx/jadx-core/src/main/java/jadx/api/impl/NoOpCodeCache.java
4357	jadx.api.impl.NoOpCodeCache	contains(java.lang.String)	1821	1	[false]	false	public	false	file:///private/tmp/projects/jadx/jadx-core/src/main/java/jadx/api/impl/NoOpCodeCache.java
4358	jadx.api.impl.NoOpCodeCache	close()	2189	0	[]	false	public	false	file:///private/tmp/projects/jadx/jadx-core/src/main/java/jadx/api/impl/NoOpCodeCache.java
4359	jadx.api.impl.NoOpCodeCache	toString()	83	0	[]	false	public	true	file:///private/tmp/projects/jadx/jadx-core/src/main/java/jadx/api/impl/NoOpCodeCache.java
4360	jadx.api.impl.SimpleCodeInfo	SimpleCodeInfo(java.lang.String)	0	1	[false]	false	public	false	file:///private/tmp/projects/jadx/jadx-core/src/main/java/jadx/api/impl/SimpleCodeInfo.java
4361	jadx.api.impl.SimpleCodeInfo	getCodeStr()	668	0	[]	false	public	true	file:///private/tmp/projects/jadx/jadx-core/src/main/java/jadx/api/impl/SimpleCodeInfo.java
4362	jadx.api.impl.SimpleCodeInfo	getCodeMetadata()	669	0	[]	false	public	true	file:///private/tmp/projects/jadx/jadx-core/src/main/java/jadx/api/impl/SimpleCodeInfo.java
4363	jadx.api.impl.SimpleCodeInfo	hasMetadata()	670	0	[]	false	public	false	file:///private/tmp/projects/jadx/jadx-core/src/main/java/jadx/api/impl/SimpleCodeInfo.java
4364	jadx.api.impl.SimpleCodeInfo	toString()	83	0	[]	false	public	true	file:///private/tmp/projects/jadx/jadx-core/src/main/java/jadx/api/impl/SimpleCodeInfo.java
4365	jadx.api.impl.DelegateCodeCache	DelegateCodeCache(jadx.api.ICodeCache)	0	1	[false]	false	public	false	file:///private/tmp/projects/jadx/jadx-core/src/main/java/jadx/api/impl/DelegateCodeCache.java
4366	jadx.api.impl.DelegateCodeCache	add(java.lang.String,jadx.api.ICodeInfo)	1817	2	[false, false]	false	public	false	file:///private/tmp/projects/jadx/jadx-core/src/main/java/jadx/api/impl/DelegateCodeCache.java
4367	jadx.api.impl.DelegateCodeCache	remove(java.lang.String)	1818	1	[false]	false	public	false	file:///private/tmp/projects/jadx/jadx-core/src/main/java/jadx/api/impl/DelegateCodeCache.java
4368	jadx.api.impl.DelegateCodeCache	get(java.lang.String)	1819	1	[false]	false	public	true	file:///private/tmp/projects/jadx/jadx-core/src/main/java/jadx/api/impl/DelegateCodeCache.java
4369	jadx.api.impl.DelegateCodeCache	getCode(java.lang.String)	1820	1	[false]	true	public	true	file:///private/tmp/projects/jadx/jadx-core/src/main/java/jadx/api/impl/DelegateCodeCache.java
4370	jadx.api.impl.DelegateCodeCache	contains(java.lang.String)	1821	1	[false]	false	public	false	file:///private/tmp/projects/jadx/jadx-core/src/main/java/jadx/api/impl/DelegateCodeCache.java
4371	jadx.api.impl.DelegateCodeCache	close()	2189	0	[]	false	public	false	file:///private/tmp/projects/jadx/jadx-core/src/main/java/jadx/api/impl/DelegateCodeCache.java
4372	jadx.api.impl.AnnotatedCodeWriter	AnnotatedCodeWriter()	0	0	[]	false	public	false	file:///private/tmp/projects/jadx/jadx-core/src/main/java/jadx/api/impl/AnnotatedCodeWriter.java
4373	jadx.api.impl.AnnotatedCodeWriter	AnnotatedCodeWriter(jadx.api.JadxArgs)	0	1	[false]	false	public	false	file:///private/tmp/projects/jadx/jadx-core/src/main/java/jadx/api/impl/AnnotatedCodeWriter.java
4374	jadx.api.impl.AnnotatedCodeWriter	isMetadataSupported()	4375	0	[]	false	public	false	file:///private/tmp/projects/jadx/jadx-core/src/main/java/jadx/api/impl/AnnotatedCodeWriter.java
4376	jadx.api.impl.AnnotatedCodeWriter	addMultiLine(java.lang.String)	4377	1	[false]	false	public	true	file:///private/tmp/projects/jadx/jadx-core/src/main/java/jadx/api/impl/AnnotatedCodeWriter.java
4378	jadx.api.impl.AnnotatedCodeWriter	add(java.lang.String)	4379	1	[false]	false	public	true	file:///private/tmp/projects/jadx/jadx-core/src/main/java/jadx/api/impl/AnnotatedCodeWriter.java
4380	jadx.api.impl.AnnotatedCodeWriter	add(char)	4381	1	[false]	false	public	true	file:///private/tmp/projects/jadx/jadx-core/src/main/java/jadx/api/impl/AnnotatedCodeWriter.java
4382	jadx.api.impl.AnnotatedCodeWriter	add(jadx.api.ICodeWriter)	4383	1	[false]	false	public	true	file:///private/tmp/projects/jadx/jadx-core/src/main/java/jadx/api/impl/AnnotatedCodeWriter.java
4384	jadx.api.impl.AnnotatedCodeWriter	addLine()	4385	0	[]	false	protected	false	file:///private/tmp/projects/jadx/jadx-core/src/main/java/jadx/api/impl/AnnotatedCodeWriter.java
4386	jadx.api.impl.AnnotatedCodeWriter	addLineIndent()	4387	0	[]	false	protected	true	file:///private/tmp/projects/jadx/jadx-core/src/main/java/jadx/api/impl/AnnotatedCodeWriter.java
4388	jadx.api.impl.AnnotatedCodeWriter	getLine()	4389	0	[]	false	public	false	file:///private/tmp/projects/jadx/jadx-core/src/main/java/jadx/api/impl/AnnotatedCodeWriter.java
4390	jadx.api.impl.AnnotatedCodeWriter	getLineStartPos()	4391	0	[]	false	public	false	file:///private/tmp/projects/jadx/jadx-core/src/main/java/jadx/api/impl/AnnotatedCodeWriter.java
4392	jadx.api.impl.AnnotatedCodeWriter	attachDefinition(jadx.api.metadata.ICodeNodeRef)	4393	1	[false]	false	public	false	file:///private/tmp/projects/jadx/jadx-core/src/main/java/jadx/api/impl/AnnotatedCodeWriter.java
4394	jadx.api.impl.AnnotatedCodeWriter	attachAnnotation(jadx.api.metadata.ICodeAnnotation)	4395	1	[false]	false	public	false	file:///private/tmp/projects/jadx/jadx-core/src/main/java/jadx/api/impl/AnnotatedCodeWriter.java
4396	jadx.api.impl.AnnotatedCodeWriter	attachLineAnnotation(jadx.api.metadata.ICodeAnnotation)	4397	1	[false]	false	public	false	file:///private/tmp/projects/jadx/jadx-core/src/main/java/jadx/api/impl/AnnotatedCodeWriter.java
4398	jadx.api.impl.AnnotatedCodeWriter	attachAnnotation(jadx.api.metadata.ICodeAnnotation,int)	0	2	[false, false]	false	private	false	file:///private/tmp/projects/jadx/jadx-core/src/main/java/jadx/api/impl/AnnotatedCodeWriter.java
4399	jadx.api.impl.AnnotatedCodeWriter	attachSourceLine(int)	4400	1	[false]	false	public	false	file:///private/tmp/projects/jadx/jadx-core/src/main/java/jadx/api/impl/AnnotatedCodeWriter.java
4401	jadx.api.impl.AnnotatedCodeWriter	attachSourceLine(int,int)	0	2	[false, false]	false	private	false	file:///private/tmp/projects/jadx/jadx-core/src/main/java/jadx/api/impl/AnnotatedCodeWriter.java
4402	jadx.api.impl.AnnotatedCodeWriter	finish()	4403	0	[]	false	public	true	file:///private/tmp/projects/jadx/jadx-core/src/main/java/jadx/api/impl/AnnotatedCodeWriter.java
4404	jadx.api.impl.AnnotatedCodeWriter	getRawAnnotations()	4405	0	[]	false	public	true	file:///private/tmp/projects/jadx/jadx-core/src/main/java/jadx/api/impl/AnnotatedCodeWriter.java
4406	jadx.api.impl.AnnotatedCodeWriter	processDefinitionAnnotations()	0	0	[]	false	private	false	file:///private/tmp/projects/jadx/jadx-core/src/main/java/jadx/api/impl/AnnotatedCodeWriter.java
4407	jadx.api.impl.AnnotatedCodeWriter	validateAnnotations()	0	0	[]	false	private	false	file:///private/tmp/projects/jadx/jadx-core/src/main/java/jadx/api/impl/AnnotatedCodeWriter.java
4408	jadx.api.impl.SimpleCodeWriter	SimpleCodeWriter()	0	0	[]	false	public	false	file:///private/tmp/projects/jadx/jadx-core/src/main/java/jadx/api/impl/SimpleCodeWriter.java
4409	jadx.api.impl.SimpleCodeWriter	SimpleCodeWriter(jadx.api.JadxArgs)	0	1	[false]	false	public	false	file:///private/tmp/projects/jadx/jadx-core/src/main/java/jadx/api/impl/SimpleCodeWriter.java
4375	jadx.api.impl.SimpleCodeWriter	isMetadataSupported()	1055	0	[]	false	public	false	file:///private/tmp/projects/jadx/jadx-core/src/main/java/jadx/api/impl/SimpleCodeWriter.java
4410	jadx.api.impl.SimpleCodeWriter	startLine()	1056	0	[]	false	public	true	file:///private/tmp/projects/jadx/jadx-core/src/main/java/jadx/api/impl/SimpleCodeWriter.java
4411	jadx.api.impl.SimpleCodeWriter	startLine(char)	1057	1	[false]	false	public	true	file:///private/tmp/projects/jadx/jadx-core/src/main/java/jadx/api/impl/SimpleCodeWriter.java
4412	jadx.api.impl.SimpleCodeWriter	startLine(java.lang.String)	1058	1	[false]	false	public	true	file:///private/tmp/projects/jadx/jadx-core/src/main/java/jadx/api/impl/SimpleCodeWriter.java
4413	jadx.api.impl.SimpleCodeWriter	startLineWithNum(int)	1059	1	[false]	false	public	true	file:///private/tmp/projects/jadx/jadx-core/src/main/java/jadx/api/impl/SimpleCodeWriter.java
4377	jadx.api.impl.SimpleCodeWriter	addMultiLine(java.lang.String)	1060	1	[false]	false	public	true	file:///private/tmp/projects/jadx/jadx-core/src/main/java/jadx/api/impl/SimpleCodeWriter.java
4379	jadx.api.impl.SimpleCodeWriter	add(java.lang.String)	1061	1	[false]	false	public	true	file:///private/tmp/projects/jadx/jadx-core/src/main/java/jadx/api/impl/SimpleCodeWriter.java
4381	jadx.api.impl.SimpleCodeWriter	add(char)	1062	1	[false]	false	public	true	file:///private/tmp/projects/jadx/jadx-core/src/main/java/jadx/api/impl/SimpleCodeWriter.java
4383	jadx.api.impl.SimpleCodeWriter	add(jadx.api.ICodeWriter)	1063	1	[false]	false	public	true	file:///private/tmp/projects/jadx/jadx-core/src/main/java/jadx/api/impl/SimpleCodeWriter.java
4414	jadx.api.impl.SimpleCodeWriter	newLine()	1064	0	[]	false	public	true	file:///private/tmp/projects/jadx/jadx-core/src/main/java/jadx/api/impl/SimpleCodeWriter.java
4415	jadx.api.impl.SimpleCodeWriter	addIndent()	1065	0	[]	false	public	true	file:///private/tmp/projects/jadx/jadx-core/src/main/java/jadx/api/impl/SimpleCodeWriter.java
4385	jadx.api.impl.SimpleCodeWriter	addLine()	0	0	[]	false	protected	false	file:///private/tmp/projects/jadx/jadx-core/src/main/java/jadx/api/impl/SimpleCodeWriter.java
4387	jadx.api.impl.SimpleCodeWriter	addLineIndent()	0	0	[]	false	protected	true	file:///private/tmp/projects/jadx/jadx-core/src/main/java/jadx/api/impl/SimpleCodeWriter.java
4416	jadx.api.impl.SimpleCodeWriter	updateIndent()	0	0	[]	false	private	false	file:///private/tmp/projects/jadx/jadx-core/src/main/java/jadx/api/impl/SimpleCodeWriter.java
4417	jadx.api.impl.SimpleCodeWriter	incIndent()	1066	0	[]	false	public	false	file:///private/tmp/projects/jadx/jadx-core/src/main/java/jadx/api/impl/SimpleCodeWriter.java
4418	jadx.api.impl.SimpleCodeWriter	decIndent()	1067	0	[]	false	public	false	file:///private/tmp/projects/jadx/jadx-core/src/main/java/jadx/api/impl/SimpleCodeWriter.java
4419	jadx.api.impl.SimpleCodeWriter	incIndent(int)	0	1	[false]	false	private	false	file:///private/tmp/projects/jadx/jadx-core/src/main/java/jadx/api/impl/SimpleCodeWriter.java
4420	jadx.api.impl.SimpleCodeWriter	decIndent(int)	0	1	[false]	false	private	false	file:///private/tmp/projects/jadx/jadx-core/src/main/java/jadx/api/impl/SimpleCodeWriter.java
4421	jadx.api.impl.SimpleCodeWriter	getIndent()	1068	0	[]	false	public	false	file:///private/tmp/projects/jadx/jadx-core/src/main/java/jadx/api/impl/SimpleCodeWriter.java
4422	jadx.api.impl.SimpleCodeWriter	setIndent(int)	1069	1	[false]	false	public	false	file:///private/tmp/projects/jadx/jadx-core/src/main/java/jadx/api/impl/SimpleCodeWriter.java
4389	jadx.api.impl.SimpleCodeWriter	getLine()	1070	0	[]	false	public	false	file:///private/tmp/projects/jadx/jadx-core/src/main/java/jadx/api/impl/SimpleCodeWriter.java
4391	jadx.api.impl.SimpleCodeWriter	getLineStartPos()	1071	0	[]	false	public	false	file:///private/tmp/projects/jadx/jadx-core/src/main/java/jadx/api/impl/SimpleCodeWriter.java
4393	jadx.api.impl.SimpleCodeWriter	attachDefinition(jadx.api.metadata.ICodeNodeRef)	1072	1	[false]	false	public	false	file:///private/tmp/projects/jadx/jadx-core/src/main/java/jadx/api/impl/SimpleCodeWriter.java
4395	jadx.api.impl.SimpleCodeWriter	attachAnnotation(jadx.api.metadata.ICodeAnnotation)	1073	1	[false]	false	public	false	file:///private/tmp/projects/jadx/jadx-core/src/main/java/jadx/api/impl/SimpleCodeWriter.java
4397	jadx.api.impl.SimpleCodeWriter	attachLineAnnotation(jadx.api.metadata.ICodeAnnotation)	1074	1	[false]	false	public	false	file:///private/tmp/projects/jadx/jadx-core/src/main/java/jadx/api/impl/SimpleCodeWriter.java
4400	jadx.api.impl.SimpleCodeWriter	attachSourceLine(int)	1075	1	[false]	false	public	false	file:///private/tmp/projects/jadx/jadx-core/src/main/java/jadx/api/impl/SimpleCodeWriter.java
4403	jadx.api.impl.SimpleCodeWriter	finish()	1076	0	[]	false	public	true	file:///private/tmp/projects/jadx/jadx-core/src/main/java/jadx/api/impl/SimpleCodeWriter.java
4423	jadx.api.impl.SimpleCodeWriter	removeFirstEmptyLine()	0	0	[]	false	protected	false	file:///private/tmp/projects/jadx/jadx-core/src/main/java/jadx/api/impl/SimpleCodeWriter.java
4424	jadx.api.impl.SimpleCodeWriter	getLength()	1078	0	[]	false	public	false	file:///private/tmp/projects/jadx/jadx-core/src/main/java/jadx/api/impl/SimpleCodeWriter.java
4425	jadx.api.impl.SimpleCodeWriter	getRawBuf()	1079	0	[]	false	public	true	file:///private/tmp/projects/jadx/jadx-core/src/main/java/jadx/api/impl/SimpleCodeWriter.java
4405	jadx.api.impl.SimpleCodeWriter	getRawAnnotations()	1080	0	[]	false	public	true	file:///private/tmp/projects/jadx/jadx-core/src/main/java/jadx/api/impl/SimpleCodeWriter.java
4426	jadx.api.impl.SimpleCodeWriter	getCodeStr()	1077	0	[]	false	public	true	file:///private/tmp/projects/jadx/jadx-core/src/main/java/jadx/api/impl/SimpleCodeWriter.java
4427	jadx.api.impl.SimpleCodeWriter	toString()	83	0	[]	false	public	true	file:///private/tmp/projects/jadx/jadx-core/src/main/java/jadx/api/impl/SimpleCodeWriter.java
4428	jadx.api.impl.AnnotatedCodeInfo	AnnotatedCodeInfo(java.lang.String,java.util.Map<java.lang.Integer,java.lang.Integer>,java.util.Map<java.lang.Integer,jadx.api.metadata.ICodeAnnotation>)	0	3	[false, false, false]	false	public	false	file:///private/tmp/projects/jadx/jadx-core/src/main/java/jadx/api/impl/AnnotatedCodeInfo.java
4429	jadx.api.impl.AnnotatedCodeInfo	getCodeStr()	668	0	[]	false	public	true	file:///private/tmp/projects/jadx/jadx-core/src/main/java/jadx/api/impl/AnnotatedCodeInfo.java
4430	jadx.api.impl.AnnotatedCodeInfo	getCodeMetadata()	669	0	[]	false	public	true	file:///private/tmp/projects/jadx/jadx-core/src/main/java/jadx/api/impl/AnnotatedCodeInfo.java
4431	jadx.api.impl.AnnotatedCodeInfo	hasMetadata()	670	0	[]	false	public	false	file:///private/tmp/projects/jadx/jadx-core/src/main/java/jadx/api/impl/AnnotatedCodeInfo.java
4432	jadx.api.impl.AnnotatedCodeInfo	toString()	83	0	[]	false	public	true	file:///private/tmp/projects/jadx/jadx-core/src/main/java/jadx/api/impl/AnnotatedCodeInfo.java
4433	jadx.api.utils.CodeUtils	getLineForPos(java.lang.String,int)	0	2	[false, false]	false	public	true	file:///private/tmp/projects/jadx/jadx-core/src/main/java/jadx/api/utils/CodeUtils.java
4434	jadx.api.utils.CodeUtils	getLineStartForPos(java.lang.String,int)	0	2	[false, false]	false	public	false	file:///private/tmp/projects/jadx/jadx-core/src/main/java/jadx/api/utils/CodeUtils.java
4435	jadx.api.utils.CodeUtils	getLineEndForPos(java.lang.String,int)	0	2	[false, false]	false	public	false	file:///private/tmp/projects/jadx/jadx-core/src/main/java/jadx/api/utils/CodeUtils.java
4436	jadx.api.utils.CodeUtils	getLineNumForPos(java.lang.String,int)	0	2	[false, false]	false	public	false	file:///private/tmp/projects/jadx/jadx-core/src/main/java/jadx/api/utils/CodeUtils.java
4437	jadx.api.ResourceFileContent	ResourceFileContent(java.lang.String,jadx.api.ResourceType,jadx.api.ICodeInfo)	0	3	[false, false, false]	false	public	false	file:///private/tmp/projects/jadx/jadx-core/src/main/java/jadx/api/ResourceFileContent.java
4438	jadx.api.ResourceFileContent	loadContent()	2149	0	[]	false	public	true	file:///private/tmp/projects/jadx/jadx-core/src/main/java/jadx/api/ResourceFileContent.java
4439	jadx.api.JadxArgsValidator	validate(jadx.api.JadxDecompiler)	0	1	[false]	false	public	false	file:///private/tmp/projects/jadx/jadx-core/src/main/java/jadx/api/JadxArgsValidator.java
4440	jadx.api.JadxArgsValidator	checkInputFiles(jadx.api.JadxDecompiler,jadx.api.JadxArgs)	0	2	[false, false]	false	private	false	file:///private/tmp/projects/jadx/jadx-core/src/main/java/jadx/api/JadxArgsValidator.java
4441	jadx.api.JadxArgsValidator	validateOutDirs(jadx.api.JadxArgs)	0	1	[false]	false	private	false	file:///private/tmp/projects/jadx/jadx-core/src/main/java/jadx/api/JadxArgsValidator.java
4442	jadx.api.JadxArgsValidator	makeDirFromInput(jadx.api.JadxArgs)	0	1	[false]	false	private	true	file:///private/tmp/projects/jadx/jadx-core/src/main/java/jadx/api/JadxArgsValidator.java
4443	jadx.api.JadxArgsValidator	checkFile(java.io.File)	0	1	[false]	false	private	false	file:///private/tmp/projects/jadx/jadx-core/src/main/java/jadx/api/JadxArgsValidator.java
4444	jadx.api.JadxArgsValidator	checkDir(java.io.File,java.lang.String)	0	2	[false, false]	false	private	false	file:///private/tmp/projects/jadx/jadx-core/src/main/java/jadx/api/JadxArgsValidator.java
4445	jadx.api.JadxArgsValidator	JadxArgsValidator()	0	0	[]	false	private	false	file:///private/tmp/projects/jadx/jadx-core/src/main/java/jadx/api/JadxArgsValidator.java
4446	jadx.api.data.impl.JadxNodeRef	forJavaNode(jadx.api.JavaNode)	0	1	[false]	true	public	true	file:///private/tmp/projects/jadx/jadx-core/src/main/java/jadx/api/data/impl/JadxNodeRef.java
4447	jadx.api.data.impl.JadxNodeRef	forCls(jadx.api.JavaClass)	0	1	[false]	false	public	true	file:///private/tmp/projects/jadx/jadx-core/src/main/java/jadx/api/data/impl/JadxNodeRef.java
4448	jadx.api.data.impl.JadxNodeRef	forCls(java.lang.String)	0	1	[false]	false	public	true	file:///private/tmp/projects/jadx/jadx-core/src/main/java/jadx/api/data/impl/JadxNodeRef.java
4449	jadx.api.data.impl.JadxNodeRef	forMth(jadx.api.JavaMethod)	0	1	[false]	false	public	true	file:///private/tmp/projects/jadx/jadx-core/src/main/java/jadx/api/data/impl/JadxNodeRef.java
4450	jadx.api.data.impl.JadxNodeRef	forFld(jadx.api.JavaField)	0	1	[false]	false	public	true	file:///private/tmp/projects/jadx/jadx-core/src/main/java/jadx/api/data/impl/JadxNodeRef.java
4451	jadx.api.data.impl.JadxNodeRef	forPkg(java.lang.String)	0	1	[false]	false	public	true	file:///private/tmp/projects/jadx/jadx-core/src/main/java/jadx/api/data/impl/JadxNodeRef.java
4452	jadx.api.data.impl.JadxNodeRef	getClassRefStr(jadx.api.JavaClass)	0	1	[false]	false	private	true	file:///private/tmp/projects/jadx/jadx-core/src/main/java/jadx/api/data/impl/JadxNodeRef.java
4453	jadx.api.data.impl.JadxNodeRef	JadxNodeRef(jadx.api.data.IJavaNodeRef.RefType,java.lang.String,@org.jetbrains.annotations.Nullable java.lang.String)	0	3	[false, false, true]	false	public	false	file:///private/tmp/projects/jadx/jadx-core/src/main/java/jadx/api/data/impl/JadxNodeRef.java
4454	jadx.api.data.impl.JadxNodeRef	JadxNodeRef()	0	0	[]	false	public	false	file:///private/tmp/projects/jadx/jadx-core/src/main/java/jadx/api/data/impl/JadxNodeRef.java
4455	jadx.api.data.impl.JadxNodeRef	getType()	1832	0	[]	false	public	true	file:///private/tmp/projects/jadx/jadx-core/src/main/java/jadx/api/data/impl/JadxNodeRef.java
4456	jadx.api.data.impl.JadxNodeRef	setRefType(jadx.api.data.IJavaNodeRef.RefType)	0	1	[false]	false	public	false	file:///private/tmp/projects/jadx/jadx-core/src/main/java/jadx/api/data/impl/JadxNodeRef.java
4457	jadx.api.data.impl.JadxNodeRef	getDeclaringClass()	1833	0	[]	false	public	true	file:///private/tmp/projects/jadx/jadx-core/src/main/java/jadx/api/data/impl/JadxNodeRef.java
4458	jadx.api.data.impl.JadxNodeRef	setDeclClass(java.lang.String)	0	1	[false]	false	public	false	file:///private/tmp/projects/jadx/jadx-core/src/main/java/jadx/api/data/impl/JadxNodeRef.java
4459	jadx.api.data.impl.JadxNodeRef	getShortId()	1834	0	[]	true	public	true	file:///private/tmp/projects/jadx/jadx-core/src/main/java/jadx/api/data/impl/JadxNodeRef.java
4460	jadx.api.data.impl.JadxNodeRef	setShortId(@org.jetbrains.annotations.Nullable java.lang.String)	0	1	[true]	false	public	false	file:///private/tmp/projects/jadx/jadx-core/src/main/java/jadx/api/data/impl/JadxNodeRef.java
4461	jadx.api.data.impl.JadxNodeRef	compareTo(@org.jetbrains.annotations.NotNull jadx.api.data.IJavaNodeRef)	190	1	[false]	false	public	false	file:///private/tmp/projects/jadx/jadx-core/src/main/java/jadx/api/data/impl/JadxNodeRef.java
4462	jadx.api.data.impl.JadxNodeRef	hashCode()	186	0	[]	false	public	false	file:///private/tmp/projects/jadx/jadx-core/src/main/java/jadx/api/data/impl/JadxNodeRef.java
4463	jadx.api.data.impl.JadxNodeRef	equals(java.lang.Object)	188	1	[false]	false	public	false	file:///private/tmp/projects/jadx/jadx-core/src/main/java/jadx/api/data/impl/JadxNodeRef.java
4464	jadx.api.data.impl.JadxNodeRef	toString()	83	0	[]	false	public	true	file:///private/tmp/projects/jadx/jadx-core/src/main/java/jadx/api/data/impl/JadxNodeRef.java
4465	jadx.api.data.impl.JadxCodeRef	forInsn(int)	0	1	[false]	false	public	true	file:///private/tmp/projects/jadx/jadx-core/src/main/java/jadx/api/data/impl/JadxCodeRef.java
4466	jadx.api.data.impl.JadxCodeRef	forMthArg(int)	0	1	[false]	false	public	true	file:///private/tmp/projects/jadx/jadx-core/src/main/java/jadx/api/data/impl/JadxCodeRef.java
4467	jadx.api.data.impl.JadxCodeRef	forVar(int,int)	0	2	[false, false]	false	public	true	file:///private/tmp/projects/jadx/jadx-core/src/main/java/jadx/api/data/impl/JadxCodeRef.java
4468	jadx.api.data.impl.JadxCodeRef	forVar(jadx.api.JavaVariable)	0	1	[false]	false	public	true	file:///private/tmp/projects/jadx/jadx-core/src/main/java/jadx/api/data/impl/JadxCodeRef.java
4469	jadx.api.data.impl.JadxCodeRef	forVar(jadx.api.metadata.annotations.VarNode)	0	1	[false]	false	public	true	file:///private/tmp/projects/jadx/jadx-core/src/main/java/jadx/api/data/impl/JadxCodeRef.java
4470	jadx.api.data.impl.JadxCodeRef	forCatch(int)	0	1	[false]	false	public	true	file:///private/tmp/projects/jadx/jadx-core/src/main/java/jadx/api/data/impl/JadxCodeRef.java
4471	jadx.api.data.impl.JadxCodeRef	JadxCodeRef(jadx.api.data.CodeRefType,int)	0	2	[false, false]	false	public	false	file:///private/tmp/projects/jadx/jadx-core/src/main/java/jadx/api/data/impl/JadxCodeRef.java
4472	jadx.api.data.impl.JadxCodeRef	JadxCodeRef()	0	0	[]	false	public	false	file:///private/tmp/projects/jadx/jadx-core/src/main/java/jadx/api/data/impl/JadxCodeRef.java
4473	jadx.api.data.impl.JadxCodeRef	getAttachType()	1835	0	[]	false	public	true	file:///private/tmp/projects/jadx/jadx-core/src/main/java/jadx/api/data/impl/JadxCodeRef.java
4474	jadx.api.data.impl.JadxCodeRef	setAttachType(jadx.api.data.CodeRefType)	0	1	[false]	false	public	false	file:///private/tmp/projects/jadx/jadx-core/src/main/java/jadx/api/data/impl/JadxCodeRef.java
4475	jadx.api.data.impl.JadxCodeRef	getIndex()	1836	0	[]	false	public	false	file:///private/tmp/projects/jadx/jadx-core/src/main/java/jadx/api/data/impl/JadxCodeRef.java
4476	jadx.api.data.impl.JadxCodeRef	setIndex(int)	0	1	[false]	false	public	false	file:///private/tmp/projects/jadx/jadx-core/src/main/java/jadx/api/data/impl/JadxCodeRef.java
4477	jadx.api.data.impl.JadxCodeRef	equals(java.lang.Object)	188	1	[false]	false	public	false	file:///private/tmp/projects/jadx/jadx-core/src/main/java/jadx/api/data/impl/JadxCodeRef.java
4478	jadx.api.data.impl.JadxCodeRef	hashCode()	186	0	[]	false	public	false	file:///private/tmp/projects/jadx/jadx-core/src/main/java/jadx/api/data/impl/JadxCodeRef.java
4479	jadx.api.data.impl.JadxCodeRef	toString()	83	0	[]	false	public	true	file:///private/tmp/projects/jadx/jadx-core/src/main/java/jadx/api/data/impl/JadxCodeRef.java
4480	jadx.api.data.impl.JadxCodeData	getComments()	1824	0	[]	false	public	true	file:///private/tmp/projects/jadx/jadx-core/src/main/java/jadx/api/data/impl/JadxCodeData.java
4481	jadx.api.data.impl.JadxCodeData	setComments(java.util.List<jadx.api.data.ICodeComment>)	0	1	[false]	false	public	false	file:///private/tmp/projects/jadx/jadx-core/src/main/java/jadx/api/data/impl/JadxCodeData.java
4482	jadx.api.data.impl.JadxCodeData	getRenames()	1825	0	[]	false	public	true	file:///private/tmp/projects/jadx/jadx-core/src/main/java/jadx/api/data/impl/JadxCodeData.java
4483	jadx.api.data.impl.JadxCodeData	setRenames(java.util.List<jadx.api.data.ICodeRename>)	0	1	[false]	false	public	false	file:///private/tmp/projects/jadx/jadx-core/src/main/java/jadx/api/data/impl/JadxCodeData.java
4484	jadx.api.data.impl.JadxCodeRename	JadxCodeRename(jadx.api.data.IJavaNodeRef,java.lang.String)	0	2	[false, false]	false	public	false	file:///private/tmp/projects/jadx/jadx-core/src/main/java/jadx/api/data/impl/JadxCodeRename.java
4485	jadx.api.data.impl.JadxCodeRename	JadxCodeRename(jadx.api.data.IJavaNodeRef,@org.jetbrains.annotations.Nullable jadx.api.data.IJavaCodeRef,java.lang.String)	0	3	[false, true, false]	false	public	false	file:///private/tmp/projects/jadx/jadx-core/src/main/java/jadx/api/data/impl/JadxCodeRename.java
4486	jadx.api.data.impl.JadxCodeRename	JadxCodeRename()	0	0	[]	false	public	false	file:///private/tmp/projects/jadx/jadx-core/src/main/java/jadx/api/data/impl/JadxCodeRename.java
4487	jadx.api.data.impl.JadxCodeRename	getNodeRef()	1829	0	[]	false	public	true	file:///private/tmp/projects/jadx/jadx-core/src/main/java/jadx/api/data/impl/JadxCodeRename.java
4488	jadx.api.data.impl.JadxCodeRename	setNodeRef(jadx.api.data.IJavaNodeRef)	0	1	[false]	false	public	false	file:///private/tmp/projects/jadx/jadx-core/src/main/java/jadx/api/data/impl/JadxCodeRename.java
4489	jadx.api.data.impl.JadxCodeRename	getCodeRef()	1830	0	[]	false	public	true	file:///private/tmp/projects/jadx/jadx-core/src/main/java/jadx/api/data/impl/JadxCodeRename.java
4490	jadx.api.data.impl.JadxCodeRename	setCodeRef(jadx.api.data.IJavaCodeRef)	0	1	[false]	false	public	false	file:///private/tmp/projects/jadx/jadx-core/src/main/java/jadx/api/data/impl/JadxCodeRename.java
4491	jadx.api.data.impl.JadxCodeRename	getNewName()	1831	0	[]	false	public	true	file:///private/tmp/projects/jadx/jadx-core/src/main/java/jadx/api/data/impl/JadxCodeRename.java
4492	jadx.api.data.impl.JadxCodeRename	setNewName(java.lang.String)	0	1	[false]	false	public	false	file:///private/tmp/projects/jadx/jadx-core/src/main/java/jadx/api/data/impl/JadxCodeRename.java
4493	jadx.api.data.impl.JadxCodeRename	compareTo(@org.jetbrains.annotations.NotNull jadx.api.data.ICodeRename)	190	1	[false]	false	public	false	file:///private/tmp/projects/jadx/jadx-core/src/main/java/jadx/api/data/impl/JadxCodeRename.java
4494	jadx.api.data.impl.JadxCodeRename	equals(java.lang.Object)	188	1	[false]	false	public	false	file:///private/tmp/projects/jadx/jadx-core/src/main/java/jadx/api/data/impl/JadxCodeRename.java
4495	jadx.api.data.impl.JadxCodeRename	hashCode()	186	0	[]	false	public	false	file:///private/tmp/projects/jadx/jadx-core/src/main/java/jadx/api/data/impl/JadxCodeRename.java
4496	jadx.api.data.impl.JadxCodeComment	JadxCodeComment(jadx.api.data.IJavaNodeRef,java.lang.String)	0	2	[false, false]	false	public	false	file:///private/tmp/projects/jadx/jadx-core/src/main/java/jadx/api/data/impl/JadxCodeComment.java
4497	jadx.api.data.impl.JadxCodeComment	JadxCodeComment(jadx.api.data.IJavaNodeRef,@org.jetbrains.annotations.Nullable jadx.api.data.IJavaCodeRef,java.lang.String)	0	3	[false, true, false]	false	public	false	file:///private/tmp/projects/jadx/jadx-core/src/main/java/jadx/api/data/impl/JadxCodeComment.java
4498	jadx.api.data.impl.JadxCodeComment	JadxCodeComment()	0	0	[]	false	public	false	file:///private/tmp/projects/jadx/jadx-core/src/main/java/jadx/api/data/impl/JadxCodeComment.java
4499	jadx.api.data.impl.JadxCodeComment	getNodeRef()	1826	0	[]	false	public	true	file:///private/tmp/projects/jadx/jadx-core/src/main/java/jadx/api/data/impl/JadxCodeComment.java
4500	jadx.api.data.impl.JadxCodeComment	setNodeRef(jadx.api.data.IJavaNodeRef)	0	1	[false]	false	public	false	file:///private/tmp/projects/jadx/jadx-core/src/main/java/jadx/api/data/impl/JadxCodeComment.java
4501	jadx.api.data.impl.JadxCodeComment	getCodeRef()	1827	0	[]	true	public	true	file:///private/tmp/projects/jadx/jadx-core/src/main/java/jadx/api/data/impl/JadxCodeComment.java
4502	jadx.api.data.impl.JadxCodeComment	setCodeRef(@org.jetbrains.annotations.Nullable jadx.api.data.IJavaCodeRef)	0	1	[true]	false	public	false	file:///private/tmp/projects/jadx/jadx-core/src/main/java/jadx/api/data/impl/JadxCodeComment.java
4503	jadx.api.data.impl.JadxCodeComment	getComment()	1828	0	[]	false	public	true	file:///private/tmp/projects/jadx/jadx-core/src/main/java/jadx/api/data/impl/JadxCodeComment.java
4504	jadx.api.data.impl.JadxCodeComment	setComment(java.lang.String)	0	1	[false]	false	public	false	file:///private/tmp/projects/jadx/jadx-core/src/main/java/jadx/api/data/impl/JadxCodeComment.java
4505	jadx.api.data.impl.JadxCodeComment	compareTo(@org.jetbrains.annotations.NotNull jadx.api.data.ICodeComment)	190	1	[false]	false	public	false	file:///private/tmp/projects/jadx/jadx-core/src/main/java/jadx/api/data/impl/JadxCodeComment.java
4506	jadx.api.data.impl.JadxCodeComment	toString()	83	0	[]	false	public	true	file:///private/tmp/projects/jadx/jadx-core/src/main/java/jadx/api/data/impl/JadxCodeComment.java
4507	jadx.api.metadata.impl.CodeMetadataStorage	build(java.util.Map<java.lang.Integer,java.lang.Integer>,java.util.Map<java.lang.Integer,jadx.api.metadata.ICodeAnnotation>)	0	2	[false, false]	false	public	true	file:///private/tmp/projects/jadx/jadx-core/src/main/java/jadx/api/metadata/impl/CodeMetadataStorage.java
4508	jadx.api.metadata.impl.CodeMetadataStorage	empty()	0	0	[]	false	public	true	file:///private/tmp/projects/jadx/jadx-core/src/main/java/jadx/api/metadata/impl/CodeMetadataStorage.java
4509	jadx.api.metadata.impl.CodeMetadataStorage	CodeMetadataStorage(java.util.Map<java.lang.Integer,java.lang.Integer>,java.util.NavigableMap<java.lang.Integer,jadx.api.metadata.ICodeAnnotation>)	0	2	[false, false]	false	private	false	file:///private/tmp/projects/jadx/jadx-core/src/main/java/jadx/api/metadata/impl/CodeMetadataStorage.java
4510	jadx.api.metadata.impl.CodeMetadataStorage	getAt(int)	1988	1	[false]	false	public	true	file:///private/tmp/projects/jadx/jadx-core/src/main/java/jadx/api/metadata/impl/CodeMetadataStorage.java
4511	jadx.api.metadata.impl.CodeMetadataStorage	getClosestUp(int)	1989	1	[false]	true	public	true	file:///private/tmp/projects/jadx/jadx-core/src/main/java/jadx/api/metadata/impl/CodeMetadataStorage.java
4512	jadx.api.metadata.impl.CodeMetadataStorage	searchUp(int,jadx.api.metadata.ICodeAnnotation.AnnType)	1990	2	[false, false]	true	public	true	file:///private/tmp/projects/jadx/jadx-core/src/main/java/jadx/api/metadata/impl/CodeMetadataStorage.java
4513	jadx.api.metadata.impl.CodeMetadataStorage	searchUp(int,int,jadx.api.metadata.ICodeAnnotation.AnnType)	1991	3	[false, false, false]	true	public	true	file:///private/tmp/projects/jadx/jadx-core/src/main/java/jadx/api/metadata/impl/CodeMetadataStorage.java
4514	jadx.api.metadata.impl.CodeMetadataStorage	<T>searchUp(int,java.util.function.BiFunction<java.lang.Integer,jadx.api.metadata.ICodeAnnotation,T>)	1992	2	[false, false]	true	public	true	file:///private/tmp/projects/jadx/jadx-core/src/main/java/jadx/api/metadata/impl/CodeMetadataStorage.java
4515	jadx.api.metadata.impl.CodeMetadataStorage	<T>searchDown(int,java.util.function.BiFunction<java.lang.Integer,jadx.api.metadata.ICodeAnnotation,T>)	1993	2	[false, false]	true	public	true	file:///private/tmp/projects/jadx/jadx-core/src/main/java/jadx/api/metadata/impl/CodeMetadataStorage.java
4516	jadx.api.metadata.impl.CodeMetadataStorage	getNodeAt(int)	1994	1	[false]	false	public	true	file:///private/tmp/projects/jadx/jadx-core/src/main/java/jadx/api/metadata/impl/CodeMetadataStorage.java
4517	jadx.api.metadata.impl.CodeMetadataStorage	getNodeBelow(int)	1995	1	[false]	false	public	true	file:///private/tmp/projects/jadx/jadx-core/src/main/java/jadx/api/metadata/impl/CodeMetadataStorage.java
4518	jadx.api.metadata.impl.CodeMetadataStorage	getAsMap()	1996	0	[]	false	public	true	file:///private/tmp/projects/jadx/jadx-core/src/main/java/jadx/api/metadata/impl/CodeMetadataStorage.java
4519	jadx.api.metadata.impl.CodeMetadataStorage	getLineMapping()	1997	0	[]	false	public	true	file:///private/tmp/projects/jadx/jadx-core/src/main/java/jadx/api/metadata/impl/CodeMetadataStorage.java
4520	jadx.api.metadata.impl.CodeMetadataStorage	toString()	83	0	[]	false	public	true	file:///private/tmp/projects/jadx/jadx-core/src/main/java/jadx/api/metadata/impl/CodeMetadataStorage.java
4521	jadx.api.metadata.annotations.NodeDeclareRef	NodeDeclareRef(jadx.api.metadata.ICodeNodeRef)	0	1	[false]	false	public	false	file:///private/tmp/projects/jadx/jadx-core/src/main/java/jadx/api/metadata/annotations/NodeDeclareRef.java
4522	jadx.api.metadata.annotations.NodeDeclareRef	getNode()	0	0	[]	false	public	true	file:///private/tmp/projects/jadx/jadx-core/src/main/java/jadx/api/metadata/annotations/NodeDeclareRef.java
4523	jadx.api.metadata.annotations.NodeDeclareRef	getDefPos()	0	0	[]	false	public	false	file:///private/tmp/projects/jadx/jadx-core/src/main/java/jadx/api/metadata/annotations/NodeDeclareRef.java
4524	jadx.api.metadata.annotations.NodeDeclareRef	setDefPos(int)	0	1	[false]	false	public	false	file:///private/tmp/projects/jadx/jadx-core/src/main/java/jadx/api/metadata/annotations/NodeDeclareRef.java
4525	jadx.api.metadata.annotations.NodeDeclareRef	getAnnType()	184	0	[]	false	public	true	file:///private/tmp/projects/jadx/jadx-core/src/main/java/jadx/api/metadata/annotations/NodeDeclareRef.java
4526	jadx.api.metadata.annotations.NodeDeclareRef	equals(java.lang.Object)	188	1	[false]	false	public	false	file:///private/tmp/projects/jadx/jadx-core/src/main/java/jadx/api/metadata/annotations/NodeDeclareRef.java
4527	jadx.api.metadata.annotations.NodeDeclareRef	hashCode()	186	0	[]	false	public	false	file:///private/tmp/projects/jadx/jadx-core/src/main/java/jadx/api/metadata/annotations/NodeDeclareRef.java
4528	jadx.api.metadata.annotations.NodeDeclareRef	toString()	83	0	[]	false	public	true	file:///private/tmp/projects/jadx/jadx-core/src/main/java/jadx/api/metadata/annotations/NodeDeclareRef.java
4529	jadx.api.metadata.annotations.NodeEnd	NodeEnd()	0	0	[]	false	private	false	file:///private/tmp/projects/jadx/jadx-core/src/main/java/jadx/api/metadata/annotations/NodeEnd.java
4530	jadx.api.metadata.annotations.NodeEnd	getAnnType()	184	0	[]	false	public	true	file:///private/tmp/projects/jadx/jadx-core/src/main/java/jadx/api/metadata/annotations/NodeEnd.java
4531	jadx.api.metadata.annotations.NodeEnd	toString()	83	0	[]	false	public	true	file:///private/tmp/projects/jadx/jadx-core/src/main/java/jadx/api/metadata/annotations/NodeEnd.java
4532	jadx.api.metadata.annotations.InsnCodeOffset	attach(jadx.api.ICodeWriter,jadx.core.dex.nodes.InsnNode)	0	2	[false, false]	false	public	false	file:///private/tmp/projects/jadx/jadx-core/src/main/java/jadx/api/metadata/annotations/InsnCodeOffset.java
4533	jadx.api.metadata.annotations.InsnCodeOffset	attach(jadx.api.ICodeWriter,int)	0	2	[false, false]	false	public	false	file:///private/tmp/projects/jadx/jadx-core/src/main/java/jadx/api/metadata/annotations/InsnCodeOffset.java
4534	jadx.api.metadata.annotations.InsnCodeOffset	from(jadx.core.dex.nodes.InsnNode)	0	1	[false]	true	public	true	file:///private/tmp/projects/jadx/jadx-core/src/main/java/jadx/api/metadata/annotations/InsnCodeOffset.java
4535	jadx.api.metadata.annotations.InsnCodeOffset	InsnCodeOffset(int)	0	1	[false]	false	public	false	file:///private/tmp/projects/jadx/jadx-core/src/main/java/jadx/api/metadata/annotations/InsnCodeOffset.java
4536	jadx.api.metadata.annotations.InsnCodeOffset	getOffset()	0	0	[]	false	public	false	file:///private/tmp/projects/jadx/jadx-core/src/main/java/jadx/api/metadata/annotations/InsnCodeOffset.java
4537	jadx.api.metadata.annotations.InsnCodeOffset	getAnnType()	184	0	[]	false	public	true	file:///private/tmp/projects/jadx/jadx-core/src/main/java/jadx/api/metadata/annotations/InsnCodeOffset.java
4538	jadx.api.metadata.annotations.InsnCodeOffset	toString()	83	0	[]	false	public	true	file:///private/tmp/projects/jadx/jadx-core/src/main/java/jadx/api/metadata/annotations/InsnCodeOffset.java
